data_referencia,ano,uf_id,sexo_id,sexo,faixa_etaria_id,faixa_etaria,faixa_etaria_ordem,faixa_macro,populacao
2022-01-01,2022,11,6794,Total,93070,0 a 4 anos,0,0 a 14 anos,113450
2022-01-01,2022,12,6794,Total,93070,0 a 4 anos,0,0 a 14 anos,71001
2022-01-01,2022,13,6794,Total,93070,0 a 4 anos,0,0 a 14 anos,351726
2022-01-01,2022,14,6794,Total,93070,0 a 4 anos,0,0 a 14 anos,64752
2022-01-01,2022,15,6794,Total,93070,0 a 4 anos,0,0 a 14 anos,632045
2022-01-01,2022,16,6794,Total,93070,0 a 4 anos,0,0 a 14 anos,65666
2022-01-01,2022,17,6794,Total,93070,0 a 4 anos,0,0 a 14 anos,114383
2022-01-01,2022,21,6794,Total,93070,0 a 4 anos,0,0 a 14 anos,517099
2022-01-01,2022,22,6794,Total,93070,0 a 4 anos,0,0 a 14 anos,216538
2022-01-01,2022,23,6794,Total,93070,0 a 4 anos,0,0 a 14 anos,574335
2022-01-01,2022,24,6794,Total,93070,0 a 4 anos,0,0 a 14 anos,204705
2022-01-01,2022,25,6794,Total,93070,0 a 4 anos,0,0 a 14 anos,264885
2022-01-01,2022,26,6794,Total,93070,0 a 4 anos,0,0 a 14 anos,593211
2022-01-01,2022,27,6794,Total,93070,0 a 4 anos,0,0 a 14 anos,228824
2022-01-01,2022,28,6794,Total,93070,0 a 4 anos,0,0 a 14 anos,148010
2022-01-01,2022,29,6794,Total,93070,0 a 4 anos,0,0 a 14 anos,887805
2022-01-01,2022,31,6794,Total,93070,0 a 4 anos,0,0 a 14 anos,1187024
2022-01-01,2022,32,6794,Total,93070,0 a 4 anos,0,0 a 14 anos,240565
2022-01-01,2022,33,6794,Total,93070,0 a 4 anos,0,0 a 14 anos,875769
2022-01-01,2022,35,6794,Total,93070,0 a 4 anos,0,0 a 14 anos,2467570
2022-01-01,2022,41,6794,Total,93070,0 a 4 anos,0,0 a 14 anos,698133
2022-01-01,2022,42,6794,Total,93070,0 a 4 anos,0,0 a 14 anos,468406
2022-01-01,2022,43,6794,Total,93070,0 a 4 anos,0,0 a 14 anos,609791
2022-01-01,2022,50,6794,Total,93070,0 a 4 anos,0,0 a 14 anos,199203
2022-01-01,2022,51,6794,Total,93070,0 a 4 anos,0,0 a 14 anos,281538
2022-01-01,2022,52,6794,Total,93070,0 a 4 anos,0,0 a 14 anos,461578
2022-01-01,2022,53,6794,Total,93070,0 a 4 anos,0,0 a 14 anos,166848
2022-01-01,2022,11,6794,Total,93084,5 a 9 anos,5,0 a 14 anos,117536
2022-01-01,2022,12,6794,Total,93084,5 a 9 anos,5,0 a 14 anos,74586
2022-01-01,2022,13,6794,Total,93084,5 a 9 anos,5,0 a 14 anos,367770
2022-01-01,2022,14,6794,Total,93084,5 a 9 anos,5,0 a 14 anos,63243
2022-01-01,2022,15,6794,Total,93084,5 a 9 anos,5,0 a 14 anos,669620
2022-01-01,2022,16,6794,Total,93084,5 a 9 anos,5,0 a 14 anos,67164
2022-01-01,2022,17,6794,Total,93084,5 a 9 anos,5,0 a 14 anos,117486
2022-01-01,2022,21,6794,Total,93084,5 a 9 anos,5,0 a 14 anos,547083
2022-01-01,2022,22,6794,Total,93084,5 a 9 anos,5,0 a 14 anos,226124
2022-01-01,2022,23,6794,Total,93084,5 a 9 anos,5,0 a 14 anos,609895
2022-01-01,2022,24,6794,Total,93084,5 a 9 anos,5,0 a 14 anos,220287
2022-01-01,2022,25,6794,Total,93084,5 a 9 anos,5,0 a 14 anos,276601
2022-01-01,2022,26,6794,Total,93084,5 a 9 anos,5,0 a 14 anos,645069
2022-01-01,2022,27,6794,Total,93084,5 a 9 anos,5,0 a 14 anos,235921
2022-01-01,2022,28,6794,Total,93084,5 a 9 anos,5,0 a 14 anos,156741
2022-01-01,2022,29,6794,Total,93084,5 a 9 anos,5,0 a 14 anos,965550
2022-01-01,2022,31,6794,Total,93084,5 a 9 anos,5,0 a 14 anos,1257588
2022-01-01,2022,32,6794,Total,93084,5 a 9 anos,5,0 a 14 anos,254280
2022-01-01,2022,33,6794,Total,93084,5 a 9 anos,5,0 a 14 anos,1015741
2022-01-01,2022,35,6794,Total,93084,5 a 9 anos,5,0 a 14 anos,2775377
2022-01-01,2022,41,6794,Total,93084,5 a 9 anos,5,0 a 14 anos,759916
2022-01-01,2022,42,6794,Total,93084,5 a 9 anos,5,0 a 14 anos,489625
2022-01-01,2022,43,6794,Total,93084,5 a 9 anos,5,0 a 14 anos,665885
2022-01-01,2022,50,6794,Total,93084,5 a 9 anos,5,0 a 14 anos,208196
2022-01-01,2022,51,6794,Total,93084,5 a 9 anos,5,0 a 14 anos,283473
2022-01-01,2022,52,6794,Total,93084,5 a 9 anos,5,0 a 14 anos,494072
2022-01-01,2022,53,6794,Total,93084,5 a 9 anos,5,0 a 14 anos,184611
2022-01-01,2022,11,6794,Total,93085,10 a 14 anos,10,0 a 14 anos,117166
2022-01-01,2022,12,6794,Total,93085,10 a 14 anos,10,0 a 14 anos,75573
2022-01-01,2022,13,6794,Total,93085,10 a 14 anos,10,0 a 14 anos,355930
2022-01-01,2022,14,6794,Total,93085,10 a 14 anos,10,0 a 14 anos,58213
2022-01-01,2022,15,6794,Total,93085,10 a 14 anos,10,0 a 14 anos,689277
2022-01-01,2022,16,6794,Total,93085,10 a 14 anos,10,0 a 14 anos,65346
2022-01-01,2022,17,6794,Total,93085,10 a 14 anos,10,0 a 14 anos,119117
2022-01-01,2022,21,6794,Total,93085,10 a 14 anos,10,0 a 14 anos,581398
2022-01-01,2022,22,6794,Total,93085,10 a 14 anos,10,0 a 14 anos,239272
2022-01-01,2022,23,6794,Total,93085,10 a 14 anos,10,0 a 14 anos,618205
2022-01-01,2022,24,6794,Total,93085,10 a 14 anos,10,0 a 14 anos,229666
2022-01-01,2022,25,6794,Total,93085,10 a 14 anos,10,0 a 14 anos,285435
2022-01-01,2022,26,6794,Total,93085,10 a 14 anos,10,0 a 14 anos,656399
2022-01-01,2022,27,6794,Total,93085,10 a 14 anos,10,0 a 14 anos,246946
2022-01-01,2022,28,6794,Total,93085,10 a 14 anos,10,0 a 14 anos,164750
2022-01-01,2022,29,6794,Total,93085,10 a 14 anos,10,0 a 14 anos,1009716
2022-01-01,2022,31,6794,Total,93085,10 a 14 anos,10,0 a 14 anos,1263307
2022-01-01,2022,32,6794,Total,93085,10 a 14 anos,10,0 a 14 anos,246651
2022-01-01,2022,33,6794,Total,93085,10 a 14 anos,10,0 a 14 anos,964636
2022-01-01,2022,35,6794,Total,93085,10 a 14 anos,10,0 a 14 anos,2732216
2022-01-01,2022,41,6794,Total,93085,10 a 14 anos,10,0 a 14 anos,737248
2022-01-01,2022,42,6794,Total,93085,10 a 14 anos,10,0 a 14 anos,465179
2022-01-01,2022,43,6794,Total,93085,10 a 14 anos,10,0 a 14 anos,630834
2022-01-01,2022,50,6794,Total,93085,10 a 14 anos,10,0 a 14 anos,199393
2022-01-01,2022,51,6794,Total,93085,10 a 14 anos,10,0 a 14 anos,264675
2022-01-01,2022,52,6794,Total,93085,10 a 14 anos,10,0 a 14 anos,475639
2022-01-01,2022,53,6794,Total,93085,10 a 14 anos,10,0 a 14 anos,182774
2022-01-01,2022,11,6794,Total,93086,15 a 19 anos,15,15 a 29 anos,122058
2022-01-01,2022,12,6794,Total,93086,15 a 19 anos,15,15 a 29 anos,78689
2022-01-01,2022,13,6794,Total,93086,15 a 19 anos,15,15 a 29 anos,367978
2022-01-01,2022,14,6794,Total,93086,15 a 19 anos,15,15 a 29 anos,56875
2022-01-01,2022,15,6794,Total,93086,15 a 19 anos,15,15 a 29 anos,726778
2022-01-01,2022,16,6794,Total,93086,15 a 19 anos,15,15 a 29 anos,67628
2022-01-01,2022,17,6794,Total,93086,15 a 19 anos,15,15 a 29 anos,125373
2022-01-01,2022,21,6794,Total,93086,15 a 19 anos,15,15 a 29 anos,612914
2022-01-01,2022,22,6794,Total,93086,15 a 19 anos,15,15 a 29 anos,257358
2022-01-01,2022,23,6794,Total,93086,15 a 19 anos,15,15 a 29 anos,648812
2022-01-01,2022,24,6794,Total,93086,15 a 19 anos,15,15 a 29 anos,243526
2022-01-01,2022,25,6794,Total,93086,15 a 19 anos,15,15 a 29 anos,296275
2022-01-01,2022,26,6794,Total,93086,15 a 19 anos,15,15 a 29 anos,685570
2022-01-01,2022,27,6794,Total,93086,15 a 19 anos,15,15 a 29 anos,258193
2022-01-01,2022,28,6794,Total,93086,15 a 19 anos,15,15 a 29 anos,172544
2022-01-01,2022,29,6794,Total,93086,15 a 19 anos,15,15 a 29 anos,1068959
2022-01-01,2022,31,6794,Total,93086,15 a 19 anos,15,15 a 29 anos,1363591
2022-01-01,2022,32,6794,Total,93086,15 a 19 anos,15,15 a 29 anos,256029
2022-01-01,2022,33,6794,Total,93086,15 a 19 anos,15,15 a 29 anos,1011978
2022-01-01,2022,35,6794,Total,93086,15 a 19 anos,15,15 a 29 anos,2857669
2022-01-01,2022,41,6794,Total,93086,15 a 19 anos,15,15 a 29 anos,761026
2022-01-01,2022,42,6794,Total,93086,15 a 19 anos,15,15 a 29 anos,480629
2022-01-01,2022,43,6794,Total,93086,15 a 19 anos,15,15 a 29 anos,669068
2022-01-01,2022,50,6794,Total,93086,15 a 19 anos,15,15 a 29 anos,198275
2022-01-01,2022,51,6794,Total,93086,15 a 19 anos,15,15 a 29 anos,270800
2022-01-01,2022,52,6794,Total,93086,15 a 19 anos,15,15 a 29 anos,508801
2022-01-01,2022,53,6794,Total,93086,15 a 19 anos,15,15 a 29 anos,208546
2022-01-01,2022,11,6794,Total,93087,20 a 24 anos,20,15 a 29 anos,124515
2022-01-01,2022,12,6794,Total,93087,20 a 24 anos,20,15 a 29 anos,77247
2022-01-01,2022,13,6794,Total,93087,20 a 24 anos,20,15 a 29 anos,362878
2022-01-01,2022,14,6794,Total,93087,20 a 24 anos,20,15 a 29 anos,58711
2022-01-01,2022,15,6794,Total,93087,20 a 24 anos,20,15 a 29 anos,707887
2022-01-01,2022,16,6794,Total,93087,20 a 24 anos,20,15 a 29 anos,69388
2022-01-01,2022,17,6794,Total,93087,20 a 24 anos,20,15 a 29 anos,123471
2022-01-01,2022,21,6794,Total,93087,20 a 24 anos,20,15 a 29 anos,572449
2022-01-01,2022,22,6794,Total,93087,20 a 24 anos,20,15 a 29 anos,258937
2022-01-01,2022,23,6794,Total,93087,20 a 24 anos,20,15 a 29 anos,701679
2022-01-01,2022,24,6794,Total,93087,20 a 24 anos,20,15 a 29 anos,255391
2022-01-01,2022,25,6794,Total,93087,20 a 24 anos,20,15 a 29 anos,301247
2022-01-01,2022,26,6794,Total,93087,20 a 24 anos,20,15 a 29 anos,712918
2022-01-01,2022,27,6794,Total,93087,20 a 24 anos,20,15 a 29 anos,258640
2022-01-01,2022,28,6794,Total,93087,20 a 24 anos,20,15 a 29 anos,178868
2022-01-01,2022,29,6794,Total,93087,20 a 24 anos,20,15 a 29 anos,1084267
2022-01-01,2022,31,6794,Total,93087,20 a 24 anos,20,15 a 29 anos,1526557
2022-01-01,2022,32,6794,Total,93087,20 a 24 anos,20,15 a 29 anos,276033
2022-01-01,2022,33,6794,Total,93087,20 a 24 anos,20,15 a 29 anos,1149011
2022-01-01,2022,35,6794,Total,93087,20 a 24 anos,20,15 a 29 anos,3210836
2022-01-01,2022,41,6794,Total,93087,20 a 24 anos,20,15 a 29 anos,846638
2022-01-01,2022,42,6794,Total,93087,20 a 24 anos,20,15 a 29 anos,574485
2022-01-01,2022,43,6794,Total,93087,20 a 24 anos,20,15 a 29 anos,755646
2022-01-01,2022,50,6794,Total,93087,20 a 24 anos,20,15 a 29 anos,206935
2022-01-01,2022,51,6794,Total,93087,20 a 24 anos,20,15 a 29 anos,289545
2022-01-01,2022,52,6794,Total,93087,20 a 24 anos,20,15 a 29 anos,554318
2022-01-01,2022,53,6794,Total,93087,20 a 24 anos,20,15 a 29 anos,227966
2022-01-01,2022,11,6794,Total,93088,25 a 29 anos,25,15 a 29 anos,126056
2022-01-01,2022,12,6794,Total,93088,25 a 29 anos,25,15 a 29 anos,68848
2022-01-01,2022,13,6794,Total,93088,25 a 29 anos,25,15 a 29 anos,332163
2022-01-01,2022,14,6794,Total,93088,25 a 29 anos,25,15 a 29 anos,55700
2022-01-01,2022,15,6794,Total,93088,25 a 29 anos,25,15 a 29 anos,665964
2022-01-01,2022,16,6794,Total,93088,25 a 29 anos,25,15 a 29 anos,63419
2022-01-01,2022,17,6794,Total,93088,25 a 29 anos,25,15 a 29 anos,117576
2022-01-01,2022,21,6794,Total,93088,25 a 29 anos,25,15 a 29 anos,518068
2022-01-01,2022,22,6794,Total,93088,25 a 29 anos,25,15 a 29 anos,242215
2022-01-01,2022,23,6794,Total,93088,25 a 29 anos,25,15 a 29 anos,719689
2022-01-01,2022,24,6794,Total,93088,25 a 29 anos,25,15 a 29 anos,256511
2022-01-01,2022,25,6794,Total,93088,25 a 29 anos,25,15 a 29 anos,296144
2022-01-01,2022,26,6794,Total,93088,25 a 29 anos,25,15 a 29 anos,680743
2022-01-01,2022,27,6794,Total,93088,25 a 29 anos,25,15 a 29 anos,242922
2022-01-01,2022,28,6794,Total,93088,25 a 29 anos,25,15 a 29 anos,175310
2022-01-01,2022,29,6794,Total,93088,25 a 29 anos,25,15 a 29 anos,1021456
2022-01-01,2022,31,6794,Total,93088,25 a 29 anos,25,15 a 29 anos,1536109
2022-01-01,2022,32,6794,Total,93088,25 a 29 anos,25,15 a 29 anos,279424
2022-01-01,2022,33,6794,Total,93088,25 a 29 anos,25,15 a 29 anos,1160926
2022-01-01,2022,35,6794,Total,93088,25 a 29 anos,25,15 a 29 anos,3306143
2022-01-01,2022,41,6794,Total,93088,25 a 29 anos,25,15 a 29 anos,889031
2022-01-01,2022,42,6794,Total,93088,25 a 29 anos,25,15 a 29 anos,623099
2022-01-01,2022,43,6794,Total,93088,25 a 29 anos,25,15 a 29 anos,783222
2022-01-01,2022,50,6794,Total,93088,25 a 29 anos,25,15 a 29 anos,216631
2022-01-01,2022,51,6794,Total,93088,25 a 29 anos,25,15 a 29 anos,303722
2022-01-01,2022,52,6794,Total,93088,25 a 29 anos,25,15 a 29 anos,564470
2022-01-01,2022,53,6794,Total,93088,25 a 29 anos,25,15 a 29 anos,224162
2022-01-01,2022,11,6794,Total,93089,30 a 34 anos,30,30 a 59 anos,125234
2022-01-01,2022,12,6794,Total,93089,30 a 34 anos,30,30 a 59 anos,62782
2022-01-01,2022,13,6794,Total,93089,30 a 34 anos,30,30 a 59 anos,297067
2022-01-01,2022,14,6794,Total,93089,30 a 34 anos,30,30 a 59 anos,49731
2022-01-01,2022,15,6794,Total,93089,30 a 34 anos,30,30 a 59 anos,640542
2022-01-01,2022,16,6794,Total,93089,30 a 34 anos,30,30 a 59 anos,58363
2022-01-01,2022,17,6794,Total,93089,30 a 34 anos,30,30 a 59 anos,114944
2022-01-01,2022,21,6794,Total,93089,30 a 34 anos,30,30 a 59 anos,523045
2022-01-01,2022,22,6794,Total,93089,30 a 34 anos,30,30 a 59 anos,246025
2022-01-01,2022,23,6794,Total,93089,30 a 34 anos,30,30 a 59 anos,699417
2022-01-01,2022,24,6794,Total,93089,30 a 34 anos,30,30 a 59 anos,255698
2022-01-01,2022,25,6794,Total,93089,30 a 34 anos,30,30 a 59 anos,296272
2022-01-01,2022,26,6794,Total,93089,30 a 34 anos,30,30 a 59 anos,685702
2022-01-01,2022,27,6794,Total,93089,30 a 34 anos,30,30 a 59 anos,228143
2022-01-01,2022,28,6794,Total,93089,30 a 34 anos,30,30 a 59 anos,169665
2022-01-01,2022,29,6794,Total,93089,30 a 34 anos,30,30 a 59 anos,1021203
2022-01-01,2022,31,6794,Total,93089,30 a 34 anos,30,30 a 59 anos,1540840
2022-01-01,2022,32,6794,Total,93089,30 a 34 anos,30,30 a 59 anos,291550
2022-01-01,2022,33,6794,Total,93089,30 a 34 anos,30,30 a 59 anos,1162332
2022-01-01,2022,35,6794,Total,93089,30 a 34 anos,30,30 a 59 anos,3403266
2022-01-01,2022,41,6794,Total,93089,30 a 34 anos,30,30 a 59 anos,874321
2022-01-01,2022,42,6794,Total,93089,30 a 34 anos,30,30 a 59 anos,636989
2022-01-01,2022,43,6794,Total,93089,30 a 34 anos,30,30 a 59 anos,791218
2022-01-01,2022,50,6794,Total,93089,30 a 34 anos,30,30 a 59 anos,212454
2022-01-01,2022,51,6794,Total,93089,30 a 34 anos,30,30 a 59 anos,299667
2022-01-01,2022,52,6794,Total,93089,30 a 34 anos,30,30 a 59 anos,563473
2022-01-01,2022,53,6794,Total,93089,30 a 34 anos,30,30 a 59 anos,223174
2022-01-01,2022,11,6794,Total,93090,35 a 39 anos,35,30 a 59 anos,127989
2022-01-01,2022,12,6794,Total,93090,35 a 39 anos,35,30 a 59 anos,63093
2022-01-01,2022,13,6794,Total,93090,35 a 39 anos,35,30 a 59 anos,299347
2022-01-01,2022,14,6794,Total,93090,35 a 39 anos,35,30 a 59 anos,48943
2022-01-01,2022,15,6794,Total,93090,35 a 39 anos,35,30 a 59 anos,650689
2022-01-01,2022,16,6794,Total,93090,35 a 39 anos,35,30 a 59 anos,57113
2022-01-01,2022,17,6794,Total,93090,35 a 39 anos,35,30 a 59 anos,119568
2022-01-01,2022,21,6794,Total,93090,35 a 39 anos,35,30 a 59 anos,544985
2022-01-01,2022,22,6794,Total,93090,35 a 39 anos,35,30 a 59 anos,263825
2022-01-01,2022,23,6794,Total,93090,35 a 39 anos,35,30 a 59 anos,702201
2022-01-01,2022,24,6794,Total,93090,35 a 39 anos,35,30 a 59 anos,270157
2022-01-01,2022,25,6794,Total,93090,35 a 39 anos,35,30 a 59 anos,312802
2022-01-01,2022,26,6794,Total,93090,35 a 39 anos,35,30 a 59 anos,709666
2022-01-01,2022,27,6794,Total,93090,35 a 39 anos,35,30 a 59 anos,240379
2022-01-01,2022,28,6794,Total,93090,35 a 39 anos,35,30 a 59 anos,177339
2022-01-01,2022,29,6794,Total,93090,35 a 39 anos,35,30 a 59 anos,1160892
2022-01-01,2022,31,6794,Total,93090,35 a 39 anos,35,30 a 59 anos,1585459
2022-01-01,2022,32,6794,Total,93090,35 a 39 anos,35,30 a 59 anos,313839
2022-01-01,2022,33,6794,Total,93090,35 a 39 anos,35,30 a 59 anos,1214564
2022-01-01,2022,35,6794,Total,93090,35 a 39 anos,35,30 a 59 anos,3636679
2022-01-01,2022,41,6794,Total,93090,35 a 39 anos,35,30 a 59 anos,873773
2022-01-01,2022,42,6794,Total,93090,35 a 39 anos,35,30 a 59 anos,635482
2022-01-01,2022,43,6794,Total,93090,35 a 39 anos,35,30 a 59 anos,824404
2022-01-01,2022,50,6794,Total,93090,35 a 39 anos,35,30 a 59 anos,216005
2022-01-01,2022,51,6794,Total,93090,35 a 39 anos,35,30 a 59 anos,304195
2022-01-01,2022,52,6794,Total,93090,35 a 39 anos,35,30 a 59 anos,580094
2022-01-01,2022,53,6794,Total,93090,35 a 39 anos,35,30 a 59 anos,239309
2022-01-01,2022,11,6794,Total,93091,40 a 44 anos,40,30 a 59 anos,123968
2022-01-01,2022,12,6794,Total,93091,40 a 44 anos,40,30 a 59 anos,60238
2022-01-01,2022,13,6794,Total,93091,40 a 44 anos,40,30 a 59 anos,282716
2022-01-01,2022,14,6794,Total,93091,40 a 44 anos,40,30 a 59 anos,43780
2022-01-01,2022,15,6794,Total,93091,40 a 44 anos,40,30 a 59 anos,604614
2022-01-01,2022,16,6794,Total,93091,40 a 44 anos,40,30 a 59 anos,51813
2022-01-01,2022,17,6794,Total,93091,40 a 44 anos,40,30 a 59 anos,115430
2022-01-01,2022,21,6794,Total,93091,40 a 44 anos,40,30 a 59 anos,496017
2022-01-01,2022,22,6794,Total,93091,40 a 44 anos,40,30 a 59 anos,250795
2022-01-01,2022,23,6794,Total,93091,40 a 44 anos,40,30 a 59 anos,665907
2022-01-01,2022,24,6794,Total,93091,40 a 44 anos,40,30 a 59 anos,256496
2022-01-01,2022,25,6794,Total,93091,40 a 44 anos,40,30 a 59 anos,305665
2022-01-01,2022,26,6794,Total,93091,40 a 44 anos,40,30 a 59 anos,701681
2022-01-01,2022,27,6794,Total,93091,40 a 44 anos,40,30 a 59 anos,232059
2022-01-01,2022,28,6794,Total,93091,40 a 44 anos,40,30 a 59 anos,174285
2022-01-01,2022,29,6794,Total,93091,40 a 44 anos,40,30 a 59 anos,1170001
2022-01-01,2022,31,6794,Total,93091,40 a 44 anos,40,30 a 59 anos,1630697
2022-01-01,2022,32,6794,Total,93091,40 a 44 anos,40,30 a 59 anos,315396
2022-01-01,2022,33,6794,Total,93091,40 a 44 anos,40,30 a 59 anos,1293041
2022-01-01,2022,35,6794,Total,93091,40 a 44 anos,40,30 a 59 anos,3667352
2022-01-01,2022,41,6794,Total,93091,40 a 44 anos,40,30 a 59 anos,873530
2022-01-01,2022,42,6794,Total,93091,40 a 44 anos,40,30 a 59 anos,607079
2022-01-01,2022,43,6794,Total,93091,40 a 44 anos,40,30 a 59 anos,822613
2022-01-01,2022,50,6794,Total,93091,40 a 44 anos,40,30 a 59 anos,211121
2022-01-01,2022,51,6794,Total,93091,40 a 44 anos,40,30 a 59 anos,288416
2022-01-01,2022,52,6794,Total,93091,40 a 44 anos,40,30 a 59 anos,574101
2022-01-01,2022,53,6794,Total,93091,40 a 44 anos,40,30 a 59 anos,253359
2022-01-01,2022,11,6794,Total,93092,45 a 49 anos,45,30 a 59 anos,106731
2022-01-01,2022,12,6794,Total,93092,45 a 49 anos,45,30 a 59 anos,47828
2022-01-01,2022,13,6794,Total,93092,45 a 49 anos,45,30 a 59 anos,227948
2022-01-01,2022,14,6794,Total,93092,45 a 49 anos,45,30 a 59 anos,34444
2022-01-01,2022,15,6794,Total,93092,45 a 49 anos,45,30 a 59 anos,490203
2022-01-01,2022,16,6794,Total,93092,45 a 49 anos,45,30 a 59 anos,42730
2022-01-01,2022,17,6794,Total,93092,45 a 49 anos,45,30 a 59 anos,98244
2022-01-01,2022,21,6794,Total,93092,45 a 49 anos,45,30 a 59 anos,396490
2022-01-01,2022,22,6794,Total,93092,45 a 49 anos,45,30 a 59 anos,213085
2022-01-01,2022,23,6794,Total,93092,45 a 49 anos,45,30 a 59 anos,566682
2022-01-01,2022,24,6794,Total,93092,45 a 49 anos,45,30 a 59 anos,219332
2022-01-01,2022,25,6794,Total,93092,45 a 49 anos,45,30 a 59 anos,265168
2022-01-01,2022,26,6794,Total,93092,45 a 49 anos,45,30 a 59 anos,613232
2022-01-01,2022,27,6794,Total,93092,45 a 49 anos,45,30 a 59 anos,205354
2022-01-01,2022,28,6794,Total,93092,45 a 49 anos,45,30 a 59 anos,146857
2022-01-01,2022,29,6794,Total,93092,45 a 49 anos,45,30 a 59 anos,956055
2022-01-01,2022,31,6794,Total,93092,45 a 49 anos,45,30 a 59 anos,1392883
2022-01-01,2022,32,6794,Total,93092,45 a 49 anos,45,30 a 59 anos,260955
2022-01-01,2022,33,6794,Total,93092,45 a 49 anos,45,30 a 59 anos,1108422
2022-01-01,2022,35,6794,Total,93092,45 a 49 anos,45,30 a 59 anos,3126245
2022-01-01,2022,41,6794,Total,93092,45 a 49 anos,45,30 a 59 anos,779549
2022-01-01,2022,42,6794,Total,93092,45 a 49 anos,45,30 a 59 anos,507447
2022-01-01,2022,43,6794,Total,93092,45 a 49 anos,45,30 a 59 anos,709682
2022-01-01,2022,50,6794,Total,93092,45 a 49 anos,45,30 a 59 anos,180445
2022-01-01,2022,51,6794,Total,93092,45 a 49 anos,45,30 a 59 anos,242294
2022-01-01,2022,52,6794,Total,93092,45 a 49 anos,45,30 a 59 anos,491737
2022-01-01,2022,53,6794,Total,93092,45 a 49 anos,45,30 a 59 anos,210070
2022-01-01,2022,11,6794,Total,93093,50 a 54 anos,50,30 a 59 anos,95902
2022-01-01,2022,12,6794,Total,93093,50 a 54 anos,50,30 a 59 anos,39626
2022-01-01,2022,13,6794,Total,93093,50 a 54 anos,50,30 a 59 anos,186857
2022-01-01,2022,14,6794,Total,93093,50 a 54 anos,50,30 a 59 anos,28387
2022-01-01,2022,15,6794,Total,93093,50 a 54 anos,50,30 a 59 anos,419361
2022-01-01,2022,16,6794,Total,93093,50 a 54 anos,50,30 a 59 anos,35597
2022-01-01,2022,17,6794,Total,93093,50 a 54 anos,50,30 a 59 anos,83817
2022-01-01,2022,21,6794,Total,93093,50 a 54 anos,50,30 a 59 anos,343244
2022-01-01,2022,22,6794,Total,93093,50 a 54 anos,50,30 a 59 anos,187478
2022-01-01,2022,23,6794,Total,93093,50 a 54 anos,50,30 a 59 anos,517683
2022-01-01,2022,24,6794,Total,93093,50 a 54 anos,50,30 a 59 anos,202253
2022-01-01,2022,25,6794,Total,93093,50 a 54 anos,50,30 a 59 anos,238037
2022-01-01,2022,26,6794,Total,93093,50 a 54 anos,50,30 a 59 anos,550496
2022-01-01,2022,27,6794,Total,93093,50 a 54 anos,50,30 a 59 anos,181475
2022-01-01,2022,28,6794,Total,93093,50 a 54 anos,50,30 a 59 anos,133719
2022-01-01,2022,29,6794,Total,93093,50 a 54 anos,50,30 a 59 anos,862361
2022-01-01,2022,31,6794,Total,93093,50 a 54 anos,50,30 a 59 anos,1332936
2022-01-01,2022,32,6794,Total,93093,50 a 54 anos,50,30 a 59 anos,242363
2022-01-01,2022,33,6794,Total,93093,50 a 54 anos,50,30 a 59 anos,1062750
2022-01-01,2022,35,6794,Total,93093,50 a 54 anos,50,30 a 59 anos,2910040
2022-01-01,2022,41,6794,Total,93093,50 a 54 anos,50,30 a 59 anos,756703
2022-01-01,2022,42,6794,Total,93093,50 a 54 anos,50,30 a 59 anos,479892
2022-01-01,2022,43,6794,Total,93093,50 a 54 anos,50,30 a 59 anos,704422
2022-01-01,2022,50,6794,Total,93093,50 a 54 anos,50,30 a 59 anos,166748
2022-01-01,2022,51,6794,Total,93093,50 a 54 anos,50,30 a 59 anos,215267
2022-01-01,2022,52,6794,Total,93093,50 a 54 anos,50,30 a 59 anos,441531
2022-01-01,2022,53,6794,Total,93093,50 a 54 anos,50,30 a 59 anos,179636
2022-01-01,2022,11,6794,Total,93094,55 a 59 anos,55,30 a 59 anos,84545
2022-01-01,2022,12,6794,Total,93094,55 a 59 anos,55,30 a 59 anos,32091
2022-01-01,2022,13,6794,Total,93094,55 a 59 anos,55,30 a 59 anos,152251
2022-01-01,2022,14,6794,Total,93094,55 a 59 anos,55,30 a 59 anos,23468
2022-01-01,2022,15,6794,Total,93094,55 a 59 anos,55,30 a 59 anos,346819
2022-01-01,2022,16,6794,Total,93094,55 a 59 anos,55,30 a 59 anos,27616
2022-01-01,2022,17,6794,Total,93094,55 a 59 anos,55,30 a 59 anos,73130
2022-01-01,2022,21,6794,Total,93094,55 a 59 anos,55,30 a 59 anos,301946
2022-01-01,2022,22,6794,Total,93094,55 a 59 anos,55,30 a 59 anos,175648
2022-01-01,2022,23,6794,Total,93094,55 a 59 anos,55,30 a 59 anos,479919
2022-01-01,2022,24,6794,Total,93094,55 a 59 anos,55,30 a 59 anos,190816
2022-01-01,2022,25,6794,Total,93094,55 a 59 anos,55,30 a 59 anos,220828
2022-01-01,2022,26,6794,Total,93094,55 a 59 anos,55,30 a 59 anos,492085
2022-01-01,2022,27,6794,Total,93094,55 a 59 anos,55,30 a 59 anos,159606
2022-01-01,2022,28,6794,Total,93094,55 a 59 anos,55,30 a 59 anos,117307
2022-01-01,2022,29,6794,Total,93094,55 a 59 anos,55,30 a 59 anos,774082
2022-01-01,2022,31,6794,Total,93094,55 a 59 anos,55,30 a 59 anos,1263062
2022-01-01,2022,32,6794,Total,93094,55 a 59 anos,55,30 a 59 anos,225229
2022-01-01,2022,33,6794,Total,93094,55 a 59 anos,55,30 a 59 anos,1010375
2022-01-01,2022,35,6794,Total,93094,55 a 59 anos,55,30 a 59 anos,2667277
2022-01-01,2022,41,6794,Total,93094,55 a 59 anos,55,30 a 59 anos,701392
2022-01-01,2022,42,6794,Total,93094,55 a 59 anos,55,30 a 59 anos,457656
2022-01-01,2022,43,6794,Total,93094,55 a 59 anos,55,30 a 59 anos,722764
2022-01-01,2022,50,6794,Total,93094,55 a 59 anos,55,30 a 59 anos,150516
2022-01-01,2022,51,6794,Total,93094,55 a 59 anos,55,30 a 59 anos,184578
2022-01-01,2022,52,6794,Total,93094,55 a 59 anos,55,30 a 59 anos,382264
2022-01-01,2022,53,6794,Total,93094,55 a 59 anos,55,30 a 59 anos,151836
2022-01-01,2022,11,6794,Total,93095,60 a 64 anos,60,60 anos ou mais,67775
2022-01-01,2022,12,6794,Total,93095,60 a 64 anos,60,60 anos ou mais,25846
2022-01-01,2022,13,6794,Total,93095,60 a 64 anos,60,60 anos ou mais,123374
2022-01-01,2022,14,6794,Total,93095,60 a 64 anos,60,60 anos ou mais,18085
2022-01-01,2022,15,6794,Total,93095,60 a 64 anos,60,60 anos ou mais,287298
2022-01-01,2022,16,6794,Total,93095,60 a 64 anos,60,60 anos ou mais,21763
2022-01-01,2022,17,6794,Total,93095,60 a 64 anos,60,60 anos ou mais,58457
2022-01-01,2022,21,6794,Total,93095,60 a 64 anos,60,60 anos ou mais,249468
2022-01-01,2022,22,6794,Total,93095,60 a 64 anos,60,60 anos ou mais,145145
2022-01-01,2022,23,6794,Total,93095,60 a 64 anos,60,60 anos ou mais,377974
2022-01-01,2022,24,6794,Total,93095,60 a 64 anos,60,60 anos ou mais,150600
2022-01-01,2022,25,6794,Total,93095,60 a 64 anos,60,60 anos ou mais,176691
2022-01-01,2022,26,6794,Total,93095,60 a 64 anos,60,60 anos ou mais,408759
2022-01-01,2022,27,6794,Total,93095,60 a 64 anos,60,60 anos ou mais,129341
2022-01-01,2022,28,6794,Total,93095,60 a 64 anos,60,60 anos ou mais,92617
2022-01-01,2022,29,6794,Total,93095,60 a 64 anos,60,60 anos ou mais,653255
2022-01-01,2022,31,6794,Total,93095,60 a 64 anos,60,60 anos ou mais,1116844
2022-01-01,2022,32,6794,Total,93095,60 a 64 anos,60,60 anos ou mais,200415
2022-01-01,2022,33,6794,Total,93095,60 a 64 anos,60,60 anos ou mais,922438
2022-01-01,2022,35,6794,Total,93095,60 a 64 anos,60,60 anos ou mais,2365382
2022-01-01,2022,41,6794,Total,93095,60 a 64 anos,60,60 anos ou mais,594250
2022-01-01,2022,42,6794,Total,93095,60 a 64 anos,60,60 anos ou mais,389954
2022-01-01,2022,43,6794,Total,93095,60 a 64 anos,60,60 anos ou mais,661516
2022-01-01,2022,50,6794,Total,93095,60 a 64 anos,60,60 anos ou mais,126645
2022-01-01,2022,51,6794,Total,93095,60 a 64 anos,60,60 anos ou mais,148439
2022-01-01,2022,52,6794,Total,93095,60 a 64 anos,60,60 anos ou mais,315544
2022-01-01,2022,53,6794,Total,93095,60 a 64 anos,60,60 anos ou mais,116514
2022-01-01,2022,11,6794,Total,93096,65 a 69 anos,65,60 anos ou mais,50232
2022-01-01,2022,12,6794,Total,93096,65 a 69 anos,65,60 anos ou mais,19692
2022-01-01,2022,13,6794,Total,93096,65 a 69 anos,65,60 anos ou mais,92365
2022-01-01,2022,14,6794,Total,93096,65 a 69 anos,65,60 anos ou mais,13382
2022-01-01,2022,15,6794,Total,93096,65 a 69 anos,65,60 anos ou mais,220081
2022-01-01,2022,16,6794,Total,93096,65 a 69 anos,65,60 anos ou mais,15716
2022-01-01,2022,17,6794,Total,93096,65 a 69 anos,65,60 anos ou mais,45929
2022-01-01,2022,21,6794,Total,93096,65 a 69 anos,65,60 anos ou mais,198171
2022-01-01,2022,22,6794,Total,93096,65 a 69 anos,65,60 anos ou mais,113992
2022-01-01,2022,23,6794,Total,93096,65 a 69 anos,65,60 anos ou mais,294923
2022-01-01,2022,24,6794,Total,93096,65 a 69 anos,65,60 anos ou mais,113349
2022-01-01,2022,25,6794,Total,93096,65 a 69 anos,65,60 anos ou mais,140713
2022-01-01,2022,26,6794,Total,93096,65 a 69 anos,65,60 anos ou mais,316181
2022-01-01,2022,27,6794,Total,93096,65 a 69 anos,65,60 anos ou mais,100831
2022-01-01,2022,28,6794,Total,93096,65 a 69 anos,65,60 anos ou mais,70472
2022-01-01,2022,29,6794,Total,93096,65 a 69 anos,65,60 anos ou mais,500498
2022-01-01,2022,31,6794,Total,93096,65 a 69 anos,65,60 anos ou mais,896366
2022-01-01,2022,32,6794,Total,93096,65 a 69 anos,65,60 anos ou mais,161788
2022-01-01,2022,33,6794,Total,93096,65 a 69 anos,65,60 anos ou mais,755817
2022-01-01,2022,35,6794,Total,93096,65 a 69 anos,65,60 anos ou mais,1900681
2022-01-01,2022,41,6794,Total,93096,65 a 69 anos,65,60 anos ou mais,475050
2022-01-01,2022,42,6794,Total,93096,65 a 69 anos,65,60 anos ou mais,298650
2022-01-01,2022,43,6794,Total,93096,65 a 69 anos,65,60 anos ou mais,542966
2022-01-01,2022,50,6794,Total,93096,65 a 69 anos,65,60 anos ou mais,98318
2022-01-01,2022,51,6794,Total,93096,65 a 69 anos,65,60 anos ou mais,109968
2022-01-01,2022,52,6794,Total,93096,65 a 69 anos,65,60 anos ou mais,240152
2022-01-01,2022,53,6794,Total,93096,65 a 69 anos,65,60 anos ou mais,89949
2022-01-01,2022,11,6794,Total,93097,70 a 74 anos,70,60 anos ou mais,34028
2022-01-01,2022,12,6794,Total,93097,70 a 74 anos,70,60 anos ou mais,13779
2022-01-01,2022,13,6794,Total,93097,70 a 74 anos,70,60 anos ou mais,60937
2022-01-01,2022,14,6794,Total,93097,70 a 74 anos,70,60 anos ou mais,8730
2022-01-01,2022,15,6794,Total,93097,70 a 74 anos,70,60 anos ou mais,154240
2022-01-01,2022,16,6794,Total,93097,70 a 74 anos,70,60 anos ou mais,10198
2022-01-01,2022,17,6794,Total,93097,70 a 74 anos,70,60 anos ou mais,34053
2022-01-01,2022,21,6794,Total,93097,70 a 74 anos,70,60 anos ou mais,149283
2022-01-01,2022,22,6794,Total,93097,70 a 74 anos,70,60 anos ou mais,93426
2022-01-01,2022,23,6794,Total,93097,70 a 74 anos,70,60 anos ou mais,240089
2022-01-01,2022,24,6794,Total,93097,70 a 74 anos,70,60 anos ou mais,90552
2022-01-01,2022,25,6794,Total,93097,70 a 74 anos,70,60 anos ou mais,114396
2022-01-01,2022,26,6794,Total,93097,70 a 74 anos,70,60 anos ou mais,244559
2022-01-01,2022,27,6794,Total,93097,70 a 74 anos,70,60 anos ou mais,75283
2022-01-01,2022,28,6794,Total,93097,70 a 74 anos,70,60 anos ou mais,53018
2022-01-01,2022,29,6794,Total,93097,70 a 74 anos,70,60 anos ou mais,392325
2022-01-01,2022,31,6794,Total,93097,70 a 74 anos,70,60 anos ou mais,658397
2022-01-01,2022,32,6794,Total,93097,70 a 74 anos,70,60 anos ou mais,111235
2022-01-01,2022,33,6794,Total,93097,70 a 74 anos,70,60 anos ou mais,559632
2022-01-01,2022,35,6794,Total,93097,70 a 74 anos,70,60 anos ou mais,1403952
2022-01-01,2022,41,6794,Total,93097,70 a 74 anos,70,60 anos ou mais,345043
2022-01-01,2022,42,6794,Total,93097,70 a 74 anos,70,60 anos ou mais,217685
2022-01-01,2022,43,6794,Total,93097,70 a 74 anos,70,60 anos ou mais,410542
2022-01-01,2022,50,6794,Total,93097,70 a 74 anos,70,60 anos ou mais,68719
2022-01-01,2022,51,6794,Total,93097,70 a 74 anos,70,60 anos ou mais,74788
2022-01-01,2022,52,6794,Total,93097,70 a 74 anos,70,60 anos ou mais,173459
2022-01-01,2022,53,6794,Total,93097,70 a 74 anos,70,60 anos ou mais,66188
2022-01-01,2022,11,6794,Total,93098,75 a 79 anos,75,60 anos ou mais,21246
2022-01-01,2022,12,6794,Total,93098,75 a 79 anos,75,60 anos ou mais,8969
2022-01-01,2022,13,6794,Total,93098,75 a 79 anos,75,60 anos ou mais,37869
2022-01-01,2022,14,6794,Total,93098,75 a 79 anos,75,60 anos ou mais,5049
2022-01-01,2022,15,6794,Total,93098,75 a 79 anos,75,60 anos ou mais,101321
2022-01-01,2022,16,6794,Total,93098,75 a 79 anos,75,60 anos ou mais,6662
2022-01-01,2022,17,6794,Total,93098,75 a 79 anos,75,60 anos ou mais,23007
2022-01-01,2022,21,6794,Total,93098,75 a 79 anos,75,60 anos ou mais,99505
2022-01-01,2022,22,6794,Total,93098,75 a 79 anos,75,60 anos ou mais,62951
2022-01-01,2022,23,6794,Total,93098,75 a 79 anos,75,60 anos ou mais,161761
2022-01-01,2022,24,6794,Total,93098,75 a 79 anos,75,60 anos ou mais,61387
2022-01-01,2022,25,6794,Total,93098,75 a 79 anos,75,60 anos ou mais,78868
2022-01-01,2022,26,6794,Total,93098,75 a 79 anos,75,60 anos ou mais,164298
2022-01-01,2022,27,6794,Total,93098,75 a 79 anos,75,60 anos ou mais,48936
2022-01-01,2022,28,6794,Total,93098,75 a 79 anos,75,60 anos ou mais,35714
2022-01-01,2022,29,6794,Total,93098,75 a 79 anos,75,60 anos ou mais,268296
2022-01-01,2022,31,6794,Total,93098,75 a 79 anos,75,60 anos ou mais,441366
2022-01-01,2022,32,6794,Total,93098,75 a 79 anos,75,60 anos ou mais,70070
2022-01-01,2022,33,6794,Total,93098,75 a 79 anos,75,60 anos ou mais,353656
2022-01-01,2022,35,6794,Total,93098,75 a 79 anos,75,60 anos ou mais,913197
2022-01-01,2022,41,6794,Total,93098,75 a 79 anos,75,60 anos ou mais,229624
2022-01-01,2022,42,6794,Total,93098,75 a 79 anos,75,60 anos ou mais,135349
2022-01-01,2022,43,6794,Total,93098,75 a 79 anos,75,60 anos ou mais,271574
2022-01-01,2022,50,6794,Total,93098,75 a 79 anos,75,60 anos ou mais,45514
2022-01-01,2022,51,6794,Total,93098,75 a 79 anos,75,60 anos ou mais,47331
2022-01-01,2022,52,6794,Total,93098,75 a 79 anos,75,60 anos ou mais,111463
2022-01-01,2022,53,6794,Total,93098,75 a 79 anos,75,60 anos ou mais,42396
2022-01-01,2022,11,6794,Total,49108,80 a 84 anos,80,60 anos ou mais,13194
2022-01-01,2022,12,6794,Total,49108,80 a 84 anos,80,60 anos ou mais,5567
2022-01-01,2022,13,6794,Total,49108,80 a 84 anos,80,60 anos ou mais,22925
2022-01-01,2022,14,6794,Total,49108,80 a 84 anos,80,60 anos ou mais,2947
2022-01-01,2022,15,6794,Total,49108,80 a 84 anos,80,60 anos ou mais,62180
2022-01-01,2022,16,6794,Total,49108,80 a 84 anos,80,60 anos ou mais,4023
2022-01-01,2022,17,6794,Total,49108,80 a 84 anos,80,60 anos ou mais,15028
2022-01-01,2022,21,6794,Total,49108,80 a 84 anos,80,60 anos ou mais,67294
2022-01-01,2022,22,6794,Total,49108,80 a 84 anos,80,60 anos ou mais,41416
2022-01-01,2022,23,6794,Total,49108,80 a 84 anos,80,60 anos ou mais,114462
2022-01-01,2022,24,6794,Total,49108,80 a 84 anos,80,60 anos ou mais,43434
2022-01-01,2022,25,6794,Total,49108,80 a 84 anos,80,60 anos ou mais,55786
2022-01-01,2022,26,6794,Total,49108,80 a 84 anos,80,60 anos ou mais,108159
2022-01-01,2022,27,6794,Total,49108,80 a 84 anos,80,60 anos ou mais,30513
2022-01-01,2022,28,6794,Total,49108,80 a 84 anos,80,60 anos ou mais,22684
2022-01-01,2022,29,6794,Total,49108,80 a 84 anos,80,60 anos ou mais,180081
2022-01-01,2022,31,6794,Total,49108,80 a 84 anos,80,60 anos ou mais,289945
2022-01-01,2022,32,6794,Total,49108,80 a 84 anos,80,60 anos ou mais,45991
2022-01-01,2022,33,6794,Total,49108,80 a 84 anos,80,60 anos ou mais,229376
2022-01-01,2022,35,6794,Total,49108,80 a 84 anos,80,60 anos ou mais,577843
2022-01-01,2022,41,6794,Total,49108,80 a 84 anos,80,60 anos ou mais,139580
2022-01-01,2022,42,6794,Total,49108,80 a 84 anos,80,60 anos ou mais,80253
2022-01-01,2022,43,6794,Total,49108,80 a 84 anos,80,60 anos ou mais,167840
2022-01-01,2022,50,6794,Total,49108,80 a 84 anos,80,60 anos ou mais,28242
2022-01-01,2022,51,6794,Total,49108,80 a 84 anos,80,60 anos ou mais,28512
2022-01-01,2022,52,6794,Total,49108,80 a 84 anos,80,60 anos ou mais,70254
2022-01-01,2022,53,6794,Total,49108,80 a 84 anos,80,60 anos ou mais,27501
2022-01-01,2022,11,6794,Total,49109,85 a 89 anos,85,60 anos ou mais,6353
2022-01-01,2022,12,6794,Total,49109,85 a 89 anos,85,60 anos ou mais,2742
2022-01-01,2022,13,6794,Total,49109,85 a 89 anos,85,60 anos ou mais,11919
2022-01-01,2022,14,6794,Total,49109,85 a 89 anos,85,60 anos ou mais,1424
2022-01-01,2022,15,6794,Total,49109,85 a 89 anos,85,60 anos ou mais,32049
2022-01-01,2022,16,6794,Total,49109,85 a 89 anos,85,60 anos ou mais,2213
2022-01-01,2022,17,6794,Total,49109,85 a 89 anos,85,60 anos ou mais,7749
2022-01-01,2022,21,6794,Total,49109,85 a 89 anos,85,60 anos ou mais,35679
2022-01-01,2022,22,6794,Total,49109,85 a 89 anos,85,60 anos ou mais,22528
2022-01-01,2022,23,6794,Total,49109,85 a 89 anos,85,60 anos ou mais,61360
2022-01-01,2022,24,6794,Total,49109,85 a 89 anos,85,60 anos ou mais,23049
2022-01-01,2022,25,6794,Total,49109,85 a 89 anos,85,60 anos ou mais,29470
2022-01-01,2022,26,6794,Total,49109,85 a 89 anos,85,60 anos ou mais,55895
2022-01-01,2022,27,6794,Total,49109,85 a 89 anos,85,60 anos ou mais,15155
2022-01-01,2022,28,6794,Total,49109,85 a 89 anos,85,60 anos ou mais,12085
2022-01-01,2022,29,6794,Total,49109,85 a 89 anos,85,60 anos ou mais,96021
2022-01-01,2022,31,6794,Total,49109,85 a 89 anos,85,60 anos ou mais,161822
2022-01-01,2022,32,6794,Total,49109,85 a 89 anos,85,60 anos ou mais,26189
2022-01-01,2022,33,6794,Total,49109,85 a 89 anos,85,60 anos ou mais,128213
2022-01-01,2022,35,6794,Total,49109,85 a 89 anos,85,60 anos ou mais,313739
2022-01-01,2022,41,6794,Total,49109,85 a 89 anos,85,60 anos ou mais,72310
2022-01-01,2022,42,6794,Total,49109,85 a 89 anos,85,60 anos ou mais,41661
2022-01-01,2022,43,6794,Total,49109,85 a 89 anos,85,60 anos ou mais,91204
2022-01-01,2022,50,6794,Total,49109,85 a 89 anos,85,60 anos ou mais,15129
2022-01-01,2022,51,6794,Total,49109,85 a 89 anos,85,60 anos ou mais,13980
2022-01-01,2022,52,6794,Total,49109,85 a 89 anos,85,60 anos ou mais,34864
2022-01-01,2022,53,6794,Total,49109,85 a 89 anos,85,60 anos ou mais,14401
2022-01-01,2022,11,6794,Total,60040,90 a 94 anos,90,60 anos ou mais,2451
2022-01-01,2022,12,6794,Total,60040,90 a 94 anos,90,60 anos ou mais,1265
2022-01-01,2022,13,6794,Total,60040,90 a 94 anos,90,60 anos ou mais,5087
2022-01-01,2022,14,6794,Total,60040,90 a 94 anos,90,60 anos ou mais,595
2022-01-01,2022,15,6794,Total,60040,90 a 94 anos,90,60 anos ou mais,13364
2022-01-01,2022,16,6794,Total,60040,90 a 94 anos,90,60 anos ou mais,903
2022-01-01,2022,17,6794,Total,60040,90 a 94 anos,90,60 anos ou mais,3327
2022-01-01,2022,21,6794,Total,60040,90 a 94 anos,90,60 anos ou mais,14994
2022-01-01,2022,22,6794,Total,60040,90 a 94 anos,90,60 anos ou mais,10491
2022-01-01,2022,23,6794,Total,60040,90 a 94 anos,90,60 anos ou mais,28425
2022-01-01,2022,24,6794,Total,60040,90 a 94 anos,90,60 anos ou mais,10573
2022-01-01,2022,25,6794,Total,60040,90 a 94 anos,90,60 anos ou mais,13604
2022-01-01,2022,26,6794,Total,60040,90 a 94 anos,90,60 anos ou mais,24463
2022-01-01,2022,27,6794,Total,60040,90 a 94 anos,90,60 anos ou mais,6351
2022-01-01,2022,28,6794,Total,60040,90 a 94 anos,90,60 anos ou mais,5584
2022-01-01,2022,29,6794,Total,60040,90 a 94 anos,90,60 anos ou mais,47354
2022-01-01,2022,31,6794,Total,60040,90 a 94 anos,90,60 anos ou mais,71046
2022-01-01,2022,32,6794,Total,60040,90 a 94 anos,90,60 anos ou mais,11719
2022-01-01,2022,33,6794,Total,60040,90 a 94 anos,90,60 anos ou mais,57985
2022-01-01,2022,35,6794,Total,60040,90 a 94 anos,90,60 anos ou mais,135807
2022-01-01,2022,41,6794,Total,60040,90 a 94 anos,90,60 anos ou mais,28812
2022-01-01,2022,42,6794,Total,60040,90 a 94 anos,90,60 anos ou mais,16316
2022-01-01,2022,43,6794,Total,60040,90 a 94 anos,90,60 anos ou mais,37178
2022-01-01,2022,50,6794,Total,60040,90 a 94 anos,90,60 anos ou mais,6336
2022-01-01,2022,51,6794,Total,60040,90 a 94 anos,90,60 anos ou mais,5513
2022-01-01,2022,52,6794,Total,60040,90 a 94 anos,90,60 anos ou mais,14065
2022-01-01,2022,53,6794,Total,60040,90 a 94 anos,90,60 anos ou mais,6121
2022-01-01,2022,11,6794,Total,60041,95 a 99 anos,95,60 anos ou mais,620
2022-01-01,2022,12,6794,Total,60041,95 a 99 anos,95,60 anos ou mais,414
2022-01-01,2022,13,6794,Total,60041,95 a 99 anos,95,60 anos ou mais,1775
2022-01-01,2022,14,6794,Total,60041,95 a 99 anos,95,60 anos ou mais,175
2022-01-01,2022,15,6794,Total,60041,95 a 99 anos,95,60 anos ou mais,4135
2022-01-01,2022,16,6794,Total,60041,95 a 99 anos,95,60 anos ou mais,275
2022-01-01,2022,17,6794,Total,60041,95 a 99 anos,95,60 anos ou mais,1049
2022-01-01,2022,21,6794,Total,60041,95 a 99 anos,95,60 anos ou mais,5096
2022-01-01,2022,22,6794,Total,60041,95 a 99 anos,95,60 anos ou mais,3236
2022-01-01,2022,23,6794,Total,60041,95 a 99 anos,95,60 anos ou mais,9540
2022-01-01,2022,24,6794,Total,60041,95 a 99 anos,95,60 anos ou mais,3971
2022-01-01,2022,25,6794,Total,60041,95 a 99 anos,95,60 anos ou mais,4470
2022-01-01,2022,26,6794,Total,60041,95 a 99 anos,95,60 anos ou mais,7704
2022-01-01,2022,27,6794,Total,60041,95 a 99 anos,95,60 anos ou mais,1991
2022-01-01,2022,28,6794,Total,60041,95 a 99 anos,95,60 anos ou mais,1904
2022-01-01,2022,29,6794,Total,60041,95 a 99 anos,95,60 anos ou mais,16113
2022-01-01,2022,31,6794,Total,60041,95 a 99 anos,95,60 anos ou mais,20046
2022-01-01,2022,32,6794,Total,60041,95 a 99 anos,95,60 anos ou mais,3313
2022-01-01,2022,33,6794,Total,60041,95 a 99 anos,95,60 anos ou mais,15800
2022-01-01,2022,35,6794,Total,60041,95 a 99 anos,95,60 anos ou mais,34872
2022-01-01,2022,41,6794,Total,60041,95 a 99 anos,95,60 anos ou mais,7152
2022-01-01,2022,42,6794,Total,60041,95 a 99 anos,95,60 anos ou mais,3858
2022-01-01,2022,43,6794,Total,60041,95 a 99 anos,95,60 anos ou mais,9060
2022-01-01,2022,50,6794,Total,60041,95 a 99 anos,95,60 anos ou mais,1720
2022-01-01,2022,51,6794,Total,60041,95 a 99 anos,95,60 anos ou mais,1456
2022-01-01,2022,52,6794,Total,60041,95 a 99 anos,95,60 anos ou mais,3713
2022-01-01,2022,53,6794,Total,60041,95 a 99 anos,95,60 anos ou mais,1720
2022-01-01,2022,11,6794,Total,6653,100 anos ou mais,100,60 anos ou mais,147
2022-01-01,2022,12,6794,Total,6653,100 anos ou mais,100,60 anos ou mais,142
2022-01-01,2022,13,6794,Total,6653,100 anos ou mais,100,60 anos ou mais,731
2022-01-01,2022,14,6794,Total,6653,100 anos ou mais,100,60 anos ou mais,73
2022-01-01,2022,15,6794,Total,6653,100 anos ou mais,100,60 anos ou mais,1664
2022-01-01,2022,16,6794,Total,6653,100 anos ou mais,100,60 anos ou mais,163
2022-01-01,2022,17,6794,Total,6653,100 anos ou mais,100,60 anos ou mais,322
2022-01-01,2022,21,6794,Total,6653,100 anos ou mais,100,60 anos ou mais,2471
2022-01-01,2022,22,6794,Total,6653,100 anos ou mais,100,60 anos ou mais,714
2022-01-01,2022,23,6794,Total,6653,100 anos ou mais,100,60 anos ou mais,1999
2022-01-01,2022,24,6794,Total,6653,100 anos ou mais,100,60 anos ou mais,976
2022-01-01,2022,25,6794,Total,6653,100 anos ou mais,100,60 anos ou mais,1330
2022-01-01,2022,26,6794,Total,6653,100 anos ou mais,100,60 anos ou mais,2141
2022-01-01,2022,27,6794,Total,6653,100 anos ou mais,100,60 anos ou mais,820
2022-01-01,2022,28,6794,Total,6653,100 anos ou mais,100,60 anos ou mais,531
2022-01-01,2022,29,6794,Total,6653,100 anos ou mais,100,60 anos ou mais,5336
2022-01-01,2022,31,6794,Total,6653,100 anos ou mais,100,60 anos ou mais,4104
2022-01-01,2022,32,6794,Total,6653,100 anos ou mais,100,60 anos ou mais,678
2022-01-01,2022,33,6794,Total,6653,100 anos ou mais,100,60 anos ou mais,2712
2022-01-01,2022,35,6794,Total,6653,100 anos ou mais,100,60 anos ou mais,5095
2022-01-01,2022,41,6794,Total,6653,100 anos ou mais,100,60 anos ou mais,1299
2022-01-01,2022,42,6794,Total,6653,100 anos ou mais,100,60 anos ou mais,667
2022-01-01,2022,43,6794,Total,6653,100 anos ou mais,100,60 anos ou mais,1536
2022-01-01,2022,50,6794,Total,6653,100 anos ou mais,100,60 anos ou mais,468
2022-01-01,2022,51,6794,Total,6653,100 anos ou mais,100,60 anos ou mais,492
2022-01-01,2022,52,6794,Total,6653,100 anos ou mais,100,60 anos ou mais,903
2022-01-01,2022,53,6794,Total,6653,100 anos ou mais,100,60 anos ou mais,300
2022-01-01,2022,11,4,Homens,93070,0 a 4 anos,0,0 a 14 anos,57661
2022-01-01,2022,12,4,Homens,93070,0 a 4 anos,0,0 a 14 anos,36080
2022-01-01,2022,13,4,Homens,93070,0 a 4 anos,0,0 a 14 anos,178676
2022-01-01,2022,14,4,Homens,93070,0 a 4 anos,0,0 a 14 anos,32994
2022-01-01,2022,15,4,Homens,93070,0 a 4 anos,0,0 a 14 anos,320735
2022-01-01,2022,16,4,Homens,93070,0 a 4 anos,0,0 a 14 anos,33466
2022-01-01,2022,17,4,Homens,93070,0 a 4 anos,0,0 a 14 anos,58619
2022-01-01,2022,21,4,Homens,93070,0 a 4 anos,0,0 a 14 anos,262482
2022-01-01,2022,22,4,Homens,93070,0 a 4 anos,0,0 a 14 anos,110290
2022-01-01,2022,23,4,Homens,93070,0 a 4 anos,0,0 a 14 anos,293550
2022-01-01,2022,24,4,Homens,93070,0 a 4 anos,0,0 a 14 anos,104530
2022-01-01,2022,25,4,Homens,93070,0 a 4 anos,0,0 a 14 anos,134750
2022-01-01,2022,26,4,Homens,93070,0 a 4 anos,0,0 a 14 anos,300904
2022-01-01,2022,27,4,Homens,93070,0 a 4 anos,0,0 a 14 anos,116283
2022-01-01,2022,28,4,Homens,93070,0 a 4 anos,0,0 a 14 anos,75459
2022-01-01,2022,29,4,Homens,93070,0 a 4 anos,0,0 a 14 anos,450360
2022-01-01,2022,31,4,Homens,93070,0 a 4 anos,0,0 a 14 anos,603282
2022-01-01,2022,32,4,Homens,93070,0 a 4 anos,0,0 a 14 anos,122554
2022-01-01,2022,33,4,Homens,93070,0 a 4 anos,0,0 a 14 anos,443094
2022-01-01,2022,35,4,Homens,93070,0 a 4 anos,0,0 a 14 anos,1255998
2022-01-01,2022,41,4,Homens,93070,0 a 4 anos,0,0 a 14 anos,355890
2022-01-01,2022,42,4,Homens,93070,0 a 4 anos,0,0 a 14 anos,239566
2022-01-01,2022,43,4,Homens,93070,0 a 4 anos,0,0 a 14 anos,310948
2022-01-01,2022,50,4,Homens,93070,0 a 4 anos,0,0 a 14 anos,101161
2022-01-01,2022,51,4,Homens,93070,0 a 4 anos,0,0 a 14 anos,143095
2022-01-01,2022,52,4,Homens,93070,0 a 4 anos,0,0 a 14 anos,234656
2022-01-01,2022,53,4,Homens,93070,0 a 4 anos,0,0 a 14 anos,84606
2022-01-01,2022,11,4,Homens,93084,5 a 9 anos,5,0 a 14 anos,59904
2022-01-01,2022,12,4,Homens,93084,5 a 9 anos,5,0 a 14 anos,38131
2022-01-01,2022,13,4,Homens,93084,5 a 9 anos,5,0 a 14 anos,187406
2022-01-01,2022,14,4,Homens,93084,5 a 9 anos,5,0 a 14 anos,32530
2022-01-01,2022,15,4,Homens,93084,5 a 9 anos,5,0 a 14 anos,341532
2022-01-01,2022,16,4,Homens,93084,5 a 9 anos,5,0 a 14 anos,34346
2022-01-01,2022,17,4,Homens,93084,5 a 9 anos,5,0 a 14 anos,59776
2022-01-01,2022,21,4,Homens,93084,5 a 9 anos,5,0 a 14 anos,279151
2022-01-01,2022,22,4,Homens,93084,5 a 9 anos,5,0 a 14 anos,115175
2022-01-01,2022,23,4,Homens,93084,5 a 9 anos,5,0 a 14 anos,311294
2022-01-01,2022,24,4,Homens,93084,5 a 9 anos,5,0 a 14 anos,112456
2022-01-01,2022,25,4,Homens,93084,5 a 9 anos,5,0 a 14 anos,141221
2022-01-01,2022,26,4,Homens,93084,5 a 9 anos,5,0 a 14 anos,329093
2022-01-01,2022,27,4,Homens,93084,5 a 9 anos,5,0 a 14 anos,120377
2022-01-01,2022,28,4,Homens,93084,5 a 9 anos,5,0 a 14 anos,80020
2022-01-01,2022,29,4,Homens,93084,5 a 9 anos,5,0 a 14 anos,491109
2022-01-01,2022,31,4,Homens,93084,5 a 9 anos,5,0 a 14 anos,640292
2022-01-01,2022,32,4,Homens,93084,5 a 9 anos,5,0 a 14 anos,129691
2022-01-01,2022,33,4,Homens,93084,5 a 9 anos,5,0 a 14 anos,517446
2022-01-01,2022,35,4,Homens,93084,5 a 9 anos,5,0 a 14 anos,1415247
2022-01-01,2022,41,4,Homens,93084,5 a 9 anos,5,0 a 14 anos,387628
2022-01-01,2022,42,4,Homens,93084,5 a 9 anos,5,0 a 14 anos,250512
2022-01-01,2022,43,4,Homens,93084,5 a 9 anos,5,0 a 14 anos,340754
2022-01-01,2022,50,4,Homens,93084,5 a 9 anos,5,0 a 14 anos,105913
2022-01-01,2022,51,4,Homens,93084,5 a 9 anos,5,0 a 14 anos,144518
2022-01-01,2022,52,4,Homens,93084,5 a 9 anos,5,0 a 14 anos,251601
2022-01-01,2022,53,4,Homens,93084,5 a 9 anos,5,0 a 14 anos,94159
2022-01-01,2022,11,4,Homens,93085,10 a 14 anos,10,0 a 14 anos,59741
2022-01-01,2022,12,4,Homens,93085,10 a 14 anos,10,0 a 14 anos,38928
2022-01-01,2022,13,4,Homens,93085,10 a 14 anos,10,0 a 14 anos,181311
2022-01-01,2022,14,4,Homens,93085,10 a 14 anos,10,0 a 14 anos,29925
2022-01-01,2022,15,4,Homens,93085,10 a 14 anos,10,0 a 14 anos,353125
2022-01-01,2022,16,4,Homens,93085,10 a 14 anos,10,0 a 14 anos,33410
2022-01-01,2022,17,4,Homens,93085,10 a 14 anos,10,0 a 14 anos,60962
2022-01-01,2022,21,4,Homens,93085,10 a 14 anos,10,0 a 14 anos,296653
2022-01-01,2022,22,4,Homens,93085,10 a 14 anos,10,0 a 14 anos,122695
2022-01-01,2022,23,4,Homens,93085,10 a 14 anos,10,0 a 14 anos,316899
2022-01-01,2022,24,4,Homens,93085,10 a 14 anos,10,0 a 14 anos,117306
2022-01-01,2022,25,4,Homens,93085,10 a 14 anos,10,0 a 14 anos,146630
2022-01-01,2022,26,4,Homens,93085,10 a 14 anos,10,0 a 14 anos,335707
2022-01-01,2022,27,4,Homens,93085,10 a 14 anos,10,0 a 14 anos,125742
2022-01-01,2022,28,4,Homens,93085,10 a 14 anos,10,0 a 14 anos,84218
2022-01-01,2022,29,4,Homens,93085,10 a 14 anos,10,0 a 14 anos,515528
2022-01-01,2022,31,4,Homens,93085,10 a 14 anos,10,0 a 14 anos,645217
2022-01-01,2022,32,4,Homens,93085,10 a 14 anos,10,0 a 14 anos,126101
2022-01-01,2022,33,4,Homens,93085,10 a 14 anos,10,0 a 14 anos,494467
2022-01-01,2022,35,4,Homens,93085,10 a 14 anos,10,0 a 14 anos,1397236
2022-01-01,2022,41,4,Homens,93085,10 a 14 anos,10,0 a 14 anos,377081
2022-01-01,2022,42,4,Homens,93085,10 a 14 anos,10,0 a 14 anos,238202
2022-01-01,2022,43,4,Homens,93085,10 a 14 anos,10,0 a 14 anos,322165
2022-01-01,2022,50,4,Homens,93085,10 a 14 anos,10,0 a 14 anos,101916
2022-01-01,2022,51,4,Homens,93085,10 a 14 anos,10,0 a 14 anos,135352
2022-01-01,2022,52,4,Homens,93085,10 a 14 anos,10,0 a 14 anos,243224
2022-01-01,2022,53,4,Homens,93085,10 a 14 anos,10,0 a 14 anos,93005
2022-01-01,2022,11,4,Homens,93086,15 a 19 anos,15,15 a 29 anos,61942
2022-01-01,2022,12,4,Homens,93086,15 a 19 anos,15,15 a 29 anos,40435
2022-01-01,2022,13,4,Homens,93086,15 a 19 anos,15,15 a 29 anos,187167
2022-01-01,2022,14,4,Homens,93086,15 a 19 anos,15,15 a 29 anos,28873
2022-01-01,2022,15,4,Homens,93086,15 a 19 anos,15,15 a 29 anos,369568
2022-01-01,2022,16,4,Homens,93086,15 a 19 anos,15,15 a 29 anos,34359
2022-01-01,2022,17,4,Homens,93086,15 a 19 anos,15,15 a 29 anos,63370
2022-01-01,2022,21,4,Homens,93086,15 a 19 anos,15,15 a 29 anos,311432
2022-01-01,2022,22,4,Homens,93086,15 a 19 anos,15,15 a 29 anos,131514
2022-01-01,2022,23,4,Homens,93086,15 a 19 anos,15,15 a 29 anos,330466
2022-01-01,2022,24,4,Homens,93086,15 a 19 anos,15,15 a 29 anos,124463
2022-01-01,2022,25,4,Homens,93086,15 a 19 anos,15,15 a 29 anos,151543
2022-01-01,2022,26,4,Homens,93086,15 a 19 anos,15,15 a 29 anos,348046
2022-01-01,2022,27,4,Homens,93086,15 a 19 anos,15,15 a 29 anos,131153
2022-01-01,2022,28,4,Homens,93086,15 a 19 anos,15,15 a 29 anos,87495
2022-01-01,2022,29,4,Homens,93086,15 a 19 anos,15,15 a 29 anos,542861
2022-01-01,2022,31,4,Homens,93086,15 a 19 anos,15,15 a 29 anos,692733
2022-01-01,2022,32,4,Homens,93086,15 a 19 anos,15,15 a 29 anos,130241
2022-01-01,2022,33,4,Homens,93086,15 a 19 anos,15,15 a 29 anos,513939
2022-01-01,2022,35,4,Homens,93086,15 a 19 anos,15,15 a 29 anos,1460853
2022-01-01,2022,41,4,Homens,93086,15 a 19 anos,15,15 a 29 anos,386743
2022-01-01,2022,42,4,Homens,93086,15 a 19 anos,15,15 a 29 anos,245134
2022-01-01,2022,43,4,Homens,93086,15 a 19 anos,15,15 a 29 anos,340532
2022-01-01,2022,50,4,Homens,93086,15 a 19 anos,15,15 a 29 anos,100956
2022-01-01,2022,51,4,Homens,93086,15 a 19 anos,15,15 a 29 anos,137790
2022-01-01,2022,52,4,Homens,93086,15 a 19 anos,15,15 a 29 anos,258460
2022-01-01,2022,53,4,Homens,93086,15 a 19 anos,15,15 a 29 anos,105447
2022-01-01,2022,11,4,Homens,93087,20 a 24 anos,20,15 a 29 anos,62155
2022-01-01,2022,12,4,Homens,93087,20 a 24 anos,20,15 a 29 anos,39152
2022-01-01,2022,13,4,Homens,93087,20 a 24 anos,20,15 a 29 anos,182347
2022-01-01,2022,14,4,Homens,93087,20 a 24 anos,20,15 a 29 anos,29360
2022-01-01,2022,15,4,Homens,93087,20 a 24 anos,20,15 a 29 anos,356294
2022-01-01,2022,16,4,Homens,93087,20 a 24 anos,20,15 a 29 anos,34754
2022-01-01,2022,17,4,Homens,93087,20 a 24 anos,20,15 a 29 anos,61904
2022-01-01,2022,21,4,Homens,93087,20 a 24 anos,20,15 a 29 anos,285307
2022-01-01,2022,22,4,Homens,93087,20 a 24 anos,20,15 a 29 anos,130264
2022-01-01,2022,23,4,Homens,93087,20 a 24 anos,20,15 a 29 anos,351598
2022-01-01,2022,24,4,Homens,93087,20 a 24 anos,20,15 a 29 anos,128569
2022-01-01,2022,25,4,Homens,93087,20 a 24 anos,20,15 a 29 anos,151096
2022-01-01,2022,26,4,Homens,93087,20 a 24 anos,20,15 a 29 anos,355843
2022-01-01,2022,27,4,Homens,93087,20 a 24 anos,20,15 a 29 anos,126842
2022-01-01,2022,28,4,Homens,93087,20 a 24 anos,20,15 a 29 anos,88110
2022-01-01,2022,29,4,Homens,93087,20 a 24 anos,20,15 a 29 anos,536500
2022-01-01,2022,31,4,Homens,93087,20 a 24 anos,20,15 a 29 anos,768502
2022-01-01,2022,32,4,Homens,93087,20 a 24 anos,20,15 a 29 anos,138739
2022-01-01,2022,33,4,Homens,93087,20 a 24 anos,20,15 a 29 anos,570077
2022-01-01,2022,35,4,Homens,93087,20 a 24 anos,20,15 a 29 anos,1626745
2022-01-01,2022,41,4,Homens,93087,20 a 24 anos,20,15 a 29 anos,426841
2022-01-01,2022,42,4,Homens,93087,20 a 24 anos,20,15 a 29 anos,292053
2022-01-01,2022,43,4,Homens,93087,20 a 24 anos,20,15 a 29 anos,379935
2022-01-01,2022,50,4,Homens,93087,20 a 24 anos,20,15 a 29 anos,103778
2022-01-01,2022,51,4,Homens,93087,20 a 24 anos,20,15 a 29 anos,146781
2022-01-01,2022,52,4,Homens,93087,20 a 24 anos,20,15 a 29 anos,278317
2022-01-01,2022,53,4,Homens,93087,20 a 24 anos,20,15 a 29 anos,115443
2022-01-01,2022,11,4,Homens,93088,25 a 29 anos,25,15 a 29 anos,62121
2022-01-01,2022,12,4,Homens,93088,25 a 29 anos,25,15 a 29 anos,33956
2022-01-01,2022,13,4,Homens,93088,25 a 29 anos,25,15 a 29 anos,164868
2022-01-01,2022,14,4,Homens,93088,25 a 29 anos,25,15 a 29 anos,27568
2022-01-01,2022,15,4,Homens,93088,25 a 29 anos,25,15 a 29 anos,328649
2022-01-01,2022,16,4,Homens,93088,25 a 29 anos,25,15 a 29 anos,31015
2022-01-01,2022,17,4,Homens,93088,25 a 29 anos,25,15 a 29 anos,58023
2022-01-01,2022,21,4,Homens,93088,25 a 29 anos,25,15 a 29 anos,252414
2022-01-01,2022,22,4,Homens,93088,25 a 29 anos,25,15 a 29 anos,119904
2022-01-01,2022,23,4,Homens,93088,25 a 29 anos,25,15 a 29 anos,351614
2022-01-01,2022,24,4,Homens,93088,25 a 29 anos,25,15 a 29 anos,125815
2022-01-01,2022,25,4,Homens,93088,25 a 29 anos,25,15 a 29 anos,145127
2022-01-01,2022,26,4,Homens,93088,25 a 29 anos,25,15 a 29 anos,330119
2022-01-01,2022,27,4,Homens,93088,25 a 29 anos,25,15 a 29 anos,115769
2022-01-01,2022,28,4,Homens,93088,25 a 29 anos,25,15 a 29 anos,83868
2022-01-01,2022,29,4,Homens,93088,25 a 29 anos,25,15 a 29 anos,489887
2022-01-01,2022,31,4,Homens,93088,25 a 29 anos,25,15 a 29 anos,763617
2022-01-01,2022,32,4,Homens,93088,25 a 29 anos,25,15 a 29 anos,138015
2022-01-01,2022,33,4,Homens,93088,25 a 29 anos,25,15 a 29 anos,560559
2022-01-01,2022,35,4,Homens,93088,25 a 29 anos,25,15 a 29 anos,1650670
2022-01-01,2022,41,4,Homens,93088,25 a 29 anos,25,15 a 29 anos,443286
2022-01-01,2022,42,4,Homens,93088,25 a 29 anos,25,15 a 29 anos,312449
2022-01-01,2022,43,4,Homens,93088,25 a 29 anos,25,15 a 29 anos,387770
2022-01-01,2022,50,4,Homens,93088,25 a 29 anos,25,15 a 29 anos,107219
2022-01-01,2022,51,4,Homens,93088,25 a 29 anos,25,15 a 29 anos,152478
2022-01-01,2022,52,4,Homens,93088,25 a 29 anos,25,15 a 29 anos,280165
2022-01-01,2022,53,4,Homens,93088,25 a 29 anos,25,15 a 29 anos,110513
2022-01-01,2022,11,4,Homens,93089,30 a 34 anos,30,30 a 59 anos,61525
2022-01-01,2022,12,4,Homens,93089,30 a 34 anos,30,30 a 59 anos,30655
2022-01-01,2022,13,4,Homens,93089,30 a 34 anos,30,30 a 59 anos,145717
2022-01-01,2022,14,4,Homens,93089,30 a 34 anos,30,30 a 59 anos,24602
2022-01-01,2022,15,4,Homens,93089,30 a 34 anos,30,30 a 59 anos,313245
2022-01-01,2022,16,4,Homens,93089,30 a 34 anos,30,30 a 59 anos,28527
2022-01-01,2022,17,4,Homens,93089,30 a 34 anos,30,30 a 59 anos,56035
2022-01-01,2022,21,4,Homens,93089,30 a 34 anos,30,30 a 59 anos,251891
2022-01-01,2022,22,4,Homens,93089,30 a 34 anos,30,30 a 59 anos,119846
2022-01-01,2022,23,4,Homens,93089,30 a 34 anos,30,30 a 59 anos,337983
2022-01-01,2022,24,4,Homens,93089,30 a 34 anos,30,30 a 59 anos,123743
2022-01-01,2022,25,4,Homens,93089,30 a 34 anos,30,30 a 59 anos,142748
2022-01-01,2022,26,4,Homens,93089,30 a 34 anos,30,30 a 59 anos,325806
2022-01-01,2022,27,4,Homens,93089,30 a 34 anos,30,30 a 59 anos,106710
2022-01-01,2022,28,4,Homens,93089,30 a 34 anos,30,30 a 59 anos,79861
2022-01-01,2022,29,4,Homens,93089,30 a 34 anos,30,30 a 59 anos,481719
2022-01-01,2022,31,4,Homens,93089,30 a 34 anos,30,30 a 59 anos,759089
2022-01-01,2022,32,4,Homens,93089,30 a 34 anos,30,30 a 59 anos,142584
2022-01-01,2022,33,4,Homens,93089,30 a 34 anos,30,30 a 59 anos,554702
2022-01-01,2022,35,4,Homens,93089,30 a 34 anos,30,30 a 59 anos,1672739
2022-01-01,2022,41,4,Homens,93089,30 a 34 anos,30,30 a 59 anos,430515
2022-01-01,2022,42,4,Homens,93089,30 a 34 anos,30,30 a 59 anos,319361
2022-01-01,2022,43,4,Homens,93089,30 a 34 anos,30,30 a 59 anos,388046
2022-01-01,2022,50,4,Homens,93089,30 a 34 anos,30,30 a 59 anos,104625
2022-01-01,2022,51,4,Homens,93089,30 a 34 anos,30,30 a 59 anos,149800
2022-01-01,2022,52,4,Homens,93089,30 a 34 anos,30,30 a 59 anos,277284
2022-01-01,2022,53,4,Homens,93089,30 a 34 anos,30,30 a 59 anos,107927
2022-01-01,2022,11,4,Homens,93090,35 a 39 anos,35,30 a 59 anos,62298
2022-01-01,2022,12,4,Homens,93090,35 a 39 anos,35,30 a 59 anos,30926
2022-01-01,2022,13,4,Homens,93090,35 a 39 anos,35,30 a 59 anos,147366
2022-01-01,2022,14,4,Homens,93090,35 a 39 anos,35,30 a 59 anos,24419
2022-01-01,2022,15,4,Homens,93090,35 a 39 anos,35,30 a 59 anos,320262
2022-01-01,2022,16,4,Homens,93090,35 a 39 anos,35,30 a 59 anos,27694
2022-01-01,2022,17,4,Homens,93090,35 a 39 anos,35,30 a 59 anos,58703
2022-01-01,2022,21,4,Homens,93090,35 a 39 anos,35,30 a 59 anos,263674
2022-01-01,2022,22,4,Homens,93090,35 a 39 anos,35,30 a 59 anos,128024
2022-01-01,2022,23,4,Homens,93090,35 a 39 anos,35,30 a 59 anos,337705
2022-01-01,2022,24,4,Homens,93090,35 a 39 anos,35,30 a 59 anos,130499
2022-01-01,2022,25,4,Homens,93090,35 a 39 anos,35,30 a 59 anos,150472
2022-01-01,2022,26,4,Homens,93090,35 a 39 anos,35,30 a 59 anos,335186
2022-01-01,2022,27,4,Homens,93090,35 a 39 anos,35,30 a 59 anos,112303
2022-01-01,2022,28,4,Homens,93090,35 a 39 anos,35,30 a 59 anos,83036
2022-01-01,2022,29,4,Homens,93090,35 a 39 anos,35,30 a 59 anos,549298
2022-01-01,2022,31,4,Homens,93090,35 a 39 anos,35,30 a 59 anos,775297
2022-01-01,2022,32,4,Homens,93090,35 a 39 anos,35,30 a 59 anos,152838
2022-01-01,2022,33,4,Homens,93090,35 a 39 anos,35,30 a 59 anos,573236
2022-01-01,2022,35,4,Homens,93090,35 a 39 anos,35,30 a 59 anos,1763514
2022-01-01,2022,41,4,Homens,93090,35 a 39 anos,35,30 a 59 anos,427441
2022-01-01,2022,42,4,Homens,93090,35 a 39 anos,35,30 a 59 anos,316249
2022-01-01,2022,43,4,Homens,93090,35 a 39 anos,35,30 a 59 anos,402582
2022-01-01,2022,50,4,Homens,93090,35 a 39 anos,35,30 a 59 anos,106012
2022-01-01,2022,51,4,Homens,93090,35 a 39 anos,35,30 a 59 anos,152580
2022-01-01,2022,52,4,Homens,93090,35 a 39 anos,35,30 a 59 anos,283635
2022-01-01,2022,53,4,Homens,93090,35 a 39 anos,35,30 a 59 anos,112084
2022-01-01,2022,11,4,Homens,93091,40 a 44 anos,40,30 a 59 anos,60618
2022-01-01,2022,12,4,Homens,93091,40 a 44 anos,40,30 a 59 anos,29668
2022-01-01,2022,13,4,Homens,93091,40 a 44 anos,40,30 a 59 anos,140039
2022-01-01,2022,14,4,Homens,93091,40 a 44 anos,40,30 a 59 anos,21464
2022-01-01,2022,15,4,Homens,93091,40 a 44 anos,40,30 a 59 anos,301426
2022-01-01,2022,16,4,Homens,93091,40 a 44 anos,40,30 a 59 anos,25102
2022-01-01,2022,17,4,Homens,93091,40 a 44 anos,40,30 a 59 anos,57250
2022-01-01,2022,21,4,Homens,93091,40 a 44 anos,40,30 a 59 anos,241768
2022-01-01,2022,22,4,Homens,93091,40 a 44 anos,40,30 a 59 anos,122452
2022-01-01,2022,23,4,Homens,93091,40 a 44 anos,40,30 a 59 anos,319883
2022-01-01,2022,24,4,Homens,93091,40 a 44 anos,40,30 a 59 anos,123659
2022-01-01,2022,25,4,Homens,93091,40 a 44 anos,40,30 a 59 anos,146975
2022-01-01,2022,26,4,Homens,93091,40 a 44 anos,40,30 a 59 anos,333035
2022-01-01,2022,27,4,Homens,93091,40 a 44 anos,40,30 a 59 anos,109403
2022-01-01,2022,28,4,Homens,93091,40 a 44 anos,40,30 a 59 anos,81990
2022-01-01,2022,29,4,Homens,93091,40 a 44 anos,40,30 a 59 anos,564106
2022-01-01,2022,31,4,Homens,93091,40 a 44 anos,40,30 a 59 anos,797074
2022-01-01,2022,32,4,Homens,93091,40 a 44 anos,40,30 a 59 anos,154033
2022-01-01,2022,33,4,Homens,93091,40 a 44 anos,40,30 a 59 anos,612313
2022-01-01,2022,35,4,Homens,93091,40 a 44 anos,40,30 a 59 anos,1764496
2022-01-01,2022,41,4,Homens,93091,40 a 44 anos,40,30 a 59 anos,425631
2022-01-01,2022,42,4,Homens,93091,40 a 44 anos,40,30 a 59 anos,301917
2022-01-01,2022,43,4,Homens,93091,40 a 44 anos,40,30 a 59 anos,399959
2022-01-01,2022,50,4,Homens,93091,40 a 44 anos,40,30 a 59 anos,103398
2022-01-01,2022,51,4,Homens,93091,40 a 44 anos,40,30 a 59 anos,144616
2022-01-01,2022,52,4,Homens,93091,40 a 44 anos,40,30 a 59 anos,281193
2022-01-01,2022,53,4,Homens,93091,40 a 44 anos,40,30 a 59 anos,117591
2022-01-01,2022,11,4,Homens,93092,45 a 49 anos,45,30 a 59 anos,52217
2022-01-01,2022,12,4,Homens,93092,45 a 49 anos,45,30 a 59 anos,23718
2022-01-01,2022,13,4,Homens,93092,45 a 49 anos,45,30 a 59 anos,112801
2022-01-01,2022,14,4,Homens,93092,45 a 49 anos,45,30 a 59 anos,16924
2022-01-01,2022,15,4,Homens,93092,45 a 49 anos,45,30 a 59 anos,245005
2022-01-01,2022,16,4,Homens,93092,45 a 49 anos,45,30 a 59 anos,20854
2022-01-01,2022,17,4,Homens,93092,45 a 49 anos,45,30 a 59 anos,49061
2022-01-01,2022,21,4,Homens,93092,45 a 49 anos,45,30 a 59 anos,193148
2022-01-01,2022,22,4,Homens,93092,45 a 49 anos,45,30 a 59 anos,103302
2022-01-01,2022,23,4,Homens,93092,45 a 49 anos,45,30 a 59 anos,269593
2022-01-01,2022,24,4,Homens,93092,45 a 49 anos,45,30 a 59 anos,104631
2022-01-01,2022,25,4,Homens,93092,45 a 49 anos,45,30 a 59 anos,126489
2022-01-01,2022,26,4,Homens,93092,45 a 49 anos,45,30 a 59 anos,286701
2022-01-01,2022,27,4,Homens,93092,45 a 49 anos,45,30 a 59 anos,95623
2022-01-01,2022,28,4,Homens,93092,45 a 49 anos,45,30 a 59 anos,68478
2022-01-01,2022,29,4,Homens,93092,45 a 49 anos,45,30 a 59 anos,460284
2022-01-01,2022,31,4,Homens,93092,45 a 49 anos,45,30 a 59 anos,675025
2022-01-01,2022,32,4,Homens,93092,45 a 49 anos,45,30 a 59 anos,126872
2022-01-01,2022,33,4,Homens,93092,45 a 49 anos,45,30 a 59 anos,519365
2022-01-01,2022,35,4,Homens,93092,45 a 49 anos,45,30 a 59 anos,1487081
2022-01-01,2022,41,4,Homens,93092,45 a 49 anos,45,30 a 59 anos,376195
2022-01-01,2022,42,4,Homens,93092,45 a 49 anos,45,30 a 59 anos,248935
2022-01-01,2022,43,4,Homens,93092,45 a 49 anos,45,30 a 59 anos,342746
2022-01-01,2022,50,4,Homens,93092,45 a 49 anos,45,30 a 59 anos,87621
2022-01-01,2022,51,4,Homens,93092,45 a 49 anos,45,30 a 59 anos,121088
2022-01-01,2022,52,4,Homens,93092,45 a 49 anos,45,30 a 59 anos,238214
2022-01-01,2022,53,4,Homens,93092,45 a 49 anos,45,30 a 59 anos,97138
2022-01-01,2022,11,4,Homens,93093,50 a 54 anos,50,30 a 59 anos,47558
2022-01-01,2022,12,4,Homens,93093,50 a 54 anos,50,30 a 59 anos,19772
2022-01-01,2022,13,4,Homens,93093,50 a 54 anos,50,30 a 59 anos,93449
2022-01-01,2022,14,4,Homens,93093,50 a 54 anos,50,30 a 59 anos,14317
2022-01-01,2022,15,4,Homens,93093,50 a 54 anos,50,30 a 59 anos,209895
2022-01-01,2022,16,4,Homens,93093,50 a 54 anos,50,30 a 59 anos,17564
2022-01-01,2022,17,4,Homens,93093,50 a 54 anos,50,30 a 59 anos,41924
2022-01-01,2022,21,4,Homens,93093,50 a 54 anos,50,30 a 59 anos,165469
2022-01-01,2022,22,4,Homens,93093,50 a 54 anos,50,30 a 59 anos,89813
2022-01-01,2022,23,4,Homens,93093,50 a 54 anos,50,30 a 59 anos,244355
2022-01-01,2022,24,4,Homens,93093,50 a 54 anos,50,30 a 59 anos,96018
2022-01-01,2022,25,4,Homens,93093,50 a 54 anos,50,30 a 59 anos,112185
2022-01-01,2022,26,4,Homens,93093,50 a 54 anos,50,30 a 59 anos,254204
2022-01-01,2022,27,4,Homens,93093,50 a 54 anos,50,30 a 59 anos,84061
2022-01-01,2022,28,4,Homens,93093,50 a 54 anos,50,30 a 59 anos,62310
2022-01-01,2022,29,4,Homens,93093,50 a 54 anos,50,30 a 59 anos,414050
2022-01-01,2022,31,4,Homens,93093,50 a 54 anos,50,30 a 59 anos,642111
2022-01-01,2022,32,4,Homens,93093,50 a 54 anos,50,30 a 59 anos,116889
2022-01-01,2022,33,4,Homens,93093,50 a 54 anos,50,30 a 59 anos,494486
2022-01-01,2022,35,4,Homens,93093,50 a 54 anos,50,30 a 59 anos,1375110
2022-01-01,2022,41,4,Homens,93093,50 a 54 anos,50,30 a 59 anos,362198
2022-01-01,2022,42,4,Homens,93093,50 a 54 anos,50,30 a 59 anos,233481
2022-01-01,2022,43,4,Homens,93093,50 a 54 anos,50,30 a 59 anos,337216
2022-01-01,2022,50,4,Homens,93093,50 a 54 anos,50,30 a 59 anos,80880
2022-01-01,2022,51,4,Homens,93093,50 a 54 anos,50,30 a 59 anos,108393
2022-01-01,2022,52,4,Homens,93093,50 a 54 anos,50,30 a 59 anos,213233
2022-01-01,2022,53,4,Homens,93093,50 a 54 anos,50,30 a 59 anos,83450
2022-01-01,2022,11,4,Homens,93094,55 a 59 anos,55,30 a 59 anos,42507
2022-01-01,2022,12,4,Homens,93094,55 a 59 anos,55,30 a 59 anos,15763
2022-01-01,2022,13,4,Homens,93094,55 a 59 anos,55,30 a 59 anos,75093
2022-01-01,2022,14,4,Homens,93094,55 a 59 anos,55,30 a 59 anos,11850
2022-01-01,2022,15,4,Homens,93094,55 a 59 anos,55,30 a 59 anos,170815
2022-01-01,2022,16,4,Homens,93094,55 a 59 anos,55,30 a 59 anos,13650
2022-01-01,2022,17,4,Homens,93094,55 a 59 anos,55,30 a 59 anos,36585
2022-01-01,2022,21,4,Homens,93094,55 a 59 anos,55,30 a 59 anos,141239
2022-01-01,2022,22,4,Homens,93094,55 a 59 anos,55,30 a 59 anos,82295
2022-01-01,2022,23,4,Homens,93094,55 a 59 anos,55,30 a 59 anos,221823
2022-01-01,2022,24,4,Homens,93094,55 a 59 anos,55,30 a 59 anos,88339
2022-01-01,2022,25,4,Homens,93094,55 a 59 anos,55,30 a 59 anos,102247
2022-01-01,2022,26,4,Homens,93094,55 a 59 anos,55,30 a 59 anos,221676
2022-01-01,2022,27,4,Homens,93094,55 a 59 anos,55,30 a 59 anos,72967
2022-01-01,2022,28,4,Homens,93094,55 a 59 anos,55,30 a 59 anos,53807
2022-01-01,2022,29,4,Homens,93094,55 a 59 anos,55,30 a 59 anos,365017
2022-01-01,2022,31,4,Homens,93094,55 a 59 anos,55,30 a 59 anos,598562
2022-01-01,2022,32,4,Homens,93094,55 a 59 anos,55,30 a 59 anos,106643
2022-01-01,2022,33,4,Homens,93094,55 a 59 anos,55,30 a 59 anos,461606
2022-01-01,2022,35,4,Homens,93094,55 a 59 anos,55,30 a 59 anos,1233497
2022-01-01,2022,41,4,Homens,93094,55 a 59 anos,55,30 a 59 anos,329634
2022-01-01,2022,42,4,Homens,93094,55 a 59 anos,55,30 a 59 anos,218899
2022-01-01,2022,43,4,Homens,93094,55 a 59 anos,55,30 a 59 anos,340809
2022-01-01,2022,50,4,Homens,93094,55 a 59 anos,55,30 a 59 anos,71708
2022-01-01,2022,51,4,Homens,93094,55 a 59 anos,55,30 a 59 anos,92546
2022-01-01,2022,52,4,Homens,93094,55 a 59 anos,55,30 a 59 anos,181232
2022-01-01,2022,53,4,Homens,93094,55 a 59 anos,55,30 a 59 anos,68696
2022-01-01,2022,11,4,Homens,93095,60 a 64 anos,60,60 anos ou mais,33995
2022-01-01,2022,12,4,Homens,93095,60 a 64 anos,60,60 anos ou mais,12632
2022-01-01,2022,13,4,Homens,93095,60 a 64 anos,60,60 anos ou mais,60698
2022-01-01,2022,14,4,Homens,93095,60 a 64 anos,60,60 anos ou mais,9086
2022-01-01,2022,15,4,Homens,93095,60 a 64 anos,60,60 anos ou mais,141998
2022-01-01,2022,16,4,Homens,93095,60 a 64 anos,60,60 anos ou mais,10729
2022-01-01,2022,17,4,Homens,93095,60 a 64 anos,60,60 anos ou mais,29247
2022-01-01,2022,21,4,Homens,93095,60 a 64 anos,60,60 anos ou mais,118403
2022-01-01,2022,22,4,Homens,93095,60 a 64 anos,60,60 anos ou mais,67862
2022-01-01,2022,23,4,Homens,93095,60 a 64 anos,60,60 anos ou mais,174235
2022-01-01,2022,24,4,Homens,93095,60 a 64 anos,60,60 anos ou mais,69844
2022-01-01,2022,25,4,Homens,93095,60 a 64 anos,60,60 anos ou mais,80981
2022-01-01,2022,26,4,Homens,93095,60 a 64 anos,60,60 anos ou mais,182730
2022-01-01,2022,27,4,Homens,93095,60 a 64 anos,60,60 anos ou mais,58713
2022-01-01,2022,28,4,Homens,93095,60 a 64 anos,60,60 anos ou mais,42397
2022-01-01,2022,29,4,Homens,93095,60 a 64 anos,60,60 anos ou mais,307278
2022-01-01,2022,31,4,Homens,93095,60 a 64 anos,60,60 anos ou mais,526302
2022-01-01,2022,32,4,Homens,93095,60 a 64 anos,60,60 anos ou mais,94063
2022-01-01,2022,33,4,Homens,93095,60 a 64 anos,60,60 anos ou mais,412587
2022-01-01,2022,35,4,Homens,93095,60 a 64 anos,60,60 anos ou mais,1070434
2022-01-01,2022,41,4,Homens,93095,60 a 64 anos,60,60 anos ou mais,275017
2022-01-01,2022,42,4,Homens,93095,60 a 64 anos,60,60 anos ou mais,184463
2022-01-01,2022,43,4,Homens,93095,60 a 64 anos,60,60 anos ou mais,308803
2022-01-01,2022,50,4,Homens,93095,60 a 64 anos,60,60 anos ou mais,59656
2022-01-01,2022,51,4,Homens,93095,60 a 64 anos,60,60 anos ou mais,74346
2022-01-01,2022,52,4,Homens,93095,60 a 64 anos,60,60 anos ou mais,148363
2022-01-01,2022,53,4,Homens,93095,60 a 64 anos,60,60 anos ou mais,50972
2022-01-01,2022,11,4,Homens,93096,65 a 69 anos,65,60 anos ou mais,25122
2022-01-01,2022,12,4,Homens,93096,65 a 69 anos,65,60 anos ou mais,9716
2022-01-01,2022,13,4,Homens,93096,65 a 69 anos,65,60 anos ou mais,44790
2022-01-01,2022,14,4,Homens,93096,65 a 69 anos,65,60 anos ou mais,6857
2022-01-01,2022,15,4,Homens,93096,65 a 69 anos,65,60 anos ou mais,107810
2022-01-01,2022,16,4,Homens,93096,65 a 69 anos,65,60 anos ou mais,7659
2022-01-01,2022,17,4,Homens,93096,65 a 69 anos,65,60 anos ou mais,23074
2022-01-01,2022,21,4,Homens,93096,65 a 69 anos,65,60 anos ou mais,93833
2022-01-01,2022,22,4,Homens,93096,65 a 69 anos,65,60 anos ou mais,52689
2022-01-01,2022,23,4,Homens,93096,65 a 69 anos,65,60 anos ou mais,132808
2022-01-01,2022,24,4,Homens,93096,65 a 69 anos,65,60 anos ou mais,50858
2022-01-01,2022,25,4,Homens,93096,65 a 69 anos,65,60 anos ou mais,63109
2022-01-01,2022,26,4,Homens,93096,65 a 69 anos,65,60 anos ou mais,137093
2022-01-01,2022,27,4,Homens,93096,65 a 69 anos,65,60 anos ou mais,45201
2022-01-01,2022,28,4,Homens,93096,65 a 69 anos,65,60 anos ou mais,31898
2022-01-01,2022,29,4,Homens,93096,65 a 69 anos,65,60 anos ou mais,231811
2022-01-01,2022,31,4,Homens,93096,65 a 69 anos,65,60 anos ou mais,418203
2022-01-01,2022,32,4,Homens,93096,65 a 69 anos,65,60 anos ou mais,75415
2022-01-01,2022,33,4,Homens,93096,65 a 69 anos,65,60 anos ou mais,327730
2022-01-01,2022,35,4,Homens,93096,65 a 69 anos,65,60 anos ou mais,846244
2022-01-01,2022,41,4,Homens,93096,65 a 69 anos,65,60 anos ou mais,217601
2022-01-01,2022,42,4,Homens,93096,65 a 69 anos,65,60 anos ou mais,138563
2022-01-01,2022,43,4,Homens,93096,65 a 69 anos,65,60 anos ou mais,248703
2022-01-01,2022,50,4,Homens,93096,65 a 69 anos,65,60 anos ou mais,46184
2022-01-01,2022,51,4,Homens,93096,65 a 69 anos,65,60 anos ou mais,54703
2022-01-01,2022,52,4,Homens,93096,65 a 69 anos,65,60 anos ou mais,112155
2022-01-01,2022,53,4,Homens,93096,65 a 69 anos,65,60 anos ou mais,38223
2022-01-01,2022,11,4,Homens,93097,70 a 74 anos,70,60 anos ou mais,16948
2022-01-01,2022,12,4,Homens,93097,70 a 74 anos,70,60 anos ou mais,6766
2022-01-01,2022,13,4,Homens,93097,70 a 74 anos,70,60 anos ou mais,29073
2022-01-01,2022,14,4,Homens,93097,70 a 74 anos,70,60 anos ou mais,4576
2022-01-01,2022,15,4,Homens,93097,70 a 74 anos,70,60 anos ou mais,75307
2022-01-01,2022,16,4,Homens,93097,70 a 74 anos,70,60 anos ou mais,5039
2022-01-01,2022,17,4,Homens,93097,70 a 74 anos,70,60 anos ou mais,17518
2022-01-01,2022,21,4,Homens,93097,70 a 74 anos,70,60 anos ou mais,70926
2022-01-01,2022,22,4,Homens,93097,70 a 74 anos,70,60 anos ou mais,42821
2022-01-01,2022,23,4,Homens,93097,70 a 74 anos,70,60 anos ou mais,106513
2022-01-01,2022,24,4,Homens,93097,70 a 74 anos,70,60 anos ou mais,39718
2022-01-01,2022,25,4,Homens,93097,70 a 74 anos,70,60 anos ou mais,49710
2022-01-01,2022,26,4,Homens,93097,70 a 74 anos,70,60 anos ou mais,103789
2022-01-01,2022,27,4,Homens,93097,70 a 74 anos,70,60 anos ou mais,33637
2022-01-01,2022,28,4,Homens,93097,70 a 74 anos,70,60 anos ou mais,23460
2022-01-01,2022,29,4,Homens,93097,70 a 74 anos,70,60 anos ou mais,179799
2022-01-01,2022,31,4,Homens,93097,70 a 74 anos,70,60 anos ou mais,301148
2022-01-01,2022,32,4,Homens,93097,70 a 74 anos,70,60 anos ou mais,50654
2022-01-01,2022,33,4,Homens,93097,70 a 74 anos,70,60 anos ou mais,235212
2022-01-01,2022,35,4,Homens,93097,70 a 74 anos,70,60 anos ou mais,608455
2022-01-01,2022,41,4,Homens,93097,70 a 74 anos,70,60 anos ou mais,155653
2022-01-01,2022,42,4,Homens,93097,70 a 74 anos,70,60 anos ou mais,99148
2022-01-01,2022,43,4,Homens,93097,70 a 74 anos,70,60 anos ou mais,182032
2022-01-01,2022,50,4,Homens,93097,70 a 74 anos,70,60 anos ou mais,32266
2022-01-01,2022,51,4,Homens,93097,70 a 74 anos,70,60 anos ou mais,37103
2022-01-01,2022,52,4,Homens,93097,70 a 74 anos,70,60 anos ou mais,80586
2022-01-01,2022,53,4,Homens,93097,70 a 74 anos,70,60 anos ou mais,27493
2022-01-01,2022,11,4,Homens,93098,75 a 79 anos,75,60 anos ou mais,10561
2022-01-01,2022,12,4,Homens,93098,75 a 79 anos,75,60 anos ou mais,4352
2022-01-01,2022,13,4,Homens,93098,75 a 79 anos,75,60 anos ou mais,17342
2022-01-01,2022,14,4,Homens,93098,75 a 79 anos,75,60 anos ou mais,2570
2022-01-01,2022,15,4,Homens,93098,75 a 79 anos,75,60 anos ou mais,47888
2022-01-01,2022,16,4,Homens,93098,75 a 79 anos,75,60 anos ou mais,3078
2022-01-01,2022,17,4,Homens,93098,75 a 79 anos,75,60 anos ou mais,11690
2022-01-01,2022,21,4,Homens,93098,75 a 79 anos,75,60 anos ou mais,46780
2022-01-01,2022,22,4,Homens,93098,75 a 79 anos,75,60 anos ou mais,28556
2022-01-01,2022,23,4,Homens,93098,75 a 79 anos,75,60 anos ou mais,71160
2022-01-01,2022,24,4,Homens,93098,75 a 79 anos,75,60 anos ou mais,26431
2022-01-01,2022,25,4,Homens,93098,75 a 79 anos,75,60 anos ou mais,33350
2022-01-01,2022,26,4,Homens,93098,75 a 79 anos,75,60 anos ou mais,67844
2022-01-01,2022,27,4,Homens,93098,75 a 79 anos,75,60 anos ou mais,21234
2022-01-01,2022,28,4,Homens,93098,75 a 79 anos,75,60 anos ou mais,15332
2022-01-01,2022,29,4,Homens,93098,75 a 79 anos,75,60 anos ou mais,119041
2022-01-01,2022,31,4,Homens,93098,75 a 79 anos,75,60 anos ou mais,194440
2022-01-01,2022,32,4,Homens,93098,75 a 79 anos,75,60 anos ou mais,30829
2022-01-01,2022,33,4,Homens,93098,75 a 79 anos,75,60 anos ou mais,140230
2022-01-01,2022,35,4,Homens,93098,75 a 79 anos,75,60 anos ou mais,379387
2022-01-01,2022,41,4,Homens,93098,75 a 79 anos,75,60 anos ou mais,100776
2022-01-01,2022,42,4,Homens,93098,75 a 79 anos,75,60 anos ou mais,58689
2022-01-01,2022,43,4,Homens,93098,75 a 79 anos,75,60 anos ou mais,114073
2022-01-01,2022,50,4,Homens,93098,75 a 79 anos,75,60 anos ou mais,20876
2022-01-01,2022,51,4,Homens,93098,75 a 79 anos,75,60 anos ou mais,23023
2022-01-01,2022,52,4,Homens,93098,75 a 79 anos,75,60 anos ou mais,51274
2022-01-01,2022,53,4,Homens,93098,75 a 79 anos,75,60 anos ou mais,16980
2022-01-01,2022,11,4,Homens,49108,80 a 84 anos,80,60 anos ou mais,6590
2022-01-01,2022,12,4,Homens,49108,80 a 84 anos,80,60 anos ou mais,2641
2022-01-01,2022,13,4,Homens,49108,80 a 84 anos,80,60 anos ou mais,10109
2022-01-01,2022,14,4,Homens,49108,80 a 84 anos,80,60 anos ou mais,1455
2022-01-01,2022,15,4,Homens,49108,80 a 84 anos,80,60 anos ou mais,28030
2022-01-01,2022,16,4,Homens,49108,80 a 84 anos,80,60 anos ou mais,1864
2022-01-01,2022,17,4,Homens,49108,80 a 84 anos,80,60 anos ou mais,7540
2022-01-01,2022,21,4,Homens,49108,80 a 84 anos,80,60 anos ou mais,30476
2022-01-01,2022,22,4,Homens,49108,80 a 84 anos,80,60 anos ou mais,18335
2022-01-01,2022,23,4,Homens,49108,80 a 84 anos,80,60 anos ou mais,48069
2022-01-01,2022,24,4,Homens,49108,80 a 84 anos,80,60 anos ou mais,17877
2022-01-01,2022,25,4,Homens,49108,80 a 84 anos,80,60 anos ou mais,22537
2022-01-01,2022,26,4,Homens,49108,80 a 84 anos,80,60 anos ou mais,42172
2022-01-01,2022,27,4,Homens,49108,80 a 84 anos,80,60 anos ou mais,12598
2022-01-01,2022,28,4,Homens,49108,80 a 84 anos,80,60 anos ou mais,9014
2022-01-01,2022,29,4,Homens,49108,80 a 84 anos,80,60 anos ou mais,75704
2022-01-01,2022,31,4,Homens,49108,80 a 84 anos,80,60 anos ou mais,120984
2022-01-01,2022,32,4,Homens,49108,80 a 84 anos,80,60 anos ou mais,18737
2022-01-01,2022,33,4,Homens,49108,80 a 84 anos,80,60 anos ou mais,84593
2022-01-01,2022,35,4,Homens,49108,80 a 84 anos,80,60 anos ou mais,226250
2022-01-01,2022,41,4,Homens,49108,80 a 84 anos,80,60 anos ou mais,58636
2022-01-01,2022,42,4,Homens,49108,80 a 84 anos,80,60 anos ou mais,32258
2022-01-01,2022,43,4,Homens,49108,80 a 84 anos,80,60 anos ou mais,64852
2022-01-01,2022,50,4,Homens,49108,80 a 84 anos,80,60 anos ou mais,12596
2022-01-01,2022,51,4,Homens,49108,80 a 84 anos,80,60 anos ou mais,13538
2022-01-01,2022,52,4,Homens,49108,80 a 84 anos,80,60 anos ou mais,31307
2022-01-01,2022,53,4,Homens,49108,80 a 84 anos,80,60 anos ou mais,11090
2022-01-01,2022,11,4,Homens,49109,85 a 89 anos,85,60 anos ou mais,3001
2022-01-01,2022,12,4,Homens,49109,85 a 89 anos,85,60 anos ou mais,1254
2022-01-01,2022,13,4,Homens,49109,85 a 89 anos,85,60 anos ou mais,4769
2022-01-01,2022,14,4,Homens,49109,85 a 89 anos,85,60 anos ou mais,667
2022-01-01,2022,15,4,Homens,49109,85 a 89 anos,85,60 anos ou mais,13178
2022-01-01,2022,16,4,Homens,49109,85 a 89 anos,85,60 anos ou mais,918
2022-01-01,2022,17,4,Homens,49109,85 a 89 anos,85,60 anos ou mais,3824
2022-01-01,2022,21,4,Homens,49109,85 a 89 anos,85,60 anos ou mais,15423
2022-01-01,2022,22,4,Homens,49109,85 a 89 anos,85,60 anos ou mais,9204
2022-01-01,2022,23,4,Homens,49109,85 a 89 anos,85,60 anos ou mais,24079
2022-01-01,2022,24,4,Homens,49109,85 a 89 anos,85,60 anos ou mais,8740
2022-01-01,2022,25,4,Homens,49109,85 a 89 anos,85,60 anos ou mais,11085
2022-01-01,2022,26,4,Homens,49109,85 a 89 anos,85,60 anos ou mais,20167
2022-01-01,2022,27,4,Homens,49109,85 a 89 anos,85,60 anos ou mais,5667
2022-01-01,2022,28,4,Homens,49109,85 a 89 anos,85,60 anos ou mais,4426
2022-01-01,2022,29,4,Homens,49109,85 a 89 anos,85,60 anos ou mais,37194
2022-01-01,2022,31,4,Homens,49109,85 a 89 anos,85,60 anos ou mais,61931
2022-01-01,2022,32,4,Homens,49109,85 a 89 anos,85,60 anos ou mais,9891
2022-01-01,2022,33,4,Homens,49109,85 a 89 anos,85,60 anos ou mais,41692
2022-01-01,2022,35,4,Homens,49109,85 a 89 anos,85,60 anos ou mais,110144
2022-01-01,2022,41,4,Homens,49109,85 a 89 anos,85,60 anos ou mais,27968
2022-01-01,2022,42,4,Homens,49109,85 a 89 anos,85,60 anos ou mais,14855
2022-01-01,2022,43,4,Homens,49109,85 a 89 anos,85,60 anos ou mais,30725
2022-01-01,2022,50,4,Homens,49109,85 a 89 anos,85,60 anos ou mais,6430
2022-01-01,2022,51,4,Homens,49109,85 a 89 anos,85,60 anos ou mais,6257
2022-01-01,2022,52,4,Homens,49109,85 a 89 anos,85,60 anos ou mais,14745
2022-01-01,2022,53,4,Homens,49109,85 a 89 anos,85,60 anos ou mais,5415
2022-01-01,2022,11,4,Homens,60040,90 a 94 anos,90,60 anos ou mais,1188
2022-01-01,2022,12,4,Homens,60040,90 a 94 anos,90,60 anos ou mais,534
2022-01-01,2022,13,4,Homens,60040,90 a 94 anos,90,60 anos ou mais,1930
2022-01-01,2022,14,4,Homens,60040,90 a 94 anos,90,60 anos ou mais,261
2022-01-01,2022,15,4,Homens,60040,90 a 94 anos,90,60 anos ou mais,5126
2022-01-01,2022,16,4,Homens,60040,90 a 94 anos,90,60 anos ou mais,341
2022-01-01,2022,17,4,Homens,60040,90 a 94 anos,90,60 anos ou mais,1588
2022-01-01,2022,21,4,Homens,60040,90 a 94 anos,90,60 anos ou mais,6181
2022-01-01,2022,22,4,Homens,60040,90 a 94 anos,90,60 anos ou mais,4134
2022-01-01,2022,23,4,Homens,60040,90 a 94 anos,90,60 anos ou mais,10406
2022-01-01,2022,24,4,Homens,60040,90 a 94 anos,90,60 anos ou mais,3696
2022-01-01,2022,25,4,Homens,60040,90 a 94 anos,90,60 anos ou mais,4642
2022-01-01,2022,26,4,Homens,60040,90 a 94 anos,90,60 anos ou mais,8158
2022-01-01,2022,27,4,Homens,60040,90 a 94 anos,90,60 anos ou mais,2209
2022-01-01,2022,28,4,Homens,60040,90 a 94 anos,90,60 anos ou mais,1834
2022-01-01,2022,29,4,Homens,60040,90 a 94 anos,90,60 anos ou mais,17067
2022-01-01,2022,31,4,Homens,60040,90 a 94 anos,90,60 anos ou mais,24691
2022-01-01,2022,32,4,Homens,60040,90 a 94 anos,90,60 anos ou mais,4064
2022-01-01,2022,33,4,Homens,60040,90 a 94 anos,90,60 anos ou mais,16196
2022-01-01,2022,35,4,Homens,60040,90 a 94 anos,90,60 anos ou mais,41900
2022-01-01,2022,41,4,Homens,60040,90 a 94 anos,90,60 anos ou mais,9970
2022-01-01,2022,42,4,Homens,60040,90 a 94 anos,90,60 anos ou mais,5091
2022-01-01,2022,43,4,Homens,60040,90 a 94 anos,90,60 anos ou mais,10619
2022-01-01,2022,50,4,Homens,60040,90 a 94 anos,90,60 anos ou mais,2575
2022-01-01,2022,51,4,Homens,60040,90 a 94 anos,90,60 anos ou mais,2400
2022-01-01,2022,52,4,Homens,60040,90 a 94 anos,90,60 anos ou mais,5541
2022-01-01,2022,53,4,Homens,60040,90 a 94 anos,90,60 anos ou mais,1999
2022-01-01,2022,11,4,Homens,60041,95 a 99 anos,95,60 anos ou mais,283
2022-01-01,2022,12,4,Homens,60041,95 a 99 anos,95,60 anos ou mais,181
2022-01-01,2022,13,4,Homens,60041,95 a 99 anos,95,60 anos ou mais,617
2022-01-01,2022,14,4,Homens,60041,95 a 99 anos,95,60 anos ou mais,61
2022-01-01,2022,15,4,Homens,60041,95 a 99 anos,95,60 anos ou mais,1448
2022-01-01,2022,16,4,Homens,60041,95 a 99 anos,95,60 anos ou mais,106
2022-01-01,2022,17,4,Homens,60041,95 a 99 anos,95,60 anos ou mais,444
2022-01-01,2022,21,4,Homens,60041,95 a 99 anos,95,60 anos ou mais,1908
2022-01-01,2022,22,4,Homens,60041,95 a 99 anos,95,60 anos ou mais,1199
2022-01-01,2022,23,4,Homens,60041,95 a 99 anos,95,60 anos ou mais,3263
2022-01-01,2022,24,4,Homens,60041,95 a 99 anos,95,60 anos ou mais,1273
2022-01-01,2022,25,4,Homens,60041,95 a 99 anos,95,60 anos ou mais,1551
2022-01-01,2022,26,4,Homens,60041,95 a 99 anos,95,60 anos ou mais,2458
2022-01-01,2022,27,4,Homens,60041,95 a 99 anos,95,60 anos ou mais,667
2022-01-01,2022,28,4,Homens,60041,95 a 99 anos,95,60 anos ou mais,629
2022-01-01,2022,29,4,Homens,60041,95 a 99 anos,95,60 anos ou mais,5540
2022-01-01,2022,31,4,Homens,60041,95 a 99 anos,95,60 anos ou mais,6100
2022-01-01,2022,32,4,Homens,60041,95 a 99 anos,95,60 anos ou mais,1010
2022-01-01,2022,33,4,Homens,60041,95 a 99 anos,95,60 anos ou mais,3658
2022-01-01,2022,35,4,Homens,60041,95 a 99 anos,95,60 anos ou mais,9237
2022-01-01,2022,41,4,Homens,60041,95 a 99 anos,95,60 anos ou mais,2266
2022-01-01,2022,42,4,Homens,60041,95 a 99 anos,95,60 anos ou mais,1077
2022-01-01,2022,43,4,Homens,60041,95 a 99 anos,95,60 anos ou mais,2175
2022-01-01,2022,50,4,Homens,60041,95 a 99 anos,95,60 anos ou mais,620
2022-01-01,2022,51,4,Homens,60041,95 a 99 anos,95,60 anos ou mais,636
2022-01-01,2022,52,4,Homens,60041,95 a 99 anos,95,60 anos ou mais,1434
2022-01-01,2022,53,4,Homens,60041,95 a 99 anos,95,60 anos ou mais,478
2022-01-01,2022,11,4,Homens,6653,100 anos ou mais,100,60 anos ou mais,52
2022-01-01,2022,12,4,Homens,6653,100 anos ou mais,100,60 anos ou mais,72
2022-01-01,2022,13,4,Homens,6653,100 anos ou mais,100,60 anos ou mais,242
2022-01-01,2022,14,4,Homens,6653,100 anos ou mais,100,60 anos ou mais,33
2022-01-01,2022,15,4,Homens,6653,100 anos ou mais,100,60 anos ou mais,477
2022-01-01,2022,16,4,Homens,6653,100 anos ou mais,100,60 anos ou mais,41
2022-01-01,2022,17,4,Homens,6653,100 anos ou mais,100,60 anos ou mais,132
2022-01-01,2022,21,4,Homens,6653,100 anos ou mais,100,60 anos ou mais,865
2022-01-01,2022,22,4,Homens,6653,100 anos ou mais,100,60 anos ou mais,228
2022-01-01,2022,23,4,Homens,6653,100 anos ou mais,100,60 anos ou mais,631
2022-01-01,2022,24,4,Homens,6653,100 anos ou mais,100,60 anos ou mais,297
2022-01-01,2022,25,4,Homens,6653,100 anos ou mais,100,60 anos ou mais,407
2022-01-01,2022,26,4,Homens,6653,100 anos ou mais,100,60 anos ou mais,589
2022-01-01,2022,27,4,Homens,6653,100 anos ou mais,100,60 anos ou mais,260
2022-01-01,2022,28,4,Homens,6653,100 anos ou mais,100,60 anos ou mais,166
2022-01-01,2022,29,4,Homens,6653,100 anos ou mais,100,60 anos ou mais,1533
2022-01-01,2022,31,4,Homens,6653,100 anos ou mais,100,60 anos ou mais,1109
2022-01-01,2022,32,4,Homens,6653,100 anos ou mais,100,60 anos ou mais,200
2022-01-01,2022,33,4,Homens,6653,100 anos ou mais,100,60 anos ou mais,487
2022-01-01,2022,35,4,Homens,6653,100 anos ou mais,100,60 anos ou mais,1139
2022-01-01,2022,41,4,Homens,6653,100 anos ou mais,100,60 anos ou mais,380
2022-01-01,2022,42,4,Homens,6653,100 anos ou mais,100,60 anos ou mais,201
2022-01-01,2022,43,4,Homens,6653,100 anos ou mais,100,60 anos ou mais,307
2022-01-01,2022,50,4,Homens,6653,100 anos ou mais,100,60 anos ou mais,125
2022-01-01,2022,51,4,Homens,6653,100 anos ou mais,100,60 anos ou mais,198
2022-01-01,2022,52,4,Homens,6653,100 anos ou mais,100,60 anos ou mais,322
2022-01-01,2022,53,4,Homens,6653,100 anos ou mais,100,60 anos ou mais,77
2022-01-01,2022,11,5,Mulheres,93070,0 a 4 anos,0,0 a 14 anos,55789
2022-01-01,2022,12,5,Mulheres,93070,0 a 4 anos,0,0 a 14 anos,34921
2022-01-01,2022,13,5,Mulheres,93070,0 a 4 anos,0,0 a 14 anos,173050
2022-01-01,2022,14,5,Mulheres,93070,0 a 4 anos,0,0 a 14 anos,31758
2022-01-01,2022,15,5,Mulheres,93070,0 a 4 anos,0,0 a 14 anos,311310
2022-01-01,2022,16,5,Mulheres,93070,0 a 4 anos,0,0 a 14 anos,32200
2022-01-01,2022,17,5,Mulheres,93070,0 a 4 anos,0,0 a 14 anos,55764
2022-01-01,2022,21,5,Mulheres,93070,0 a 4 anos,0,0 a 14 anos,254617
2022-01-01,2022,22,5,Mulheres,93070,0 a 4 anos,0,0 a 14 anos,106248
2022-01-01,2022,23,5,Mulheres,93070,0 a 4 anos,0,0 a 14 anos,280785
2022-01-01,2022,24,5,Mulheres,93070,0 a 4 anos,0,0 a 14 anos,100175
2022-01-01,2022,25,5,Mulheres,93070,0 a 4 anos,0,0 a 14 anos,130135
2022-01-01,2022,26,5,Mulheres,93070,0 a 4 anos,0,0 a 14 anos,292307
2022-01-01,2022,27,5,Mulheres,93070,0 a 4 anos,0,0 a 14 anos,112541
2022-01-01,2022,28,5,Mulheres,93070,0 a 4 anos,0,0 a 14 anos,72551
2022-01-01,2022,29,5,Mulheres,93070,0 a 4 anos,0,0 a 14 anos,437445
2022-01-01,2022,31,5,Mulheres,93070,0 a 4 anos,0,0 a 14 anos,583742
2022-01-01,2022,32,5,Mulheres,93070,0 a 4 anos,0,0 a 14 anos,118011
2022-01-01,2022,33,5,Mulheres,93070,0 a 4 anos,0,0 a 14 anos,432675
2022-01-01,2022,35,5,Mulheres,93070,0 a 4 anos,0,0 a 14 anos,1211572
2022-01-01,2022,41,5,Mulheres,93070,0 a 4 anos,0,0 a 14 anos,342243
2022-01-01,2022,42,5,Mulheres,93070,0 a 4 anos,0,0 a 14 anos,228840
2022-01-01,2022,43,5,Mulheres,93070,0 a 4 anos,0,0 a 14 anos,298843
2022-01-01,2022,50,5,Mulheres,93070,0 a 4 anos,0,0 a 14 anos,98042
2022-01-01,2022,51,5,Mulheres,93070,0 a 4 anos,0,0 a 14 anos,138443
2022-01-01,2022,52,5,Mulheres,93070,0 a 4 anos,0,0 a 14 anos,226922
2022-01-01,2022,53,5,Mulheres,93070,0 a 4 anos,0,0 a 14 anos,82242
2022-01-01,2022,11,5,Mulheres,93084,5 a 9 anos,5,0 a 14 anos,57632
2022-01-01,2022,12,5,Mulheres,93084,5 a 9 anos,5,0 a 14 anos,36455
2022-01-01,2022,13,5,Mulheres,93084,5 a 9 anos,5,0 a 14 anos,180364
2022-01-01,2022,14,5,Mulheres,93084,5 a 9 anos,5,0 a 14 anos,30713
2022-01-01,2022,15,5,Mulheres,93084,5 a 9 anos,5,0 a 14 anos,328088
2022-01-01,2022,16,5,Mulheres,93084,5 a 9 anos,5,0 a 14 anos,32818
2022-01-01,2022,17,5,Mulheres,93084,5 a 9 anos,5,0 a 14 anos,57710
2022-01-01,2022,21,5,Mulheres,93084,5 a 9 anos,5,0 a 14 anos,267932
2022-01-01,2022,22,5,Mulheres,93084,5 a 9 anos,5,0 a 14 anos,110949
2022-01-01,2022,23,5,Mulheres,93084,5 a 9 anos,5,0 a 14 anos,298601
2022-01-01,2022,24,5,Mulheres,93084,5 a 9 anos,5,0 a 14 anos,107831
2022-01-01,2022,25,5,Mulheres,93084,5 a 9 anos,5,0 a 14 anos,135380
2022-01-01,2022,26,5,Mulheres,93084,5 a 9 anos,5,0 a 14 anos,315976
2022-01-01,2022,27,5,Mulheres,93084,5 a 9 anos,5,0 a 14 anos,115544
2022-01-01,2022,28,5,Mulheres,93084,5 a 9 anos,5,0 a 14 anos,76721
2022-01-01,2022,29,5,Mulheres,93084,5 a 9 anos,5,0 a 14 anos,474441
2022-01-01,2022,31,5,Mulheres,93084,5 a 9 anos,5,0 a 14 anos,617296
2022-01-01,2022,32,5,Mulheres,93084,5 a 9 anos,5,0 a 14 anos,124589
2022-01-01,2022,33,5,Mulheres,93084,5 a 9 anos,5,0 a 14 anos,498295
2022-01-01,2022,35,5,Mulheres,93084,5 a 9 anos,5,0 a 14 anos,1360130
2022-01-01,2022,41,5,Mulheres,93084,5 a 9 anos,5,0 a 14 anos,372288
2022-01-01,2022,42,5,Mulheres,93084,5 a 9 anos,5,0 a 14 anos,239113
2022-01-01,2022,43,5,Mulheres,93084,5 a 9 anos,5,0 a 14 anos,325131
2022-01-01,2022,50,5,Mulheres,93084,5 a 9 anos,5,0 a 14 anos,102283
2022-01-01,2022,51,5,Mulheres,93084,5 a 9 anos,5,0 a 14 anos,138955
2022-01-01,2022,52,5,Mulheres,93084,5 a 9 anos,5,0 a 14 anos,242471
2022-01-01,2022,53,5,Mulheres,93084,5 a 9 anos,5,0 a 14 anos,90452
2022-01-01,2022,11,5,Mulheres,93085,10 a 14 anos,10,0 a 14 anos,57425
2022-01-01,2022,12,5,Mulheres,93085,10 a 14 anos,10,0 a 14 anos,36645
2022-01-01,2022,13,5,Mulheres,93085,10 a 14 anos,10,0 a 14 anos,174619
2022-01-01,2022,14,5,Mulheres,93085,10 a 14 anos,10,0 a 14 anos,28288
2022-01-01,2022,15,5,Mulheres,93085,10 a 14 anos,10,0 a 14 anos,336152
2022-01-01,2022,16,5,Mulheres,93085,10 a 14 anos,10,0 a 14 anos,31936
2022-01-01,2022,17,5,Mulheres,93085,10 a 14 anos,10,0 a 14 anos,58155
2022-01-01,2022,21,5,Mulheres,93085,10 a 14 anos,10,0 a 14 anos,284745
2022-01-01,2022,22,5,Mulheres,93085,10 a 14 anos,10,0 a 14 anos,116577
2022-01-01,2022,23,5,Mulheres,93085,10 a 14 anos,10,0 a 14 anos,301306
2022-01-01,2022,24,5,Mulheres,93085,10 a 14 anos,10,0 a 14 anos,112360
2022-01-01,2022,25,5,Mulheres,93085,10 a 14 anos,10,0 a 14 anos,138805
2022-01-01,2022,26,5,Mulheres,93085,10 a 14 anos,10,0 a 14 anos,320692
2022-01-01,2022,27,5,Mulheres,93085,10 a 14 anos,10,0 a 14 anos,121204
2022-01-01,2022,28,5,Mulheres,93085,10 a 14 anos,10,0 a 14 anos,80532
2022-01-01,2022,29,5,Mulheres,93085,10 a 14 anos,10,0 a 14 anos,494188
2022-01-01,2022,31,5,Mulheres,93085,10 a 14 anos,10,0 a 14 anos,618090
2022-01-01,2022,32,5,Mulheres,93085,10 a 14 anos,10,0 a 14 anos,120550
2022-01-01,2022,33,5,Mulheres,93085,10 a 14 anos,10,0 a 14 anos,470169
2022-01-01,2022,35,5,Mulheres,93085,10 a 14 anos,10,0 a 14 anos,1334980
2022-01-01,2022,41,5,Mulheres,93085,10 a 14 anos,10,0 a 14 anos,360167
2022-01-01,2022,42,5,Mulheres,93085,10 a 14 anos,10,0 a 14 anos,226977
2022-01-01,2022,43,5,Mulheres,93085,10 a 14 anos,10,0 a 14 anos,308669
2022-01-01,2022,50,5,Mulheres,93085,10 a 14 anos,10,0 a 14 anos,97477
2022-01-01,2022,51,5,Mulheres,93085,10 a 14 anos,10,0 a 14 anos,129323
2022-01-01,2022,52,5,Mulheres,93085,10 a 14 anos,10,0 a 14 anos,232415
2022-01-01,2022,53,5,Mulheres,93085,10 a 14 anos,10,0 a 14 anos,89769
2022-01-01,2022,11,5,Mulheres,93086,15 a 19 anos,15,15 a 29 anos,60116
2022-01-01,2022,12,5,Mulheres,93086,15 a 19 anos,15,15 a 29 anos,38254
2022-01-01,2022,13,5,Mulheres,93086,15 a 19 anos,15,15 a 29 anos,180811
2022-01-01,2022,14,5,Mulheres,93086,15 a 19 anos,15,15 a 29 anos,28002
2022-01-01,2022,15,5,Mulheres,93086,15 a 19 anos,15,15 a 29 anos,357210
2022-01-01,2022,16,5,Mulheres,93086,15 a 19 anos,15,15 a 29 anos,33269
2022-01-01,2022,17,5,Mulheres,93086,15 a 19 anos,15,15 a 29 anos,62003
2022-01-01,2022,21,5,Mulheres,93086,15 a 19 anos,15,15 a 29 anos,301482
2022-01-01,2022,22,5,Mulheres,93086,15 a 19 anos,15,15 a 29 anos,125844
2022-01-01,2022,23,5,Mulheres,93086,15 a 19 anos,15,15 a 29 anos,318346
2022-01-01,2022,24,5,Mulheres,93086,15 a 19 anos,15,15 a 29 anos,119063
2022-01-01,2022,25,5,Mulheres,93086,15 a 19 anos,15,15 a 29 anos,144732
2022-01-01,2022,26,5,Mulheres,93086,15 a 19 anos,15,15 a 29 anos,337524
2022-01-01,2022,27,5,Mulheres,93086,15 a 19 anos,15,15 a 29 anos,127040
2022-01-01,2022,28,5,Mulheres,93086,15 a 19 anos,15,15 a 29 anos,85049
2022-01-01,2022,29,5,Mulheres,93086,15 a 19 anos,15,15 a 29 anos,526098
2022-01-01,2022,31,5,Mulheres,93086,15 a 19 anos,15,15 a 29 anos,670858
2022-01-01,2022,32,5,Mulheres,93086,15 a 19 anos,15,15 a 29 anos,125788
2022-01-01,2022,33,5,Mulheres,93086,15 a 19 anos,15,15 a 29 anos,498039
2022-01-01,2022,35,5,Mulheres,93086,15 a 19 anos,15,15 a 29 anos,1396816
2022-01-01,2022,41,5,Mulheres,93086,15 a 19 anos,15,15 a 29 anos,374283
2022-01-01,2022,42,5,Mulheres,93086,15 a 19 anos,15,15 a 29 anos,235495
2022-01-01,2022,43,5,Mulheres,93086,15 a 19 anos,15,15 a 29 anos,328536
2022-01-01,2022,50,5,Mulheres,93086,15 a 19 anos,15,15 a 29 anos,97319
2022-01-01,2022,51,5,Mulheres,93086,15 a 19 anos,15,15 a 29 anos,133010
2022-01-01,2022,52,5,Mulheres,93086,15 a 19 anos,15,15 a 29 anos,250341
2022-01-01,2022,53,5,Mulheres,93086,15 a 19 anos,15,15 a 29 anos,103099
2022-01-01,2022,11,5,Mulheres,93087,20 a 24 anos,20,15 a 29 anos,62360
2022-01-01,2022,12,5,Mulheres,93087,20 a 24 anos,20,15 a 29 anos,38095
2022-01-01,2022,13,5,Mulheres,93087,20 a 24 anos,20,15 a 29 anos,180531
2022-01-01,2022,14,5,Mulheres,93087,20 a 24 anos,20,15 a 29 anos,29351
2022-01-01,2022,15,5,Mulheres,93087,20 a 24 anos,20,15 a 29 anos,351593
2022-01-01,2022,16,5,Mulheres,93087,20 a 24 anos,20,15 a 29 anos,34634
2022-01-01,2022,17,5,Mulheres,93087,20 a 24 anos,20,15 a 29 anos,61567
2022-01-01,2022,21,5,Mulheres,93087,20 a 24 anos,20,15 a 29 anos,287142
2022-01-01,2022,22,5,Mulheres,93087,20 a 24 anos,20,15 a 29 anos,128673
2022-01-01,2022,23,5,Mulheres,93087,20 a 24 anos,20,15 a 29 anos,350081
2022-01-01,2022,24,5,Mulheres,93087,20 a 24 anos,20,15 a 29 anos,126822
2022-01-01,2022,25,5,Mulheres,93087,20 a 24 anos,20,15 a 29 anos,150151
2022-01-01,2022,26,5,Mulheres,93087,20 a 24 anos,20,15 a 29 anos,357075
2022-01-01,2022,27,5,Mulheres,93087,20 a 24 anos,20,15 a 29 anos,131798
2022-01-01,2022,28,5,Mulheres,93087,20 a 24 anos,20,15 a 29 anos,90758
2022-01-01,2022,29,5,Mulheres,93087,20 a 24 anos,20,15 a 29 anos,547767
2022-01-01,2022,31,5,Mulheres,93087,20 a 24 anos,20,15 a 29 anos,758055
2022-01-01,2022,32,5,Mulheres,93087,20 a 24 anos,20,15 a 29 anos,137294
2022-01-01,2022,33,5,Mulheres,93087,20 a 24 anos,20,15 a 29 anos,578934
2022-01-01,2022,35,5,Mulheres,93087,20 a 24 anos,20,15 a 29 anos,1584091
2022-01-01,2022,41,5,Mulheres,93087,20 a 24 anos,20,15 a 29 anos,419797
2022-01-01,2022,42,5,Mulheres,93087,20 a 24 anos,20,15 a 29 anos,282432
2022-01-01,2022,43,5,Mulheres,93087,20 a 24 anos,20,15 a 29 anos,375711
2022-01-01,2022,50,5,Mulheres,93087,20 a 24 anos,20,15 a 29 anos,103157
2022-01-01,2022,51,5,Mulheres,93087,20 a 24 anos,20,15 a 29 anos,142764
2022-01-01,2022,52,5,Mulheres,93087,20 a 24 anos,20,15 a 29 anos,276001
2022-01-01,2022,53,5,Mulheres,93087,20 a 24 anos,20,15 a 29 anos,112523
2022-01-01,2022,11,5,Mulheres,93088,25 a 29 anos,25,15 a 29 anos,63935
2022-01-01,2022,12,5,Mulheres,93088,25 a 29 anos,25,15 a 29 anos,34892
2022-01-01,2022,13,5,Mulheres,93088,25 a 29 anos,25,15 a 29 anos,167295
2022-01-01,2022,14,5,Mulheres,93088,25 a 29 anos,25,15 a 29 anos,28132
2022-01-01,2022,15,5,Mulheres,93088,25 a 29 anos,25,15 a 29 anos,337315
2022-01-01,2022,16,5,Mulheres,93088,25 a 29 anos,25,15 a 29 anos,32404
2022-01-01,2022,17,5,Mulheres,93088,25 a 29 anos,25,15 a 29 anos,59553
2022-01-01,2022,21,5,Mulheres,93088,25 a 29 anos,25,15 a 29 anos,265654
2022-01-01,2022,22,5,Mulheres,93088,25 a 29 anos,25,15 a 29 anos,122311
2022-01-01,2022,23,5,Mulheres,93088,25 a 29 anos,25,15 a 29 anos,368075
2022-01-01,2022,24,5,Mulheres,93088,25 a 29 anos,25,15 a 29 anos,130696
2022-01-01,2022,25,5,Mulheres,93088,25 a 29 anos,25,15 a 29 anos,151017
2022-01-01,2022,26,5,Mulheres,93088,25 a 29 anos,25,15 a 29 anos,350624
2022-01-01,2022,27,5,Mulheres,93088,25 a 29 anos,25,15 a 29 anos,127153
2022-01-01,2022,28,5,Mulheres,93088,25 a 29 anos,25,15 a 29 anos,91442
2022-01-01,2022,29,5,Mulheres,93088,25 a 29 anos,25,15 a 29 anos,531569
2022-01-01,2022,31,5,Mulheres,93088,25 a 29 anos,25,15 a 29 anos,772492
2022-01-01,2022,32,5,Mulheres,93088,25 a 29 anos,25,15 a 29 anos,141409
2022-01-01,2022,33,5,Mulheres,93088,25 a 29 anos,25,15 a 29 anos,600367
2022-01-01,2022,35,5,Mulheres,93088,25 a 29 anos,25,15 a 29 anos,1655473
2022-01-01,2022,41,5,Mulheres,93088,25 a 29 anos,25,15 a 29 anos,445745
2022-01-01,2022,42,5,Mulheres,93088,25 a 29 anos,25,15 a 29 anos,310650
2022-01-01,2022,43,5,Mulheres,93088,25 a 29 anos,25,15 a 29 anos,395452
2022-01-01,2022,50,5,Mulheres,93088,25 a 29 anos,25,15 a 29 anos,109412
2022-01-01,2022,51,5,Mulheres,93088,25 a 29 anos,25,15 a 29 anos,151244
2022-01-01,2022,52,5,Mulheres,93088,25 a 29 anos,25,15 a 29 anos,284305
2022-01-01,2022,53,5,Mulheres,93088,25 a 29 anos,25,15 a 29 anos,113649
2022-01-01,2022,11,5,Mulheres,93089,30 a 34 anos,30,30 a 59 anos,63709
2022-01-01,2022,12,5,Mulheres,93089,30 a 34 anos,30,30 a 59 anos,32127
2022-01-01,2022,13,5,Mulheres,93089,30 a 34 anos,30,30 a 59 anos,151350
2022-01-01,2022,14,5,Mulheres,93089,30 a 34 anos,30,30 a 59 anos,25129
2022-01-01,2022,15,5,Mulheres,93089,30 a 34 anos,30,30 a 59 anos,327297
2022-01-01,2022,16,5,Mulheres,93089,30 a 34 anos,30,30 a 59 anos,29836
2022-01-01,2022,17,5,Mulheres,93089,30 a 34 anos,30,30 a 59 anos,58909
2022-01-01,2022,21,5,Mulheres,93089,30 a 34 anos,30,30 a 59 anos,271154
2022-01-01,2022,22,5,Mulheres,93089,30 a 34 anos,30,30 a 59 anos,126179
2022-01-01,2022,23,5,Mulheres,93089,30 a 34 anos,30,30 a 59 anos,361434
2022-01-01,2022,24,5,Mulheres,93089,30 a 34 anos,30,30 a 59 anos,131955
2022-01-01,2022,25,5,Mulheres,93089,30 a 34 anos,30,30 a 59 anos,153524
2022-01-01,2022,26,5,Mulheres,93089,30 a 34 anos,30,30 a 59 anos,359896
2022-01-01,2022,27,5,Mulheres,93089,30 a 34 anos,30,30 a 59 anos,121433
2022-01-01,2022,28,5,Mulheres,93089,30 a 34 anos,30,30 a 59 anos,89804
2022-01-01,2022,29,5,Mulheres,93089,30 a 34 anos,30,30 a 59 anos,539484
2022-01-01,2022,31,5,Mulheres,93089,30 a 34 anos,30,30 a 59 anos,781751
2022-01-01,2022,32,5,Mulheres,93089,30 a 34 anos,30,30 a 59 anos,148966
2022-01-01,2022,33,5,Mulheres,93089,30 a 34 anos,30,30 a 59 anos,607630
2022-01-01,2022,35,5,Mulheres,93089,30 a 34 anos,30,30 a 59 anos,1730527
2022-01-01,2022,41,5,Mulheres,93089,30 a 34 anos,30,30 a 59 anos,443806
2022-01-01,2022,42,5,Mulheres,93089,30 a 34 anos,30,30 a 59 anos,317628
2022-01-01,2022,43,5,Mulheres,93089,30 a 34 anos,30,30 a 59 anos,403172
2022-01-01,2022,50,5,Mulheres,93089,30 a 34 anos,30,30 a 59 anos,107829
2022-01-01,2022,51,5,Mulheres,93089,30 a 34 anos,30,30 a 59 anos,149867
2022-01-01,2022,52,5,Mulheres,93089,30 a 34 anos,30,30 a 59 anos,286189
2022-01-01,2022,53,5,Mulheres,93089,30 a 34 anos,30,30 a 59 anos,115247
2022-01-01,2022,11,5,Mulheres,93090,35 a 39 anos,35,30 a 59 anos,65691
2022-01-01,2022,12,5,Mulheres,93090,35 a 39 anos,35,30 a 59 anos,32167
2022-01-01,2022,13,5,Mulheres,93090,35 a 39 anos,35,30 a 59 anos,151981
2022-01-01,2022,14,5,Mulheres,93090,35 a 39 anos,35,30 a 59 anos,24524
2022-01-01,2022,15,5,Mulheres,93090,35 a 39 anos,35,30 a 59 anos,330427
2022-01-01,2022,16,5,Mulheres,93090,35 a 39 anos,35,30 a 59 anos,29419
2022-01-01,2022,17,5,Mulheres,93090,35 a 39 anos,35,30 a 59 anos,60865
2022-01-01,2022,21,5,Mulheres,93090,35 a 39 anos,35,30 a 59 anos,281311
2022-01-01,2022,22,5,Mulheres,93090,35 a 39 anos,35,30 a 59 anos,135801
2022-01-01,2022,23,5,Mulheres,93090,35 a 39 anos,35,30 a 59 anos,364496
2022-01-01,2022,24,5,Mulheres,93090,35 a 39 anos,35,30 a 59 anos,139658
2022-01-01,2022,25,5,Mulheres,93090,35 a 39 anos,35,30 a 59 anos,162330
2022-01-01,2022,26,5,Mulheres,93090,35 a 39 anos,35,30 a 59 anos,374480
2022-01-01,2022,27,5,Mulheres,93090,35 a 39 anos,35,30 a 59 anos,128076
2022-01-01,2022,28,5,Mulheres,93090,35 a 39 anos,35,30 a 59 anos,94303
2022-01-01,2022,29,5,Mulheres,93090,35 a 39 anos,35,30 a 59 anos,611594
2022-01-01,2022,31,5,Mulheres,93090,35 a 39 anos,35,30 a 59 anos,810162
2022-01-01,2022,32,5,Mulheres,93090,35 a 39 anos,35,30 a 59 anos,161001
2022-01-01,2022,33,5,Mulheres,93090,35 a 39 anos,35,30 a 59 anos,641328
2022-01-01,2022,35,5,Mulheres,93090,35 a 39 anos,35,30 a 59 anos,1873165
2022-01-01,2022,41,5,Mulheres,93090,35 a 39 anos,35,30 a 59 anos,446332
2022-01-01,2022,42,5,Mulheres,93090,35 a 39 anos,35,30 a 59 anos,319233
2022-01-01,2022,43,5,Mulheres,93090,35 a 39 anos,35,30 a 59 anos,421822
2022-01-01,2022,50,5,Mulheres,93090,35 a 39 anos,35,30 a 59 anos,109993
2022-01-01,2022,51,5,Mulheres,93090,35 a 39 anos,35,30 a 59 anos,151615
2022-01-01,2022,52,5,Mulheres,93090,35 a 39 anos,35,30 a 59 anos,296459
2022-01-01,2022,53,5,Mulheres,93090,35 a 39 anos,35,30 a 59 anos,127225
2022-01-01,2022,11,5,Mulheres,93091,40 a 44 anos,40,30 a 59 anos,63350
2022-01-01,2022,12,5,Mulheres,93091,40 a 44 anos,40,30 a 59 anos,30570
2022-01-01,2022,13,5,Mulheres,93091,40 a 44 anos,40,30 a 59 anos,142677
2022-01-01,2022,14,5,Mulheres,93091,40 a 44 anos,40,30 a 59 anos,22316
2022-01-01,2022,15,5,Mulheres,93091,40 a 44 anos,40,30 a 59 anos,303188
2022-01-01,2022,16,5,Mulheres,93091,40 a 44 anos,40,30 a 59 anos,26711
2022-01-01,2022,17,5,Mulheres,93091,40 a 44 anos,40,30 a 59 anos,58180
2022-01-01,2022,21,5,Mulheres,93091,40 a 44 anos,40,30 a 59 anos,254249
2022-01-01,2022,22,5,Mulheres,93091,40 a 44 anos,40,30 a 59 anos,128343
2022-01-01,2022,23,5,Mulheres,93091,40 a 44 anos,40,30 a 59 anos,346024
2022-01-01,2022,24,5,Mulheres,93091,40 a 44 anos,40,30 a 59 anos,132837
2022-01-01,2022,25,5,Mulheres,93091,40 a 44 anos,40,30 a 59 anos,158690
2022-01-01,2022,26,5,Mulheres,93091,40 a 44 anos,40,30 a 59 anos,368646
2022-01-01,2022,27,5,Mulheres,93091,40 a 44 anos,40,30 a 59 anos,122656
2022-01-01,2022,28,5,Mulheres,93091,40 a 44 anos,40,30 a 59 anos,92295
2022-01-01,2022,29,5,Mulheres,93091,40 a 44 anos,40,30 a 59 anos,605895
2022-01-01,2022,31,5,Mulheres,93091,40 a 44 anos,40,30 a 59 anos,833623
2022-01-01,2022,32,5,Mulheres,93091,40 a 44 anos,40,30 a 59 anos,161363
2022-01-01,2022,33,5,Mulheres,93091,40 a 44 anos,40,30 a 59 anos,680728
2022-01-01,2022,35,5,Mulheres,93091,40 a 44 anos,40,30 a 59 anos,1902856
2022-01-01,2022,41,5,Mulheres,93091,40 a 44 anos,40,30 a 59 anos,447899
2022-01-01,2022,42,5,Mulheres,93091,40 a 44 anos,40,30 a 59 anos,305162
2022-01-01,2022,43,5,Mulheres,93091,40 a 44 anos,40,30 a 59 anos,422654
2022-01-01,2022,50,5,Mulheres,93091,40 a 44 anos,40,30 a 59 anos,107723
2022-01-01,2022,51,5,Mulheres,93091,40 a 44 anos,40,30 a 59 anos,143800
2022-01-01,2022,52,5,Mulheres,93091,40 a 44 anos,40,30 a 59 anos,292908
2022-01-01,2022,53,5,Mulheres,93091,40 a 44 anos,40,30 a 59 anos,135768
2022-01-01,2022,11,5,Mulheres,93092,45 a 49 anos,45,30 a 59 anos,54514
2022-01-01,2022,12,5,Mulheres,93092,45 a 49 anos,45,30 a 59 anos,24110
2022-01-01,2022,13,5,Mulheres,93092,45 a 49 anos,45,30 a 59 anos,115147
2022-01-01,2022,14,5,Mulheres,93092,45 a 49 anos,45,30 a 59 anos,17520
2022-01-01,2022,15,5,Mulheres,93092,45 a 49 anos,45,30 a 59 anos,245198
2022-01-01,2022,16,5,Mulheres,93092,45 a 49 anos,45,30 a 59 anos,21876
2022-01-01,2022,17,5,Mulheres,93092,45 a 49 anos,45,30 a 59 anos,49183
2022-01-01,2022,21,5,Mulheres,93092,45 a 49 anos,45,30 a 59 anos,203342
2022-01-01,2022,22,5,Mulheres,93092,45 a 49 anos,45,30 a 59 anos,109783
2022-01-01,2022,23,5,Mulheres,93092,45 a 49 anos,45,30 a 59 anos,297089
2022-01-01,2022,24,5,Mulheres,93092,45 a 49 anos,45,30 a 59 anos,114701
2022-01-01,2022,25,5,Mulheres,93092,45 a 49 anos,45,30 a 59 anos,138679
2022-01-01,2022,26,5,Mulheres,93092,45 a 49 anos,45,30 a 59 anos,326531
2022-01-01,2022,27,5,Mulheres,93092,45 a 49 anos,45,30 a 59 anos,109731
2022-01-01,2022,28,5,Mulheres,93092,45 a 49 anos,45,30 a 59 anos,78379
2022-01-01,2022,29,5,Mulheres,93092,45 a 49 anos,45,30 a 59 anos,495771
2022-01-01,2022,31,5,Mulheres,93092,45 a 49 anos,45,30 a 59 anos,717858
2022-01-01,2022,32,5,Mulheres,93092,45 a 49 anos,45,30 a 59 anos,134083
2022-01-01,2022,33,5,Mulheres,93092,45 a 49 anos,45,30 a 59 anos,589057
2022-01-01,2022,35,5,Mulheres,93092,45 a 49 anos,45,30 a 59 anos,1639164
2022-01-01,2022,41,5,Mulheres,93092,45 a 49 anos,45,30 a 59 anos,403354
2022-01-01,2022,42,5,Mulheres,93092,45 a 49 anos,45,30 a 59 anos,258512
2022-01-01,2022,43,5,Mulheres,93092,45 a 49 anos,45,30 a 59 anos,366936
2022-01-01,2022,50,5,Mulheres,93092,45 a 49 anos,45,30 a 59 anos,92824
2022-01-01,2022,51,5,Mulheres,93092,45 a 49 anos,45,30 a 59 anos,121206
2022-01-01,2022,52,5,Mulheres,93092,45 a 49 anos,45,30 a 59 anos,253523
2022-01-01,2022,53,5,Mulheres,93092,45 a 49 anos,45,30 a 59 anos,112932
2022-01-01,2022,11,5,Mulheres,93093,50 a 54 anos,50,30 a 59 anos,48344
2022-01-01,2022,12,5,Mulheres,93093,50 a 54 anos,50,30 a 59 anos,19854
2022-01-01,2022,13,5,Mulheres,93093,50 a 54 anos,50,30 a 59 anos,93408
2022-01-01,2022,14,5,Mulheres,93093,50 a 54 anos,50,30 a 59 anos,14070
2022-01-01,2022,15,5,Mulheres,93093,50 a 54 anos,50,30 a 59 anos,209466
2022-01-01,2022,16,5,Mulheres,93093,50 a 54 anos,50,30 a 59 anos,18033
2022-01-01,2022,17,5,Mulheres,93093,50 a 54 anos,50,30 a 59 anos,41893
2022-01-01,2022,21,5,Mulheres,93093,50 a 54 anos,50,30 a 59 anos,177775
2022-01-01,2022,22,5,Mulheres,93093,50 a 54 anos,50,30 a 59 anos,97665
2022-01-01,2022,23,5,Mulheres,93093,50 a 54 anos,50,30 a 59 anos,273328
2022-01-01,2022,24,5,Mulheres,93093,50 a 54 anos,50,30 a 59 anos,106235
2022-01-01,2022,25,5,Mulheres,93093,50 a 54 anos,50,30 a 59 anos,125852
2022-01-01,2022,26,5,Mulheres,93093,50 a 54 anos,50,30 a 59 anos,296292
2022-01-01,2022,27,5,Mulheres,93093,50 a 54 anos,50,30 a 59 anos,97414
2022-01-01,2022,28,5,Mulheres,93093,50 a 54 anos,50,30 a 59 anos,71409
2022-01-01,2022,29,5,Mulheres,93093,50 a 54 anos,50,30 a 59 anos,448311
2022-01-01,2022,31,5,Mulheres,93093,50 a 54 anos,50,30 a 59 anos,690825
2022-01-01,2022,32,5,Mulheres,93093,50 a 54 anos,50,30 a 59 anos,125474
2022-01-01,2022,33,5,Mulheres,93093,50 a 54 anos,50,30 a 59 anos,568264
2022-01-01,2022,35,5,Mulheres,93093,50 a 54 anos,50,30 a 59 anos,1534930
2022-01-01,2022,41,5,Mulheres,93093,50 a 54 anos,50,30 a 59 anos,394505
2022-01-01,2022,42,5,Mulheres,93093,50 a 54 anos,50,30 a 59 anos,246411
2022-01-01,2022,43,5,Mulheres,93093,50 a 54 anos,50,30 a 59 anos,367206
2022-01-01,2022,50,5,Mulheres,93093,50 a 54 anos,50,30 a 59 anos,85868
2022-01-01,2022,51,5,Mulheres,93093,50 a 54 anos,50,30 a 59 anos,106874
2022-01-01,2022,52,5,Mulheres,93093,50 a 54 anos,50,30 a 59 anos,228298
2022-01-01,2022,53,5,Mulheres,93093,50 a 54 anos,50,30 a 59 anos,96186
2022-01-01,2022,11,5,Mulheres,93094,55 a 59 anos,55,30 a 59 anos,42038
2022-01-01,2022,12,5,Mulheres,93094,55 a 59 anos,55,30 a 59 anos,16328
2022-01-01,2022,13,5,Mulheres,93094,55 a 59 anos,55,30 a 59 anos,77158
2022-01-01,2022,14,5,Mulheres,93094,55 a 59 anos,55,30 a 59 anos,11618
2022-01-01,2022,15,5,Mulheres,93094,55 a 59 anos,55,30 a 59 anos,176004
2022-01-01,2022,16,5,Mulheres,93094,55 a 59 anos,55,30 a 59 anos,13966
2022-01-01,2022,17,5,Mulheres,93094,55 a 59 anos,55,30 a 59 anos,36545
2022-01-01,2022,21,5,Mulheres,93094,55 a 59 anos,55,30 a 59 anos,160707
2022-01-01,2022,22,5,Mulheres,93094,55 a 59 anos,55,30 a 59 anos,93353
2022-01-01,2022,23,5,Mulheres,93094,55 a 59 anos,55,30 a 59 anos,258096
2022-01-01,2022,24,5,Mulheres,93094,55 a 59 anos,55,30 a 59 anos,102477
2022-01-01,2022,25,5,Mulheres,93094,55 a 59 anos,55,30 a 59 anos,118581
2022-01-01,2022,26,5,Mulheres,93094,55 a 59 anos,55,30 a 59 anos,270409
2022-01-01,2022,27,5,Mulheres,93094,55 a 59 anos,55,30 a 59 anos,86639
2022-01-01,2022,28,5,Mulheres,93094,55 a 59 anos,55,30 a 59 anos,63500
2022-01-01,2022,29,5,Mulheres,93094,55 a 59 anos,55,30 a 59 anos,409065
2022-01-01,2022,31,5,Mulheres,93094,55 a 59 anos,55,30 a 59 anos,664500
2022-01-01,2022,32,5,Mulheres,93094,55 a 59 anos,55,30 a 59 anos,118586
2022-01-01,2022,33,5,Mulheres,93094,55 a 59 anos,55,30 a 59 anos,548769
2022-01-01,2022,35,5,Mulheres,93094,55 a 59 anos,55,30 a 59 anos,1433780
2022-01-01,2022,41,5,Mulheres,93094,55 a 59 anos,55,30 a 59 anos,371758
2022-01-01,2022,42,5,Mulheres,93094,55 a 59 anos,55,30 a 59 anos,238757
2022-01-01,2022,43,5,Mulheres,93094,55 a 59 anos,55,30 a 59 anos,381955
2022-01-01,2022,50,5,Mulheres,93094,55 a 59 anos,55,30 a 59 anos,78808
2022-01-01,2022,51,5,Mulheres,93094,55 a 59 anos,55,30 a 59 anos,92032
2022-01-01,2022,52,5,Mulheres,93094,55 a 59 anos,55,30 a 59 anos,201032
2022-01-01,2022,53,5,Mulheres,93094,55 a 59 anos,55,30 a 59 anos,83140
2022-01-01,2022,11,5,Mulheres,93095,60 a 64 anos,60,60 anos ou mais,33780
2022-01-01,2022,12,5,Mulheres,93095,60 a 64 anos,60,60 anos ou mais,13214
2022-01-01,2022,13,5,Mulheres,93095,60 a 64 anos,60,60 anos ou mais,62676
2022-01-01,2022,14,5,Mulheres,93095,60 a 64 anos,60,60 anos ou mais,8999
2022-01-01,2022,15,5,Mulheres,93095,60 a 64 anos,60,60 anos ou mais,145300
2022-01-01,2022,16,5,Mulheres,93095,60 a 64 anos,60,60 anos ou mais,11034
2022-01-01,2022,17,5,Mulheres,93095,60 a 64 anos,60,60 anos ou mais,29210
2022-01-01,2022,21,5,Mulheres,93095,60 a 64 anos,60,60 anos ou mais,131065
2022-01-01,2022,22,5,Mulheres,93095,60 a 64 anos,60,60 anos ou mais,77283
2022-01-01,2022,23,5,Mulheres,93095,60 a 64 anos,60,60 anos ou mais,203739
2022-01-01,2022,24,5,Mulheres,93095,60 a 64 anos,60,60 anos ou mais,80756
2022-01-01,2022,25,5,Mulheres,93095,60 a 64 anos,60,60 anos ou mais,95710
2022-01-01,2022,26,5,Mulheres,93095,60 a 64 anos,60,60 anos ou mais,226029
2022-01-01,2022,27,5,Mulheres,93095,60 a 64 anos,60,60 anos ou mais,70628
2022-01-01,2022,28,5,Mulheres,93095,60 a 64 anos,60,60 anos ou mais,50220
2022-01-01,2022,29,5,Mulheres,93095,60 a 64 anos,60,60 anos ou mais,345977
2022-01-01,2022,31,5,Mulheres,93095,60 a 64 anos,60,60 anos ou mais,590542
2022-01-01,2022,32,5,Mulheres,93095,60 a 64 anos,60,60 anos ou mais,106352
2022-01-01,2022,33,5,Mulheres,93095,60 a 64 anos,60,60 anos ou mais,509851
2022-01-01,2022,35,5,Mulheres,93095,60 a 64 anos,60,60 anos ou mais,1294948
2022-01-01,2022,41,5,Mulheres,93095,60 a 64 anos,60,60 anos ou mais,319233
2022-01-01,2022,42,5,Mulheres,93095,60 a 64 anos,60,60 anos ou mais,205491
2022-01-01,2022,43,5,Mulheres,93095,60 a 64 anos,60,60 anos ou mais,352713
2022-01-01,2022,50,5,Mulheres,93095,60 a 64 anos,60,60 anos ou mais,66989
2022-01-01,2022,51,5,Mulheres,93095,60 a 64 anos,60,60 anos ou mais,74093
2022-01-01,2022,52,5,Mulheres,93095,60 a 64 anos,60,60 anos ou mais,167181
2022-01-01,2022,53,5,Mulheres,93095,60 a 64 anos,60,60 anos ou mais,65542
2022-01-01,2022,11,5,Mulheres,93096,65 a 69 anos,65,60 anos ou mais,25110
2022-01-01,2022,12,5,Mulheres,93096,65 a 69 anos,65,60 anos ou mais,9976
2022-01-01,2022,13,5,Mulheres,93096,65 a 69 anos,65,60 anos ou mais,47575
2022-01-01,2022,14,5,Mulheres,93096,65 a 69 anos,65,60 anos ou mais,6525
2022-01-01,2022,15,5,Mulheres,93096,65 a 69 anos,65,60 anos ou mais,112271
2022-01-01,2022,16,5,Mulheres,93096,65 a 69 anos,65,60 anos ou mais,8057
2022-01-01,2022,17,5,Mulheres,93096,65 a 69 anos,65,60 anos ou mais,22855
2022-01-01,2022,21,5,Mulheres,93096,65 a 69 anos,65,60 anos ou mais,104338
2022-01-01,2022,22,5,Mulheres,93096,65 a 69 anos,65,60 anos ou mais,61303
2022-01-01,2022,23,5,Mulheres,93096,65 a 69 anos,65,60 anos ou mais,162115
2022-01-01,2022,24,5,Mulheres,93096,65 a 69 anos,65,60 anos ou mais,62491
2022-01-01,2022,25,5,Mulheres,93096,65 a 69 anos,65,60 anos ou mais,77604
2022-01-01,2022,26,5,Mulheres,93096,65 a 69 anos,65,60 anos ou mais,179088
2022-01-01,2022,27,5,Mulheres,93096,65 a 69 anos,65,60 anos ou mais,55630
2022-01-01,2022,28,5,Mulheres,93096,65 a 69 anos,65,60 anos ou mais,38574
2022-01-01,2022,29,5,Mulheres,93096,65 a 69 anos,65,60 anos ou mais,268687
2022-01-01,2022,31,5,Mulheres,93096,65 a 69 anos,65,60 anos ou mais,478163
2022-01-01,2022,32,5,Mulheres,93096,65 a 69 anos,65,60 anos ou mais,86373
2022-01-01,2022,33,5,Mulheres,93096,65 a 69 anos,65,60 anos ou mais,428087
2022-01-01,2022,35,5,Mulheres,93096,65 a 69 anos,65,60 anos ou mais,1054437
2022-01-01,2022,41,5,Mulheres,93096,65 a 69 anos,65,60 anos ou mais,257449
2022-01-01,2022,42,5,Mulheres,93096,65 a 69 anos,65,60 anos ou mais,160087
2022-01-01,2022,43,5,Mulheres,93096,65 a 69 anos,65,60 anos ou mais,294263
2022-01-01,2022,50,5,Mulheres,93096,65 a 69 anos,65,60 anos ou mais,52134
2022-01-01,2022,51,5,Mulheres,93096,65 a 69 anos,65,60 anos ou mais,55265
2022-01-01,2022,52,5,Mulheres,93096,65 a 69 anos,65,60 anos ou mais,127997
2022-01-01,2022,53,5,Mulheres,93096,65 a 69 anos,65,60 anos ou mais,51726
2022-01-01,2022,11,5,Mulheres,93097,70 a 74 anos,70,60 anos ou mais,17080
2022-01-01,2022,12,5,Mulheres,93097,70 a 74 anos,70,60 anos ou mais,7013
2022-01-01,2022,13,5,Mulheres,93097,70 a 74 anos,70,60 anos ou mais,31864
2022-01-01,2022,14,5,Mulheres,93097,70 a 74 anos,70,60 anos ou mais,4154
2022-01-01,2022,15,5,Mulheres,93097,70 a 74 anos,70,60 anos ou mais,78933
2022-01-01,2022,16,5,Mulheres,93097,70 a 74 anos,70,60 anos ou mais,5159
2022-01-01,2022,17,5,Mulheres,93097,70 a 74 anos,70,60 anos ou mais,16535
2022-01-01,2022,21,5,Mulheres,93097,70 a 74 anos,70,60 anos ou mais,78357
2022-01-01,2022,22,5,Mulheres,93097,70 a 74 anos,70,60 anos ou mais,50605
2022-01-01,2022,23,5,Mulheres,93097,70 a 74 anos,70,60 anos ou mais,133576
2022-01-01,2022,24,5,Mulheres,93097,70 a 74 anos,70,60 anos ou mais,50834
2022-01-01,2022,25,5,Mulheres,93097,70 a 74 anos,70,60 anos ou mais,64686
2022-01-01,2022,26,5,Mulheres,93097,70 a 74 anos,70,60 anos ou mais,140770
2022-01-01,2022,27,5,Mulheres,93097,70 a 74 anos,70,60 anos ou mais,41646
2022-01-01,2022,28,5,Mulheres,93097,70 a 74 anos,70,60 anos ou mais,29558
2022-01-01,2022,29,5,Mulheres,93097,70 a 74 anos,70,60 anos ou mais,212526
2022-01-01,2022,31,5,Mulheres,93097,70 a 74 anos,70,60 anos ou mais,357249
2022-01-01,2022,32,5,Mulheres,93097,70 a 74 anos,70,60 anos ou mais,60581
2022-01-01,2022,33,5,Mulheres,93097,70 a 74 anos,70,60 anos ou mais,324420
2022-01-01,2022,35,5,Mulheres,93097,70 a 74 anos,70,60 anos ou mais,795497
2022-01-01,2022,41,5,Mulheres,93097,70 a 74 anos,70,60 anos ou mais,189390
2022-01-01,2022,42,5,Mulheres,93097,70 a 74 anos,70,60 anos ou mais,118537
2022-01-01,2022,43,5,Mulheres,93097,70 a 74 anos,70,60 anos ou mais,228510
2022-01-01,2022,50,5,Mulheres,93097,70 a 74 anos,70,60 anos ou mais,36453
2022-01-01,2022,51,5,Mulheres,93097,70 a 74 anos,70,60 anos ou mais,37685
2022-01-01,2022,52,5,Mulheres,93097,70 a 74 anos,70,60 anos ou mais,92873
2022-01-01,2022,53,5,Mulheres,93097,70 a 74 anos,70,60 anos ou mais,38695
2022-01-01,2022,11,5,Mulheres,93098,75 a 79 anos,75,60 anos ou mais,10685
2022-01-01,2022,12,5,Mulheres,93098,75 a 79 anos,75,60 anos ou mais,4617
2022-01-01,2022,13,5,Mulheres,93098,75 a 79 anos,75,60 anos ou mais,20527
2022-01-01,2022,14,5,Mulheres,93098,75 a 79 anos,75,60 anos ou mais,2479
2022-01-01,2022,15,5,Mulheres,93098,75 a 79 anos,75,60 anos ou mais,53433
2022-01-01,2022,16,5,Mulheres,93098,75 a 79 anos,75,60 anos ou mais,3584
2022-01-01,2022,17,5,Mulheres,93098,75 a 79 anos,75,60 anos ou mais,11317
2022-01-01,2022,21,5,Mulheres,93098,75 a 79 anos,75,60 anos ou mais,52725
2022-01-01,2022,22,5,Mulheres,93098,75 a 79 anos,75,60 anos ou mais,34395
2022-01-01,2022,23,5,Mulheres,93098,75 a 79 anos,75,60 anos ou mais,90601
2022-01-01,2022,24,5,Mulheres,93098,75 a 79 anos,75,60 anos ou mais,34956
2022-01-01,2022,25,5,Mulheres,93098,75 a 79 anos,75,60 anos ou mais,45518
2022-01-01,2022,26,5,Mulheres,93098,75 a 79 anos,75,60 anos ou mais,96454
2022-01-01,2022,27,5,Mulheres,93098,75 a 79 anos,75,60 anos ou mais,27702
2022-01-01,2022,28,5,Mulheres,93098,75 a 79 anos,75,60 anos ou mais,20382
2022-01-01,2022,29,5,Mulheres,93098,75 a 79 anos,75,60 anos ou mais,149255
2022-01-01,2022,31,5,Mulheres,93098,75 a 79 anos,75,60 anos ou mais,246926
2022-01-01,2022,32,5,Mulheres,93098,75 a 79 anos,75,60 anos ou mais,39241
2022-01-01,2022,33,5,Mulheres,93098,75 a 79 anos,75,60 anos ou mais,213426
2022-01-01,2022,35,5,Mulheres,93098,75 a 79 anos,75,60 anos ou mais,533810
2022-01-01,2022,41,5,Mulheres,93098,75 a 79 anos,75,60 anos ou mais,128848
2022-01-01,2022,42,5,Mulheres,93098,75 a 79 anos,75,60 anos ou mais,76660
2022-01-01,2022,43,5,Mulheres,93098,75 a 79 anos,75,60 anos ou mais,157501
2022-01-01,2022,50,5,Mulheres,93098,75 a 79 anos,75,60 anos ou mais,24638
2022-01-01,2022,51,5,Mulheres,93098,75 a 79 anos,75,60 anos ou mais,24308
2022-01-01,2022,52,5,Mulheres,93098,75 a 79 anos,75,60 anos ou mais,60189
2022-01-01,2022,53,5,Mulheres,93098,75 a 79 anos,75,60 anos ou mais,25416
2022-01-01,2022,11,5,Mulheres,49108,80 a 84 anos,80,60 anos ou mais,6604
2022-01-01,2022,12,5,Mulheres,49108,80 a 84 anos,80,60 anos ou mais,2926
2022-01-01,2022,13,5,Mulheres,49108,80 a 84 anos,80,60 anos ou mais,12816
2022-01-01,2022,14,5,Mulheres,49108,80 a 84 anos,80,60 anos ou mais,1492
2022-01-01,2022,15,5,Mulheres,49108,80 a 84 anos,80,60 anos ou mais,34150
2022-01-01,2022,16,5,Mulheres,49108,80 a 84 anos,80,60 anos ou mais,2159
2022-01-01,2022,17,5,Mulheres,49108,80 a 84 anos,80,60 anos ou mais,7488
2022-01-01,2022,21,5,Mulheres,49108,80 a 84 anos,80,60 anos ou mais,36818
2022-01-01,2022,22,5,Mulheres,49108,80 a 84 anos,80,60 anos ou mais,23081
2022-01-01,2022,23,5,Mulheres,49108,80 a 84 anos,80,60 anos ou mais,66393
2022-01-01,2022,24,5,Mulheres,49108,80 a 84 anos,80,60 anos ou mais,25557
2022-01-01,2022,25,5,Mulheres,49108,80 a 84 anos,80,60 anos ou mais,33249
2022-01-01,2022,26,5,Mulheres,49108,80 a 84 anos,80,60 anos ou mais,65987
2022-01-01,2022,27,5,Mulheres,49108,80 a 84 anos,80,60 anos ou mais,17915
2022-01-01,2022,28,5,Mulheres,49108,80 a 84 anos,80,60 anos ou mais,13670
2022-01-01,2022,29,5,Mulheres,49108,80 a 84 anos,80,60 anos ou mais,104377
2022-01-01,2022,31,5,Mulheres,49108,80 a 84 anos,80,60 anos ou mais,168961
2022-01-01,2022,32,5,Mulheres,49108,80 a 84 anos,80,60 anos ou mais,27254
2022-01-01,2022,33,5,Mulheres,49108,80 a 84 anos,80,60 anos ou mais,144783
2022-01-01,2022,35,5,Mulheres,49108,80 a 84 anos,80,60 anos ou mais,351593
2022-01-01,2022,41,5,Mulheres,49108,80 a 84 anos,80,60 anos ou mais,80944
2022-01-01,2022,42,5,Mulheres,49108,80 a 84 anos,80,60 anos ou mais,47995
2022-01-01,2022,43,5,Mulheres,49108,80 a 84 anos,80,60 anos ou mais,102988
2022-01-01,2022,50,5,Mulheres,49108,80 a 84 anos,80,60 anos ou mais,15646
2022-01-01,2022,51,5,Mulheres,49108,80 a 84 anos,80,60 anos ou mais,14974
2022-01-01,2022,52,5,Mulheres,49108,80 a 84 anos,80,60 anos ou mais,38947
2022-01-01,2022,53,5,Mulheres,49108,80 a 84 anos,80,60 anos ou mais,16411
2022-01-01,2022,11,5,Mulheres,49109,85 a 89 anos,85,60 anos ou mais,3352
2022-01-01,2022,12,5,Mulheres,49109,85 a 89 anos,85,60 anos ou mais,1488
2022-01-01,2022,13,5,Mulheres,49109,85 a 89 anos,85,60 anos ou mais,7150
2022-01-01,2022,14,5,Mulheres,49109,85 a 89 anos,85,60 anos ou mais,757
2022-01-01,2022,15,5,Mulheres,49109,85 a 89 anos,85,60 anos ou mais,18871
2022-01-01,2022,16,5,Mulheres,49109,85 a 89 anos,85,60 anos ou mais,1295
2022-01-01,2022,17,5,Mulheres,49109,85 a 89 anos,85,60 anos ou mais,3925
2022-01-01,2022,21,5,Mulheres,49109,85 a 89 anos,85,60 anos ou mais,20256
2022-01-01,2022,22,5,Mulheres,49109,85 a 89 anos,85,60 anos ou mais,13324
2022-01-01,2022,23,5,Mulheres,49109,85 a 89 anos,85,60 anos ou mais,37281
2022-01-01,2022,24,5,Mulheres,49109,85 a 89 anos,85,60 anos ou mais,14309
2022-01-01,2022,25,5,Mulheres,49109,85 a 89 anos,85,60 anos ou mais,18385
2022-01-01,2022,26,5,Mulheres,49109,85 a 89 anos,85,60 anos ou mais,35728
2022-01-01,2022,27,5,Mulheres,49109,85 a 89 anos,85,60 anos ou mais,9488
2022-01-01,2022,28,5,Mulheres,49109,85 a 89 anos,85,60 anos ou mais,7659
2022-01-01,2022,29,5,Mulheres,49109,85 a 89 anos,85,60 anos ou mais,58827
2022-01-01,2022,31,5,Mulheres,49109,85 a 89 anos,85,60 anos ou mais,99891
2022-01-01,2022,32,5,Mulheres,49109,85 a 89 anos,85,60 anos ou mais,16298
2022-01-01,2022,33,5,Mulheres,49109,85 a 89 anos,85,60 anos ou mais,86521
2022-01-01,2022,35,5,Mulheres,49109,85 a 89 anos,85,60 anos ou mais,203595
2022-01-01,2022,41,5,Mulheres,49109,85 a 89 anos,85,60 anos ou mais,44342
2022-01-01,2022,42,5,Mulheres,49109,85 a 89 anos,85,60 anos ou mais,26806
2022-01-01,2022,43,5,Mulheres,49109,85 a 89 anos,85,60 anos ou mais,60479
2022-01-01,2022,50,5,Mulheres,49109,85 a 89 anos,85,60 anos ou mais,8699
2022-01-01,2022,51,5,Mulheres,49109,85 a 89 anos,85,60 anos ou mais,7723
2022-01-01,2022,52,5,Mulheres,49109,85 a 89 anos,85,60 anos ou mais,20119
2022-01-01,2022,53,5,Mulheres,49109,85 a 89 anos,85,60 anos ou mais,8986
2022-01-01,2022,11,5,Mulheres,60040,90 a 94 anos,90,60 anos ou mais,1263
2022-01-01,2022,12,5,Mulheres,60040,90 a 94 anos,90,60 anos ou mais,731
2022-01-01,2022,13,5,Mulheres,60040,90 a 94 anos,90,60 anos ou mais,3157
2022-01-01,2022,14,5,Mulheres,60040,90 a 94 anos,90,60 anos ou mais,334
2022-01-01,2022,15,5,Mulheres,60040,90 a 94 anos,90,60 anos ou mais,8238
2022-01-01,2022,16,5,Mulheres,60040,90 a 94 anos,90,60 anos ou mais,562
2022-01-01,2022,17,5,Mulheres,60040,90 a 94 anos,90,60 anos ou mais,1739
2022-01-01,2022,21,5,Mulheres,60040,90 a 94 anos,90,60 anos ou mais,8813
2022-01-01,2022,22,5,Mulheres,60040,90 a 94 anos,90,60 anos ou mais,6357
2022-01-01,2022,23,5,Mulheres,60040,90 a 94 anos,90,60 anos ou mais,18019
2022-01-01,2022,24,5,Mulheres,60040,90 a 94 anos,90,60 anos ou mais,6877
2022-01-01,2022,25,5,Mulheres,60040,90 a 94 anos,90,60 anos ou mais,8962
2022-01-01,2022,26,5,Mulheres,60040,90 a 94 anos,90,60 anos ou mais,16305
2022-01-01,2022,27,5,Mulheres,60040,90 a 94 anos,90,60 anos ou mais,4142
2022-01-01,2022,28,5,Mulheres,60040,90 a 94 anos,90,60 anos ou mais,3750
2022-01-01,2022,29,5,Mulheres,60040,90 a 94 anos,90,60 anos ou mais,30287
2022-01-01,2022,31,5,Mulheres,60040,90 a 94 anos,90,60 anos ou mais,46355
2022-01-01,2022,32,5,Mulheres,60040,90 a 94 anos,90,60 anos ou mais,7655
2022-01-01,2022,33,5,Mulheres,60040,90 a 94 anos,90,60 anos ou mais,41789
2022-01-01,2022,35,5,Mulheres,60040,90 a 94 anos,90,60 anos ou mais,93907
2022-01-01,2022,41,5,Mulheres,60040,90 a 94 anos,90,60 anos ou mais,18842
2022-01-01,2022,42,5,Mulheres,60040,90 a 94 anos,90,60 anos ou mais,11225
2022-01-01,2022,43,5,Mulheres,60040,90 a 94 anos,90,60 anos ou mais,26559
2022-01-01,2022,50,5,Mulheres,60040,90 a 94 anos,90,60 anos ou mais,3761
2022-01-01,2022,51,5,Mulheres,60040,90 a 94 anos,90,60 anos ou mais,3113
2022-01-01,2022,52,5,Mulheres,60040,90 a 94 anos,90,60 anos ou mais,8524
2022-01-01,2022,53,5,Mulheres,60040,90 a 94 anos,90,60 anos ou mais,4122
2022-01-01,2022,11,5,Mulheres,60041,95 a 99 anos,95,60 anos ou mais,337
2022-01-01,2022,12,5,Mulheres,60041,95 a 99 anos,95,60 anos ou mais,233
2022-01-01,2022,13,5,Mulheres,60041,95 a 99 anos,95,60 anos ou mais,1158
2022-01-01,2022,14,5,Mulheres,60041,95 a 99 anos,95,60 anos ou mais,114
2022-01-01,2022,15,5,Mulheres,60041,95 a 99 anos,95,60 anos ou mais,2687
2022-01-01,2022,16,5,Mulheres,60041,95 a 99 anos,95,60 anos ou mais,169
2022-01-01,2022,17,5,Mulheres,60041,95 a 99 anos,95,60 anos ou mais,605
2022-01-01,2022,21,5,Mulheres,60041,95 a 99 anos,95,60 anos ou mais,3188
2022-01-01,2022,22,5,Mulheres,60041,95 a 99 anos,95,60 anos ou mais,2037
2022-01-01,2022,23,5,Mulheres,60041,95 a 99 anos,95,60 anos ou mais,6277
2022-01-01,2022,24,5,Mulheres,60041,95 a 99 anos,95,60 anos ou mais,2698
2022-01-01,2022,25,5,Mulheres,60041,95 a 99 anos,95,60 anos ou mais,2919
2022-01-01,2022,26,5,Mulheres,60041,95 a 99 anos,95,60 anos ou mais,5246
2022-01-01,2022,27,5,Mulheres,60041,95 a 99 anos,95,60 anos ou mais,1324
2022-01-01,2022,28,5,Mulheres,60041,95 a 99 anos,95,60 anos ou mais,1275
2022-01-01,2022,29,5,Mulheres,60041,95 a 99 anos,95,60 anos ou mais,10573
2022-01-01,2022,31,5,Mulheres,60041,95 a 99 anos,95,60 anos ou mais,13946
2022-01-01,2022,32,5,Mulheres,60041,95 a 99 anos,95,60 anos ou mais,2303
2022-01-01,2022,33,5,Mulheres,60041,95 a 99 anos,95,60 anos ou mais,12142
2022-01-01,2022,35,5,Mulheres,60041,95 a 99 anos,95,60 anos ou mais,25635
2022-01-01,2022,41,5,Mulheres,60041,95 a 99 anos,95,60 anos ou mais,4886
2022-01-01,2022,42,5,Mulheres,60041,95 a 99 anos,95,60 anos ou mais,2781
2022-01-01,2022,43,5,Mulheres,60041,95 a 99 anos,95,60 anos ou mais,6885
2022-01-01,2022,50,5,Mulheres,60041,95 a 99 anos,95,60 anos ou mais,1100
2022-01-01,2022,51,5,Mulheres,60041,95 a 99 anos,95,60 anos ou mais,820
2022-01-01,2022,52,5,Mulheres,60041,95 a 99 anos,95,60 anos ou mais,2279
2022-01-01,2022,53,5,Mulheres,60041,95 a 99 anos,95,60 anos ou mais,1242
2022-01-01,2022,11,5,Mulheres,6653,100 anos ou mais,100,60 anos ou mais,95
2022-01-01,2022,12,5,Mulheres,6653,100 anos ou mais,100,60 anos ou mais,70
2022-01-01,2022,13,5,Mulheres,6653,100 anos ou mais,100,60 anos ou mais,489
2022-01-01,2022,14,5,Mulheres,6653,100 anos ou mais,100,60 anos ou mais,40
2022-01-01,2022,15,5,Mulheres,6653,100 anos ou mais,100,60 anos ou mais,1187
2022-01-01,2022,16,5,Mulheres,6653,100 anos ou mais,100,60 anos ou mais,122
2022-01-01,2022,17,5,Mulheres,6653,100 anos ou mais,100,60 anos ou mais,190
2022-01-01,2022,21,5,Mulheres,6653,100 anos ou mais,100,60 anos ou mais,1606
2022-01-01,2022,22,5,Mulheres,6653,100 anos ou mais,100,60 anos ou mais,486
2022-01-01,2022,23,5,Mulheres,6653,100 anos ou mais,100,60 anos ou mais,1368
2022-01-01,2022,24,5,Mulheres,6653,100 anos ou mais,100,60 anos ou mais,679
2022-01-01,2022,25,5,Mulheres,6653,100 anos ou mais,100,60 anos ou mais,923
2022-01-01,2022,26,5,Mulheres,6653,100 anos ou mais,100,60 anos ou mais,1552
2022-01-01,2022,27,5,Mulheres,6653,100 anos ou mais,100,60 anos ou mais,560
2022-01-01,2022,28,5,Mulheres,6653,100 anos ou mais,100,60 anos ou mais,365
2022-01-01,2022,29,5,Mulheres,6653,100 anos ou mais,100,60 anos ou mais,3803
2022-01-01,2022,31,5,Mulheres,6653,100 anos ou mais,100,60 anos ou mais,2995
2022-01-01,2022,32,5,Mulheres,6653,100 anos ou mais,100,60 anos ou mais,478
2022-01-01,2022,33,5,Mulheres,6653,100 anos ou mais,100,60 anos ou mais,2225
2022-01-01,2022,35,5,Mulheres,6653,100 anos ou mais,100,60 anos ou mais,3956
2022-01-01,2022,41,5,Mulheres,6653,100 anos ou mais,100,60 anos ou mais,919
2022-01-01,2022,42,5,Mulheres,6653,100 anos ou mais,100,60 anos ou mais,466
2022-01-01,2022,43,5,Mulheres,6653,100 anos ou mais,100,60 anos ou mais,1229
2022-01-01,2022,50,5,Mulheres,6653,100 anos ou mais,100,60 anos ou mais,343
2022-01-01,2022,51,5,Mulheres,6653,100 anos ou mais,100,60 anos ou mais,294
2022-01-01,2022,52,5,Mulheres,6653,100 anos ou mais,100,60 anos ou mais,581
2022-01-01,2022,53,5,Mulheres,6653,100 anos ou mais,100,60 anos ou mais,223
