data_referencia,ano,mes,area_ipca_id,area_ipca,nivel_id,grupo_ipca_id,grupo_ipca,grupo_ipca_ordem,variacao_mensal_pct,acumulado_ano_pct,acumulado_12_meses_pct,peso_mensal_pct
2024-10-01,2024,10,4101,Curitiba - PR,N7,7486,Artigos de residência,3,0.37,0.37,0.62,3.9296
2025-12-01,2025,12,1501,Belém - PA,N7,7486,Artigos de residência,3,0.96,-0.38,-0.38,3.5449
2024-05-01,2024,5,3501,São Paulo - SP,N7,7786,Comunicação,9,-0.01,1.7,0.95,4.8323
2026-03-01,2026,3,1501,Belém - PA,N7,7786,Comunicação,9,-0.12,1.63,2.01,4.0718
2023-03-01,2023,3,2901,Salvador - BA,N7,7786,Comunicação,9,0.3,3.5,-0.53,4.1045
2025-11-01,2025,11,3101,Belo Horizonte - MG,N7,7712,Despesas pessoais,7,0.15,5.12,5.75,10.8487
2025-02-01,2025,2,3301,Rio de Janeiro - RJ,N7,7169,Índice geral,0,1.4,1.46,4.84,100.0
2023-08-01,2023,8,2901,Salvador - BA,N7,7766,Educação,8,0.26,7.48,9.3,5.8573
2021-04-01,2021,4,3501,São Paulo - SP,N7,7486,Artigos de residência,3,0.54,1.86,11.65,3.5597
2026-02-01,2026,2,3201,Grande Vitória - ES,N7,7170,Alimentação e bebidas,1,0.67,1.15,1.43,17.5914
2020-05-01,2020,5,4101,Curitiba - PR,N7,7660,Saúde e cuidados pessoais,6,0.02,-0.48,,10.7962
2023-08-01,2023,8,2901,Salvador - BA,N7,7786,Comunicação,9,0.08,4.25,0.57,4.0889
2022-03-01,2022,3,2601,Recife - PE,N7,7786,Comunicação,9,-0.35,0.61,2.85,4.409
2026-05-01,2026,5,4301,Porto Alegre - RS,N7,7558,Vestuário,4,0.35,1.53,4.48,4.9608
2023-07-01,2023,7,3501,São Paulo - SP,N7,7712,Despesas pessoais,7,0.36,3.14,7.0,11.0163
2023-06-01,2023,6,4301,Porto Alegre - RS,N7,7712,Despesas pessoais,7,0.24,2.82,7.08,10.3503
2026-05-01,2026,5,2301,Fortaleza - CE,N7,7660,Saúde e cuidados pessoais,6,0.48,3.76,7.52,13.9405
2021-11-01,2021,11,2301,Fortaleza - CE,N7,7486,Artigos de residência,3,0.84,9.53,10.51,4.0309
2021-05-01,2021,5,4301,Porto Alegre - RS,N7,7170,Alimentação e bebidas,1,0.77,3.11,12.61,21.2228
2025-03-01,2025,3,3301,Rio de Janeiro - RJ,N7,7766,Educação,8,0.16,5.07,5.89,5.585
2022-09-01,2022,9,3201,Grande Vitória - ES,N7,7170,Alimentação e bebidas,1,-0.19,9.46,12.86,18.2127
2023-06-01,2023,6,3201,Grande Vitória - ES,N7,7660,Saúde e cuidados pessoais,6,0.25,5.34,11.04,15.8066
2024-11-01,2024,11,2901,Salvador - BA,N7,7170,Alimentação e bebidas,1,1.5,4.1,5.26,22.2537
2021-02-01,2021,2,2601,Recife - PE,N7,7625,Transportes,5,3.19,3.37,5.62,18.2708
2023-04-01,2023,4,2901,Salvador - BA,N7,7486,Artigos de residência,3,0.01,-0.41,0.04,4.1331
2023-08-01,2023,8,4101,Curitiba - PR,N7,7486,Artigos de residência,3,0.28,1.19,3.11,4.0974
2025-12-01,2025,12,2601,Recife - PE,N7,7558,Vestuário,4,1.57,5.71,5.71,5.8868
2026-06-01,2026,6,3501,São Paulo - SP,N7,7169,Índice geral,0,-0.03,3.21,4.98,100.0
2020-06-01,2020,6,2901,Salvador - BA,N7,7445,Habitação,2,0.28,1.04,,13.9318
2021-07-01,2021,7,2901,Salvador - BA,N7,7445,Habitação,2,2.44,6.95,12.56,14.2929
2020-06-01,2020,6,3101,Belo Horizonte - MG,N7,7660,Saúde e cuidados pessoais,6,0.52,1.18,,14.5751
2026-05-01,2026,5,3301,Rio de Janeiro - RJ,N7,7712,Despesas pessoais,7,0.13,2.29,5.38,9.5395
2021-04-01,2021,4,3101,Belo Horizonte - MG,N7,7169,Índice geral,0,0.37,2.63,7.18,100.0
2022-01-01,2022,1,3201,Grande Vitória - ES,N7,7660,Saúde e cuidados pessoais,6,0.1,0.1,4.04,14.7619
2023-12-01,2023,12,3301,Rio de Janeiro - RJ,N7,7625,Transportes,5,0.56,5.55,5.55,20.1731
2025-09-01,2025,9,3301,Rio de Janeiro - RJ,N7,7712,Despesas pessoais,7,0.45,3.71,7.05,9.4794
2023-12-01,2023,12,1501,Belém - PA,N7,7625,Transportes,5,0.75,11.52,11.52,18.9459
2025-06-01,2025,6,3301,Rio de Janeiro - RJ,N7,7786,Comunicação,9,0.03,0.45,1.99,5.8953
2024-07-01,2024,7,1501,Belém - PA,N7,7660,Saúde e cuidados pessoais,6,-0.22,3.55,4.36,13.0141
2021-05-01,2021,5,2901,Salvador - BA,N7,7786,Comunicação,9,0.22,-0.47,3.9,4.7643
2020-06-01,2020,6,3101,Belo Horizonte - MG,N7,7445,Habitação,2,-0.13,-0.38,,14.485
2021-11-01,2021,11,3301,Rio de Janeiro - RJ,N7,7169,Índice geral,0,0.88,7.82,9.57,100.0
2022-12-01,2022,12,3101,Belo Horizonte - MG,N7,7558,Vestuário,4,1.58,18.18,18.18,5.1417
2023-07-01,2023,7,4301,Porto Alegre - RS,N7,7786,Comunicação,9,-0.15,3.57,0.69,5.5711
2024-05-01,2024,5,3201,Grande Vitória - ES,N7,7169,Índice geral,0,0.51,2.08,4.13,100.0
2025-11-01,2025,11,1501,Belém - PA,N7,7486,Artigos de residência,3,-1.82,-1.32,-0.81,3.6145
2026-01-01,2026,1,3301,Rio de Janeiro - RJ,N7,7712,Despesas pessoais,7,0.95,0.95,5.04,9.5778
2026-03-01,2026,3,3301,Rio de Janeiro - RJ,N7,7445,Habitação,2,1.01,1.92,4.54,18.3263
2024-09-01,2024,9,2601,Recife - PE,N7,7445,Habitação,2,2.07,3.35,3.52,13.5492
2022-11-01,2022,11,4101,Curitiba - PR,N7,7625,Transportes,5,1.31,3.37,3.59,25.8631
2024-02-01,2024,2,3101,Belo Horizonte - MG,N7,7660,Saúde e cuidados pessoais,6,0.66,1.66,6.36,14.4637
2026-01-01,2026,1,4101,Curitiba - PR,N7,7558,Vestuário,4,1.06,1.06,6.09,5.0359
2022-12-01,2022,12,3201,Grande Vitória - ES,N7,7486,Artigos de residência,3,-0.43,4.46,4.46,3.9076
2022-11-01,2022,11,4301,Porto Alegre - RS,N7,7625,Transportes,5,1.03,-6.81,-6.65,20.2878
2021-07-01,2021,7,3501,São Paulo - SP,N7,7558,Vestuário,4,0.59,6.7,6.93,3.7859
2022-04-01,2022,4,4301,Porto Alegre - RS,N7,7712,Despesas pessoais,7,0.48,2.86,7.15,10.0324
2023-05-01,2023,5,4101,Curitiba - PR,N7,7170,Alimentação e bebidas,1,0.45,1.65,4.73,21.3874
2020-12-01,2020,12,4101,Curitiba - PR,N7,7712,Despesas pessoais,7,0.51,0.27,0.27,9.7722
2023-12-01,2023,12,2301,Fortaleza - CE,N7,7170,Alimentação e bebidas,1,1.2,1.11,1.11,23.8745
2023-07-01,2023,7,3501,São Paulo - SP,N7,7169,Índice geral,0,-0.02,3.1,4.49,100.0
2024-06-01,2024,6,2301,Fortaleza - CE,N7,7558,Vestuário,4,0.59,0.18,2.67,4.8321
2025-10-01,2025,10,3301,Rio de Janeiro - RJ,N7,7558,Vestuário,4,0.49,4.16,5.25,3.7782
2020-07-01,2020,7,3201,Grande Vitória - ES,N7,7486,Artigos de residência,3,1.26,1.89,,3.8361
2026-04-01,2026,4,4301,Porto Alegre - RS,N7,7169,Índice geral,0,0.67,2.22,4.0,100.0
2021-12-01,2021,12,3101,Belo Horizonte - MG,N7,7170,Alimentação e bebidas,1,1.07,6.72,6.72,21.0454
2024-08-01,2024,8,3301,Rio de Janeiro - RJ,N7,7766,Educação,8,0.38,6.32,6.62,5.4858
2024-07-01,2024,7,3201,Grande Vitória - ES,N7,7786,Comunicação,9,0.23,3.42,3.54,5.2777
2021-05-01,2021,5,2601,Recife - PE,N7,7660,Saúde e cuidados pessoais,6,0.31,3.26,4.84,14.6182
2021-09-01,2021,9,3501,São Paulo - SP,N7,7558,Vestuário,4,-1.62,5.84,7.08,3.763
2022-09-01,2022,9,2601,Recife - PE,N7,7169,Índice geral,0,-0.43,3.49,6.79,100.0
2020-07-01,2020,7,2901,Salvador - BA,N7,7786,Comunicação,9,0.1,1.15,,4.9102
2024-06-01,2024,6,4101,Curitiba - PR,N7,7660,Saúde e cuidados pessoais,6,0.97,4.72,5.67,10.7194
2020-07-01,2020,7,3501,São Paulo - SP,N7,7766,Educação,8,-0.08,4.39,,7.3896
2020-07-01,2020,7,3101,Belo Horizonte - MG,N7,7486,Artigos de residência,3,1.46,1.66,,3.9163
2021-12-01,2021,12,4301,Porto Alegre - RS,N7,7170,Alimentação e bebidas,1,0.42,6.63,6.63,20.459
2020-11-01,2020,11,3301,Rio de Janeiro - RJ,N7,7766,Educação,8,-0.01,-0.26,,5.3584
2024-04-01,2024,4,3101,Belo Horizonte - MG,N7,7445,Habitação,2,0.13,1.97,5.59,13.0768
2025-12-01,2025,12,3301,Rio de Janeiro - RJ,N7,7625,Transportes,5,0.86,3.35,3.35,19.6195
2022-08-01,2022,8,3201,Grande Vitória - ES,N7,7170,Alimentação e bebidas,1,0.7,9.67,14.89,18.1691
2022-02-01,2022,2,2601,Recife - PE,N7,7660,Saúde e cuidados pessoais,6,0.93,1.4,3.89,13.6803
2021-06-01,2021,6,3201,Grande Vitória - ES,N7,7558,Vestuário,4,0.48,2.5,5.06,3.7218
2023-08-01,2023,8,4301,Porto Alegre - RS,N7,7170,Alimentação e bebidas,1,-1.11,-0.15,0.39,21.634
2025-07-01,2025,7,3201,Grande Vitória - ES,N7,7170,Alimentação e bebidas,1,-0.46,4.41,7.51,18.2278
2022-09-01,2022,9,3501,São Paulo - SP,N7,7445,Habitação,2,0.78,2.39,5.12,16.6278
2024-01-01,2024,1,3201,Grande Vitória - ES,N7,7486,Artigos de residência,3,0.05,0.05,-0.27,3.7302
2021-05-01,2021,5,2301,Fortaleza - CE,N7,7445,Habitação,2,2.63,5.26,12.64,16.5843
2021-11-01,2021,11,3101,Belo Horizonte - MG,N7,7445,Habitação,2,0.79,8.38,11.92,14.355
2023-06-01,2023,6,3101,Belo Horizonte - MG,N7,7170,Alimentação e bebidas,1,-0.92,-0.96,3.97,22.2051
2021-05-01,2021,5,2301,Fortaleza - CE,N7,7766,Educação,8,0.06,8.3,3.74,6.5366
2021-03-01,2021,3,3201,Grande Vitória - ES,N7,7712,Despesas pessoais,7,0.08,1.05,1.82,8.9018
2025-08-01,2025,8,1501,Belém - PA,N7,7486,Artigos de residência,3,0.39,1.08,1.53,3.6347
2025-08-01,2025,8,2601,Recife - PE,N7,7445,Habitação,2,-0.9,4.27,5.68,13.7825
2023-11-01,2023,11,4101,Curitiba - PR,N7,7558,Vestuário,4,0.21,2.27,3.01,4.9059
2022-01-01,2022,1,3101,Belo Horizonte - MG,N7,7170,Alimentação e bebidas,1,1.63,1.63,7.07,21.1115
2020-11-01,2020,11,2601,Recife - PE,N7,7766,Educação,8,0.07,3.87,,6.0654
2024-12-01,2024,12,4301,Porto Alegre - RS,N7,7786,Comunicação,9,0.64,3.53,3.53,5.4333
2024-09-01,2024,9,2301,Fortaleza - CE,N7,7558,Vestuário,4,0.22,0.23,1.64,4.8162
2022-05-01,2022,5,4101,Curitiba - PR,N7,7625,Transportes,5,0.88,10.66,24.03,27.5772
2024-12-01,2024,12,2601,Recife - PE,N7,7712,Despesas pessoais,7,0.88,4.4,4.4,8.465
2025-10-01,2025,10,4101,Curitiba - PR,N7,7660,Saúde e cuidados pessoais,6,0.08,4.7,5.61,10.81
2022-11-01,2022,11,3201,Grande Vitória - ES,N7,7766,Educação,8,0.07,5.43,5.53,5.2046
2023-12-01,2023,12,2301,Fortaleza - CE,N7,7445,Habitação,2,-0.02,4.18,4.18,16.6802
2020-06-01,2020,6,2301,Fortaleza - CE,N7,7445,Habitação,2,1.27,0.74,,16.4098
2026-01-01,2026,1,3301,Rio de Janeiro - RJ,N7,7445,Habitação,2,0.03,0.03,7.08,18.3508
2020-04-01,2020,4,2601,Recife - PE,N7,7170,Alimentação e bebidas,1,2.18,5.1,,22.1164
2024-07-01,2024,7,2601,Recife - PE,N7,7660,Saúde e cuidados pessoais,6,0.34,5.01,6.19,15.1508
2025-03-01,2025,3,3501,São Paulo - SP,N7,7712,Despesas pessoais,7,0.75,1.06,4.82,10.9661
2024-01-01,2024,1,3101,Belo Horizonte - MG,N7,7445,Habitação,2,1.2,1.2,8.2,13.1047
2023-09-01,2023,9,2301,Fortaleza - CE,N7,7486,Artigos de residência,3,-0.39,0.19,0.34,4.0611
2023-12-01,2023,12,2901,Salvador - BA,N7,7445,Habitação,2,0.69,8.69,8.69,14.5712
2021-06-01,2021,6,2301,Fortaleza - CE,N7,7712,Despesas pessoais,7,0.24,1.27,2.75,7.8356
2023-06-01,2023,6,4101,Curitiba - PR,N7,7486,Artigos de residência,3,-0.17,0.88,2.46,4.1164
2023-08-01,2023,8,4101,Curitiba - PR,N7,7169,Índice geral,0,0.29,3.53,4.59,100.0
2023-12-01,2023,12,3201,Grande Vitória - ES,N7,7625,Transportes,5,0.59,7.17,7.17,24.1581
2023-08-01,2023,8,1501,Belém - PA,N7,7766,Educação,8,1.05,8.36,8.8,3.6024
2026-04-01,2026,4,2901,Salvador - BA,N7,7558,Vestuário,4,0.42,-1.18,3.26,5.0994
2020-05-01,2020,5,1501,Belém - PA,N7,7660,Saúde e cuidados pessoais,6,-0.3,-0.54,,13.2384
2021-03-01,2021,3,3101,Belo Horizonte - MG,N7,7786,Comunicação,9,-0.14,-0.35,3.56,5.8566
2025-09-01,2025,9,3201,Grande Vitória - ES,N7,7169,Índice geral,0,0.76,4.35,5.59,100.0
2025-02-01,2025,2,2301,Fortaleza - CE,N7,7486,Artigos de residência,3,0.58,0.67,2.87,3.8953
2023-11-01,2023,11,3501,São Paulo - SP,N7,7445,Habitação,2,0.67,3.06,3.06,16.381
2024-07-01,2024,7,3501,São Paulo - SP,N7,7486,Artigos de residência,3,0.66,0.34,1.24,3.5295
2020-05-01,2020,5,2301,Fortaleza - CE,N7,7625,Transportes,5,-2.41,-4.16,,18.607
2025-08-01,2025,8,2301,Fortaleza - CE,N7,7786,Comunicação,9,-0.13,0.26,1.31,3.6304
2022-04-01,2022,4,1501,Belém - PA,N7,7169,Índice geral,0,1.21,4.37,9.65,100.0
2022-08-01,2022,8,2601,Recife - PE,N7,7558,Vestuário,4,0.66,9.23,17.23,5.7451
2025-04-01,2025,4,3501,São Paulo - SP,N7,7170,Alimentação e bebidas,1,1.09,3.66,9.08,20.9009
2022-04-01,2022,4,2601,Recife - PE,N7,7712,Despesas pessoais,7,0.65,1.69,6.82,8.2951
2024-05-01,2024,5,3501,São Paulo - SP,N7,7169,Índice geral,0,0.37,2.05,3.87,100.0
2024-11-01,2024,11,3501,São Paulo - SP,N7,7786,Comunicação,9,-0.17,2.14,2.15,4.7496
2026-02-01,2026,2,3501,São Paulo - SP,N7,7766,Educação,8,5.69,5.67,7.13,6.9296
2024-06-01,2024,6,4301,Porto Alegre - RS,N7,7786,Comunicação,9,0.2,2.24,1.66,5.4429
2021-07-01,2021,7,2601,Recife - PE,N7,7625,Transportes,5,2.17,11.15,16.53,19.1506
2021-03-01,2021,3,2601,Recife - PE,N7,7786,Comunicação,9,-0.14,0.0,4.4,4.7284
2025-01-01,2025,1,3501,São Paulo - SP,N7,7625,Transportes,5,1.44,1.44,6.07,19.8408
2021-08-01,2021,8,1501,Belém - PA,N7,7625,Transportes,5,0.74,9.8,14.17,18.6002
2023-11-01,2023,11,2601,Recife - PE,N7,7170,Alimentação e bebidas,1,-0.01,-0.64,0.07,23.4005
2021-03-01,2021,3,3101,Belo Horizonte - MG,N7,7625,Transportes,5,5.4,8.69,9.97,19.5359
2024-11-01,2024,11,3301,Rio de Janeiro - RJ,N7,7169,Índice geral,0,0.49,4.09,4.76,100.0
2023-11-01,2023,11,2301,Fortaleza - CE,N7,7660,Saúde e cuidados pessoais,6,-0.06,5.71,7.91,13.464
2021-11-01,2021,11,2901,Salvador - BA,N7,7660,Saúde e cuidados pessoais,6,-0.35,3.71,4.03,14.5913
2022-11-01,2022,11,3201,Grande Vitória - ES,N7,7625,Transportes,5,-0.07,0.62,2.0,23.7185
2023-03-01,2023,3,2901,Salvador - BA,N7,7712,Despesas pessoais,7,0.1,1.36,6.57,9.841
2022-09-01,2022,9,2901,Salvador - BA,N7,7660,Saúde e cuidados pessoais,6,0.25,6.93,8.16,14.4873
2022-02-01,2022,2,1501,Belém - PA,N7,7170,Alimentação e bebidas,1,1.19,3.24,5.2,26.9035
2023-05-01,2023,5,4301,Porto Alegre - RS,N7,7486,Artigos de residência,3,-0.26,0.12,2.14,4.4314
2021-02-01,2021,2,4301,Porto Alegre - RS,N7,7486,Artigos de residência,3,0.74,1.76,8.82,4.3111
2023-01-01,2023,1,3301,Rio de Janeiro - RJ,N7,7625,Transportes,5,0.87,0.87,2.77,19.9148
2022-10-01,2022,10,1501,Belém - PA,N7,7445,Habitação,2,-0.17,-1.58,-0.56,15.8361
2020-08-01,2020,8,1501,Belém - PA,N7,7625,Transportes,5,0.39,-3.74,,17.8019
2023-06-01,2023,6,3301,Rio de Janeiro - RJ,N7,7169,Índice geral,0,-0.2,2.48,3.03,100.0
2026-01-01,2026,1,4301,Porto Alegre - RS,N7,7170,Alimentação e bebidas,1,0.54,0.54,3.09,20.9602
2026-06-01,2026,6,2901,Salvador - BA,N7,7170,Alimentação e bebidas,1,-0.58,4.61,3.37,22.9633
2025-02-01,2025,2,3101,Belo Horizonte - MG,N7,7170,Alimentação e bebidas,1,1.1,2.27,6.55,22.5715
2023-04-01,2023,4,2901,Salvador - BA,N7,7660,Saúde e cuidados pessoais,6,1.73,4.06,11.54,14.8029
2021-07-01,2021,7,3301,Rio de Janeiro - RJ,N7,7558,Vestuário,4,0.33,1.47,3.1,3.3675
2023-02-01,2023,2,3201,Grande Vitória - ES,N7,7445,Habitação,2,1.54,2.19,0.12,15.4627
2021-11-01,2021,11,4101,Curitiba - PR,N7,7766,Educação,8,0.04,4.15,4.34,5.2651
2025-03-01,2025,3,4101,Curitiba - PR,N7,7169,Índice geral,0,0.76,2.24,5.43,100.0
2020-04-01,2020,4,4301,Porto Alegre - RS,N7,7786,Comunicação,9,-0.42,-0.3,,6.3111
2026-05-01,2026,5,4101,Curitiba - PR,N7,7766,Educação,8,-0.07,5.4,6.41,5.7846
2021-06-01,2021,6,3101,Belo Horizonte - MG,N7,7486,Artigos de residência,3,0.5,7.07,17.05,4.1989
2025-06-01,2025,6,3201,Grande Vitória - ES,N7,7660,Saúde e cuidados pessoais,6,0.15,3.35,4.96,16.0121
2021-12-01,2021,12,3201,Grande Vitória - ES,N7,7169,Índice geral,0,0.73,11.5,11.5,100.0
2024-02-01,2024,2,2901,Salvador - BA,N7,7170,Alimentação e bebidas,1,1.11,2.5,1.42,22.7261
2020-11-01,2020,11,2301,Fortaleza - CE,N7,7786,Comunicação,9,0.78,3.08,,4.7237
2023-05-01,2023,5,2901,Salvador - BA,N7,7766,Educação,8,0.18,6.81,10.13,5.8478
2020-06-01,2020,6,2601,Recife - PE,N7,7660,Saúde e cuidados pessoais,6,0.6,1.01,,15.0406
2025-03-01,2025,3,1501,Belém - PA,N7,7445,Habitação,2,0.33,0.9,1.54,15.3379
2022-04-01,2022,4,1501,Belém - PA,N7,7445,Habitação,2,-1.73,-2.37,11.6,16.0677
2024-09-01,2024,9,1501,Belém - PA,N7,7712,Despesas pessoais,7,0.02,3.22,4.09,7.6645
2023-02-01,2023,2,2601,Recife - PE,N7,7486,Artigos de residência,3,0.48,0.03,4.05,4.2701
2020-08-01,2020,8,2601,Recife - PE,N7,7169,Índice geral,0,0.46,1.98,,100.0
2020-04-01,2020,4,3501,São Paulo - SP,N7,7169,Índice geral,0,-0.37,0.29,,100.0
2022-09-01,2022,9,3101,Belo Horizonte - MG,N7,7660,Saúde e cuidados pessoais,6,0.61,9.03,9.24,14.0406
2024-06-01,2024,6,2301,Fortaleza - CE,N7,7712,Despesas pessoais,7,0.45,1.47,4.19,7.4715
2026-06-01,2026,6,3201,Grande Vitória - ES,N7,7169,Índice geral,0,0.38,3.19,4.97,100.0
2022-05-01,2022,5,3301,Rio de Janeiro - RJ,N7,7486,Artigos de residência,3,0.85,7.13,14.67,3.1472
2022-03-01,2022,3,2301,Fortaleza - CE,N7,7169,Índice geral,0,1.69,3.21,11.31,100.0
2025-01-01,2025,1,2901,Salvador - BA,N7,7558,Vestuário,4,-0.4,-0.4,1.48,5.2653
2022-07-01,2022,7,4301,Porto Alegre - RS,N7,7486,Artigos de residência,3,0.56,8.13,14.57,4.4681
2020-01-01,2020,1,2301,Fortaleza - CE,N7,7766,Educação,8,0.28,0.28,,6.5326
2026-05-01,2026,5,2301,Fortaleza - CE,N7,7786,Comunicação,9,0.17,2.22,2.14,3.5491
2024-09-01,2024,9,3201,Grande Vitória - ES,N7,7786,Comunicação,9,-0.02,3.6,3.41,5.2801
2024-01-01,2024,1,3101,Belo Horizonte - MG,N7,7625,Transportes,5,0.35,0.35,7.27,20.1352
2023-09-01,2023,9,3501,São Paulo - SP,N7,7786,Comunicação,9,-0.03,3.73,4.2,4.9275
2020-01-01,2020,1,4101,Curitiba - PR,N7,7486,Artigos de residência,3,-0.04,-0.04,,4.0666
2021-04-01,2021,4,2601,Recife - PE,N7,7486,Artigos de residência,3,0.46,2.19,10.54,4.1657
2025-10-01,2025,10,2601,Recife - PE,N7,7558,Vestuário,4,0.7,3.85,5.24,5.8391
2025-05-01,2025,5,2901,Salvador - BA,N7,7558,Vestuário,4,-0.06,0.04,2.45,5.1497
2025-05-01,2025,5,3201,Grande Vitória - ES,N7,7170,Alimentação e bebidas,1,0.5,4.74,7.62,18.1939
2021-09-01,2021,9,2301,Fortaleza - CE,N7,7169,Índice geral,0,1.22,7.84,11.19,100.0
2022-04-01,2022,4,4301,Porto Alegre - RS,N7,7625,Transportes,5,1.95,1.0,18.29,22.0269
2021-04-01,2021,4,3301,Rio de Janeiro - RJ,N7,7625,Transportes,5,0.63,5.02,6.95,19.8307
2023-03-01,2023,3,3501,São Paulo - SP,N7,7169,Índice geral,0,0.58,2.2,5.61,100.0
2026-02-01,2026,2,2301,Fortaleza - CE,N7,7170,Alimentação e bebidas,1,0.03,0.23,1.29,24.1837
2021-02-01,2021,2,2301,Fortaleza - CE,N7,7445,Habitação,2,1.96,1.09,7.47,16.5084
2024-09-01,2024,9,3201,Grande Vitória - ES,N7,7445,Habitação,2,2.33,3.11,2.98,15.3517
2022-06-01,2022,6,2301,Fortaleza - CE,N7,7169,Índice geral,0,0.61,6.34,11.92,100.0
2020-07-01,2020,7,2301,Fortaleza - CE,N7,7712,Despesas pessoais,7,0.2,1.19,,8.3648
2023-09-01,2023,9,3101,Belo Horizonte - MG,N7,7169,Índice geral,0,0.25,3.47,5.34,100.0
2021-02-01,2021,2,3101,Belo Horizonte - MG,N7,7169,Índice geral,0,0.73,1.06,5.37,100.0
2022-06-01,2022,6,2601,Recife - PE,N7,7169,Índice geral,0,1.13,5.85,12.24,100.0
2025-08-01,2025,8,3501,São Paulo - SP,N7,7660,Saúde e cuidados pessoais,6,0.45,4.19,5.4,13.157
2023-02-01,2023,2,3501,São Paulo - SP,N7,7660,Saúde e cuidados pessoais,6,1.12,1.34,11.87,12.6643
2023-08-01,2023,8,4101,Curitiba - PR,N7,7712,Despesas pessoais,7,0.43,4.03,5.69,9.2497
2025-06-01,2025,6,2601,Recife - PE,N7,7660,Saúde e cuidados pessoais,6,-0.37,2.19,4.19,15.1731
2020-05-01,2020,5,2301,Fortaleza - CE,N7,7712,Despesas pessoais,7,-0.06,1.07,,8.3619
2021-06-01,2021,6,4301,Porto Alegre - RS,N7,7486,Artigos de residência,3,1.02,4.58,13.42,4.2869
2023-07-01,2023,7,1501,Belém - PA,N7,7486,Artigos de residência,3,0.56,2.44,0.67,3.7973
2024-03-01,2024,3,2901,Salvador - BA,N7,7170,Alimentação e bebidas,1,0.31,2.82,1.58,22.7588
2024-01-01,2024,1,2301,Fortaleza - CE,N7,7712,Despesas pessoais,7,1.06,1.06,5.41,7.561
2021-12-01,2021,12,3201,Grande Vitória - ES,N7,7712,Despesas pessoais,7,0.74,4.84,4.84,8.408
2023-08-01,2023,8,3101,Belo Horizonte - MG,N7,7786,Comunicação,9,-0.03,4.02,1.44,5.2496
2026-01-01,2026,1,2601,Recife - PE,N7,7486,Artigos de residência,3,0.19,0.19,0.0,3.708
2024-03-01,2024,3,3201,Grande Vitória - ES,N7,7712,Despesas pessoais,7,0.34,1.57,6.24,8.672
2021-04-01,2021,4,3201,Grande Vitória - ES,N7,7766,Educação,8,0.06,7.81,2.17,5.5595
2020-04-01,2020,4,2601,Recife - PE,N7,7786,Comunicação,9,0.01,0.17,,4.7923
2021-07-01,2021,7,1501,Belém - PA,N7,7169,Índice geral,0,0.9,4.56,8.9,100.0
2023-05-01,2023,5,4101,Curitiba - PR,N7,7766,Educação,8,0.03,5.44,6.31,5.3584
2020-06-01,2020,6,3101,Belo Horizonte - MG,N7,7625,Transportes,5,-0.2,-5.48,,18.8968
2022-10-01,2022,10,1501,Belém - PA,N7,7786,Comunicação,9,-0.78,-2.77,-2.26,4.3857
2024-10-01,2024,10,3301,Rio de Janeiro - RJ,N7,7445,Habitação,2,1.24,5.25,7.07,18.656
2024-08-01,2024,8,4101,Curitiba - PR,N7,7558,Vestuário,4,0.09,1.35,3.26,4.9006
2021-09-01,2021,9,2301,Fortaleza - CE,N7,7445,Habitação,2,1.82,10.68,14.79,17.0523
2020-04-01,2020,4,2301,Fortaleza - CE,N7,7445,Habitação,2,-0.07,0.95,,16.5561
2023-10-01,2023,10,3301,Rio de Janeiro - RJ,N7,7786,Comunicação,9,-0.57,3.17,2.93,6.3393
2025-09-01,2025,9,4101,Curitiba - PR,N7,7660,Saúde e cuidados pessoais,6,0.37,4.62,5.71,10.81
2023-02-01,2023,2,4301,Porto Alegre - RS,N7,7169,Índice geral,0,0.75,0.98,4.74,100.0
2021-04-01,2021,4,3501,São Paulo - SP,N7,7766,Educação,8,0.07,1.88,-0.85,6.904
2021-12-01,2021,12,3301,Rio de Janeiro - RJ,N7,7558,Vestuário,4,1.71,9.44,9.44,3.424
2022-02-01,2022,2,4101,Curitiba - PR,N7,7486,Artigos de residência,3,1.84,2.84,14.46,4.168
2023-06-01,2023,6,1501,Belém - PA,N7,7712,Despesas pessoais,7,0.06,3.21,6.94,7.6363
2026-06-01,2026,6,3101,Belo Horizonte - MG,N7,7169,Índice geral,0,0.12,3.24,3.84,100.0
2024-08-01,2024,8,1501,Belém - PA,N7,7486,Artigos de residência,3,0.75,3.65,4.02,3.748
2023-01-01,2023,1,1501,Belém - PA,N7,7712,Despesas pessoais,7,0.87,0.87,6.44,7.6034
2025-09-01,2025,9,3501,São Paulo - SP,N7,7712,Despesas pessoais,7,0.64,4.01,7.37,11.0548
2021-11-01,2021,11,4101,Curitiba - PR,N7,7170,Alimentação e bebidas,1,-0.09,8.64,10.41,20.7829
2024-05-01,2024,5,2601,Recife - PE,N7,7786,Comunicação,9,0.28,2.16,0.88,4.0515
2023-12-01,2023,12,4301,Porto Alegre - RS,N7,7169,Índice geral,0,0.43,4.63,4.63,100.0
2021-05-01,2021,5,3501,São Paulo - SP,N7,7169,Índice geral,0,0.78,2.77,7.28,100.0
2024-08-01,2024,8,2901,Salvador - BA,N7,7445,Habitação,2,0.0,-0.26,2.06,14.1357
2020-03-01,2020,3,2301,Fortaleza - CE,N7,7625,Transportes,5,-0.99,-0.25,,19.1056
2024-12-01,2024,12,1501,Belém - PA,N7,7169,Índice geral,0,0.63,4.7,4.7,100.0
2023-02-01,2023,2,1501,Belém - PA,N7,7486,Artigos de residência,3,0.17,0.36,1.29,3.8165
2024-09-01,2024,9,1501,Belém - PA,N7,7558,Vestuário,4,0.21,3.19,4.9,6.3686
2022-08-01,2022,8,3501,São Paulo - SP,N7,7712,Despesas pessoais,7,0.37,5.21,7.72,10.7998
2025-12-01,2025,12,2301,Fortaleza - CE,N7,7486,Artigos de residência,3,0.05,0.3,0.3,3.7598
2022-06-01,2022,6,3501,São Paulo - SP,N7,7170,Alimentação e bebidas,1,1.18,9.05,14.94,20.2243
2023-05-01,2023,5,3101,Belo Horizonte - MG,N7,7486,Artigos de residência,3,-0.59,-0.8,-0.5,4.1528
2026-06-01,2026,6,3301,Rio de Janeiro - RJ,N7,7558,Vestuário,4,-0.66,0.9,2.97,3.7578
2020-09-01,2020,9,2601,Recife - PE,N7,7486,Artigos de residência,3,1.83,4.67,,4.1289
2023-05-01,2023,5,3201,Grande Vitória - ES,N7,7445,Habitação,2,-0.11,2.87,4.51,15.4988
2025-07-01,2025,7,2301,Fortaleza - CE,N7,7766,Educação,8,0.06,5.36,7.32,6.7843
2022-09-01,2022,9,3101,Belo Horizonte - MG,N7,7625,Transportes,5,-2.24,-5.73,1.06,20.2069
2023-04-01,2023,4,3301,Rio de Janeiro - RJ,N7,7660,Saúde e cuidados pessoais,6,1.45,3.81,11.18,12.9914
2025-05-01,2025,5,2601,Recife - PE,N7,7486,Artigos de residência,3,-0.56,-0.35,-1.02,3.8128
2025-02-01,2025,2,2601,Recife - PE,N7,7170,Alimentação e bebidas,1,0.92,1.5,5.97,24.1554
2024-07-01,2024,7,3201,Grande Vitória - ES,N7,7766,Educação,8,0.07,6.09,6.58,5.5265
2023-09-01,2023,9,3201,Grande Vitória - ES,N7,7169,Índice geral,0,0.42,3.9,5.3,100.0
2023-01-01,2023,1,3301,Rio de Janeiro - RJ,N7,7712,Despesas pessoais,7,0.55,0.55,8.13,9.2752
2024-07-01,2024,7,4101,Curitiba - PR,N7,7712,Despesas pessoais,7,0.37,2.48,4.23,9.2969
2020-02-01,2020,2,3501,São Paulo - SP,N7,7445,Habitação,2,-0.1,0.61,,16.5549
2024-07-01,2024,7,3301,Rio de Janeiro - RJ,N7,7445,Habitação,2,1.15,2.62,6.88,18.3378
2021-01-01,2021,1,3201,Grande Vitória - ES,N7,7486,Artigos de residência,3,0.94,0.94,7.27,3.9067
2026-04-01,2026,4,3301,Rio de Janeiro - RJ,N7,7170,Alimentação e bebidas,1,0.97,2.21,0.66,20.5564
2022-02-01,2022,2,3201,Grande Vitória - ES,N7,7786,Comunicação,9,-0.14,0.7,1.09,5.6609
2023-05-01,2023,5,3301,Rio de Janeiro - RJ,N7,7445,Habitação,2,-0.13,1.66,2.87,18.2391
2025-05-01,2025,5,2901,Salvador - BA,N7,7445,Habitação,2,1.38,2.94,5.13,14.0587
2024-01-01,2024,1,2301,Fortaleza - CE,N7,7660,Saúde e cuidados pessoais,6,1.34,1.34,7.71,13.3184
2023-06-01,2023,6,4101,Curitiba - PR,N7,7786,Comunicação,9,-0.12,3.72,-0.01,4.284
2024-07-01,2024,7,4301,Porto Alegre - RS,N7,7660,Saúde e cuidados pessoais,6,0.67,3.43,4.78,13.1334
2025-07-01,2025,7,4101,Curitiba - PR,N7,7786,Comunicação,9,-0.13,1.47,2.45,4.1417
2021-07-01,2021,7,1501,Belém - PA,N7,7712,Despesas pessoais,7,0.48,0.89,2.23,7.6727
2023-11-01,2023,11,4301,Porto Alegre - RS,N7,7558,Vestuário,4,-0.33,2.67,4.99,5.1246
2020-10-01,2020,10,3101,Belo Horizonte - MG,N7,7558,Vestuário,4,1.65,-0.97,,4.6369
2021-09-01,2021,9,3201,Grande Vitória - ES,N7,7170,Alimentação e bebidas,1,1.6,4.83,12.44,17.1542
2024-11-01,2024,11,2301,Fortaleza - CE,N7,7558,Vestuário,4,-0.03,0.86,1.92,4.8213
2022-11-01,2022,11,3501,São Paulo - SP,N7,7766,Educação,8,0.0,7.22,7.31,6.5135
2022-06-01,2022,6,2301,Fortaleza - CE,N7,7786,Comunicação,9,0.47,2.77,3.79,4.0978
2023-07-01,2023,7,2601,Recife - PE,N7,7766,Educação,8,0.08,8.91,9.47,6.0169
2024-01-01,2024,1,4301,Porto Alegre - RS,N7,7169,Índice geral,0,0.13,0.13,4.53,100.0
2024-11-01,2024,11,3201,Grande Vitória - ES,N7,7486,Artigos de residência,3,-0.87,2.28,3.29,3.7165
2023-04-01,2023,4,2601,Recife - PE,N7,7712,Despesas pessoais,7,-0.09,0.46,3.85,8.3065
2025-07-01,2025,7,3301,Rio de Janeiro - RJ,N7,7766,Educação,8,0.1,5.48,6.09,5.5557
2024-08-01,2024,8,3301,Rio de Janeiro - RJ,N7,7786,Comunicação,9,0.01,1.5,-0.98,6.0646
2020-09-01,2020,9,3501,São Paulo - SP,N7,7169,Índice geral,0,0.44,1.31,,100.0
2023-02-01,2023,2,2301,Fortaleza - CE,N7,7486,Artigos de residência,3,0.44,1.61,7.13,4.1967
2026-06-01,2026,6,1501,Belém - PA,N7,7558,Vestuário,4,-0.65,-2.32,-1.86,5.9356
2022-07-01,2022,7,1501,Belém - PA,N7,7558,Vestuário,4,1.05,6.78,11.24,6.0117
2021-02-01,2021,2,3501,São Paulo - SP,N7,7660,Saúde e cuidados pessoais,6,0.34,0.71,2.2,12.9239
2021-04-01,2021,4,1501,Belém - PA,N7,7170,Alimentação e bebidas,1,0.6,2.86,14.26,27.6388
2022-03-01,2022,3,4301,Porto Alegre - RS,N7,7558,Vestuário,4,2.04,2.4,12.08,4.6393
2022-06-01,2022,6,4101,Curitiba - PR,N7,7712,Despesas pessoais,7,0.43,2.85,8.48,8.8367
2021-05-01,2021,5,3301,Rio de Janeiro - RJ,N7,7786,Comunicação,9,0.38,0.75,4.87,7.142
2020-06-01,2020,6,3501,São Paulo - SP,N7,7786,Comunicação,9,0.21,0.98,,5.7526
2025-08-01,2025,8,2301,Fortaleza - CE,N7,7712,Despesas pessoais,7,0.73,5.27,7.01,7.6431
2024-06-01,2024,6,2601,Recife - PE,N7,7786,Comunicação,9,-0.62,1.53,0.49,4.0453
2020-06-01,2020,6,2301,Fortaleza - CE,N7,7625,Transportes,5,-0.18,-4.34,,18.2544
2024-04-01,2024,4,3101,Belo Horizonte - MG,N7,7486,Artigos de residência,3,-0.17,1.5,-0.16,3.9766
2023-11-01,2023,11,4301,Porto Alegre - RS,N7,7625,Transportes,5,0.98,9.15,9.73,21.2425
2021-11-01,2021,11,2301,Fortaleza - CE,N7,7445,Habitação,2,1.01,13.07,16.81,17.1837
2021-03-01,2021,3,4301,Porto Alegre - RS,N7,7660,Saúde e cuidados pessoais,6,-0.22,1.21,0.98,12.8804
2024-07-01,2024,7,4101,Curitiba - PR,N7,7558,Vestuário,4,-1.03,1.27,3.34,4.9664
2026-06-01,2026,6,3301,Rio de Janeiro - RJ,N7,7169,Índice geral,0,0.32,3.44,4.44,100.0
2023-04-01,2023,4,1501,Belém - PA,N7,7625,Transportes,5,1.55,4.82,-3.43,18.0036
2026-01-01,2026,1,3201,Grande Vitória - ES,N7,7786,Comunicação,9,0.62,0.62,2.3,5.0653
2023-04-01,2023,4,4301,Porto Alegre - RS,N7,7486,Artigos de residência,3,0.5,0.38,2.96,4.431
2025-12-01,2025,12,4301,Porto Alegre - RS,N7,7558,Vestuário,4,1.07,4.93,4.93,4.9902
2026-06-01,2026,6,2601,Recife - PE,N7,7445,Habitação,2,-0.14,3.25,4.3,13.6027
2024-06-01,2024,6,1501,Belém - PA,N7,7786,Comunicação,9,-0.18,2.61,1.77,4.2234
2020-12-01,2020,12,3201,Grande Vitória - ES,N7,7625,Transportes,5,1.72,0.52,0.52,22.3271
2023-02-01,2023,2,3301,Rio de Janeiro - RJ,N7,7766,Educação,8,6.02,6.27,7.79,5.1579
2021-07-01,2021,7,3201,Grande Vitória - ES,N7,7170,Alimentação e bebidas,1,1.08,1.93,14.73,17.1339
2025-09-01,2025,9,3501,São Paulo - SP,N7,7625,Transportes,5,0.11,2.7,4.22,19.6521
2023-04-01,2023,4,2901,Salvador - BA,N7,7786,Comunicação,9,0.82,4.35,0.04,4.0988
2026-04-01,2026,4,2901,Salvador - BA,N7,7170,Alimentação e bebidas,1,1.01,3.47,2.53,22.6131
2023-09-01,2023,9,4101,Curitiba - PR,N7,7660,Saúde e cuidados pessoais,6,0.24,6.07,8.83,10.5892
2020-02-01,2020,2,3301,Rio de Janeiro - RJ,N7,7169,Índice geral,0,-0.02,0.03,,100.0
2024-01-01,2024,1,3501,São Paulo - SP,N7,7558,Vestuário,4,0.45,0.45,2.63,4.1564
2023-03-01,2023,3,3201,Grande Vitória - ES,N7,7766,Educação,8,-0.03,6.88,7.8,5.4361
2023-11-01,2023,11,2301,Fortaleza - CE,N7,7786,Comunicação,9,-0.8,0.92,1.06,3.8311
2020-06-01,2020,6,2301,Fortaleza - CE,N7,7169,Índice geral,0,0.34,0.98,,100.0
2022-07-01,2022,7,3201,Grande Vitória - ES,N7,7766,Educação,8,-0.12,4.76,5.36,5.1765
2022-09-01,2022,9,2301,Fortaleza - CE,N7,7660,Saúde e cuidados pessoais,6,0.49,8.4,7.41,12.854
2025-11-01,2025,11,2601,Recife - PE,N7,7766,Educação,8,0.06,5.69,5.75,6.1531
2020-02-01,2020,2,1501,Belém - PA,N7,7786,Comunicação,9,-0.17,-0.65,,5.0751
2023-02-01,2023,2,2601,Recife - PE,N7,7558,Vestuário,4,0.55,0.03,13.54,6.0644
2025-05-01,2025,5,1501,Belém - PA,N7,7712,Despesas pessoais,7,0.22,1.64,4.97,7.5725
2021-02-01,2021,2,1501,Belém - PA,N7,7625,Transportes,5,3.61,3.14,3.2,17.7676
2022-11-01,2022,11,3301,Rio de Janeiro - RJ,N7,7660,Saúde e cuidados pessoais,6,0.14,9.58,10.0,12.8536
2020-03-01,2020,3,2601,Recife - PE,N7,7712,Despesas pessoais,7,-0.18,0.54,,9.2818
2025-03-01,2025,3,3201,Grande Vitória - ES,N7,7712,Despesas pessoais,7,0.88,1.53,5.18,8.634
2024-04-01,2024,4,2901,Salvador - BA,N7,7558,Vestuário,4,0.04,-0.68,2.71,5.2955
2020-05-01,2020,5,2601,Recife - PE,N7,7445,Habitação,2,-0.6,0.66,,14.1576
2023-02-01,2023,2,4101,Curitiba - PR,N7,7169,Índice geral,0,1.09,1.04,4.52,100.0
2023-10-01,2023,10,4301,Porto Alegre - RS,N7,7660,Saúde e cuidados pessoais,6,0.21,5.32,7.0,13.0441
2023-10-01,2023,10,4301,Porto Alegre - RS,N7,7712,Despesas pessoais,7,0.79,4.72,5.7,10.3873
2024-10-01,2024,10,1501,Belém - PA,N7,7660,Saúde e cuidados pessoais,6,0.14,4.54,4.29,13.0678
2024-02-01,2024,2,3501,São Paulo - SP,N7,7170,Alimentação e bebidas,1,1.17,1.91,3.19,20.1714
2026-05-01,2026,5,3301,Rio de Janeiro - RJ,N7,7766,Educação,8,-0.01,5.16,6.15,5.694
2023-09-01,2023,9,2901,Salvador - BA,N7,7170,Alimentação e bebidas,1,-1.16,-1.47,0.03,22.6906
2024-09-01,2024,9,3501,São Paulo - SP,N7,7766,Educação,8,0.05,7.15,7.53,6.9568
2021-01-01,2021,1,2601,Recife - PE,N7,7486,Artigos de residência,3,1.0,1.0,7.85,4.1734
2023-09-01,2023,9,1501,Belém - PA,N7,7169,Índice geral,0,0.44,3.98,5.71,100.0
2026-04-01,2026,4,3501,São Paulo - SP,N7,7558,Vestuário,4,0.43,1.27,4.71,4.0183
2023-04-01,2023,4,4101,Curitiba - PR,N7,7766,Educação,8,0.11,5.4,6.21,5.3832
2021-04-01,2021,4,2301,Fortaleza - CE,N7,7625,Transportes,5,0.37,5.73,8.78,18.809
2025-01-01,2025,1,4101,Curitiba - PR,N7,7625,Transportes,5,0.6,0.6,3.32,25.591
2025-03-01,2025,3,3201,Grande Vitória - ES,N7,7169,Índice geral,0,0.53,2.41,5.58,100.0
2023-05-01,2023,5,2601,Recife - PE,N7,7786,Comunicação,9,0.76,3.5,-0.44,4.1424
2024-12-01,2024,12,1501,Belém - PA,N7,7766,Educação,8,0.0,7.71,7.71,3.7158
2022-12-01,2022,12,2601,Recife - PE,N7,7660,Saúde e cuidados pessoais,6,1.73,11.97,11.97,14.3489
2020-05-01,2020,5,1501,Belém - PA,N7,7766,Educação,8,-0.07,5.85,,3.8137
2023-08-01,2023,8,3501,São Paulo - SP,N7,7170,Alimentação e bebidas,1,-0.75,0.83,1.43,20.272
2024-10-01,2024,10,3301,Rio de Janeiro - RJ,N7,7169,Índice geral,0,0.6,3.58,4.84,100.0
2025-03-01,2025,3,4101,Curitiba - PR,N7,7625,Transportes,5,1.0,3.3,4.95,25.7955
2020-01-01,2020,1,2601,Recife - PE,N7,7169,Índice geral,0,0.3,0.3,,100.0
2024-09-01,2024,9,2901,Salvador - BA,N7,7625,Transportes,5,-0.23,2.68,3.99,18.7501
2021-04-01,2021,4,3101,Belo Horizonte - MG,N7,7712,Despesas pessoais,7,-0.01,0.41,0.73,10.5393
2021-06-01,2021,6,3501,São Paulo - SP,N7,7786,Comunicação,9,-0.21,0.18,2.21,5.5038
2021-04-01,2021,4,3301,Rio de Janeiro - RJ,N7,7766,Educação,8,-0.03,1.43,-0.13,5.4053
2020-06-01,2020,6,2301,Fortaleza - CE,N7,7486,Artigos de residência,3,0.45,-1.79,,3.9766
2023-02-01,2023,2,3201,Grande Vitória - ES,N7,7486,Artigos de residência,3,-0.01,1.73,3.23,3.8971
2023-07-01,2023,7,4101,Curitiba - PR,N7,7169,Índice geral,0,0.28,3.24,3.82,100.0
2026-05-01,2026,5,1501,Belém - PA,N7,7558,Vestuário,4,0.49,-1.69,-0.06,5.9442
2021-02-01,2021,2,2901,Salvador - BA,N7,7712,Despesas pessoais,7,0.07,0.68,1.1,10.5947
2025-03-01,2025,3,2301,Fortaleza - CE,N7,7445,Habitação,2,-0.74,0.15,1.59,16.2403
2020-11-01,2020,11,2901,Salvador - BA,N7,7625,Transportes,5,3.26,-1.51,,17.5267
2020-03-01,2020,3,3501,São Paulo - SP,N7,7766,Educação,8,0.58,4.38,,7.3209
2023-09-01,2023,9,3101,Belo Horizonte - MG,N7,7766,Educação,8,-0.02,6.73,7.38,5.4349
2021-01-01,2021,1,3201,Grande Vitória - ES,N7,7660,Saúde e cuidados pessoais,6,0.64,0.64,2.9,15.7352
2021-06-01,2021,6,1501,Belém - PA,N7,7660,Saúde e cuidados pessoais,6,1.12,4.18,5.64,12.709
2024-09-01,2024,9,2601,Recife - PE,N7,7169,Índice geral,0,0.17,3.05,2.87,100.0
2025-08-01,2025,8,4101,Curitiba - PR,N7,7660,Saúde e cuidados pessoais,6,0.76,4.23,5.8,10.7216
2021-12-01,2021,12,2901,Salvador - BA,N7,7170,Alimentação e bebidas,1,1.45,10.11,10.11,22.2804
2021-07-01,2021,7,3501,São Paulo - SP,N7,7625,Transportes,5,1.33,7.89,14.0,19.9833
2023-03-01,2023,3,2601,Recife - PE,N7,7170,Alimentação e bebidas,1,-0.01,0.66,8.44,24.2329
2020-10-01,2020,10,2901,Salvador - BA,N7,7486,Artigos de residência,3,0.94,0.29,,4.1037
2023-07-01,2023,7,1501,Belém - PA,N7,7660,Saúde e cuidados pessoais,6,0.38,4.57,10.85,12.9905
2020-06-01,2020,6,3101,Belo Horizonte - MG,N7,7558,Vestuário,4,-0.36,-0.8,,4.8054
2024-08-01,2024,8,2301,Fortaleza - CE,N7,7558,Vestuário,4,0.03,0.02,1.91,4.8147
2024-09-01,2024,9,2301,Fortaleza - CE,N7,7445,Habitação,2,2.54,3.96,6.16,16.2805
2025-09-01,2025,9,2601,Recife - PE,N7,7625,Transportes,5,0.61,3.88,5.48,18.9617
2024-08-01,2024,8,3201,Grande Vitória - ES,N7,7625,Transportes,5,0.29,0.9,4.01,23.7423
2023-05-01,2023,5,3301,Rio de Janeiro - RJ,N7,7625,Transportes,5,-0.64,3.36,-2.6,20.1922
2025-10-01,2025,10,2901,Salvador - BA,N7,7445,Habitação,2,-0.32,4.83,3.35,14.4515
2023-11-01,2023,11,4101,Curitiba - PR,N7,7712,Despesas pessoais,7,0.73,4.96,5.15,9.2417
2022-12-01,2022,12,2901,Salvador - BA,N7,7445,Habitação,2,0.07,2.21,2.21,14.0306
2021-06-01,2021,6,2601,Recife - PE,N7,7445,Habitação,2,1.4,4.76,11.79,14.3965
2023-04-01,2023,4,3501,São Paulo - SP,N7,7170,Alimentação e bebidas,1,1.05,2.29,6.64,20.3794
2020-07-01,2020,7,3501,São Paulo - SP,N7,7170,Alimentação e bebidas,1,-0.18,3.75,,19.0673
2022-03-01,2022,3,3501,São Paulo - SP,N7,7712,Despesas pessoais,7,0.74,2.16,6.41,10.8084
2022-01-01,2022,1,3201,Grande Vitória - ES,N7,7169,Índice geral,0,0.57,0.57,11.65,100.0
2020-02-01,2020,2,1501,Belém - PA,N7,7486,Artigos de residência,3,0.14,-0.4,,3.8694
2023-04-01,2023,4,2901,Salvador - BA,N7,7558,Vestuário,4,0.54,-0.67,12.31,5.3023
2021-09-01,2021,9,3201,Grande Vitória - ES,N7,7766,Educação,8,-0.02,8.5,12.55,5.3867
2020-07-01,2020,7,2601,Recife - PE,N7,7625,Transportes,5,2.1,-2.58,,17.8947
2025-06-01,2025,6,4101,Curitiba - PR,N7,7170,Alimentação e bebidas,1,-0.28,4.14,7.11,21.909
2020-09-01,2020,9,2901,Salvador - BA,N7,7766,Educação,8,-0.16,1.94,,6.0764
2022-06-01,2022,6,2901,Salvador - BA,N7,7712,Despesas pessoais,7,0.81,3.27,6.03,9.6306
2025-02-01,2025,2,4101,Curitiba - PR,N7,7558,Vestuário,4,0.5,1.31,4.09,4.9855
2023-05-01,2023,5,2301,Fortaleza - CE,N7,7445,Habitação,2,1.22,1.25,-0.77,16.2451
2022-02-01,2022,2,2901,Salvador - BA,N7,7445,Habitação,2,-0.83,-0.15,14.13,14.5183
2021-03-01,2021,3,4101,Curitiba - PR,N7,7712,Despesas pessoais,7,-0.29,-0.23,0.32,9.5632
2025-04-01,2025,4,3501,São Paulo - SP,N7,7558,Vestuário,4,1.49,1.22,3.65,3.9786
2022-07-01,2022,7,3501,São Paulo - SP,N7,7170,Alimentação e bebidas,1,1.4,10.58,16.42,20.3393
2025-04-01,2025,4,3301,Rio de Janeiro - RJ,N7,7625,Transportes,5,-0.98,1.48,4.27,19.7952
2023-06-01,2023,6,2301,Fortaleza - CE,N7,7766,Educação,8,-0.03,6.21,7.83,6.3773
2023-01-01,2023,1,3301,Rio de Janeiro - RJ,N7,7170,Alimentação e bebidas,1,0.35,0.35,8.64,21.0195
2022-08-01,2022,8,2601,Recife - PE,N7,7445,Habitação,2,-4.63,-4.82,-0.18,13.9538
2024-08-01,2024,8,4301,Porto Alegre - RS,N7,7486,Artigos de residência,3,0.92,0.54,0.61,4.1749
2021-09-01,2021,9,4101,Curitiba - PR,N7,7170,Alimentação e bebidas,1,1.22,7.74,14.22,20.9569
2025-07-01,2025,7,4101,Curitiba - PR,N7,7558,Vestuário,4,-0.23,4.27,6.92,5.0109
2022-08-01,2022,8,2901,Salvador - BA,N7,7712,Despesas pessoais,7,0.62,4.84,6.59,9.7782
2022-08-01,2022,8,1501,Belém - PA,N7,7660,Saúde e cuidados pessoais,6,1.88,8.82,7.55,12.2911
2022-10-01,2022,10,3501,São Paulo - SP,N7,7486,Artigos de residência,3,1.06,8.62,10.91,3.7465
2024-06-01,2024,6,4301,Porto Alegre - RS,N7,7712,Despesas pessoais,7,-0.37,1.76,4.08,10.4392
2023-10-01,2023,10,1501,Belém - PA,N7,7625,Transportes,5,0.78,10.33,11.4,18.7524
2021-09-01,2021,9,3101,Belo Horizonte - MG,N7,7486,Artigos de residência,3,0.91,9.2,14.39,4.1997
2022-10-01,2022,10,2901,Salvador - BA,N7,7486,Artigos de residência,3,0.28,5.42,9.86,4.2694
2024-01-01,2024,1,2301,Fortaleza - CE,N7,7786,Comunicação,9,0.33,0.33,-0.46,3.7677
2023-08-01,2023,8,2301,Fortaleza - CE,N7,7486,Artigos de residência,3,-0.59,0.58,1.29,4.1155
2026-05-01,2026,5,4101,Curitiba - PR,N7,7660,Saúde e cuidados pessoais,6,0.14,2.74,4.75,10.9028
2024-11-01,2024,11,4301,Porto Alegre - RS,N7,7169,Índice geral,0,0.03,3.05,3.49,100.0
2025-08-01,2025,8,3101,Belo Horizonte - MG,N7,7786,Comunicação,9,-0.23,1.34,1.92,4.9102
2024-03-01,2024,3,3101,Belo Horizonte - MG,N7,7712,Despesas pessoais,7,0.35,1.72,5.92,10.5607
2025-02-01,2025,2,4301,Porto Alegre - RS,N7,7660,Saúde e cuidados pessoais,6,0.39,1.22,5.76,13.3808
2022-02-01,2022,2,3301,Rio de Janeiro - RJ,N7,7786,Comunicação,9,0.07,1.15,3.15,6.8253
2021-05-01,2021,5,2901,Salvador - BA,N7,7170,Alimentação e bebidas,1,0.32,3.16,11.07,22.6689
2023-02-01,2023,2,3301,Rio de Janeiro - RJ,N7,7625,Transportes,5,0.6,1.47,2.16,20.0006
2023-08-01,2023,8,2601,Recife - PE,N7,7486,Artigos de residência,3,0.38,-0.39,-0.35,4.1366
2025-05-01,2025,5,2601,Recife - PE,N7,7625,Transportes,5,-1.08,2.24,3.53,19.1641
2025-08-01,2025,8,3501,São Paulo - SP,N7,7558,Vestuário,4,0.81,2.96,3.89,4.0179
2024-01-01,2024,1,3501,São Paulo - SP,N7,7660,Saúde e cuidados pessoais,6,0.9,0.9,7.8,12.9777
2021-06-01,2021,6,3201,Grande Vitória - ES,N7,7169,Índice geral,0,0.59,4.31,8.88,100.0
2025-11-01,2025,11,2901,Salvador - BA,N7,7558,Vestuário,4,0.53,4.27,5.01,5.2932
2021-01-01,2021,1,3501,São Paulo - SP,N7,7786,Comunicação,9,0.19,0.19,3.03,5.6338
2022-07-01,2022,7,3201,Grande Vitória - ES,N7,7169,Índice geral,0,-1.31,2.99,9.12,100.0
2023-07-01,2023,7,3101,Belo Horizonte - MG,N7,7786,Comunicação,9,-0.33,4.06,0.05,5.2587
2024-03-01,2024,3,4101,Curitiba - PR,N7,7712,Despesas pessoais,7,0.72,1.44,4.61,9.275
2020-10-01,2020,10,3501,São Paulo - SP,N7,7660,Saúde e cuidados pessoais,6,0.3,1.64,,13.2211
2024-09-01,2024,9,1501,Belém - PA,N7,7486,Artigos de residência,3,0.33,3.99,4.79,3.791
2024-07-01,2024,7,2301,Fortaleza - CE,N7,7558,Vestuário,4,-0.19,-0.01,2.63,4.8466
2024-11-01,2024,11,3301,Rio de Janeiro - RJ,N7,7625,Transportes,5,1.45,1.83,2.4,19.5319
2026-01-01,2026,1,4101,Curitiba - PR,N7,7625,Transportes,5,0.36,0.36,2.44,25.3063
2022-07-01,2022,7,3501,São Paulo - SP,N7,7169,Índice geral,0,-0.07,5.19,10.5,100.0
2022-01-01,2022,1,3501,São Paulo - SP,N7,7712,Despesas pessoais,7,0.73,0.73,5.09,10.8379
2020-09-01,2020,9,3301,Rio de Janeiro - RJ,N7,7660,Saúde e cuidados pessoais,6,-0.68,1.14,,13.6777
2025-09-01,2025,9,3301,Rio de Janeiro - RJ,N7,7660,Saúde e cuidados pessoais,6,0.09,4.5,5.34,13.8022
2024-09-01,2024,9,4101,Curitiba - PR,N7,7486,Artigos de residência,3,-0.03,0.0,0.23,3.9613
2023-09-01,2023,9,2601,Recife - PE,N7,7486,Artigos de residência,3,-0.28,-0.66,-0.42,4.1375
2024-12-01,2024,12,4301,Porto Alegre - RS,N7,7445,Habitação,2,-0.77,1.98,1.98,14.2185
2022-08-01,2022,8,1501,Belém - PA,N7,7786,Comunicação,9,-1.4,0.66,1.66,4.577
2023-07-01,2023,7,2301,Fortaleza - CE,N7,7170,Alimentação e bebidas,1,-0.49,0.8,3.08,24.5171
2022-06-01,2022,6,2901,Salvador - BA,N7,7766,Educação,8,0.25,6.6,8.73,5.5237
2020-03-01,2020,3,3201,Grande Vitória - ES,N7,7660,Saúde e cuidados pessoais,6,0.07,1.19,,16.2612
2020-09-01,2020,9,2901,Salvador - BA,N7,7169,Índice geral,0,0.23,1.71,,100.0
2020-10-01,2020,10,2901,Salvador - BA,N7,7558,Vestuário,4,0.32,-7.97,,4.8297
2024-01-01,2024,1,3101,Belo Horizonte - MG,N7,7169,Índice geral,0,1.1,1.1,5.34,100.0
2020-05-01,2020,5,2601,Recife - PE,N7,7558,Vestuário,4,-0.44,0.41,,5.8995
2021-02-01,2021,2,3101,Belo Horizonte - MG,N7,7786,Comunicação,9,-0.21,-0.21,3.92,5.9116
2020-04-01,2020,4,3501,São Paulo - SP,N7,7558,Vestuário,4,0.83,-0.58,,3.8468
2021-12-01,2021,12,4301,Porto Alegre - RS,N7,7766,Educação,8,0.0,0.1,0.1,4.6531
2021-06-01,2021,6,1501,Belém - PA,N7,7486,Artigos de residência,3,1.23,7.63,11.38,3.8711
2022-11-01,2022,11,1501,Belém - PA,N7,7766,Educação,8,0.18,8.6,8.54,3.4858
2025-08-01,2025,8,2301,Fortaleza - CE,N7,7660,Saúde e cuidados pessoais,6,0.21,5.73,7.09,13.8291
2023-09-01,2023,9,1501,Belém - PA,N7,7558,Vestuário,4,0.64,-0.03,3.7,6.2786
2021-10-01,2021,10,2601,Recife - PE,N7,7625,Transportes,5,3.09,17.26,19.78,19.4874
2024-07-01,2024,7,4301,Porto Alegre - RS,N7,7786,Comunicação,9,0.67,2.93,2.49,5.461
2020-04-01,2020,4,2601,Recife - PE,N7,7625,Transportes,5,-3.13,-4.44,,18.5258
2025-03-01,2025,3,2901,Salvador - BA,N7,7766,Educação,8,0.07,4.96,6.06,6.1802
2020-01-01,2020,1,3101,Belo Horizonte - MG,N7,7486,Artigos de residência,3,0.01,0.01,,3.908
2021-10-01,2021,10,3201,Grande Vitória - ES,N7,7445,Habitação,2,3.04,15.01,20.46,16.4971
2024-06-01,2024,6,2601,Recife - PE,N7,7660,Saúde e cuidados pessoais,6,0.15,4.66,6.03,15.1136
2022-09-01,2022,9,2601,Recife - PE,N7,7660,Saúde e cuidados pessoais,6,0.55,8.44,9.01,14.1878
2025-01-01,2025,1,2601,Recife - PE,N7,7445,Habitação,2,-4.24,-4.24,-2.24,13.5375
2025-06-01,2025,6,2301,Fortaleza - CE,N7,7766,Educação,8,0.0,5.29,7.31,6.8099
2023-10-01,2023,10,3501,São Paulo - SP,N7,7486,Artigos de residência,3,0.79,1.03,1.67,3.6209
2025-11-01,2025,11,2901,Salvador - BA,N7,7786,Comunicação,9,-0.18,0.81,0.52,3.8642
2021-09-01,2021,9,2901,Salvador - BA,N7,7486,Artigos de residência,3,1.52,8.15,11.09,4.1447
2020-02-01,2020,2,4101,Curitiba - PR,N7,7486,Artigos de residência,3,0.28,0.25,,4.063
2020-01-01,2020,1,2301,Fortaleza - CE,N7,7170,Alimentação e bebidas,1,0.83,0.83,,22.0333
2024-11-01,2024,11,1501,Belém - PA,N7,7170,Alimentação e bebidas,1,2.51,6.05,6.72,26.5702
2021-01-01,2021,1,3101,Belo Horizonte - MG,N7,7712,Despesas pessoais,7,0.22,0.22,0.64,10.7315
2020-09-01,2020,9,4101,Curitiba - PR,N7,7766,Educação,8,0.03,0.69,,5.824
2025-05-01,2025,5,2901,Salvador - BA,N7,7169,Índice geral,0,0.35,2.71,4.89,100.0
2021-04-01,2021,4,1501,Belém - PA,N7,7660,Saúde e cuidados pessoais,6,1.53,2.99,3.48,12.6599
2021-11-01,2021,11,4301,Porto Alegre - RS,N7,7660,Saúde e cuidados pessoais,6,-0.39,3.17,3.81,12.1966
2023-06-01,2023,6,2901,Salvador - BA,N7,7558,Vestuário,4,0.18,0.45,9.27,5.3359
2024-10-01,2024,10,4101,Curitiba - PR,N7,7558,Vestuário,4,0.81,2.34,3.89,4.8925
2024-08-01,2024,8,2601,Recife - PE,N7,7445,Habitação,2,-0.82,1.26,1.34,13.6523
2022-08-01,2022,8,3101,Belo Horizonte - MG,N7,7486,Artigos de residência,3,-0.08,6.47,11.34,4.2957
2021-08-01,2021,8,2901,Salvador - BA,N7,7766,Educação,8,1.49,4.77,2.12,5.6696
2021-11-01,2021,11,2901,Salvador - BA,N7,7486,Artigos de residência,3,2.22,12.7,14.24,4.1915
2022-12-01,2022,12,2901,Salvador - BA,N7,7486,Artigos de residência,3,0.95,5.94,5.94,4.2251
2022-01-01,2022,1,2301,Fortaleza - CE,N7,7766,Educação,8,0.13,0.13,7.73,6.0794
2021-02-01,2021,2,3101,Belo Horizonte - MG,N7,7486,Artigos de residência,3,1.08,2.24,11.31,4.1099
2021-08-01,2021,8,2301,Fortaleza - CE,N7,7712,Despesas pessoais,7,0.6,2.29,3.59,7.7677
2024-06-01,2024,6,4301,Porto Alegre - RS,N7,7660,Saúde e cuidados pessoais,6,0.5,2.74,4.03,13.0502
2024-05-01,2024,5,4301,Porto Alegre - RS,N7,7445,Habitação,2,1.19,1.41,2.87,14.1234
2025-06-01,2025,6,1501,Belém - PA,N7,7786,Comunicação,9,0.0,1.38,2.07,4.0794
2020-10-01,2020,10,2901,Salvador - BA,N7,7445,Habitação,2,-0.48,3.41,,14.1313
2023-03-01,2023,3,2901,Salvador - BA,N7,7558,Vestuário,4,-0.78,-1.2,14.14,5.3675
2020-10-01,2020,10,3501,São Paulo - SP,N7,7786,Comunicação,9,0.45,2.52,,5.7519
2023-08-01,2023,8,3501,São Paulo - SP,N7,7712,Despesas pessoais,7,0.44,3.59,7.07,11.0583
2024-09-01,2024,9,2901,Salvador - BA,N7,7445,Habitação,2,2.38,2.12,3.86,14.1316
2024-04-01,2024,4,1501,Belém - PA,N7,7486,Artigos de residência,3,0.47,0.91,2.97,3.6949
2023-08-01,2023,8,2601,Recife - PE,N7,7625,Transportes,5,1.18,5.02,4.65,19.0791
2020-02-01,2020,2,3201,Grande Vitória - ES,N7,7169,Índice geral,0,0.33,0.63,,100.0
2025-11-01,2025,11,2901,Salvador - BA,N7,7766,Educação,8,-0.04,6.08,6.25,6.1673
2026-05-01,2026,5,4301,Porto Alegre - RS,N7,7786,Comunicação,9,0.09,2.07,2.21,5.2417
2021-05-01,2021,5,4101,Curitiba - PR,N7,7786,Comunicação,9,-0.01,-0.72,0.72,4.8678
2022-08-01,2022,8,2901,Salvador - BA,N7,7445,Habitação,2,0.75,0.98,6.81,13.8193
2026-06-01,2026,6,1501,Belém - PA,N7,7660,Saúde e cuidados pessoais,6,0.84,6.42,8.11,13.2836
2026-01-01,2026,1,3501,São Paulo - SP,N7,7558,Vestuário,4,0.29,0.29,5.49,4.0661
2025-04-01,2025,4,3501,São Paulo - SP,N7,7786,Comunicação,9,0.8,1.03,1.72,4.6262
2024-04-01,2024,4,3101,Belo Horizonte - MG,N7,7170,Alimentação e bebidas,1,0.23,3.95,4.61,22.3228
2020-12-01,2020,12,3101,Belo Horizonte - MG,N7,7625,Transportes,5,1.57,0.82,0.82,19.1391
2020-04-01,2020,4,1501,Belém - PA,N7,7625,Transportes,5,-1.83,-2.26,,18.4875
2023-02-01,2023,2,4301,Porto Alegre - RS,N7,7558,Vestuário,4,-0.48,-0.56,14.84,5.1495
2021-03-01,2021,3,3301,Rio de Janeiro - RJ,N7,7625,Transportes,5,3.57,4.36,5.39,19.2969
2024-06-01,2024,6,2301,Fortaleza - CE,N7,7625,Transportes,5,0.13,-1.34,5.09,18.7926
2026-03-01,2026,3,3201,Grande Vitória - ES,N7,7786,Comunicação,9,0.67,1.88,2.68,5.0666
2025-03-01,2025,3,4301,Porto Alegre - RS,N7,7786,Comunicação,9,0.26,0.3,2.19,5.3751
2020-07-01,2020,7,4101,Curitiba - PR,N7,7170,Alimentação e bebidas,1,0.2,3.12,,20.2091
2020-06-01,2020,6,2301,Fortaleza - CE,N7,7766,Educação,8,0.17,5.66,,6.8468
2024-05-01,2024,5,3101,Belo Horizonte - MG,N7,7486,Artigos de residência,3,-0.18,1.31,0.25,3.952
2021-07-01,2021,7,4101,Curitiba - PR,N7,7625,Transportes,5,1.32,11.83,18.05,25.3841
2024-01-01,2024,1,2601,Recife - PE,N7,7766,Educação,8,0.27,0.27,8.93,5.9908
2025-11-01,2025,11,1501,Belém - PA,N7,7169,Índice geral,0,0.11,3.85,4.51,100.0
2025-02-01,2025,2,2601,Recife - PE,N7,7486,Artigos de residência,3,0.66,0.43,-0.49,3.8713
2026-03-01,2026,3,3101,Belo Horizonte - MG,N7,7170,Alimentação e bebidas,1,1.95,2.44,2.18,21.9842
2025-11-01,2025,11,3201,Grande Vitória - ES,N7,7445,Habitação,2,-0.08,10.72,10.36,16.168
2025-02-01,2025,2,2601,Recife - PE,N7,7558,Vestuário,4,-0.1,0.14,2.48,5.8763
2022-11-01,2022,11,4301,Porto Alegre - RS,N7,7445,Habitação,2,0.39,-7.67,-5.43,14.1165
2025-01-01,2025,1,1501,Belém - PA,N7,7766,Educação,8,0.03,0.03,7.22,3.6924
2023-10-01,2023,10,4101,Curitiba - PR,N7,7170,Alimentação e bebidas,1,0.2,-0.82,-0.36,20.7002
2026-05-01,2026,5,3301,Rio de Janeiro - RJ,N7,7486,Artigos de residência,3,0.1,1.91,-0.38,2.7088
2023-02-01,2023,2,2901,Salvador - BA,N7,7169,Índice geral,0,0.81,1.9,6.51,100.0
2025-09-01,2025,9,4301,Porto Alegre - RS,N7,7169,Índice geral,0,0.5,3.7,4.41,100.0
2025-07-01,2025,7,4301,Porto Alegre - RS,N7,7786,Comunicação,9,0.12,1.08,1.67,5.3246
2023-03-01,2023,3,4101,Curitiba - PR,N7,7558,Vestuário,4,-0.06,-0.54,7.97,4.9214
2023-06-01,2023,6,3301,Rio de Janeiro - RJ,N7,7486,Artigos de residência,3,-0.34,0.38,-0.48,3.0697
2020-12-01,2020,12,2901,Salvador - BA,N7,7625,Transportes,5,1.79,0.25,0.25,17.8887
2021-12-01,2021,12,3501,São Paulo - SP,N7,7766,Educação,8,0.08,1.75,1.75,6.4502
2023-10-01,2023,10,2901,Salvador - BA,N7,7445,Habitação,2,0.98,7.91,8.39,14.4412
2022-06-01,2022,6,3201,Grande Vitória - ES,N7,7712,Despesas pessoais,7,0.65,3.64,6.98,8.3474
2026-05-01,2026,5,3201,Grande Vitória - ES,N7,7558,Vestuário,4,0.21,0.08,4.63,3.8997
2023-08-01,2023,8,2301,Fortaleza - CE,N7,7766,Educação,8,2.59,9.19,9.34,6.4032
2025-07-01,2025,7,3301,Rio de Janeiro - RJ,N7,7486,Artigos de residência,3,-0.13,0.38,0.51,2.8244
2020-02-01,2020,2,3501,São Paulo - SP,N7,7625,Transportes,5,0.0,0.54,,20.0387
2026-05-01,2026,5,2301,Fortaleza - CE,N7,7712,Despesas pessoais,7,0.27,1.93,5.82,7.6198
2023-06-01,2023,6,4301,Porto Alegre - RS,N7,7660,Saúde e cuidados pessoais,6,0.51,4.49,9.78,13.0238
2026-05-01,2026,5,3501,São Paulo - SP,N7,7558,Vestuário,4,0.27,1.55,4.32,4.0134
2026-01-01,2026,1,4101,Curitiba - PR,N7,7170,Alimentação e bebidas,1,0.36,0.36,2.7,21.4238
2023-09-01,2023,9,4301,Porto Alegre - RS,N7,7786,Comunicação,9,-0.15,3.34,2.99,5.5166
2024-12-01,2024,12,3301,Rio de Janeiro - RJ,N7,7660,Saúde e cuidados pessoais,6,0.38,6.51,6.51,13.5587
2022-02-01,2022,2,3201,Grande Vitória - ES,N7,7558,Vestuário,4,-0.56,-0.55,8.96,3.7321
2026-05-01,2026,5,2901,Salvador - BA,N7,7169,Índice geral,0,0.51,3.57,4.67,100.0
2021-12-01,2021,12,1501,Belém - PA,N7,7558,Vestuário,4,1.27,7.14,7.14,5.9555
2023-05-01,2023,5,3101,Belo Horizonte - MG,N7,7660,Saúde e cuidados pessoais,6,0.66,4.52,10.98,14.4687
2025-02-01,2025,2,4301,Porto Alegre - RS,N7,7558,Vestuário,4,0.51,0.53,2.99,5.0072
2025-02-01,2025,2,1501,Belém - PA,N7,7486,Artigos de residência,3,0.35,0.63,3.79,3.7333
2020-12-01,2020,12,4101,Curitiba - PR,N7,7486,Artigos de residência,3,2.01,5.42,5.42,4.0989
2020-02-01,2020,2,2301,Fortaleza - CE,N7,7169,Índice geral,0,0.8,1.08,,100.0
2020-03-01,2020,3,3201,Grande Vitória - ES,N7,7625,Transportes,5,-1.14,-1.54,,23.1854
2025-03-01,2025,3,3501,São Paulo - SP,N7,7625,Transportes,5,0.6,2.62,6.7,19.9738
2022-10-01,2022,10,3501,São Paulo - SP,N7,7660,Saúde e cuidados pessoais,6,0.93,9.4,9.99,12.5966
2022-03-01,2022,3,3301,Rio de Janeiro - RJ,N7,7170,Alimentação e bebidas,1,2.13,4.87,12.26,20.6066
2025-01-01,2025,1,4301,Porto Alegre - RS,N7,7558,Vestuário,4,0.02,0.02,2.16,5.005
2023-02-01,2023,2,4301,Porto Alegre - RS,N7,7170,Alimentação e bebidas,1,0.43,0.41,11.1,22.0912
2024-04-01,2024,4,3301,Rio de Janeiro - RJ,N7,7766,Educação,8,0.1,5.81,6.38,5.5286
2023-07-01,2023,7,2301,Fortaleza - CE,N7,7786,Comunicação,9,-0.04,1.99,-3.52,3.8799
2023-06-01,2023,6,3201,Grande Vitória - ES,N7,7486,Artigos de residência,3,-0.57,0.63,-0.4,3.7972
2022-12-01,2022,12,3101,Belo Horizonte - MG,N7,7625,Transportes,5,0.14,-4.91,-4.91,19.7563
2023-11-01,2023,11,2601,Recife - PE,N7,7558,Vestuário,4,-0.78,0.72,2.21,5.9948
2022-07-01,2022,7,4301,Porto Alegre - RS,N7,7558,Vestuário,4,0.32,8.58,14.97,4.8126
2024-05-01,2024,5,3301,Rio de Janeiro - RJ,N7,7625,Transportes,5,0.24,-0.17,1.95,19.7481
2022-02-01,2022,2,3201,Grande Vitória - ES,N7,7170,Alimentação e bebidas,1,1.07,2.56,10.86,17.3343
2023-07-01,2023,7,2901,Salvador - BA,N7,7486,Artigos de residência,3,-0.75,-1.32,-0.74,4.101
2025-08-01,2025,8,3201,Grande Vitória - ES,N7,7660,Saúde e cuidados pessoais,6,0.26,4.01,4.98,16.0396
2025-12-01,2025,12,3501,São Paulo - SP,N7,7558,Vestuário,4,-0.05,4.66,4.66,4.0791
2022-07-01,2022,7,3101,Belo Horizonte - MG,N7,7169,Índice geral,0,-1.07,4.45,9.41,100.0
2022-06-01,2022,6,3201,Grande Vitória - ES,N7,7558,Vestuário,4,2.12,6.8,15.26,3.7844
2024-07-01,2024,7,3201,Grande Vitória - ES,N7,7625,Transportes,5,1.62,0.61,3.79,23.4227
2024-08-01,2024,8,3501,São Paulo - SP,N7,7558,Vestuário,4,0.88,1.92,2.34,4.0817
2022-07-01,2022,7,2901,Salvador - BA,N7,7445,Habitação,2,-2.54,0.22,5.91,14.0298
2021-12-01,2021,12,4301,Porto Alegre - RS,N7,7712,Despesas pessoais,7,0.78,5.13,5.13,9.9525
2021-04-01,2021,4,2601,Recife - PE,N7,7445,Habitação,2,0.28,-0.59,5.83,13.9859
2023-09-01,2023,9,2601,Recife - PE,N7,7766,Educação,8,0.01,8.91,9.4,5.9757
2023-05-01,2023,5,2901,Salvador - BA,N7,7625,Transportes,5,-3.02,0.74,-7.44,18.4942
2023-03-01,2023,3,3501,São Paulo - SP,N7,7766,Educação,8,0.11,7.33,8.54,6.8108
2024-11-01,2024,11,3501,São Paulo - SP,N7,7486,Artigos de residência,3,0.06,1.18,2.08,3.5218
2025-04-01,2025,4,2601,Recife - PE,N7,7486,Artigos de residência,3,-0.13,0.21,-0.47,3.8261
2020-11-01,2020,11,3201,Grande Vitória - ES,N7,7170,Alimentação e bebidas,1,3.12,17.29,,17.4442
2024-11-01,2024,11,1501,Belém - PA,N7,7712,Despesas pessoais,7,0.45,4.48,5.15,7.6506
2025-02-01,2025,2,3501,São Paulo - SP,N7,7445,Habitação,2,4.12,1.59,3.82,15.6083
2022-08-01,2022,8,3501,São Paulo - SP,N7,7786,Comunicação,9,-0.74,1.8,2.44,5.0854
2021-10-01,2021,10,2901,Salvador - BA,N7,7445,Habitação,2,0.72,10.54,14.91,14.6469
2022-09-01,2022,9,1501,Belém - PA,N7,7445,Habitação,2,2.04,-1.41,-0.82,15.5179
2025-05-01,2025,5,2601,Recife - PE,N7,7766,Educação,8,0.01,5.16,5.61,6.229
2020-07-01,2020,7,3201,Grande Vitória - ES,N7,7625,Transportes,5,0.69,-3.54,,22.277
2025-07-01,2025,7,3101,Belo Horizonte - MG,N7,7486,Artigos de residência,3,-0.02,1.81,2.87,3.7873
2021-12-01,2021,12,2901,Salvador - BA,N7,7445,Habitação,2,0.7,13.02,13.02,14.5924
2022-04-01,2022,4,1501,Belém - PA,N7,7660,Saúde e cuidados pessoais,6,1.7,5.07,3.15,11.9501
2023-08-01,2023,8,3301,Rio de Janeiro - RJ,N7,7625,Transportes,5,-0.68,3.01,2.93,20.1485
2024-12-01,2024,12,2301,Fortaleza - CE,N7,7712,Despesas pessoais,7,0.35,4.69,4.69,7.5675
2024-06-01,2024,6,1501,Belém - PA,N7,7169,Índice geral,0,0.13,2.59,4.8,100.0
2021-09-01,2021,9,2601,Recife - PE,N7,7445,Habitação,2,3.26,11.43,16.08,14.6599
2024-04-01,2024,4,3501,São Paulo - SP,N7,7625,Transportes,5,0.03,-0.64,3.7,19.7786
2022-11-01,2022,11,3101,Belo Horizonte - MG,N7,7445,Habitação,2,0.02,-7.62,-7.3,12.7627
2026-02-01,2026,2,4301,Porto Alegre - RS,N7,7712,Despesas pessoais,7,0.13,0.15,5.04,10.6791
2024-05-01,2024,5,2601,Recife - PE,N7,7558,Vestuário,4,0.26,-0.88,0.3,5.8298
2020-09-01,2020,9,2901,Salvador - BA,N7,7445,Habitação,2,0.87,3.91,,14.0419
2023-02-01,2023,2,2901,Salvador - BA,N7,7660,Saúde e cuidados pessoais,6,1.51,1.73,11.42,14.6837
2021-06-01,2021,6,1501,Belém - PA,N7,7786,Comunicação,9,-0.03,-0.76,0.12,4.7592
2024-12-01,2024,12,2901,Salvador - BA,N7,7660,Saúde e cuidados pessoais,6,0.2,6.71,6.71,15.4324
2025-04-01,2025,4,4101,Curitiba - PR,N7,7169,Índice geral,0,0.37,2.62,5.44,100.0
2020-11-01,2020,11,3501,São Paulo - SP,N7,7786,Comunicação,9,0.18,2.71,,5.7268
2023-03-01,2023,3,2301,Fortaleza - CE,N7,7712,Despesas pessoais,7,0.06,1.0,4.65,7.4974
2024-01-01,2024,1,3501,São Paulo - SP,N7,7445,Habitação,2,0.6,0.6,3.4,16.3634
2025-10-01,2025,10,1501,Belém - PA,N7,7660,Saúde e cuidados pessoais,6,1.15,6.75,6.25,13.0388
2022-05-01,2022,5,3501,São Paulo - SP,N7,7170,Alimentação e bebidas,1,0.58,7.78,14.16,20.1791
2025-10-01,2025,10,3201,Grande Vitória - ES,N7,7445,Habitação,2,-0.17,10.81,7.99,16.2453
2024-09-01,2024,9,2301,Fortaleza - CE,N7,7660,Saúde e cuidados pessoais,6,0.84,6.04,6.56,13.5981
2021-01-01,2021,1,2301,Fortaleza - CE,N7,7625,Transportes,5,0.23,0.23,0.58,18.317
2024-04-01,2024,4,4101,Curitiba - PR,N7,7625,Transportes,5,-0.03,0.6,1.74,25.9769
2021-10-01,2021,10,3101,Belo Horizonte - MG,N7,7660,Saúde e cuidados pessoais,6,0.19,4.17,4.02,13.7277
2022-11-01,2022,11,2301,Fortaleza - CE,N7,7170,Alimentação e bebidas,1,0.36,8.95,10.11,24.7997
2024-07-01,2024,7,2901,Salvador - BA,N7,7169,Índice geral,0,0.18,2.65,3.86,100.0
2021-06-01,2021,6,1501,Belém - PA,N7,7445,Habitação,2,0.54,1.59,7.87,15.3568
2024-09-01,2024,9,2601,Recife - PE,N7,7766,Educação,8,0.11,5.27,5.39,6.1229
2024-10-01,2024,10,3101,Belo Horizonte - MG,N7,7558,Vestuário,4,0.61,1.41,2.84,5.0364
2021-03-01,2021,3,3201,Grande Vitória - ES,N7,7170,Alimentação e bebidas,1,-0.51,-0.52,14.88,17.4702
2021-01-01,2021,1,4301,Porto Alegre - RS,N7,7786,Comunicação,9,0.2,0.2,3.92,6.2541
2025-01-01,2025,1,2901,Salvador - BA,N7,7625,Transportes,5,1.22,1.22,7.05,18.776
2023-03-01,2023,3,2601,Recife - PE,N7,7558,Vestuário,4,0.58,0.61,12.48,6.038
2024-02-01,2024,2,4101,Curitiba - PR,N7,7558,Vestuário,4,0.3,1.06,5.22,4.9877
2022-09-01,2022,9,3501,São Paulo - SP,N7,7558,Vestuário,4,2.21,14.82,22.28,4.0506
2022-12-01,2022,12,2901,Salvador - BA,N7,7558,Vestuário,4,1.95,22.39,22.39,5.4091
2022-02-01,2022,2,3201,Grande Vitória - ES,N7,7486,Artigos de residência,3,1.3,2.95,12.27,3.9275
2025-01-01,2025,1,2301,Fortaleza - CE,N7,7766,Educação,8,0.41,0.41,7.98,6.6397
2024-10-01,2024,10,2301,Fortaleza - CE,N7,7712,Despesas pessoais,7,0.71,3.01,4.07,7.4866
2022-01-01,2022,1,4301,Porto Alegre - RS,N7,7786,Comunicação,9,1.15,1.15,3.61,5.7839
2020-06-01,2020,6,2601,Recife - PE,N7,7170,Alimentação e bebidas,1,0.53,6.42,,22.849
2020-07-01,2020,7,3201,Grande Vitória - ES,N7,7660,Saúde e cuidados pessoais,6,0.33,2.55,,16.4194
2020-05-01,2020,5,2901,Salvador - BA,N7,7558,Vestuário,4,-1.14,-4.57,,5.1429
2021-07-01,2021,7,1501,Belém - PA,N7,7558,Vestuário,4,0.83,2.85,3.17,5.9331
2025-06-01,2025,6,2301,Fortaleza - CE,N7,7660,Saúde e cuidados pessoais,6,1.17,4.59,6.35,13.6155
2021-03-01,2021,3,3101,Belo Horizonte - MG,N7,7169,Índice geral,0,1.18,2.25,6.56,100.0
2023-06-01,2023,6,3201,Grande Vitória - ES,N7,7712,Despesas pessoais,7,0.24,2.09,5.64,8.4874
2025-11-01,2025,11,3301,Rio de Janeiro - RJ,N7,7660,Saúde e cuidados pessoais,6,-0.07,4.97,5.37,13.8292
2020-08-01,2020,8,3101,Belo Horizonte - MG,N7,7766,Educação,8,-4.06,0.3,,5.8782
2021-12-01,2021,12,2901,Salvador - BA,N7,7486,Artigos de residência,3,1.95,14.89,14.89,4.2247
2022-03-01,2022,3,3201,Grande Vitória - ES,N7,7625,Transportes,5,2.26,4.16,18.1,24.662
2021-08-01,2021,8,2901,Salvador - BA,N7,7486,Artigos de residência,3,2.26,6.53,10.38,4.0813
2026-04-01,2026,4,3201,Grande Vitória - ES,N7,7445,Habitação,2,0.08,0.66,7.91,15.7074
2022-04-01,2022,4,2301,Fortaleza - CE,N7,7712,Despesas pessoais,7,0.57,1.54,4.83,7.4632
2025-06-01,2025,6,1501,Belém - PA,N7,7170,Alimentação e bebidas,1,-0.57,4.59,8.51,27.9371
2026-03-01,2026,3,4101,Curitiba - PR,N7,7625,Transportes,5,0.85,1.24,0.63,25.2178
2022-05-01,2022,5,3101,Belo Horizonte - MG,N7,7766,Educação,8,0.16,6.94,8.08,5.2072
2020-01-01,2020,1,1501,Belém - PA,N7,7766,Educação,8,0.01,0.01,,3.6116
2020-02-01,2020,2,3201,Grande Vitória - ES,N7,7445,Habitação,2,0.84,0.57,,15.4942
2020-08-01,2020,8,3201,Grande Vitória - ES,N7,7712,Despesas pessoais,7,0.07,0.93,,9.2217
2025-11-01,2025,11,2601,Recife - PE,N7,7786,Comunicação,9,0.12,-0.11,-0.21,3.8242
2023-01-01,2023,1,3101,Belo Horizonte - MG,N7,7766,Educação,8,0.47,0.47,8.18,5.2551
2021-06-01,2021,6,3101,Belo Horizonte - MG,N7,7445,Habitação,2,0.72,3.13,7.76,14.2406
2024-02-01,2024,2,3301,Rio de Janeiro - RJ,N7,7486,Artigos de residência,3,-0.7,-0.11,1.02,3.0703
2022-10-01,2022,10,3301,Rio de Janeiro - RJ,N7,7660,Saúde e cuidados pessoais,6,1.15,9.43,9.59,12.7595
2022-05-01,2022,5,3501,São Paulo - SP,N7,7786,Comunicação,9,0.45,2.18,3.26,5.0887
2021-04-01,2021,4,3101,Belo Horizonte - MG,N7,7486,Artigos de residência,3,1.14,4.91,17.01,4.1362
2025-12-01,2025,12,2601,Recife - PE,N7,7712,Despesas pessoais,7,0.88,5.05,5.05,8.5406
2022-05-01,2022,5,2301,Fortaleza - CE,N7,7170,Alimentação e bebidas,1,1.14,5.9,11.68,24.0556
2021-06-01,2021,6,3301,Rio de Janeiro - RJ,N7,7558,Vestuário,4,0.68,1.14,3.14,3.353
2024-01-01,2024,1,3201,Grande Vitória - ES,N7,7169,Índice geral,0,0.37,0.37,4.53,100.0
2024-03-01,2024,3,3301,Rio de Janeiro - RJ,N7,7766,Educação,8,0.27,5.7,6.32,5.5232
2022-09-01,2022,9,4101,Curitiba - PR,N7,7169,Índice geral,0,-0.16,4.02,7.2,100.0
2024-10-01,2024,10,2901,Salvador - BA,N7,7625,Transportes,5,-0.24,2.43,3.27,18.655
2021-06-01,2021,6,4301,Porto Alegre - RS,N7,7625,Transportes,5,0.55,9.23,16.41,21.1529
2023-06-01,2023,6,1501,Belém - PA,N7,7660,Saúde e cuidados pessoais,6,-0.2,4.18,9.94,13.0038
2025-03-01,2025,3,3501,São Paulo - SP,N7,7558,Vestuário,4,0.59,-0.26,2.75,3.9834
2021-04-01,2021,4,2901,Salvador - BA,N7,7712,Despesas pessoais,7,0.16,0.77,1.34,10.4123
2024-02-01,2024,2,4101,Curitiba - PR,N7,7170,Alimentação e bebidas,1,0.39,1.89,2.57,21.2653
2026-01-01,2026,1,2601,Recife - PE,N7,7170,Alimentação e bebidas,1,-0.01,-0.01,2.77,23.8247
2023-01-01,2023,1,3501,São Paulo - SP,N7,7170,Alimentação e bebidas,1,0.76,0.76,11.47,20.5739
2022-01-01,2022,1,3301,Rio de Janeiro - RJ,N7,7712,Despesas pessoais,7,0.95,0.95,5.41,9.1116
2025-06-01,2025,6,3301,Rio de Janeiro - RJ,N7,7712,Despesas pessoais,7,-0.12,2.22,6.13,9.3936
2021-03-01,2021,3,1501,Belém - PA,N7,7766,Educação,8,0.23,5.6,-1.59,3.5387
2026-06-01,2026,6,4301,Porto Alegre - RS,N7,7445,Habitação,2,1.32,2.7,6.64,14.483
2022-02-01,2022,2,4101,Curitiba - PR,N7,7169,Índice geral,0,1.28,1.76,13.17,100.0
2023-09-01,2023,9,2301,Fortaleza - CE,N7,7766,Educação,8,0.03,9.22,9.27,6.5211
2021-04-01,2021,4,2301,Fortaleza - CE,N7,7169,Índice geral,0,0.75,3.36,8.03,100.0
2023-05-01,2023,5,2601,Recife - PE,N7,7625,Transportes,5,-1.53,0.76,-6.62,19.0158
2023-06-01,2023,6,3301,Rio de Janeiro - RJ,N7,7170,Alimentação e bebidas,1,-0.41,0.25,3.03,20.6074
2025-07-01,2025,7,1501,Belém - PA,N7,7786,Comunicação,9,-0.2,1.18,1.64,4.073
2025-06-01,2025,6,2601,Recife - PE,N7,7625,Transportes,5,1.89,4.17,6.03,18.8521
2026-01-01,2026,1,3301,Rio de Janeiro - RJ,N7,7660,Saúde e cuidados pessoais,6,0.36,0.36,5.43,13.8058
2020-04-01,2020,4,2301,Fortaleza - CE,N7,7766,Educação,8,-0.05,5.5,,6.8077
2026-02-01,2026,2,1501,Belém - PA,N7,7169,Índice geral,0,0.62,0.78,2.77,100.0
2021-06-01,2021,6,3201,Grande Vitória - ES,N7,7786,Comunicação,9,-0.15,-0.31,1.85,6.0355
2020-02-01,2020,2,2901,Salvador - BA,N7,7625,Transportes,5,-1.64,-1.3,,18.7736
2023-02-01,2023,2,3501,São Paulo - SP,N7,7445,Habitação,2,0.79,1.24,2.7,16.5987
2026-03-01,2026,3,4301,Porto Alegre - RS,N7,7170,Alimentação e bebidas,1,1.1,1.37,1.87,20.8979
2025-06-01,2025,6,3501,São Paulo - SP,N7,7169,Índice geral,0,0.29,3.0,5.69,100.0
2025-06-01,2025,6,3501,São Paulo - SP,N7,7625,Transportes,5,0.27,2.19,6.19,19.6872
2021-04-01,2021,4,3201,Grande Vitória - ES,N7,7486,Artigos de residência,3,0.75,3.08,13.15,3.8979
2025-09-01,2025,9,2601,Recife - PE,N7,7660,Saúde e cuidados pessoais,6,0.22,3.97,4.01,15.2843
2025-04-01,2025,4,1501,Belém - PA,N7,7712,Despesas pessoais,7,0.53,1.42,5.37,7.5656
2023-11-01,2023,11,4101,Curitiba - PR,N7,7625,Transportes,5,-0.96,3.69,5.04,26.4711
2023-12-01,2023,12,4101,Curitiba - PR,N7,7766,Educação,8,0.2,6.52,6.52,5.3398
2020-04-01,2020,4,2301,Fortaleza - CE,N7,7486,Artigos de residência,3,-2.48,-2.59,,4.0368
2021-01-01,2021,1,2901,Salvador - BA,N7,7712,Despesas pessoais,7,0.61,0.61,1.44,10.5581
2020-02-01,2020,2,2601,Recife - PE,N7,7660,Saúde e cuidados pessoais,6,1.26,0.81,,14.9596
2024-07-01,2024,7,4301,Porto Alegre - RS,N7,7486,Artigos de residência,3,1.57,-0.38,-0.29,4.1254
2020-12-01,2020,12,4101,Curitiba - PR,N7,7170,Alimentação e bebidas,1,1.63,13.04,13.04,21.1578
2025-12-01,2025,12,2601,Recife - PE,N7,7766,Educação,8,0.06,5.75,5.75,6.1614
2026-04-01,2026,4,2601,Recife - PE,N7,7170,Alimentação e bebidas,1,0.93,2.95,3.51,23.7933
2020-09-01,2020,9,3501,São Paulo - SP,N7,7786,Comunicação,9,0.15,2.06,,5.7685
2025-06-01,2025,6,2601,Recife - PE,N7,7445,Habitação,2,0.71,4.33,6.61,13.6589
2023-02-01,2023,2,3501,São Paulo - SP,N7,7558,Vestuário,4,-0.55,-0.47,16.36,4.2411
2024-08-01,2024,8,3501,São Paulo - SP,N7,7660,Saúde e cuidados pessoais,6,0.34,4.99,6.34,13.1985
2026-06-01,2026,6,2301,Fortaleza - CE,N7,7169,Índice geral,0,0.12,3.97,5.0,100.0
2021-01-01,2021,1,3501,São Paulo - SP,N7,7625,Transportes,5,0.5,0.5,1.18,19.3895
2020-11-01,2020,11,1501,Belém - PA,N7,7766,Educação,8,0.25,-1.75,,3.4508
2023-10-01,2023,10,1501,Belém - PA,N7,7766,Educação,8,0.19,8.56,8.87,3.6012
2020-02-01,2020,2,4301,Porto Alegre - RS,N7,7786,Comunicação,9,0.61,0.31,,6.2742
2023-09-01,2023,9,2901,Salvador - BA,N7,7660,Saúde e cuidados pessoais,6,0.1,6.3,9.42,15.2057
2021-07-01,2021,7,3501,São Paulo - SP,N7,7786,Comunicação,9,0.26,0.44,1.44,5.4632
2020-12-01,2020,12,3301,Rio de Janeiro - RJ,N7,7712,Despesas pessoais,7,0.58,0.55,0.55,9.521
2025-07-01,2025,7,2601,Recife - PE,N7,7625,Transportes,5,0.19,4.37,5.04,19.1452
2025-12-01,2025,12,2601,Recife - PE,N7,7786,Comunicação,9,0.19,0.07,0.07,3.8319
2021-02-01,2021,2,4301,Porto Alegre - RS,N7,7712,Despesas pessoais,7,0.27,0.21,-0.36,10.4698
2024-02-01,2024,2,2301,Fortaleza - CE,N7,7786,Comunicação,9,1.53,1.87,1.06,3.7545
2023-01-01,2023,1,4301,Porto Alegre - RS,N7,7445,Habitação,2,0.21,0.21,-4.2,14.1922
2025-02-01,2025,2,3201,Grande Vitória - ES,N7,7766,Educação,8,5.5,5.67,6.42,5.4376
2025-08-01,2025,8,4101,Curitiba - PR,N7,7712,Despesas pessoais,7,0.39,2.99,5.12,9.3039
2022-12-01,2022,12,3201,Grande Vitória - ES,N7,7766,Educação,8,0.16,5.6,5.6,5.2037
2025-06-01,2025,6,3201,Grande Vitória - ES,N7,7558,Vestuário,4,1.09,3.07,4.84,3.903
2021-06-01,2021,6,4101,Curitiba - PR,N7,7558,Vestuário,4,1.11,2.37,5.1,4.7071
2022-02-01,2022,2,3501,São Paulo - SP,N7,7169,Índice geral,0,1.05,1.69,10.26,100.0
2023-10-01,2023,10,3201,Grande Vitória - ES,N7,7558,Vestuário,4,0.35,3.84,6.1,4.046
2023-07-01,2023,7,3101,Belo Horizonte - MG,N7,7625,Transportes,5,-0.18,4.61,-1.54,19.8973
2024-05-01,2024,5,3101,Belo Horizonte - MG,N7,7786,Comunicação,9,0.56,2.5,1.52,5.0937
2020-10-01,2020,10,4301,Porto Alegre - RS,N7,7170,Alimentação e bebidas,1,1.72,8.9,,20.506
2026-03-01,2026,3,2601,Recife - PE,N7,7786,Comunicação,9,-0.26,1.07,1.16,3.8301
2024-06-01,2024,6,2901,Salvador - BA,N7,7486,Artigos de residência,3,-0.13,-1.55,-2.62,3.8462
2023-12-01,2023,12,4301,Porto Alegre - RS,N7,7445,Habitação,2,0.58,5.11,5.11,14.2352
2023-01-01,2023,1,3201,Grande Vitória - ES,N7,7712,Despesas pessoais,7,1.04,1.04,7.16,8.5865
2025-08-01,2025,8,2901,Salvador - BA,N7,7558,Vestuário,4,1.09,1.87,4.05,5.1506
2026-06-01,2026,6,2301,Fortaleza - CE,N7,7660,Saúde e cuidados pessoais,6,0.24,4.01,6.53,13.9075
2021-09-01,2021,9,3201,Grande Vitória - ES,N7,7558,Vestuário,4,1.12,5.18,8.4,3.6914
2024-01-01,2024,1,3101,Belo Horizonte - MG,N7,7558,Vestuário,4,0.0,0.0,6.82,5.2254
2026-06-01,2026,6,3101,Belo Horizonte - MG,N7,7558,Vestuário,4,0.26,2.6,4.08,5.0781
2021-11-01,2021,11,3301,Rio de Janeiro - RJ,N7,7558,Vestuário,4,0.7,7.6,9.05,3.4302
2022-01-01,2022,1,4301,Porto Alegre - RS,N7,7445,Habitação,2,-2.34,-2.34,14.72,15.7492
2022-06-01,2022,6,4101,Curitiba - PR,N7,7766,Educação,8,0.17,5.33,8.55,5.1653
2026-01-01,2026,1,4301,Porto Alegre - RS,N7,7660,Saúde e cuidados pessoais,6,0.91,0.91,6.1,13.4225
2020-04-01,2020,4,3101,Belo Horizonte - MG,N7,7445,Habitação,2,0.33,0.17,,14.3798
2021-06-01,2021,6,3201,Grande Vitória - ES,N7,7625,Transportes,5,1.14,10.06,15.48,23.4994
2022-09-01,2022,9,3101,Belo Horizonte - MG,N7,7786,Comunicação,9,-2.11,-0.19,1.42,5.4218
2024-12-01,2024,12,3501,São Paulo - SP,N7,7625,Transportes,5,0.52,3.28,3.28,19.8401
2025-01-01,2025,1,2301,Fortaleza - CE,N7,7660,Saúde e cuidados pessoais,6,0.05,0.05,5.16,13.5215
2022-10-01,2022,10,2601,Recife - PE,N7,7486,Artigos de residência,3,-0.09,7.56,11.44,4.3761
2025-02-01,2025,2,2601,Recife - PE,N7,7445,Habitação,2,4.91,0.46,2.14,12.9474
2021-04-01,2021,4,2601,Recife - PE,N7,7712,Despesas pessoais,7,0.05,0.72,1.07,8.7121
2026-04-01,2026,4,3501,São Paulo - SP,N7,7169,Índice geral,0,0.55,2.61,4.8,100.0
2025-04-01,2025,4,2901,Salvador - BA,N7,7169,Índice geral,0,0.16,2.34,5.13,100.0
2021-03-01,2021,3,2601,Recife - PE,N7,7558,Vestuário,4,-0.37,-0.2,0.51,5.5977
2025-12-01,2025,12,3301,Rio de Janeiro - RJ,N7,7712,Despesas pessoais,7,0.59,5.43,5.43,9.5711
2026-03-01,2026,3,3101,Belo Horizonte - MG,N7,7558,Vestuário,4,1.07,1.26,4.98,5.0662
2022-05-01,2022,5,3501,São Paulo - SP,N7,7486,Artigos de residência,3,0.66,7.55,16.56,3.7451
2022-11-01,2022,11,4101,Curitiba - PR,N7,7786,Comunicação,9,-0.24,-1.8,-1.78,4.2885
2024-03-01,2024,3,2301,Fortaleza - CE,N7,7558,Vestuário,4,0.45,-0.87,4.57,4.821
2021-04-01,2021,4,1501,Belém - PA,N7,7766,Educação,8,0.27,5.88,-1.4,3.5186
2024-12-01,2024,12,2301,Fortaleza - CE,N7,7786,Comunicação,9,0.61,3.88,3.88,3.7321
2024-05-01,2024,5,4301,Porto Alegre - RS,N7,7625,Transportes,5,0.74,-0.65,5.9,20.8061
2021-01-01,2021,1,2901,Salvador - BA,N7,7660,Saúde e cuidados pessoais,6,0.36,0.36,3.25,15.1566
2024-12-01,2024,12,4301,Porto Alegre - RS,N7,7766,Educação,8,0.03,5.78,5.78,5.0999
2022-12-01,2022,12,3101,Belo Horizonte - MG,N7,7445,Habitação,2,0.36,-7.28,-7.28,12.6965
2023-05-01,2023,5,3101,Belo Horizonte - MG,N7,7558,Vestuário,4,0.64,1.5,9.92,5.0953
2023-11-01,2023,11,1501,Belém - PA,N7,7786,Comunicação,9,-0.34,3.09,2.91,4.261
2024-08-01,2024,8,3101,Belo Horizonte - MG,N7,7766,Educação,8,0.3,6.68,6.97,5.4811
2022-03-01,2022,3,3201,Grande Vitória - ES,N7,7170,Alimentação e bebidas,1,2.76,5.39,14.5,17.3705
2020-06-01,2020,6,1501,Belém - PA,N7,7486,Artigos de residência,3,0.24,-2.58,,3.7992
2020-10-01,2020,10,4101,Curitiba - PR,N7,7766,Educação,8,0.0,0.69,,5.7847
2025-04-01,2025,4,3101,Belo Horizonte - MG,N7,7445,Habitação,2,-0.22,1.96,5.73,13.0796
2024-05-01,2024,5,3201,Grande Vitória - ES,N7,7170,Alimentação e bebidas,1,0.85,4.23,2.78,17.7701
2023-07-01,2023,7,3201,Grande Vitória - ES,N7,7558,Vestuário,4,-1.28,1.86,8.08,4.0663
2021-02-01,2021,2,2301,Fortaleza - CE,N7,7766,Educação,8,7.42,7.57,3.21,6.2285
2021-05-01,2021,5,3301,Rio de Janeiro - RJ,N7,7445,Habitação,2,1.66,2.8,6.16,18.3833
2026-01-01,2026,1,2301,Fortaleza - CE,N7,7625,Transportes,5,1.8,1.8,2.48,18.6364
2026-05-01,2026,5,2301,Fortaleza - CE,N7,7766,Educação,8,0.07,6.11,7.1,6.9741
2024-08-01,2024,8,2901,Salvador - BA,N7,7766,Educação,8,0.5,7.4,7.92,6.0719
2024-06-01,2024,6,3301,Rio de Janeiro - RJ,N7,7170,Alimentação e bebidas,1,0.9,4.89,5.58,20.7058
2021-08-01,2021,8,2601,Recife - PE,N7,7660,Saúde e cuidados pessoais,6,-0.18,2.88,3.45,14.2545
2025-02-01,2025,2,3501,São Paulo - SP,N7,7712,Despesas pessoais,7,0.02,0.3,4.31,11.0937
2021-08-01,2021,8,2601,Recife - PE,N7,7712,Despesas pessoais,7,0.41,2.51,3.23,8.5644
2025-06-01,2025,6,3501,São Paulo - SP,N7,7558,Vestuário,4,0.95,2.84,5.12,4.0377
2023-05-01,2023,5,3201,Grande Vitória - ES,N7,7766,Educação,8,0.07,7.07,7.87,5.3778
2023-09-01,2023,9,2901,Salvador - BA,N7,7558,Vestuário,4,0.32,1.79,5.89,5.3882
2023-01-01,2023,1,2901,Salvador - BA,N7,7712,Despesas pessoais,7,0.99,0.99,6.58,9.9046
2020-10-01,2020,10,3501,São Paulo - SP,N7,7712,Despesas pessoais,7,0.43,0.62,,11.548
2022-06-01,2022,6,3201,Grande Vitória - ES,N7,7169,Índice geral,0,0.61,4.36,11.55,100.0
2024-09-01,2024,9,2901,Salvador - BA,N7,7486,Artigos de residência,3,0.52,-0.48,0.18,3.8562
2025-04-01,2025,4,2901,Salvador - BA,N7,7170,Alimentação e bebidas,1,0.55,4.52,6.24,23.042
2024-06-01,2024,6,3501,São Paulo - SP,N7,7766,Educação,8,0.1,6.07,7.47,6.9461
2026-03-01,2026,3,4101,Curitiba - PR,N7,7712,Despesas pessoais,7,0.64,0.63,6.29,9.4751
2020-02-01,2020,2,3301,Rio de Janeiro - RJ,N7,7660,Saúde e cuidados pessoais,6,0.82,0.71,,13.4804
2026-05-01,2026,5,3501,São Paulo - SP,N7,7486,Artigos de residência,3,0.22,1.38,1.24,3.3084
2020-07-01,2020,7,2601,Recife - PE,N7,7712,Despesas pessoais,7,0.22,0.01,,9.1565
2020-05-01,2020,5,3201,Grande Vitória - ES,N7,7558,Vestuário,4,0.03,-2.71,,3.8864
2023-10-01,2023,10,4101,Curitiba - PR,N7,7786,Comunicação,9,0.02,3.53,3.51,4.2353
2020-06-01,2020,6,4301,Porto Alegre - RS,N7,7660,Saúde e cuidados pessoais,6,-0.12,-0.54,,13.3788
2020-03-01,2020,3,4101,Curitiba - PR,N7,7712,Despesas pessoais,7,-0.47,-0.29,,10.0494
2026-06-01,2026,6,3501,São Paulo - SP,N7,7786,Comunicação,9,0.2,1.74,1.71,4.4657
2023-07-01,2023,7,1501,Belém - PA,N7,7445,Habitação,2,-0.35,1.24,7.85,15.6129
2024-09-01,2024,9,4101,Curitiba - PR,N7,7712,Despesas pessoais,7,-0.05,2.86,4.37,9.3766
2025-06-01,2025,6,3101,Belo Horizonte - MG,N7,7712,Despesas pessoais,7,0.3,3.39,7.23,10.7258
2024-10-01,2024,10,1501,Belém - PA,N7,7625,Transportes,5,-0.27,1.25,2.34,18.7203
2025-10-01,2025,10,4101,Curitiba - PR,N7,7486,Artigos de residência,3,0.21,3.39,4.27,3.9067
2025-06-01,2025,6,2601,Recife - PE,N7,7169,Índice geral,0,0.33,3.01,4.77,100.0
2024-10-01,2024,10,3301,Rio de Janeiro - RJ,N7,7786,Comunicação,9,0.7,1.98,0.68,6.0246
2021-09-01,2021,9,3201,Grande Vitória - ES,N7,7169,Índice geral,0,1.24,7.93,11.52,100.0
2025-11-01,2025,11,3101,Belo Horizonte - MG,N7,7169,Índice geral,0,0.04,3.55,3.81,100.0
2022-02-01,2022,2,2601,Recife - PE,N7,7486,Artigos de residência,3,1.77,3.76,14.26,4.2708
2022-09-01,2022,9,1501,Belém - PA,N7,7170,Alimentação e bebidas,1,0.27,9.33,9.37,27.8681
2023-09-01,2023,9,3101,Belo Horizonte - MG,N7,7170,Alimentação e bebidas,1,-0.36,-2.69,1.27,21.6774
2020-03-01,2020,3,1501,Belém - PA,N7,7766,Educação,8,0.87,5.84,,3.7667
2024-06-01,2024,6,3501,São Paulo - SP,N7,7170,Alimentação e bebidas,1,0.78,4.7,5.04,20.435
2025-06-01,2025,6,2601,Recife - PE,N7,7558,Vestuário,4,0.32,0.87,2.93,5.7474
2022-01-01,2022,1,4101,Curitiba - PR,N7,7712,Despesas pessoais,7,1.0,1.0,6.52,9.1026
2025-03-01,2025,3,3201,Grande Vitória - ES,N7,7660,Saúde e cuidados pessoais,6,0.26,1.37,5.15,15.8549
2021-01-01,2021,1,1501,Belém - PA,N7,7486,Artigos de residência,3,0.6,0.6,1.98,3.7641
2025-09-01,2025,9,2301,Fortaleza - CE,N7,7169,Índice geral,0,0.38,3.48,5.1,100.0
2025-05-01,2025,5,2901,Salvador - BA,N7,7766,Educação,8,0.06,5.08,5.93,6.1529
2025-06-01,2025,6,4301,Porto Alegre - RS,N7,7766,Educação,8,-0.1,4.93,6.11,5.1703
2021-05-01,2021,5,4101,Curitiba - PR,N7,7625,Transportes,5,1.23,10.27,20.38,25.44
2025-07-01,2025,7,4101,Curitiba - PR,N7,7486,Artigos de residência,3,0.67,2.93,5.6,3.8959
2025-06-01,2025,6,3101,Belo Horizonte - MG,N7,7625,Transportes,5,0.77,1.98,4.43,19.6291
2023-08-01,2023,8,2901,Salvador - BA,N7,7169,Índice geral,0,0.17,3.44,4.41,100.0
2023-08-01,2023,8,4301,Porto Alegre - RS,N7,7445,Habitação,2,1.52,4.41,7.43,14.1216
2020-02-01,2020,2,2901,Salvador - BA,N7,7712,Despesas pessoais,7,0.41,0.73,,10.8862
2025-11-01,2025,11,3501,São Paulo - SP,N7,7712,Despesas pessoais,7,0.89,5.56,6.26,11.1243
2023-09-01,2023,9,2601,Recife - PE,N7,7170,Alimentação e bebidas,1,-0.56,-0.1,1.48,23.6489
2024-05-01,2024,5,3501,São Paulo - SP,N7,7445,Habitação,2,0.86,1.51,2.66,16.1975
2023-01-01,2023,1,2601,Recife - PE,N7,7625,Transportes,5,-0.82,-0.82,-1.86,18.9197
2022-10-01,2022,10,4301,Porto Alegre - RS,N7,7169,Índice geral,0,0.76,2.61,4.46,100.0
2024-01-01,2024,1,3301,Rio de Janeiro - RJ,N7,7712,Despesas pessoais,7,0.87,0.87,5.78,9.377
2025-04-01,2025,4,4301,Porto Alegre - RS,N7,7558,Vestuário,4,1.11,1.43,2.34,4.9208
2022-10-01,2022,10,4301,Porto Alegre - RS,N7,7766,Educação,8,0.45,7.11,7.06,4.832
2025-07-01,2025,7,3501,São Paulo - SP,N7,7170,Alimentação e bebidas,1,-0.23,3.54,8.41,20.9582
2022-08-01,2022,8,2301,Fortaleza - CE,N7,7170,Alimentação e bebidas,1,1.08,8.5,12.26,24.329
2021-05-01,2021,5,3201,Grande Vitória - ES,N7,7486,Artigos de residência,3,1.62,4.76,13.91,3.9121
2021-05-01,2021,5,3501,São Paulo - SP,N7,7766,Educação,8,0.01,1.89,-0.88,6.8989
2021-05-01,2021,5,1501,Belém - PA,N7,7625,Transportes,5,0.4,7.51,10.96,18.5681
2026-01-01,2026,1,3101,Belo Horizonte - MG,N7,7766,Educação,8,0.25,0.25,5.44,5.4959
2022-07-01,2022,7,3501,São Paulo - SP,N7,7486,Artigos de residência,3,-0.39,7.56,13.58,3.7489
2021-05-01,2021,5,4101,Curitiba - PR,N7,7558,Vestuário,4,1.27,1.24,4.14,4.6914
2022-11-01,2022,11,3501,São Paulo - SP,N7,7486,Artigos de residência,3,-0.54,8.04,8.75,3.7613
2021-10-01,2021,10,3301,Rio de Janeiro - RJ,N7,7169,Índice geral,0,1.16,6.88,9.36,100.0
2024-02-01,2024,2,3301,Rio de Janeiro - RJ,N7,7786,Comunicação,9,1.73,1.44,-0.39,6.0805
2020-03-01,2020,3,2901,Salvador - BA,N7,7786,Comunicação,9,-0.51,-0.19,,4.8857
2021-09-01,2021,9,3201,Grande Vitória - ES,N7,7445,Habitação,2,3.1,11.61,17.87,16.1991
2020-01-01,2020,1,2901,Salvador - BA,N7,7170,Alimentação e bebidas,1,0.94,0.94,,20.5869
2025-05-01,2025,5,1501,Belém - PA,N7,7660,Saúde e cuidados pessoais,6,0.59,4.94,5.48,13.0054
2021-10-01,2021,10,4301,Porto Alegre - RS,N7,7712,Despesas pessoais,7,0.72,3.52,3.7,10.0134
2024-12-01,2024,12,2301,Fortaleza - CE,N7,7445,Habitação,2,-0.4,3.27,3.27,16.4518
2021-10-01,2021,10,2301,Fortaleza - CE,N7,7558,Vestuário,4,0.83,12.11,15.4,4.5318
2021-05-01,2021,5,1501,Belém - PA,N7,7712,Despesas pessoais,7,0.23,0.53,1.58,7.7189
2021-03-01,2021,3,4301,Porto Alegre - RS,N7,7786,Comunicação,9,-0.04,-0.02,3.25,6.1866
2022-07-01,2022,7,1501,Belém - PA,N7,7486,Artigos de residência,3,0.16,5.09,9.62,3.906
2020-09-01,2020,9,2901,Salvador - BA,N7,7786,Comunicação,9,0.49,3.42,,4.9637
2026-03-01,2026,3,3201,Grande Vitória - ES,N7,7766,Educação,8,-0.1,6.39,7.53,5.8353
2026-05-01,2026,5,1501,Belém - PA,N7,7486,Artigos de residência,3,-0.55,1.28,0.18,3.535
2021-09-01,2021,9,2901,Salvador - BA,N7,7625,Transportes,5,1.56,13.5,20.02,19.0871
2023-06-01,2023,6,3501,São Paulo - SP,N7,7170,Alimentação e bebidas,1,-0.62,2.08,4.58,20.4919
2021-08-01,2021,8,3501,São Paulo - SP,N7,7170,Alimentação e bebidas,1,2.24,4.93,12.94,19.589
2025-03-01,2025,3,4101,Curitiba - PR,N7,7558,Vestuário,4,1.65,2.98,6.26,4.9337
2020-07-01,2020,7,4301,Porto Alegre - RS,N7,7558,Vestuário,4,-0.44,-2.49,,4.8564
2021-07-01,2021,7,2301,Fortaleza - CE,N7,7766,Educação,8,-0.06,8.23,3.72,6.4312
2024-05-01,2024,5,2901,Salvador - BA,N7,7558,Vestuário,4,0.33,-0.36,2.08,5.2642
2022-07-01,2022,7,3301,Rio de Janeiro - RJ,N7,7558,Vestuário,4,0.35,12.13,20.93,3.6427
2025-09-01,2025,9,3301,Rio de Janeiro - RJ,N7,7445,Habitação,2,3.41,4.72,4.49,18.1133
2024-02-01,2024,2,2301,Fortaleza - CE,N7,7169,Índice geral,0,0.84,1.53,4.8,100.0
2023-11-01,2023,11,2601,Recife - PE,N7,7486,Artigos de residência,3,-1.21,-1.74,-0.96,4.1333
2020-10-01,2020,10,3101,Belo Horizonte - MG,N7,7445,Habitação,2,0.19,0.03,,14.2961
2021-02-01,2021,2,2601,Recife - PE,N7,7169,Índice geral,0,0.77,1.28,6.29,100.0
2023-06-01,2023,6,2901,Salvador - BA,N7,7625,Transportes,5,0.2,0.94,-10.8,17.872
2020-05-01,2020,5,3201,Grande Vitória - ES,N7,7170,Alimentação e bebidas,1,0.53,5.39,,16.3999
2025-05-01,2025,5,3101,Belo Horizonte - MG,N7,7558,Vestuário,4,0.18,2.66,5.33,5.0775
2022-07-01,2022,7,4101,Curitiba - PR,N7,7169,Índice geral,0,-1.41,4.67,10.86,100.0
2020-08-01,2020,8,3101,Belo Horizonte - MG,N7,7786,Comunicação,9,0.77,3.0,,6.037
2025-07-01,2025,7,3301,Rio de Janeiro - RJ,N7,7712,Despesas pessoais,7,0.64,2.87,6.31,9.3754
2025-05-01,2025,5,3201,Grande Vitória - ES,N7,7558,Vestuário,4,1.17,1.96,3.62,3.8654
2023-12-01,2023,12,2901,Salvador - BA,N7,7170,Alimentação e bebidas,1,1.11,-0.39,-0.39,22.3874
2020-08-01,2020,8,2301,Fortaleza - CE,N7,7625,Transportes,5,0.94,-2.55,,18.2237
2023-09-01,2023,9,3501,São Paulo - SP,N7,7445,Habitação,2,0.54,2.86,3.5,16.471
2021-08-01,2021,8,1501,Belém - PA,N7,7660,Saúde e cuidados pessoais,6,-0.71,2.3,2.6,12.5663
2022-06-01,2022,6,3501,São Paulo - SP,N7,7486,Artigos de residência,3,0.41,7.99,15.58,3.7563
2023-12-01,2023,12,4101,Curitiba - PR,N7,7786,Comunicação,9,0.44,3.56,3.56,4.2131
2024-06-01,2024,6,3501,São Paulo - SP,N7,7445,Habitação,2,0.22,1.73,1.93,16.2762
2026-01-01,2026,1,3501,São Paulo - SP,N7,7625,Transportes,5,0.45,0.45,2.74,19.6472
2023-06-01,2023,6,2901,Salvador - BA,N7,7169,Índice geral,0,-0.23,3.0,2.7,100.0
2020-05-01,2020,5,2901,Salvador - BA,N7,7712,Despesas pessoais,7,0.08,0.66,,10.8949
2025-05-01,2025,5,3501,São Paulo - SP,N7,7170,Alimentação e bebidas,1,0.01,3.67,8.6,21.0202
2025-03-01,2025,3,2301,Fortaleza - CE,N7,7712,Despesas pessoais,7,0.72,1.51,5.1,7.5174
2022-07-01,2022,7,2601,Recife - PE,N7,7660,Saúde e cuidados pessoais,6,0.02,6.37,7.15,13.7373
2023-12-01,2023,12,2301,Fortaleza - CE,N7,7660,Saúde e cuidados pessoais,6,0.11,5.83,5.83,13.4138
2022-04-01,2022,4,3201,Grande Vitória - ES,N7,7558,Vestuário,4,1.31,2.29,11.89,3.681
2026-06-01,2026,6,2601,Recife - PE,N7,7712,Despesas pessoais,7,0.76,3.4,6.77,8.4596
2022-02-01,2022,2,3101,Belo Horizonte - MG,N7,7786,Comunicação,9,0.9,1.91,3.47,5.4952
2024-07-01,2024,7,3501,São Paulo - SP,N7,7558,Vestuário,4,0.41,1.03,2.66,4.0862
2021-11-01,2021,11,3301,Rio de Janeiro - RJ,N7,7712,Despesas pessoais,7,0.42,4.69,5.3,9.1928
2024-02-01,2024,2,3301,Rio de Janeiro - RJ,N7,7445,Habitação,2,0.13,0.32,5.86,18.4302
2023-01-01,2023,1,3201,Grande Vitória - ES,N7,7786,Comunicação,9,1.61,1.61,-1.37,5.2615
2025-06-01,2025,6,3501,São Paulo - SP,N7,7170,Alimentação e bebidas,1,0.1,3.77,7.87,20.9972
2020-06-01,2020,6,3501,São Paulo - SP,N7,7712,Despesas pessoais,7,-0.08,0.27,,11.7161
2023-03-01,2023,3,4101,Curitiba - PR,N7,7786,Comunicação,9,0.65,3.28,0.79,4.3124
2020-12-01,2020,12,2901,Salvador - BA,N7,7766,Educação,8,-2.36,-0.49,-0.49,5.9554
2022-10-01,2022,10,3101,Belo Horizonte - MG,N7,7766,Educação,8,0.18,7.49,7.46,5.3174
2026-01-01,2026,1,3201,Grande Vitória - ES,N7,7625,Transportes,5,0.33,0.33,1.81,23.4466
2025-10-01,2025,10,3101,Belo Horizonte - MG,N7,7170,Alimentação e bebidas,1,0.16,1.95,4.76,22.0038
2022-04-01,2022,4,3201,Grande Vitória - ES,N7,7766,Educação,8,0.05,4.75,5.45,5.2378
2023-09-01,2023,9,4301,Porto Alegre - RS,N7,7660,Saúde e cuidados pessoais,6,0.09,5.09,7.95,13.0557
2024-04-01,2024,4,3501,São Paulo - SP,N7,7712,Despesas pessoais,7,0.04,0.98,4.52,11.0696
2020-08-01,2020,8,3501,São Paulo - SP,N7,7625,Transportes,5,0.57,-3.66,,19.0526
2023-11-01,2023,11,4101,Curitiba - PR,N7,7766,Educação,8,0.01,6.31,6.51,5.3372
2024-03-01,2024,3,2301,Fortaleza - CE,N7,7625,Transportes,5,-0.23,-0.62,4.1,19.128
2026-05-01,2026,5,3101,Belo Horizonte - MG,N7,7660,Saúde e cuidados pessoais,6,0.77,3.78,6.28,14.7954
2022-09-01,2022,9,2901,Salvador - BA,N7,7170,Alimentação e bebidas,1,0.06,10.19,13.92,23.3956
2023-08-01,2023,8,3201,Grande Vitória - ES,N7,7712,Despesas pessoais,7,0.34,2.82,5.19,8.5308
2021-11-01,2021,11,2301,Fortaleza - CE,N7,7766,Educação,8,-0.04,7.68,11.72,6.1769
2024-05-01,2024,5,3301,Rio de Janeiro - RJ,N7,7712,Despesas pessoais,7,0.33,1.2,3.94,9.3048
2020-12-01,2020,12,4301,Porto Alegre - RS,N7,7660,Saúde e cuidados pessoais,6,0.62,0.07,0.07,12.9943
2020-07-01,2020,7,3501,São Paulo - SP,N7,7486,Artigos de residência,3,0.23,0.63,,3.4884
2021-06-01,2021,6,3301,Rio de Janeiro - RJ,N7,7766,Educação,8,0.22,1.72,0.16,5.3311
2024-04-01,2024,4,3501,São Paulo - SP,N7,7558,Vestuário,4,0.6,0.44,1.69,4.0956
2025-05-01,2025,5,2901,Salvador - BA,N7,7712,Despesas pessoais,7,0.08,2.9,6.39,10.0845
2023-02-01,2023,2,4101,Curitiba - PR,N7,7766,Educação,8,4.75,5.28,6.35,5.248
2024-06-01,2024,6,3201,Grande Vitória - ES,N7,7786,Comunicação,9,0.0,3.18,2.91,5.2806
2020-07-01,2020,7,2601,Recife - PE,N7,7170,Alimentação e bebidas,1,-0.85,5.52,,22.8543
2020-08-01,2020,8,4101,Curitiba - PR,N7,7766,Educação,8,-3.34,0.66,,6.0374
2023-05-01,2023,5,2301,Fortaleza - CE,N7,7486,Artigos de residência,3,-0.64,1.1,4.14,4.152
2026-02-01,2026,2,3301,Rio de Janeiro - RJ,N7,7660,Saúde e cuidados pessoais,6,0.72,1.09,5.28,13.8139
2022-02-01,2022,2,3101,Belo Horizonte - MG,N7,7712,Despesas pessoais,7,1.16,1.84,6.15,10.2365
2022-11-01,2022,11,2301,Fortaleza - CE,N7,7660,Saúde e cuidados pessoais,6,0.07,9.43,9.92,13.0364
2022-12-01,2022,12,3301,Rio de Janeiro - RJ,N7,7169,Índice geral,0,0.33,6.65,6.65,100.0
2021-12-01,2021,12,1501,Belém - PA,N7,7486,Artigos de residência,3,1.31,12.28,12.28,3.8954
2020-06-01,2020,6,1501,Belém - PA,N7,7786,Comunicação,9,0.96,0.4,,5.0955
2023-07-01,2023,7,4301,Porto Alegre - RS,N7,7625,Transportes,5,3.19,6.16,0.89,20.4179
2023-12-01,2023,12,2901,Salvador - BA,N7,7625,Transportes,5,1.23,6.72,6.72,18.6351
2024-07-01,2024,7,2901,Salvador - BA,N7,7786,Comunicação,9,0.27,2.39,1.7,4.0007
2021-07-01,2021,7,3101,Belo Horizonte - MG,N7,7445,Habitação,2,2.32,5.52,9.21,14.2836
2022-02-01,2022,2,4301,Porto Alegre - RS,N7,7712,Despesas pessoais,7,0.58,1.63,6.61,10.1043
2025-09-01,2025,9,3101,Belo Horizonte - MG,N7,7712,Despesas pessoais,7,0.51,4.99,7.74,10.8155
2025-02-01,2025,2,1501,Belém - PA,N7,7786,Comunicação,9,0.08,0.33,2.48,4.1555
2026-01-01,2026,1,2601,Recife - PE,N7,7445,Habitação,2,-0.58,-0.58,9.43,13.6759
2021-03-01,2021,3,1501,Belém - PA,N7,7660,Saúde e cuidados pessoais,6,0.03,1.44,1.52,12.757
2023-10-01,2023,10,2601,Recife - PE,N7,7170,Alimentação e bebidas,1,-0.54,-0.64,0.57,23.5057
2023-12-01,2023,12,2901,Salvador - BA,N7,7712,Despesas pessoais,7,1.0,5.66,5.66,10.001
2021-01-01,2021,1,4101,Curitiba - PR,N7,7445,Habitação,2,-1.2,-1.2,1.69,15.0045
2022-01-01,2022,1,2601,Recife - PE,N7,7558,Vestuário,4,0.77,0.77,9.25,5.5804
2020-09-01,2020,9,3201,Grande Vitória - ES,N7,7660,Saúde e cuidados pessoais,6,-0.76,2.31,,16.5293
2025-04-01,2025,4,3201,Grande Vitória - ES,N7,7712,Despesas pessoais,7,-0.02,1.52,5.13,8.6638
2020-09-01,2020,9,3501,São Paulo - SP,N7,7712,Despesas pessoais,7,0.03,0.19,,11.5958
2021-09-01,2021,9,3101,Belo Horizonte - MG,N7,7169,Índice geral,0,1.34,6.47,10.3,100.0
2022-06-01,2022,6,4301,Porto Alegre - RS,N7,7625,Transportes,5,0.24,2.58,16.92,22.3907
2021-11-01,2021,11,4101,Curitiba - PR,N7,7660,Saúde e cuidados pessoais,6,-0.09,5.25,5.56,9.8395
2023-05-01,2023,5,4101,Curitiba - PR,N7,7625,Transportes,5,-0.78,1.66,-3.81,26.2283
2025-08-01,2025,8,2901,Salvador - BA,N7,7660,Saúde e cuidados pessoais,6,0.7,4.73,5.67,15.4711
2024-04-01,2024,4,4301,Porto Alegre - RS,N7,7170,Alimentação e bebidas,1,0.84,2.76,0.5,21.448
2025-03-01,2025,3,3101,Belo Horizonte - MG,N7,7445,Habitação,2,0.1,2.18,6.09,13.1191
2025-04-01,2025,4,2301,Fortaleza - CE,N7,7660,Saúde e cuidados pessoais,6,1.35,2.96,6.15,13.5381
2025-07-01,2025,7,2601,Recife - PE,N7,7169,Índice geral,0,0.32,3.35,4.76,100.0
2023-04-01,2023,4,2901,Salvador - BA,N7,7712,Despesas pessoais,7,-0.08,1.28,6.05,9.8077
2024-02-01,2024,2,3101,Belo Horizonte - MG,N7,7625,Transportes,5,0.22,0.57,6.97,19.9866
2026-04-01,2026,4,3101,Belo Horizonte - MG,N7,7445,Habitação,2,0.58,2.51,8.06,13.4875
2024-01-01,2024,1,2901,Salvador - BA,N7,7486,Artigos de residência,3,-0.31,-0.31,-1.57,3.9992
2020-04-01,2020,4,4101,Curitiba - PR,N7,7712,Despesas pessoais,7,-0.17,-0.46,,9.9888
2023-02-01,2023,2,2301,Fortaleza - CE,N7,7169,Índice geral,0,0.73,1.6,5.86,100.0
2022-09-01,2022,9,3301,Rio de Janeiro - RJ,N7,7786,Comunicação,9,-1.99,-1.34,-0.04,6.4744
2020-12-01,2020,12,2601,Recife - PE,N7,7445,Habitação,2,3.7,7.81,7.81,14.0865
2020-02-01,2020,2,3201,Grande Vitória - ES,N7,7170,Alimentação e bebidas,1,-0.16,0.69,,15.8356
2025-11-01,2025,11,2901,Salvador - BA,N7,7712,Despesas pessoais,7,0.77,6.48,6.82,10.2796
2024-04-01,2024,4,3501,São Paulo - SP,N7,7170,Alimentação e bebidas,1,0.87,3.42,3.54,20.3121
2024-07-01,2024,7,3101,Belo Horizonte - MG,N7,7486,Artigos de residência,3,-0.14,1.02,-0.35,3.8964
2023-06-01,2023,6,2901,Salvador - BA,N7,7766,Educação,8,0.23,7.06,10.11,5.8376
2023-07-01,2023,7,1501,Belém - PA,N7,7170,Alimentação e bebidas,1,-1.2,0.5,2.75,27.6793
2022-05-01,2022,5,1501,Belém - PA,N7,7558,Vestuário,4,0.7,5.05,11.14,5.9714
2023-04-01,2023,4,1501,Belém - PA,N7,7558,Vestuário,4,-0.05,-0.09,10.72,6.405
2024-09-01,2024,9,4101,Curitiba - PR,N7,7558,Vestuário,4,0.16,1.52,3.27,4.9225
2025-09-01,2025,9,1501,Belém - PA,N7,7625,Transportes,5,-0.16,1.37,3.01,18.3698
2023-10-01,2023,10,2901,Salvador - BA,N7,7170,Alimentação e bebidas,1,0.11,-1.37,-0.06,22.4171
2020-03-01,2020,3,2901,Salvador - BA,N7,7445,Habitação,2,0.0,0.6,,13.846
2020-08-01,2020,8,3201,Grande Vitória - ES,N7,7766,Educação,8,-8.62,-3.55,,5.8077
2022-11-01,2022,11,4301,Porto Alegre - RS,N7,7786,Comunicação,9,-0.01,-1.29,-0.92,5.5651
2024-07-01,2024,7,3301,Rio de Janeiro - RJ,N7,7766,Educação,8,0.01,5.92,6.29,5.5004
2024-12-01,2024,12,2901,Salvador - BA,N7,7786,Comunicação,9,-0.28,2.95,2.95,3.9943
2022-01-01,2022,1,3501,São Paulo - SP,N7,7170,Alimentação e bebidas,1,0.98,0.98,8.26,19.6336
2020-03-01,2020,3,2901,Salvador - BA,N7,7660,Saúde e cuidados pessoais,6,0.35,0.67,,15.4032
2020-05-01,2020,5,3301,Rio de Janeiro - RJ,N7,7786,Comunicação,9,0.43,0.68,,7.1716
2020-05-01,2020,5,4101,Curitiba - PR,N7,7625,Transportes,5,-2.41,-7.41,,23.7275
2023-05-01,2023,5,3101,Belo Horizonte - MG,N7,7625,Transportes,5,1.29,5.07,-6.24,19.8508
2022-02-01,2022,2,3501,São Paulo - SP,N7,7660,Saúde e cuidados pessoais,6,0.44,0.84,3.59,12.1573
2025-03-01,2025,3,3501,São Paulo - SP,N7,7170,Alimentação e bebidas,1,1.62,2.54,8.83,20.713
2021-12-01,2021,12,3201,Grande Vitória - ES,N7,7766,Educação,8,0.09,8.53,8.53,5.1834
2020-11-01,2020,11,2301,Fortaleza - CE,N7,7660,Saúde e cuidados pessoais,6,-0.71,1.66,,13.7245
2024-07-01,2024,7,1501,Belém - PA,N7,7625,Transportes,5,1.82,1.91,6.88,18.4861
2026-06-01,2026,6,2301,Fortaleza - CE,N7,7558,Vestuário,4,-0.4,1.13,5.16,4.687
2024-10-01,2024,10,2601,Recife - PE,N7,7445,Habitação,2,2.28,5.71,5.53,13.8056
2025-05-01,2025,5,2601,Recife - PE,N7,7169,Índice geral,0,0.56,2.68,4.33,100.0
2025-05-01,2025,5,4301,Porto Alegre - RS,N7,7660,Saúde e cuidados pessoais,6,0.8,4.33,7.64,13.332
2025-10-01,2025,10,1501,Belém - PA,N7,7766,Educação,8,0.0,6.32,6.52,3.7941
2024-10-01,2024,10,1501,Belém - PA,N7,7766,Educação,8,0.18,7.51,7.81,3.7483
2020-05-01,2020,5,2901,Salvador - BA,N7,7660,Saúde e cuidados pessoais,6,0.2,0.6,,15.4142
2022-12-01,2022,12,3501,São Paulo - SP,N7,7169,Índice geral,0,0.62,6.61,6.61,100.0
2020-02-01,2020,2,2901,Salvador - BA,N7,7558,Vestuário,4,-0.99,-1.53,,5.3073
2024-09-01,2024,9,3301,Rio de Janeiro - RJ,N7,7445,Habitação,2,1.88,3.96,6.16,18.4088
2024-07-01,2024,7,1501,Belém - PA,N7,7169,Índice geral,0,0.39,2.98,4.94,100.0
2025-02-01,2025,2,4101,Curitiba - PR,N7,7169,Índice geral,0,1.55,1.47,4.67,100.0
2025-05-01,2025,5,2301,Fortaleza - CE,N7,7766,Educação,8,0.0,5.3,7.29,6.8491
2024-10-01,2024,10,2901,Salvador - BA,N7,7170,Alimentação e bebidas,1,0.49,2.56,3.58,22.2516
2026-05-01,2026,5,4101,Curitiba - PR,N7,7625,Transportes,5,-1.4,0.32,0.42,25.2174
2026-05-01,2026,5,3501,São Paulo - SP,N7,7712,Despesas pessoais,7,0.44,2.13,5.69,11.097
2023-03-01,2023,3,3501,São Paulo - SP,N7,7660,Saúde e cuidados pessoais,6,1.05,2.4,12.27,12.689
2024-05-01,2024,5,2901,Salvador - BA,N7,7486,Artigos de residência,3,-0.38,-1.43,-2.72,3.8835
2020-03-01,2020,3,4101,Curitiba - PR,N7,7766,Educação,8,1.2,4.39,,5.9556
2025-03-01,2025,3,1501,Belém - PA,N7,7558,Vestuário,4,0.14,0.34,4.72,6.2781
2024-08-01,2024,8,4101,Curitiba - PR,N7,7786,Comunicação,9,-0.21,2.74,2.93,4.2316
2022-10-01,2022,10,4101,Curitiba - PR,N7,7558,Vestuário,4,0.44,10.16,12.52,4.9995
2026-05-01,2026,5,2901,Salvador - BA,N7,7660,Saúde e cuidados pessoais,6,1.11,4.1,6.51,15.5915
2021-07-01,2021,7,3201,Grande Vitória - ES,N7,7712,Despesas pessoais,7,0.5,2.07,3.11,8.7073
2025-04-01,2025,4,1501,Belém - PA,N7,7170,Alimentação e bebidas,1,0.59,4.52,6.6,27.9029
2026-03-01,2026,3,2301,Fortaleza - CE,N7,7486,Artigos de residência,3,-0.59,-0.32,-1.16,3.7114
2025-08-01,2025,8,3301,Rio de Janeiro - RJ,N7,7445,Habitação,2,-1.63,1.27,2.95,18.3498
2022-11-01,2022,11,4301,Porto Alegre - RS,N7,7486,Artigos de residência,3,-0.71,8.81,10.29,4.609
2024-02-01,2024,2,2601,Recife - PE,N7,7712,Despesas pessoais,7,-0.06,0.62,4.19,8.5107
2020-01-01,2020,1,1501,Belém - PA,N7,7712,Despesas pessoais,7,0.3,0.3,,8.1319
2025-03-01,2025,3,3301,Rio de Janeiro - RJ,N7,7712,Despesas pessoais,7,1.0,2.13,6.11,9.3654
2022-01-01,2022,1,3501,São Paulo - SP,N7,7169,Índice geral,0,0.63,0.63,10.02,100.0
2020-02-01,2020,2,2301,Fortaleza - CE,N7,7445,Habitação,2,0.13,0.13,,16.5547
2020-08-01,2020,8,3101,Belo Horizonte - MG,N7,7625,Transportes,5,0.84,-3.67,,18.9785
2020-01-01,2020,1,1501,Belém - PA,N7,7486,Artigos de residência,3,-0.55,-0.55,,3.906
2024-05-01,2024,5,3101,Belo Horizonte - MG,N7,7625,Transportes,5,1.52,2.9,5.46,19.9093
2023-03-01,2023,3,3301,Rio de Janeiro - RJ,N7,7169,Índice geral,0,0.64,1.73,4.69,100.0
2025-01-01,2025,1,3101,Belo Horizonte - MG,N7,7170,Alimentação e bebidas,1,1.15,1.15,6.43,22.4089
2026-04-01,2026,4,2301,Fortaleza - CE,N7,7712,Despesas pessoais,7,0.41,1.66,6.08,7.6503
2024-12-01,2024,12,2601,Recife - PE,N7,7660,Saúde e cuidados pessoais,6,0.13,6.71,6.71,15.2205
2025-02-01,2025,2,3501,São Paulo - SP,N7,7486,Artigos de residência,3,0.47,-0.27,1.42,3.4915
2024-07-01,2024,7,3101,Belo Horizonte - MG,N7,7766,Educação,8,0.11,6.36,6.88,5.4895
2021-04-01,2021,4,1501,Belém - PA,N7,7625,Transportes,5,1.23,7.08,9.65,18.4708
2024-03-01,2024,3,4101,Curitiba - PR,N7,7786,Comunicação,9,-0.17,0.97,1.24,4.2167
2020-10-01,2020,10,4101,Curitiba - PR,N7,7445,Habitação,2,0.65,-0.15,,14.8211
2021-07-01,2021,7,3501,São Paulo - SP,N7,7712,Despesas pessoais,7,0.34,1.59,2.9,11.1115
2023-01-01,2023,1,2901,Salvador - BA,N7,7486,Artigos de residência,3,-0.39,-0.39,2.55,4.2486
2023-07-01,2023,7,3101,Belo Horizonte - MG,N7,7445,Habitação,2,-1.21,7.75,5.54,13.3381
2020-02-01,2020,2,2901,Salvador - BA,N7,7170,Alimentação e bebidas,1,0.75,1.7,,20.7106
2024-11-01,2024,11,3101,Belo Horizonte - MG,N7,7766,Educação,8,-0.01,6.88,7.15,5.4464
2024-02-01,2024,2,2901,Salvador - BA,N7,7169,Índice geral,0,0.96,1.1,3.65,100.0
2020-05-01,2020,5,1501,Belém - PA,N7,7558,Vestuário,4,-0.08,-0.62,,6.3172
2021-08-01,2021,8,1501,Belém - PA,N7,7558,Vestuário,4,-0.49,2.34,3.15,5.929
2025-03-01,2025,3,2901,Salvador - BA,N7,7786,Comunicação,9,0.44,0.36,2.34,3.876
2021-08-01,2021,8,3101,Belo Horizonte - MG,N7,7766,Educação,8,0.9,3.87,3.6,5.2913
2026-04-01,2026,4,3101,Belo Horizonte - MG,N7,7786,Comunicação,9,0.42,1.97,2.21,4.8394
2025-06-01,2025,6,3201,Grande Vitória - ES,N7,7170,Alimentação e bebidas,1,0.14,4.89,5.9,18.2492
2023-01-01,2023,1,4301,Porto Alegre - RS,N7,7660,Saúde e cuidados pessoais,6,0.03,0.03,10.84,12.8824
2022-10-01,2022,10,4101,Curitiba - PR,N7,7170,Alimentação e bebidas,1,0.4,10.92,11.13,21.7697
2024-06-01,2024,6,2901,Salvador - BA,N7,7625,Transportes,5,-0.02,0.95,6.73,18.4297
2022-11-01,2022,11,3301,Rio de Janeiro - RJ,N7,7625,Transportes,5,0.2,2.08,3.31,19.9142
2025-12-01,2025,12,1501,Belém - PA,N7,7660,Saúde e cuidados pessoais,6,0.75,6.08,6.08,12.9614
2023-11-01,2023,11,3501,São Paulo - SP,N7,7486,Artigos de residência,3,-0.4,0.62,1.81,3.6412
2023-09-01,2023,9,3301,Rio de Janeiro - RJ,N7,7712,Despesas pessoais,7,0.67,3.74,5.08,9.328
2024-05-01,2024,5,1501,Belém - PA,N7,7169,Índice geral,0,0.13,2.46,4.57,100.0
2025-02-01,2025,2,2901,Salvador - BA,N7,7170,Alimentação e bebidas,1,1.12,2.96,6.1,22.9747
2022-01-01,2022,1,2301,Fortaleza - CE,N7,7169,Índice geral,0,0.73,0.73,11.03,100.0
2023-05-01,2023,5,4101,Curitiba - PR,N7,7558,Vestuário,4,1.34,1.62,5.99,4.8804
2024-04-01,2024,4,1501,Belém - PA,N7,7786,Comunicação,9,1.1,2.3,1.49,4.176
2021-03-01,2021,3,2601,Recife - PE,N7,7766,Educação,8,0.16,2.88,2.95,6.0372
2024-05-01,2024,5,3201,Grande Vitória - ES,N7,7558,Vestuário,4,0.79,0.43,1.1,3.9494
2026-02-01,2026,2,4101,Curitiba - PR,N7,7486,Artigos de residência,3,0.61,0.26,1.72,3.8333
2024-03-01,2024,3,3101,Belo Horizonte - MG,N7,7625,Transportes,5,0.09,0.67,5.57,19.8667
2021-04-01,2021,4,3501,São Paulo - SP,N7,7712,Despesas pessoais,7,-0.08,0.5,1.5,11.1989
2021-12-01,2021,12,3301,Rio de Janeiro - RJ,N7,7712,Despesas pessoais,7,0.27,4.98,4.98,9.1507
2020-11-01,2020,11,2901,Salvador - BA,N7,7170,Alimentação e bebidas,1,2.11,13.76,,22.4502
2021-05-01,2021,5,2301,Fortaleza - CE,N7,7558,Vestuário,4,1.95,4.2,7.54,4.3462
2020-12-01,2020,12,3101,Belo Horizonte - MG,N7,7445,Habitação,2,3.27,4.1,4.1,14.1445
2021-03-01,2021,3,3301,Rio de Janeiro - RJ,N7,7558,Vestuário,4,0.22,-1.22,-1.75,3.3628
2020-01-01,2020,1,1501,Belém - PA,N7,7625,Transportes,5,-0.03,-0.03,,18.6514
2020-06-01,2020,6,3101,Belo Horizonte - MG,N7,7786,Comunicação,9,1.01,1.81,,5.9792
2022-06-01,2022,6,2601,Recife - PE,N7,7170,Alimentação e bebidas,1,1.08,6.63,13.08,23.2904
2024-09-01,2024,9,3501,São Paulo - SP,N7,7486,Artigos de residência,3,-0.92,0.3,1.58,3.5623
2020-01-01,2020,1,2901,Salvador - BA,N7,7625,Transportes,5,0.34,0.34,,18.7732
2024-02-01,2024,2,1501,Belém - PA,N7,7766,Educação,8,5.35,5.86,7.9,3.5798
2024-07-01,2024,7,3201,Grande Vitória - ES,N7,7712,Despesas pessoais,7,0.49,2.05,5.55,8.6091
2020-09-01,2020,9,3201,Grande Vitória - ES,N7,7169,Índice geral,0,0.83,1.76,,100.0
2025-11-01,2025,11,3301,Rio de Janeiro - RJ,N7,7445,Habitação,2,0.22,3.77,3.76,18.4408
2024-05-01,2024,5,2901,Salvador - BA,N7,7169,Índice geral,0,0.58,2.49,3.73,100.0
2022-01-01,2022,1,2301,Fortaleza - CE,N7,7170,Alimentação e bebidas,1,1.0,1.0,9.23,23.9458
2022-03-01,2022,3,2601,Recife - PE,N7,7170,Alimentação e bebidas,1,2.04,3.36,11.08,23.0872
2020-02-01,2020,2,3201,Grande Vitória - ES,N7,7712,Despesas pessoais,7,0.34,1.08,,9.2709
2024-06-01,2024,6,2601,Recife - PE,N7,7486,Artigos de residência,3,-0.74,-1.36,-2.04,3.9745
2024-05-01,2024,5,4101,Curitiba - PR,N7,7486,Artigos de residência,3,-1.02,-1.35,-1.71,3.9737
2024-03-01,2024,3,2601,Recife - PE,N7,7486,Artigos de residência,3,-0.54,-0.92,-2.07,4.0364
2020-05-01,2020,5,3301,Rio de Janeiro - RJ,N7,7445,Habitação,2,-0.02,1.02,,18.5512
2021-01-01,2021,1,1501,Belém - PA,N7,7169,Índice geral,0,-0.03,-0.03,4.18,100.0
2026-03-01,2026,3,1501,Belém - PA,N7,7625,Transportes,5,2.74,3.35,4.37,18.3229
2022-08-01,2022,8,4301,Porto Alegre - RS,N7,7786,Comunicação,9,-0.5,1.24,2.37,5.7007
2026-02-01,2026,2,4101,Curitiba - PR,N7,7712,Despesas pessoais,7,-0.19,-0.02,6.04,9.5241
2021-10-01,2021,10,2601,Recife - PE,N7,7445,Habitação,2,-0.6,10.76,15.48,14.9733
2021-07-01,2021,7,1501,Belém - PA,N7,7766,Educação,8,0.02,6.0,-0.89,3.4818
2024-07-01,2024,7,2601,Recife - PE,N7,7558,Vestuário,4,-0.31,-0.77,0.26,5.8498
2020-09-01,2020,9,2901,Salvador - BA,N7,7625,Transportes,5,-1.38,-5.2,,17.7837
2024-12-01,2024,12,2301,Fortaleza - CE,N7,7558,Vestuário,4,0.79,1.66,1.66,4.7988
2025-03-01,2025,3,2301,Fortaleza - CE,N7,7486,Artigos de residência,3,0.48,1.15,3.7,3.8779
2026-01-01,2026,1,3301,Rio de Janeiro - RJ,N7,7558,Vestuário,4,-0.99,-0.99,4.62,3.815
2025-09-01,2025,9,4101,Curitiba - PR,N7,7625,Transportes,5,-0.21,2.3,2.87,25.3889
2021-09-01,2021,9,3301,Rio de Janeiro - RJ,N7,7170,Alimentação e bebidas,1,1.76,5.57,12.78,20.4291
2024-02-01,2024,2,4301,Porto Alegre - RS,N7,7170,Alimentação e bebidas,1,0.7,1.77,1.31,21.3529
2024-01-01,2024,1,3501,São Paulo - SP,N7,7712,Despesas pessoais,7,0.83,0.83,5.53,11.1111
2023-06-01,2023,6,3501,São Paulo - SP,N7,7169,Índice geral,0,-0.01,3.12,4.44,100.0
2021-02-01,2021,2,4301,Porto Alegre - RS,N7,7660,Saúde e cuidados pessoais,6,0.87,1.44,1.36,12.8784
2024-04-01,2024,4,3201,Grande Vitória - ES,N7,7169,Índice geral,0,0.43,1.57,3.61,100.0
2023-09-01,2023,9,4101,Curitiba - PR,N7,7558,Vestuário,4,0.15,1.86,3.01,4.908
2022-08-01,2022,8,4301,Porto Alegre - RS,N7,7169,Índice geral,0,-0.9,2.31,6.95,100.0
2024-05-01,2024,5,1501,Belém - PA,N7,7558,Vestuário,4,1.12,2.49,4.23,6.2838
2021-03-01,2021,3,2901,Salvador - BA,N7,7445,Habitação,2,-0.01,-1.13,5.65,13.9291
2026-05-01,2026,5,2601,Recife - PE,N7,7660,Saúde e cuidados pessoais,6,1.15,4.64,6.29,15.2389
2025-08-01,2025,8,3501,São Paulo - SP,N7,7786,Comunicação,9,0.17,1.09,1.87,4.5946
2021-04-01,2021,4,2901,Salvador - BA,N7,7660,Saúde e cuidados pessoais,6,0.87,2.2,4.28,15.0529
2020-09-01,2020,9,3201,Grande Vitória - ES,N7,7712,Despesas pessoais,7,0.31,1.24,,9.2306
2022-11-01,2022,11,4101,Curitiba - PR,N7,7445,Habitação,2,0.02,-7.34,-6.8,13.8872
2020-06-01,2020,6,2601,Recife - PE,N7,7445,Habitação,2,0.37,1.03,,14.0982
2023-01-01,2023,1,3301,Rio de Janeiro - RJ,N7,7169,Índice geral,0,0.43,0.43,6.47,100.0
2021-12-01,2021,12,2601,Recife - PE,N7,7169,Índice geral,0,1.05,10.42,10.42,100.0
2024-07-01,2024,7,3301,Rio de Janeiro - RJ,N7,7169,Índice geral,0,0.28,2.5,4.28,100.0
2026-05-01,2026,5,3101,Belo Horizonte - MG,N7,7558,Vestuário,4,0.83,2.33,4.26,5.0533
2025-04-01,2025,4,4101,Curitiba - PR,N7,7558,Vestuário,4,0.76,3.76,6.49,4.9773
2026-04-01,2026,4,3501,São Paulo - SP,N7,7486,Artigos de residência,3,0.47,1.16,0.83,3.311
2025-06-01,2025,6,4301,Porto Alegre - RS,N7,7786,Comunicação,9,-0.09,0.96,2.23,5.3319
2022-04-01,2022,4,3201,Grande Vitória - ES,N7,7786,Comunicação,9,0.18,0.75,1.29,5.5149
2020-11-01,2020,11,2601,Recife - PE,N7,7445,Habitação,2,0.54,3.97,,14.0612
2025-02-01,2025,2,3501,São Paulo - SP,N7,7660,Saúde e cuidados pessoais,6,0.33,1.14,5.71,13.2114
2026-01-01,2026,1,3101,Belo Horizonte - MG,N7,7625,Transportes,5,1.29,1.29,1.6,19.523
2021-06-01,2021,6,3501,São Paulo - SP,N7,7558,Vestuário,4,2.34,6.08,5.86,3.7187
2025-12-01,2025,12,2301,Fortaleza - CE,N7,7558,Vestuário,4,0.88,3.81,3.81,4.7597
2023-03-01,2023,3,3301,Rio de Janeiro - RJ,N7,7786,Comunicação,9,0.25,3.99,0.74,6.4353
2024-09-01,2024,9,2601,Recife - PE,N7,7558,Vestuário,4,-0.62,-0.68,0.33,5.8581
2021-01-01,2021,1,2301,Fortaleza - CE,N7,7169,Índice geral,0,0.36,0.36,5.83,100.0
2022-02-01,2022,2,3101,Belo Horizonte - MG,N7,7558,Vestuário,4,0.4,2.34,11.13,4.6434
2021-07-01,2021,7,3201,Grande Vitória - ES,N7,7169,Índice geral,0,0.88,5.23,9.61,100.0
2021-10-01,2021,10,2601,Recife - PE,N7,7558,Vestuário,4,2.24,3.9,5.96,5.3754
2022-10-01,2022,10,2901,Salvador - BA,N7,7660,Saúde e cuidados pessoais,6,1.52,8.55,9.03,14.57
2025-08-01,2025,8,2601,Recife - PE,N7,7766,Educação,8,0.22,5.55,5.78,6.1647
2022-02-01,2022,2,3201,Grande Vitória - ES,N7,7625,Transportes,5,0.62,1.86,20.03,24.7216
2026-05-01,2026,5,4101,Curitiba - PR,N7,7169,Índice geral,0,0.29,2.41,3.33,100.0
2021-04-01,2021,4,4101,Curitiba - PR,N7,7445,Habitação,2,-0.09,0.72,4.71,14.7285
2020-01-01,2020,1,2601,Recife - PE,N7,7445,Habitação,2,0.72,0.72,,14.0908
2021-06-01,2021,6,4101,Curitiba - PR,N7,7170,Alimentação e bebidas,1,0.39,3.4,13.57,20.9773
2024-07-01,2024,7,1501,Belém - PA,N7,7486,Artigos de residência,3,0.63,2.88,3.26,3.7389
2022-09-01,2022,9,4301,Porto Alegre - RS,N7,7558,Vestuário,4,1.34,11.47,16.02,4.9647
2020-07-01,2020,7,3501,São Paulo - SP,N7,7712,Despesas pessoais,7,-0.18,0.09,,11.6729
2020-06-01,2020,6,3501,São Paulo - SP,N7,7445,Habitação,2,0.04,-0.16,,16.459
2020-07-01,2020,7,3501,São Paulo - SP,N7,7786,Comunicação,9,1.02,2.01,,5.7479
2020-06-01,2020,6,2601,Recife - PE,N7,7712,Despesas pessoais,7,-0.2,-0.21,,9.2215
2023-07-01,2023,7,4101,Curitiba - PR,N7,7558,Vestuário,4,-0.55,1.53,5.37,4.955
2022-05-01,2022,5,3301,Rio de Janeiro - RJ,N7,7169,Índice geral,0,0.56,5.66,11.6,100.0
2021-08-01,2021,8,4101,Curitiba - PR,N7,7660,Saúde e cuidados pessoais,6,0.3,3.87,3.47,10.0844
2023-04-01,2023,4,1501,Belém - PA,N7,7766,Educação,8,0.27,7.11,9.77,3.615
2026-02-01,2026,2,4101,Curitiba - PR,N7,7170,Alimentação e bebidas,1,-0.14,0.22,1.19,21.4122
2022-09-01,2022,9,3501,São Paulo - SP,N7,7486,Artigos de residência,3,-0.49,7.49,11.45,3.753
2023-05-01,2023,5,3201,Grande Vitória - ES,N7,7660,Saúde e cuidados pessoais,6,1.08,5.08,12.05,15.6384
2023-11-01,2023,11,3501,São Paulo - SP,N7,7169,Índice geral,0,0.42,4.4,5.05,100.0
2025-09-01,2025,9,2601,Recife - PE,N7,7786,Comunicação,9,0.17,0.26,0.65,3.8648
2022-12-01,2022,12,2901,Salvador - BA,N7,7712,Despesas pessoais,7,0.66,6.34,6.34,9.8776
2020-03-01,2020,3,4301,Porto Alegre - RS,N7,7169,Índice geral,0,-0.32,0.01,,100.0
2022-07-01,2022,7,3101,Belo Horizonte - MG,N7,7786,Comunicação,9,0.02,3.41,4.88,5.371
2023-06-01,2023,6,2601,Recife - PE,N7,7766,Educação,8,0.05,8.82,9.55,6.0312
2025-04-01,2025,4,2901,Salvador - BA,N7,7558,Vestuário,4,0.01,0.1,2.85,5.1573
2022-10-01,2022,10,3101,Belo Horizonte - MG,N7,7712,Despesas pessoais,7,0.6,7.54,8.87,10.6605
2022-12-01,2022,12,3501,São Paulo - SP,N7,7660,Saúde e cuidados pessoais,6,1.5,11.32,11.32,12.6129
2025-06-01,2025,6,3201,Grande Vitória - ES,N7,7712,Despesas pessoais,7,0.98,2.72,6.43,8.634
2022-07-01,2022,7,2601,Recife - PE,N7,7486,Artigos de residência,3,-0.22,7.38,13.52,4.2763
2022-08-01,2022,8,4301,Porto Alegre - RS,N7,7660,Saúde e cuidados pessoais,6,1.15,7.26,8.28,12.3554
2021-05-01,2021,5,3101,Belo Horizonte - MG,N7,7170,Alimentação e bebidas,1,0.24,0.85,13.18,21.2511
2020-01-01,2020,1,2901,Salvador - BA,N7,7766,Educação,8,0.22,0.22,,6.0393
2022-07-01,2022,7,3501,São Paulo - SP,N7,7786,Comunicação,9,0.26,2.57,3.6,5.0683
2020-02-01,2020,2,3101,Belo Horizonte - MG,N7,7712,Despesas pessoais,7,0.44,0.52,,11.1988
2026-02-01,2026,2,3201,Grande Vitória - ES,N7,7766,Educação,8,6.55,6.49,7.67,5.5175
2023-08-01,2023,8,4101,Curitiba - PR,N7,7445,Habitação,2,1.86,8.9,7.67,14.2754
2025-02-01,2025,2,4101,Curitiba - PR,N7,7786,Comunicação,9,0.06,-0.28,2.49,4.1904
2025-07-01,2025,7,1501,Belém - PA,N7,7169,Índice geral,0,-0.04,3.35,5.07,100.0
2020-08-01,2020,8,2901,Salvador - BA,N7,7786,Comunicação,9,1.75,2.92,,4.8849
2024-10-01,2024,10,3101,Belo Horizonte - MG,N7,7170,Alimentação e bebidas,1,1.28,5.2,8.29,21.8188
2023-03-01,2023,3,4301,Porto Alegre - RS,N7,7445,Habitação,2,2.9,3.26,-1.98,14.1027
2020-05-01,2020,5,2601,Recife - PE,N7,7766,Educação,8,-0.03,3.71,,6.2324
2023-10-01,2023,10,3301,Rio de Janeiro - RJ,N7,7486,Artigos de residência,3,1.59,1.6,0.39,3.0487
2026-03-01,2026,3,3201,Grande Vitória - ES,N7,7558,Vestuário,4,-0.12,-1.23,4.67,3.9114
2025-03-01,2025,3,2901,Salvador - BA,N7,7486,Artigos de residência,3,0.21,0.13,0.86,3.7601
2021-02-01,2021,2,4101,Curitiba - PR,N7,7786,Comunicação,9,-0.35,-0.46,1.13,5.0311
2024-08-01,2024,8,3301,Rio de Janeiro - RJ,N7,7169,Índice geral,0,-0.08,2.42,4.24,100.0
2020-06-01,2020,6,1501,Belém - PA,N7,7660,Saúde e cuidados pessoais,6,-0.62,-1.16,,13.251
2023-05-01,2023,5,2301,Fortaleza - CE,N7,7170,Alimentação e bebidas,1,0.49,1.55,5.26,24.4948
2023-11-01,2023,11,2901,Salvador - BA,N7,7786,Comunicação,9,-0.67,3.25,3.35,4.0593
2021-07-01,2021,7,3301,Rio de Janeiro - RJ,N7,7786,Comunicação,9,-0.17,0.06,2.52,7.0534
2025-07-01,2025,7,2301,Fortaleza - CE,N7,7170,Alimentação e bebidas,1,-0.56,3.54,5.93,24.7432
2020-03-01,2020,3,1501,Belém - PA,N7,7625,Transportes,5,-0.47,-0.44,,18.5436
2022-05-01,2022,5,3101,Belo Horizonte - MG,N7,7625,Transportes,5,1.01,6.56,20.43,21.8334
2021-05-01,2021,5,2901,Salvador - BA,N7,7486,Artigos de residência,3,0.84,3.95,10.52,4.1497
2022-02-01,2022,2,4301,Porto Alegre - RS,N7,7445,Habitação,2,-0.2,-2.53,14.88,15.4631
2026-06-01,2026,6,3101,Belo Horizonte - MG,N7,7712,Despesas pessoais,7,0.4,2.97,5.39,10.8306
2024-01-01,2024,1,4301,Porto Alegre - RS,N7,7786,Comunicação,9,0.29,0.29,1.19,5.4429
2023-08-01,2023,8,4101,Curitiba - PR,N7,7625,Transportes,5,0.84,3.12,4.5,26.0328
2023-05-01,2023,5,4101,Curitiba - PR,N7,7660,Saúde e cuidados pessoais,6,0.88,5.0,11.58,10.5034
2020-12-01,2020,12,3101,Belo Horizonte - MG,N7,7558,Vestuário,4,1.71,0.42,0.42,4.6055
2020-10-01,2020,10,3201,Grande Vitória - ES,N7,7486,Artigos de residência,3,0.98,5.33,,3.9371
2023-02-01,2023,2,2301,Fortaleza - CE,N7,7558,Vestuário,4,-0.06,-0.25,15.63,4.9369
2024-02-01,2024,2,2301,Fortaleza - CE,N7,7712,Despesas pessoais,7,-0.2,0.85,4.99,7.5893
2026-06-01,2026,6,4301,Porto Alegre - RS,N7,7766,Educação,8,0.02,5.19,6.11,5.245
2023-04-01,2023,4,3501,São Paulo - SP,N7,7712,Despesas pessoais,7,0.26,1.94,8.06,10.9975
2026-02-01,2026,2,3101,Belo Horizonte - MG,N7,7445,Habitação,2,1.53,1.78,7.17,13.4913
2022-11-01,2022,11,2601,Recife - PE,N7,7712,Despesas pessoais,7,0.28,4.62,5.67,8.44
2021-05-01,2021,5,3101,Belo Horizonte - MG,N7,7445,Habitação,2,2.03,2.39,6.84,14.0665
2023-03-01,2023,3,2901,Salvador - BA,N7,7170,Alimentação e bebidas,1,0.16,0.82,7.79,23.2596
2025-12-01,2025,12,3301,Rio de Janeiro - RJ,N7,7766,Educação,8,0.09,6.34,6.34,5.5771
2025-01-01,2025,1,3301,Rio de Janeiro - RJ,N7,7712,Despesas pessoais,7,1.32,1.32,5.39,9.3974
2025-06-01,2025,6,3101,Belo Horizonte - MG,N7,7766,Educação,8,-0.03,4.71,5.4,5.5045
2025-03-01,2025,3,1501,Belém - PA,N7,7712,Despesas pessoais,7,0.73,0.88,4.82,7.5373
2025-03-01,2025,3,2601,Recife - PE,N7,7170,Alimentação e bebidas,1,0.64,2.15,5.51,24.0426
2025-10-01,2025,10,3501,São Paulo - SP,N7,7169,Índice geral,0,0.04,4.2,5.17,100.0
2024-01-01,2024,1,3101,Belo Horizonte - MG,N7,7660,Saúde e cuidados pessoais,6,1.0,1.0,6.91,14.4782
2023-10-01,2023,10,3101,Belo Horizonte - MG,N7,7625,Transportes,5,1.09,6.85,7.32,20.0652
2022-12-01,2022,12,4301,Porto Alegre - RS,N7,7766,Educação,8,0.07,7.19,7.19,4.7974
2021-01-01,2021,1,3501,São Paulo - SP,N7,7766,Educação,8,0.09,0.09,1.57,6.9051
2025-05-01,2025,5,3101,Belo Horizonte - MG,N7,7170,Alimentação e bebidas,1,0.26,3.61,7.73,22.5583
2024-05-01,2024,5,4101,Curitiba - PR,N7,7712,Despesas pessoais,7,0.13,1.81,4.24,9.3268
2025-10-01,2025,10,2601,Recife - PE,N7,7445,Habitação,2,-0.4,6.6,3.5,13.9761
2024-06-01,2024,6,4101,Curitiba - PR,N7,7558,Vestuário,4,0.28,2.33,3.84,4.9653
2025-07-01,2025,7,2901,Salvador - BA,N7,7486,Artigos de residência,3,-0.52,-0.98,0.65,3.7008
2026-05-01,2026,5,4301,Porto Alegre - RS,N7,7712,Despesas pessoais,7,0.29,1.4,4.8,10.5842
2022-08-01,2022,8,2301,Fortaleza - CE,N7,7486,Artigos de residência,3,0.42,8.26,12.59,4.1417
2020-10-01,2020,10,3501,São Paulo - SP,N7,7170,Alimentação e bebidas,1,1.66,8.59,,19.4017
2022-04-01,2022,4,3301,Rio de Janeiro - RJ,N7,7766,Educação,8,0.16,6.91,8.02,5.2488
2024-06-01,2024,6,4101,Curitiba - PR,N7,7786,Comunicação,9,0.06,2.59,2.43,4.2373
2024-11-01,2024,11,3101,Belo Horizonte - MG,N7,7169,Índice geral,0,0.57,5.7,6.54,100.0
2023-05-01,2023,5,2601,Recife - PE,N7,7712,Despesas pessoais,7,1.08,1.55,4.52,8.2864
2021-01-01,2021,1,3201,Grande Vitória - ES,N7,7558,Vestuário,4,-0.01,-0.01,-0.2,3.7834
2024-10-01,2024,10,2301,Fortaleza - CE,N7,7169,Índice geral,0,0.46,3.78,4.97,100.0
2024-12-01,2024,12,3301,Rio de Janeiro - RJ,N7,7445,Habitação,2,0.0,3.73,3.73,18.4139
2025-12-01,2025,12,3501,São Paulo - SP,N7,7786,Comunicação,9,0.22,0.98,0.98,4.5425
2021-03-01,2021,3,2601,Recife - PE,N7,7486,Artigos de residência,3,0.67,1.72,9.17,4.1639
2026-02-01,2026,2,2901,Salvador - BA,N7,7445,Habitação,2,0.1,-0.39,2.12,14.0929
2020-06-01,2020,6,2901,Salvador - BA,N7,7558,Vestuário,4,-1.28,-5.79,,5.1084
2021-06-01,2021,6,2301,Fortaleza - CE,N7,7625,Transportes,5,0.83,7.45,13.49,18.6806
2023-02-01,2023,2,2901,Salvador - BA,N7,7766,Educação,8,6.12,6.44,10.1,5.5985
2025-03-01,2025,3,3301,Rio de Janeiro - RJ,N7,7786,Comunicação,9,-0.19,-0.08,1.52,5.9303
2024-09-01,2024,9,3501,São Paulo - SP,N7,7169,Índice geral,0,0.36,3.35,4.59,100.0
2022-01-01,2022,1,3201,Grande Vitória - ES,N7,7625,Transportes,5,1.23,1.23,21.91,24.5607
2021-12-01,2021,12,3101,Belo Horizonte - MG,N7,7786,Comunicação,9,0.57,1.33,1.33,5.4946
2020-10-01,2020,10,2301,Fortaleza - CE,N7,7169,Índice geral,0,0.83,3.4,,100.0
2025-07-01,2025,7,3201,Grande Vitória - ES,N7,7445,Habitação,2,0.09,3.76,5.15,15.3395
2025-01-01,2025,1,2601,Recife - PE,N7,7786,Comunicação,9,0.28,0.28,1.95,3.9805
2021-12-01,2021,12,2601,Recife - PE,N7,7660,Saúde e cuidados pessoais,6,1.52,3.82,3.82,13.6089
2026-04-01,2026,4,3201,Grande Vitória - ES,N7,7766,Educação,8,0.11,6.5,7.59,5.788
2021-03-01,2021,3,2601,Recife - PE,N7,7170,Alimentação e bebidas,1,0.29,1.62,12.31,23.3731
2025-09-01,2025,9,4101,Curitiba - PR,N7,7786,Comunicação,9,-0.15,1.0,2.0,4.1127
2021-08-01,2021,8,2601,Recife - PE,N7,7445,Habitação,2,0.56,7.91,12.85,14.674
2021-05-01,2021,5,3501,São Paulo - SP,N7,7786,Comunicação,9,0.28,0.39,2.64,5.5311
2024-02-01,2024,2,3101,Belo Horizonte - MG,N7,7170,Alimentação e bebidas,1,0.99,3.75,3.91,22.3224
2022-12-01,2022,12,1501,Belém - PA,N7,7486,Artigos de residência,3,-0.02,3.27,3.27,3.8656
2025-04-01,2025,4,4101,Curitiba - PR,N7,7766,Educação,8,0.1,5.81,7.26,5.6222
2025-06-01,2025,6,3301,Rio de Janeiro - RJ,N7,7170,Alimentação e bebidas,1,-0.74,2.71,5.97,21.248
2020-04-01,2020,4,3101,Belo Horizonte - MG,N7,7712,Despesas pessoais,7,-0.15,0.18,,11.1648
2020-06-01,2020,6,3301,Rio de Janeiro - RJ,N7,7445,Habitação,2,-0.07,0.94,,18.5997
2024-12-01,2024,12,2901,Salvador - BA,N7,7766,Educação,8,0.17,7.63,7.63,6.0399
2021-10-01,2021,10,3201,Grande Vitória - ES,N7,7786,Comunicação,9,0.53,-0.06,0.79,5.7735
2021-02-01,2021,2,3201,Grande Vitória - ES,N7,7169,Índice geral,0,1.0,1.44,6.0,100.0
2021-02-01,2021,2,3201,Grande Vitória - ES,N7,7625,Transportes,5,2.2,3.78,4.74,22.6411
2021-11-01,2021,11,3301,Rio de Janeiro - RJ,N7,7625,Transportes,5,3.19,15.35,16.73,20.1425
2023-12-01,2023,12,4301,Porto Alegre - RS,N7,7486,Artigos de residência,3,0.45,-1.13,-1.13,4.2851
2022-10-01,2022,10,4301,Porto Alegre - RS,N7,7486,Artigos de residência,3,0.66,9.59,12.1,4.6136
2024-05-01,2024,5,3201,Grande Vitória - ES,N7,7712,Despesas pessoais,7,-0.27,1.32,5.45,8.6621
2026-01-01,2026,1,3501,São Paulo - SP,N7,7786,Comunicação,9,0.59,0.59,1.88,4.5401
2022-10-01,2022,10,3301,Rio de Janeiro - RJ,N7,7169,Índice geral,0,0.41,5.93,7.62,100.0
2024-12-01,2024,12,2901,Salvador - BA,N7,7445,Habitação,2,-0.04,1.95,1.95,14.3012
2026-06-01,2026,6,4101,Curitiba - PR,N7,7170,Alimentação e bebidas,1,-0.08,4.29,3.18,21.8363
2021-08-01,2021,8,3501,São Paulo - SP,N7,7712,Despesas pessoais,7,0.71,2.32,3.56,11.0407
2020-08-01,2020,8,2601,Recife - PE,N7,7712,Despesas pessoais,7,-0.27,-0.26,,9.14
2023-10-01,2023,10,3301,Rio de Janeiro - RJ,N7,7625,Transportes,5,0.22,4.07,4.78,20.1457
2024-11-01,2024,11,3101,Belo Horizonte - MG,N7,7486,Artigos de residência,3,-0.3,1.86,2.96,3.8802
2024-05-01,2024,5,3501,São Paulo - SP,N7,7712,Despesas pessoais,7,0.03,1.01,4.26,11.0352
2024-09-01,2024,9,4101,Curitiba - PR,N7,7660,Saúde e cuidados pessoais,6,0.47,4.94,5.0,10.7749
2020-07-01,2020,7,2601,Recife - PE,N7,7660,Saúde e cuidados pessoais,6,0.43,1.44,,15.0545
2024-07-01,2024,7,4101,Curitiba - PR,N7,7445,Habitação,2,1.05,2.27,3.89,14.2062
2020-09-01,2020,9,2601,Recife - PE,N7,7170,Alimentação e bebidas,1,2.57,8.72,,22.5682
2024-11-01,2024,11,2301,Fortaleza - CE,N7,7712,Despesas pessoais,7,1.28,4.33,4.52,7.5047
2020-02-01,2020,2,2301,Fortaleza - CE,N7,7170,Alimentação e bebidas,1,0.94,1.77,,22.1528
2024-05-01,2024,5,3101,Belo Horizonte - MG,N7,7445,Habitação,2,0.52,2.5,5.83,13.0354
2022-08-01,2022,8,2301,Fortaleza - CE,N7,7445,Habitação,2,-1.72,1.27,5.78,16.7309
2020-12-01,2020,12,4301,Porto Alegre - RS,N7,7170,Alimentação e bebidas,1,2.6,14.38,14.38,21.0519
2022-03-01,2022,3,2601,Recife - PE,N7,7660,Saúde e cuidados pessoais,6,0.83,2.24,4.83,13.6746
2023-11-01,2023,11,3501,São Paulo - SP,N7,7660,Saúde e cuidados pessoais,6,0.19,6.48,8.07,13.0051
2022-02-01,2022,2,2601,Recife - PE,N7,7170,Alimentação e bebidas,1,0.8,1.29,9.18,23.1253
2022-06-01,2022,6,3301,Rio de Janeiro - RJ,N7,7786,Comunicação,9,0.0,2.36,3.87,6.5807
2021-10-01,2021,10,3501,São Paulo - SP,N7,7486,Artigos de residência,3,1.55,9.62,13.48,3.6276
2023-10-01,2023,10,3101,Belo Horizonte - MG,N7,7170,Alimentação e bebidas,1,0.55,-2.15,0.76,21.5465
2021-08-01,2021,8,3101,Belo Horizonte - MG,N7,7170,Alimentação e bebidas,1,1.05,2.43,14.15,21.0034
2024-11-01,2024,11,2901,Salvador - BA,N7,7558,Vestuário,4,0.6,1.33,1.63,5.2583
2024-08-01,2024,8,4101,Curitiba - PR,N7,7712,Despesas pessoais,7,0.42,2.91,4.22,9.3035
2024-12-01,2024,12,3501,São Paulo - SP,N7,7712,Despesas pessoais,7,0.66,4.71,4.71,11.0637
2020-08-01,2020,8,3301,Rio de Janeiro - RJ,N7,7170,Alimentação e bebidas,1,0.04,2.83,,19.4214
2024-01-01,2024,1,4101,Curitiba - PR,N7,7660,Saúde e cuidados pessoais,6,0.74,0.74,6.86,10.5556
2020-05-01,2020,5,3201,Grande Vitória - ES,N7,7660,Saúde e cuidados pessoais,6,0.03,1.53,,16.3173
2022-09-01,2022,9,2601,Recife - PE,N7,7712,Despesas pessoais,7,0.63,4.38,7.2,8.4343
2025-02-01,2025,2,4101,Curitiba - PR,N7,7712,Despesas pessoais,7,-0.47,-0.33,3.96,9.3989
2024-04-01,2024,4,3501,São Paulo - SP,N7,7786,Comunicação,9,0.15,1.71,1.09,4.8417
2020-05-01,2020,5,3201,Grande Vitória - ES,N7,7712,Despesas pessoais,7,0.12,1.08,,9.2573
2024-01-01,2024,1,3201,Grande Vitória - ES,N7,7786,Comunicação,9,0.03,0.03,2.74,5.2246
2025-04-01,2025,4,3101,Belo Horizonte - MG,N7,7170,Alimentação e bebidas,1,0.34,3.34,7.47,22.5931
2024-12-01,2024,12,4301,Porto Alegre - RS,N7,7170,Alimentação e bebidas,1,0.62,3.83,3.83,21.1852
2022-11-01,2022,11,1501,Belém - PA,N7,7786,Comunicação,9,0.18,-2.6,-2.27,4.3297
2025-12-01,2025,12,4101,Curitiba - PR,N7,7486,Artigos de residência,3,-0.66,2.12,2.12,3.8873
2020-09-01,2020,9,1501,Belém - PA,N7,7766,Educação,8,-0.27,-2.0,,3.5342
2023-05-01,2023,5,3501,São Paulo - SP,N7,7786,Comunicação,9,0.13,4.1,2.19,4.9588
2023-10-01,2023,10,2301,Fortaleza - CE,N7,7660,Saúde e cuidados pessoais,6,0.44,5.78,8.05,13.3971
2021-01-01,2021,1,4301,Porto Alegre - RS,N7,7445,Habitação,2,-1.05,-1.05,4.95,15.0378
2022-07-01,2022,7,3201,Grande Vitória - ES,N7,7445,Habitação,2,-4.75,-8.93,1.97,15.2545
2024-03-01,2024,3,1501,Belém - PA,N7,7170,Alimentação e bebidas,1,1.32,5.01,2.58,27.1773
2022-01-01,2022,1,1501,Belém - PA,N7,7786,Comunicação,9,1.31,1.31,2.23,4.6472
2023-04-01,2023,4,2601,Recife - PE,N7,7558,Vestuário,4,-0.08,0.54,11.88,6.0358
2020-11-01,2020,11,4301,Porto Alegre - RS,N7,7558,Vestuário,4,-0.92,-2.72,,4.7717
2025-02-01,2025,2,4301,Porto Alegre - RS,N7,7169,Índice geral,0,1.29,1.26,4.2,100.0
2021-07-01,2021,7,3201,Grande Vitória - ES,N7,7660,Saúde e cuidados pessoais,6,-0.2,4.15,3.84,15.7416
2024-12-01,2024,12,1501,Belém - PA,N7,7786,Comunicação,9,0.42,3.32,3.32,4.1627
2020-08-01,2020,8,3501,São Paulo - SP,N7,7786,Comunicação,9,-0.1,1.9,,5.7923
2020-07-01,2020,7,1501,Belém - PA,N7,7786,Comunicação,9,-0.19,0.21,,5.154
2026-01-01,2026,1,4301,Porto Alegre - RS,N7,7766,Educação,8,-0.04,-0.04,5.57,5.1268
2022-10-01,2022,10,3501,São Paulo - SP,N7,7558,Vestuário,4,1.1,16.08,20.82,4.1532
2022-03-01,2022,3,3201,Grande Vitória - ES,N7,7558,Vestuário,4,1.53,0.97,11.23,3.6797
2025-01-01,2025,1,3301,Rio de Janeiro - RJ,N7,7486,Artigos de residência,3,0.07,0.07,-2.19,2.8789
2020-04-01,2020,4,3201,Grande Vitória - ES,N7,7712,Despesas pessoais,7,-0.15,0.96,,9.2632
2020-06-01,2020,6,4301,Porto Alegre - RS,N7,7558,Vestuário,4,-0.21,-2.06,,4.8659
2022-07-01,2022,7,2301,Fortaleza - CE,N7,7660,Saúde e cuidados pessoais,6,0.26,6.59,6.1,12.4936
2022-03-01,2022,3,4301,Porto Alegre - RS,N7,7766,Educação,8,0.25,5.21,6.35,4.8483
2020-08-01,2020,8,3301,Rio de Janeiro - RJ,N7,7625,Transportes,5,0.22,-3.3,,19.1485
2020-11-01,2020,11,3201,Grande Vitória - ES,N7,7766,Educação,8,0.19,-2.68,,5.2541
2023-02-01,2023,2,2901,Salvador - BA,N7,7786,Comunicação,9,0.97,3.19,-0.62,4.0977
2021-10-01,2021,10,3301,Rio de Janeiro - RJ,N7,7766,Educação,8,0.0,2.51,5.69,5.2392
2021-05-01,2021,5,3201,Grande Vitória - ES,N7,7786,Comunicação,9,-0.04,-0.15,2.61,6.0825
2022-12-01,2022,12,3101,Belo Horizonte - MG,N7,7169,Índice geral,0,0.71,4.64,4.64,100.0
2022-12-01,2022,12,3101,Belo Horizonte - MG,N7,7786,Comunicação,9,0.34,-0.58,-0.58,5.2307
2025-07-01,2025,7,1501,Belém - PA,N7,7766,Educação,8,0.13,5.77,6.91,3.7726
2025-10-01,2025,10,4101,Curitiba - PR,N7,7625,Transportes,5,-0.17,2.13,3.12,25.2409
2021-05-01,2021,5,3501,São Paulo - SP,N7,7712,Despesas pessoais,7,0.15,0.66,1.68,11.1744
2023-08-01,2023,8,3501,São Paulo - SP,N7,7558,Vestuário,4,1.2,1.83,8.73,4.1644
2025-02-01,2025,2,4301,Porto Alegre - RS,N7,7170,Alimentação e bebidas,1,0.31,1.31,3.36,21.427
2021-09-01,2021,9,4301,Porto Alegre - RS,N7,7786,Comunicação,9,-0.16,1.35,2.71,5.9797
2025-07-01,2025,7,3201,Grande Vitória - ES,N7,7712,Despesas pessoais,7,0.72,3.46,6.67,8.6969
2023-12-01,2023,12,3501,São Paulo - SP,N7,7766,Educação,8,0.32,8.78,8.78,6.7046
2022-03-01,2022,3,1501,Belém - PA,N7,7786,Comunicação,9,-0.5,1.1,3.15,4.6468
2022-02-01,2022,2,3201,Grande Vitória - ES,N7,7169,Índice geral,0,0.86,1.44,11.5,100.0
2023-05-01,2023,5,1501,Belém - PA,N7,7712,Despesas pessoais,7,1.25,3.15,7.05,7.5425
2025-04-01,2025,4,1501,Belém - PA,N7,7625,Transportes,5,-0.73,0.28,3.81,18.4711
2025-04-01,2025,4,3201,Grande Vitória - ES,N7,7169,Índice geral,0,0.33,2.75,5.48,100.0
2022-07-01,2022,7,2601,Recife - PE,N7,7445,Habitação,2,-1.6,-0.2,5.26,14.1205
2025-01-01,2025,1,4301,Porto Alegre - RS,N7,7766,Educação,8,0.22,0.22,5.54,5.0756
2024-09-01,2024,9,4301,Porto Alegre - RS,N7,7660,Saúde e cuidados pessoais,6,0.4,4.31,5.01,13.2085
2020-10-01,2020,10,4301,Porto Alegre - RS,N7,7712,Despesas pessoais,7,-0.31,-0.44,,10.8639
2020-09-01,2020,9,4301,Porto Alegre - RS,N7,7558,Vestuário,4,-0.11,-2.51,,4.8055
2022-05-01,2022,5,2601,Recife - PE,N7,7625,Transportes,5,0.37,6.75,21.86,20.6743
2020-03-01,2020,3,2601,Recife - PE,N7,7766,Educação,8,0.01,3.79,,6.2422
2020-01-01,2020,1,2601,Recife - PE,N7,7766,Educação,8,0.15,0.15,,6.0552
2021-03-01,2021,3,3201,Grande Vitória - ES,N7,7766,Educação,8,0.59,7.75,2.19,5.5876
2020-09-01,2020,9,3201,Grande Vitória - ES,N7,7558,Vestuário,4,0.84,-4.03,,3.793
2024-08-01,2024,8,3501,São Paulo - SP,N7,7712,Despesas pessoais,7,0.14,2.27,4.15,11.0297
2025-08-01,2025,8,2901,Salvador - BA,N7,7170,Alimentação e bebidas,1,-1.11,3.06,6.37,22.9141
2023-07-01,2023,7,3101,Belo Horizonte - MG,N7,7169,Índice geral,0,-0.16,3.3,3.49,100.0
2020-01-01,2020,1,3201,Grande Vitória - ES,N7,7660,Saúde e cuidados pessoais,6,0.0,0.0,,16.1824
2022-07-01,2022,7,1501,Belém - PA,N7,7170,Alimentação e bebidas,1,-0.71,8.62,8.83,27.6472
2021-11-01,2021,11,3201,Grande Vitória - ES,N7,7558,Vestuário,4,1.38,8.51,9.74,3.6953
2022-07-01,2022,7,3101,Belo Horizonte - MG,N7,7445,Habitação,2,-2.74,-5.34,-2.43,13.1629
2023-08-01,2023,8,3101,Belo Horizonte - MG,N7,7169,Índice geral,0,-0.08,3.22,4.71,100.0
2021-02-01,2021,2,1501,Belém - PA,N7,7445,Habitação,2,0.47,-0.94,2.37,15.4972
2025-10-01,2025,10,1501,Belém - PA,N7,7170,Alimentação e bebidas,1,0.04,2.64,7.07,27.1852
2023-08-01,2023,8,3101,Belo Horizonte - MG,N7,7766,Educação,8,0.21,6.75,7.5,5.4189
2026-04-01,2026,4,3501,São Paulo - SP,N7,7766,Educação,8,0.09,5.85,7.25,7.2037
2023-11-01,2023,11,1501,Belém - PA,N7,7169,Índice geral,0,0.14,4.06,5.15,100.0
2021-03-01,2021,3,4101,Curitiba - PR,N7,7445,Habitação,2,0.72,0.82,4.64,14.8178
2024-12-01,2024,12,1501,Belém - PA,N7,7170,Alimentação e bebidas,1,1.77,7.93,7.93,27.1123
2026-02-01,2026,2,3501,São Paulo - SP,N7,7445,Habitação,2,0.3,0.33,6.17,16.3962
2020-05-01,2020,5,3301,Rio de Janeiro - RJ,N7,7766,Educação,8,0.02,4.47,,5.6691
2023-01-01,2023,1,3201,Grande Vitória - ES,N7,7486,Artigos de residência,3,1.74,1.74,4.57,3.8657
2024-01-01,2024,1,4301,Porto Alegre - RS,N7,7486,Artigos de residência,3,-0.77,-0.77,-2.48,4.286
2025-03-01,2025,3,1501,Belém - PA,N7,7486,Artigos de residência,3,0.46,1.09,4.79,3.69
2020-04-01,2020,4,3301,Rio de Janeiro - RJ,N7,7486,Artigos de residência,3,-1.4,-3.99,,2.8869
2026-04-01,2026,4,2301,Fortaleza - CE,N7,7660,Saúde e cuidados pessoais,6,1.22,3.26,7.43,13.8835
2025-09-01,2025,9,1501,Belém - PA,N7,7660,Saúde e cuidados pessoais,6,-0.7,5.53,5.19,13.1663
2022-06-01,2022,6,3101,Belo Horizonte - MG,N7,7445,Habitação,2,0.78,-2.67,2.64,13.1686
2021-11-01,2021,11,3201,Grande Vitória - ES,N7,7766,Educação,8,0.02,8.43,11.61,5.2349
2024-01-01,2024,1,3301,Rio de Janeiro - RJ,N7,7786,Comunicação,9,-0.28,-0.28,-0.8,6.1245
2025-04-01,2025,4,2301,Fortaleza - CE,N7,7625,Transportes,5,0.68,0.89,5.95,18.8562
2020-09-01,2020,9,3101,Belo Horizonte - MG,N7,7170,Alimentação e bebidas,1,3.02,7.51,,20.3038
2022-10-01,2022,10,3301,Rio de Janeiro - RJ,N7,7786,Comunicação,9,0.03,-1.31,-0.7,6.3528
2024-04-01,2024,4,3201,Grande Vitória - ES,N7,7486,Artigos de residência,3,1.01,1.47,2.2,3.7055
2021-10-01,2021,10,4101,Curitiba - PR,N7,7486,Artigos de residência,3,1.81,9.98,13.23,4.0732
2022-08-01,2022,8,4301,Porto Alegre - RS,N7,7445,Habitação,2,-0.62,-9.25,-1.89,13.9293
2025-01-01,2025,1,3501,São Paulo - SP,N7,7486,Artigos de residência,3,-0.74,-0.74,0.96,3.5226
2020-05-01,2020,5,1501,Belém - PA,N7,7625,Transportes,5,-0.79,-3.03,,18.1738
2024-02-01,2024,2,3101,Belo Horizonte - MG,N7,7486,Artigos de residência,3,0.49,1.25,-1.13,3.9783
2024-09-01,2024,9,3501,São Paulo - SP,N7,7170,Alimentação e bebidas,1,0.6,4.44,6.83,20.2339
2025-03-01,2025,3,3301,Rio de Janeiro - RJ,N7,7660,Saúde e cuidados pessoais,6,0.28,1.63,6.13,13.5147
2021-10-01,2021,10,3501,São Paulo - SP,N7,7660,Saúde e cuidados pessoais,6,0.59,2.89,3.21,12.4001
2024-12-01,2024,12,3201,Grande Vitória - ES,N7,7786,Comunicação,9,0.32,4.39,4.39,5.2412
2020-02-01,2020,2,3101,Belo Horizonte - MG,N7,7558,Vestuário,4,-0.35,-0.81,,4.792
2022-01-01,2022,1,2901,Salvador - BA,N7,7625,Transportes,5,0.58,0.58,22.54,19.9453
2021-12-01,2021,12,3101,Belo Horizonte - MG,N7,7486,Artigos de residência,3,1.4,13.18,13.18,4.1839
2020-07-01,2020,7,4301,Porto Alegre - RS,N7,7712,Despesas pessoais,7,-0.23,-0.62,,10.9856
2020-06-01,2020,6,2301,Fortaleza - CE,N7,7712,Despesas pessoais,7,-0.09,0.98,,8.4006
2022-04-01,2022,4,2901,Salvador - BA,N7,7169,Índice geral,0,0.67,3.95,12.78,100.0
2023-06-01,2023,6,1501,Belém - PA,N7,7170,Alimentação e bebidas,1,-0.67,1.72,3.25,27.8384
2023-11-01,2023,11,3101,Belo Horizonte - MG,N7,7786,Comunicação,9,-0.52,3.13,3.49,5.1982
2021-07-01,2021,7,2301,Fortaleza - CE,N7,7712,Despesas pessoais,7,0.4,1.68,2.94,7.8084
2023-03-01,2023,3,4301,Porto Alegre - RS,N7,7786,Comunicação,9,0.5,3.49,1.64,5.6314
2021-02-01,2021,2,1501,Belém - PA,N7,7486,Artigos de residência,3,1.89,2.49,3.76,3.7878
2022-04-01,2022,4,4101,Curitiba - PR,N7,7766,Educação,8,0.02,5.21,8.56,5.2312
2025-08-01,2025,8,2901,Salvador - BA,N7,7169,Índice geral,0,-0.08,2.94,4.94,100.0
2025-06-01,2025,6,3201,Grande Vitória - ES,N7,7786,Comunicação,9,0.3,2.08,3.28,5.1713
2020-09-01,2020,9,2301,Fortaleza - CE,N7,7486,Artigos de residência,3,0.93,1.38,,4.0582
2023-03-01,2023,3,1501,Belém - PA,N7,7170,Alimentação e bebidas,1,0.59,2.22,6.79,28.0173
2024-02-01,2024,2,1501,Belém - PA,N7,7786,Comunicação,9,1.62,1.15,1.17,4.159
2022-04-01,2022,4,2301,Fortaleza - CE,N7,7625,Transportes,5,2.17,6.79,21.32,20.1402
2025-09-01,2025,9,1501,Belém - PA,N7,7445,Habitação,2,3.31,6.92,6.13,15.5639
2025-10-01,2025,10,2601,Recife - PE,N7,7712,Despesas pessoais,7,-0.11,3.82,5.43,8.5323
2023-10-01,2023,10,1501,Belém - PA,N7,7786,Comunicação,9,-0.51,3.44,3.45,4.2802
2023-10-01,2023,10,3101,Belo Horizonte - MG,N7,7558,Vestuário,4,1.21,4.38,7.17,5.1686
2025-01-01,2025,1,4301,Porto Alegre - RS,N7,7786,Comunicação,9,0.0,0.0,3.23,5.4408
2024-09-01,2024,9,2601,Recife - PE,N7,7786,Comunicação,9,-0.3,1.75,1.15,4.0346
2021-11-01,2021,11,3101,Belo Horizonte - MG,N7,7712,Despesas pessoais,7,0.79,4.19,4.91,10.2941
2025-10-01,2025,10,2901,Salvador - BA,N7,7486,Artigos de residência,3,-0.23,-2.75,-2.85,3.6196
2025-03-01,2025,3,4301,Porto Alegre - RS,N7,7660,Saúde e cuidados pessoais,6,0.53,1.76,6.14,13.2611
2020-08-01,2020,8,3501,São Paulo - SP,N7,7169,Índice geral,0,0.31,0.86,,100.0
2021-09-01,2021,9,2601,Recife - PE,N7,7486,Artigos de residência,3,0.41,5.91,8.92,4.1594
2023-12-01,2023,12,3501,São Paulo - SP,N7,7786,Comunicação,9,0.01,3.33,3.33,4.8564
2021-10-01,2021,10,3501,São Paulo - SP,N7,7170,Alimentação e bebidas,1,1.26,7.45,11.8,19.8465
2025-11-01,2025,11,4301,Porto Alegre - RS,N7,7766,Educação,8,0.1,5.7,5.73,5.1516
2020-06-01,2020,6,3501,São Paulo - SP,N7,7625,Transportes,5,0.15,-4.39,,19.09
2023-09-01,2023,9,3201,Grande Vitória - ES,N7,7445,Habitação,2,0.51,6.02,7.12,15.8071
2022-03-01,2022,3,2901,Salvador - BA,N7,7486,Artigos de residência,3,-0.02,4.46,17.48,4.3795
2021-07-01,2021,7,1501,Belém - PA,N7,7660,Saúde e cuidados pessoais,6,-1.11,3.03,3.67,12.821
2021-07-01,2021,7,4101,Curitiba - PR,N7,7169,Índice geral,0,1.6,6.44,10.96,100.0
2024-06-01,2024,6,3201,Grande Vitória - ES,N7,7558,Vestuário,4,-0.09,0.34,1.27,3.9606
2021-11-01,2021,11,3201,Grande Vitória - ES,N7,7486,Artigos de residência,3,0.87,10.61,11.44,3.909
2023-03-01,2023,3,3101,Belo Horizonte - MG,N7,7766,Educação,8,0.11,5.95,7.31,5.4722
2022-12-01,2022,12,3301,Rio de Janeiro - RJ,N7,7786,Comunicação,9,0.26,-1.54,-1.54,6.2756
2021-01-01,2021,1,3201,Grande Vitória - ES,N7,7169,Índice geral,0,0.44,0.44,5.3,100.0
2025-05-01,2025,5,2301,Fortaleza - CE,N7,7712,Despesas pessoais,7,0.52,2.69,6.42,7.5501
2021-04-01,2021,4,3101,Belo Horizonte - MG,N7,7445,Habitação,2,0.13,0.35,4.28,14.1002
2021-06-01,2021,6,4301,Porto Alegre - RS,N7,7786,Comunicação,9,0.39,0.83,3.22,6.0801
2022-08-01,2022,8,3301,Rio de Janeiro - RJ,N7,7766,Educação,8,0.81,7.81,7.85,5.1609
2021-07-01,2021,7,2301,Fortaleza - CE,N7,7625,Transportes,5,1.26,8.8,13.88,18.7249
2022-03-01,2022,3,4101,Curitiba - PR,N7,7558,Vestuário,4,1.77,2.18,12.97,4.6785
2024-09-01,2024,9,3501,São Paulo - SP,N7,7786,Comunicação,9,-0.02,1.61,1.22,4.7666
2021-06-01,2021,6,3501,São Paulo - SP,N7,7486,Artigos de residência,3,1.26,4.58,11.65,3.5959
2020-02-01,2020,2,3301,Rio de Janeiro - RJ,N7,7558,Vestuário,4,-1.57,-1.8,,3.6092
2025-12-01,2025,12,3201,Grande Vitória - ES,N7,7712,Despesas pessoais,7,0.92,6.71,6.71,8.8192
2025-01-01,2025,1,4101,Curitiba - PR,N7,7169,Índice geral,0,-0.09,-0.09,3.94,100.0
2022-06-01,2022,6,2601,Recife - PE,N7,7712,Despesas pessoais,7,0.0,2.14,6.64,8.2467
2020-04-01,2020,4,3101,Belo Horizonte - MG,N7,7786,Comunicação,9,-0.33,0.75,,5.9479
2025-07-01,2025,7,3101,Belo Horizonte - MG,N7,7660,Saúde e cuidados pessoais,6,0.36,3.92,5.47,14.5487
2023-04-01,2023,4,1501,Belém - PA,N7,7486,Artigos de residência,3,0.69,0.77,0.01,3.7485
2025-03-01,2025,3,3201,Grande Vitória - ES,N7,7445,Habitação,2,0.71,1.39,2.72,15.0945
2023-01-01,2023,1,2301,Fortaleza - CE,N7,7169,Índice geral,0,0.86,0.86,5.9,100.0
2023-02-01,2023,2,3501,São Paulo - SP,N7,7169,Índice geral,0,0.92,1.61,6.53,100.0
2021-08-01,2021,8,2901,Salvador - BA,N7,7660,Saúde e cuidados pessoais,6,0.11,2.78,3.24,14.8335
2025-06-01,2025,6,2301,Fortaleza - CE,N7,7170,Alimentação e bebidas,1,-0.04,4.12,5.91,24.8447
2024-12-01,2024,12,3101,Belo Horizonte - MG,N7,7169,Índice geral,0,0.25,5.96,5.96,100.0
2022-02-01,2022,2,1501,Belém - PA,N7,7169,Índice geral,0,0.97,1.62,8.37,100.0
2023-09-01,2023,9,3301,Rio de Janeiro - RJ,N7,7625,Transportes,5,0.81,3.84,4.42,20.0197
2026-06-01,2026,6,3101,Belo Horizonte - MG,N7,7766,Educação,8,0.0,3.82,4.84,5.5335
2023-03-01,2023,3,3501,São Paulo - SP,N7,7445,Habitação,2,-0.03,1.21,1.7,16.5763
2022-12-01,2022,12,4101,Curitiba - PR,N7,7170,Alimentação e bebidas,1,0.47,11.44,11.44,21.7602
2024-11-01,2024,11,3301,Rio de Janeiro - RJ,N7,7445,Habitação,2,-1.44,3.74,4.4,18.7751
2022-10-01,2022,10,4101,Curitiba - PR,N7,7486,Artigos de residência,3,0.8,6.52,9.78,4.2127
2022-08-01,2022,8,2601,Recife - PE,N7,7766,Educação,8,-0.01,6.86,7.06,5.6608
2023-06-01,2023,6,2601,Recife - PE,N7,7625,Transportes,5,0.57,1.33,-8.06,18.6475
2024-03-01,2024,3,2301,Fortaleza - CE,N7,7170,Alimentação e bebidas,1,0.73,3.38,3.65,24.2205
2025-02-01,2025,2,2901,Salvador - BA,N7,7712,Despesas pessoais,7,1.0,2.37,6.22,10.1355
2023-10-01,2023,10,3101,Belo Horizonte - MG,N7,7766,Educação,8,0.03,6.75,7.21,5.4202
2022-11-01,2022,11,3201,Grande Vitória - ES,N7,7486,Artigos de residência,3,-0.99,4.92,5.22,3.95
2025-09-01,2025,9,3501,São Paulo - SP,N7,7766,Educação,8,0.06,6.46,6.53,7.016
2026-01-01,2026,1,2901,Salvador - BA,N7,7558,Vestuário,4,-0.74,-0.74,4.24,5.306
2024-11-01,2024,11,2301,Fortaleza - CE,N7,7660,Saúde e cuidados pessoais,6,0.39,6.85,6.97,13.6585
2024-11-01,2024,11,2601,Recife - PE,N7,7170,Alimentação e bebidas,1,1.04,5.18,5.91,23.7025
2020-11-01,2020,11,4101,Curitiba - PR,N7,7660,Saúde e cuidados pessoais,6,-0.11,-0.09,,10.5806
2021-02-01,2021,2,4101,Curitiba - PR,N7,7169,Índice geral,0,0.92,1.36,5.23,100.0
2021-08-01,2021,8,2901,Salvador - BA,N7,7169,Índice geral,0,0.7,5.64,8.59,100.0
2023-11-01,2023,11,2901,Salvador - BA,N7,7445,Habitação,2,0.03,7.95,8.02,14.5409
2025-06-01,2025,6,2301,Fortaleza - CE,N7,7712,Despesas pessoais,7,0.35,3.04,6.31,7.5459
2023-12-01,2023,12,4101,Curitiba - PR,N7,7170,Alimentação e bebidas,1,0.92,0.97,0.97,20.8952
2024-09-01,2024,9,2901,Salvador - BA,N7,7786,Comunicação,9,0.09,2.81,1.95,4.0154
2023-07-01,2023,7,3201,Grande Vitória - ES,N7,7169,Índice geral,0,0.04,3.14,5.19,100.0
2023-09-01,2023,9,3301,Rio de Janeiro - RJ,N7,7660,Saúde e cuidados pessoais,6,0.15,6.3,8.78,13.3782
2023-12-01,2023,12,3501,São Paulo - SP,N7,7625,Transportes,5,0.57,7.84,7.84,20.1685
2026-03-01,2026,3,2901,Salvador - BA,N7,7660,Saúde e cuidados pessoais,6,0.55,2.13,6.7,15.7058
2024-05-01,2024,5,3201,Grande Vitória - ES,N7,7625,Transportes,5,0.55,-0.3,4.28,23.5878
2022-10-01,2022,10,3101,Belo Horizonte - MG,N7,7445,Habitação,2,-0.21,-7.63,-6.58,12.8592
2022-06-01,2022,6,1501,Belém - PA,N7,7558,Vestuário,4,0.59,5.67,11.0,5.9916
2021-04-01,2021,4,1501,Belém - PA,N7,7445,Habitação,2,-0.32,0.38,6.14,15.4857
2023-04-01,2023,4,3501,São Paulo - SP,N7,7625,Transportes,5,0.53,3.33,-2.15,19.75
2021-03-01,2021,3,3501,São Paulo - SP,N7,7660,Saúde e cuidados pessoais,6,-0.1,0.6,1.85,12.8609
2026-03-01,2026,3,3201,Grande Vitória - ES,N7,7486,Artigos de residência,3,0.75,1.7,-0.39,3.512
2020-03-01,2020,3,2901,Salvador - BA,N7,7625,Transportes,5,0.32,-0.98,,18.4363
2021-02-01,2021,2,2901,Salvador - BA,N7,7786,Comunicação,9,0.34,0.05,4.11,4.8715
2023-11-01,2023,11,4101,Curitiba - PR,N7,7169,Índice geral,0,-0.04,3.91,4.69,100.0
2021-04-01,2021,4,2901,Salvador - BA,N7,7486,Artigos de residência,3,0.9,3.09,10.68,4.1164
2020-06-01,2020,6,3301,Rio de Janeiro - RJ,N7,7660,Saúde e cuidados pessoais,6,0.44,1.09,,13.534
2025-09-01,2025,9,2901,Salvador - BA,N7,7712,Despesas pessoais,7,0.19,5.12,7.58,10.2302
2022-05-01,2022,5,2601,Recife - PE,N7,7169,Índice geral,0,0.55,4.67,12.01,100.0
2022-04-01,2022,4,2601,Recife - PE,N7,7558,Vestuário,4,0.46,3.89,12.33,5.6065
2021-12-01,2021,12,2901,Salvador - BA,N7,7169,Índice geral,0,1.04,10.78,10.78,100.0
2024-04-01,2024,4,1501,Belém - PA,N7,7712,Despesas pessoais,7,0.01,1.29,4.43,7.5653
2021-02-01,2021,2,3301,Rio de Janeiro - RJ,N7,7712,Despesas pessoais,7,0.31,0.84,0.3,9.4575
2025-10-01,2025,10,4101,Curitiba - PR,N7,7786,Comunicação,9,-0.24,0.76,1.18,4.0911
2024-07-01,2024,7,2901,Salvador - BA,N7,7558,Vestuário,4,-0.22,-0.32,1.75,5.2664
2025-09-01,2025,9,3201,Grande Vitória - ES,N7,7712,Despesas pessoais,7,0.83,4.04,6.73,8.7065
2023-05-01,2023,5,4301,Porto Alegre - RS,N7,7786,Comunicação,9,0.06,3.66,1.06,5.5678
2021-04-01,2021,4,2601,Recife - PE,N7,7660,Saúde e cuidados pessoais,6,1.67,2.94,4.42,14.4467
2023-09-01,2023,9,3501,São Paulo - SP,N7,7170,Alimentação e bebidas,1,-0.7,0.12,2.01,20.0753
2025-01-01,2025,1,1501,Belém - PA,N7,7625,Transportes,5,0.77,0.77,5.16,18.6702
2026-05-01,2026,5,3101,Belo Horizonte - MG,N7,7486,Artigos de residência,3,0.13,3.05,0.7,3.6875
2025-08-01,2025,8,1501,Belém - PA,N7,7766,Educação,8,0.42,6.21,6.74,3.779
2023-05-01,2023,5,3101,Belo Horizonte - MG,N7,7445,Habitação,2,0.29,5.39,1.18,12.9514
2026-01-01,2026,1,3101,Belo Horizonte - MG,N7,7712,Despesas pessoais,7,-0.03,-0.03,5.32,10.889
2020-02-01,2020,2,3101,Belo Horizonte - MG,N7,7625,Transportes,5,0.18,0.61,,19.9852
2020-11-01,2020,11,4301,Porto Alegre - RS,N7,7660,Saúde e cuidados pessoais,6,0.0,-0.55,,13.0978
2022-02-01,2022,2,3101,Belo Horizonte - MG,N7,7170,Alimentação e bebidas,1,1.56,3.21,9.69,21.285
2025-03-01,2025,3,4301,Porto Alegre - RS,N7,7558,Vestuário,4,-0.21,0.32,2.45,4.9687
2023-01-01,2023,1,4101,Curitiba - PR,N7,7486,Artigos de residência,3,0.32,0.32,5.72,4.1923
2026-06-01,2026,6,4101,Curitiba - PR,N7,7486,Artigos de residência,3,0.3,1.71,1.6,3.8245
2025-06-01,2025,6,4301,Porto Alegre - RS,N7,7170,Alimentação e bebidas,1,0.13,4.94,3.85,21.5548
2021-06-01,2021,6,4301,Porto Alegre - RS,N7,7660,Saúde e cuidados pessoais,6,0.55,4.22,4.86,12.8794
2025-11-01,2025,11,2601,Recife - PE,N7,7169,Índice geral,0,-0.08,3.76,4.12,100.0
2020-04-01,2020,4,4101,Curitiba - PR,N7,7766,Educação,8,0.19,4.59,,6.0191
2022-09-01,2022,9,4101,Curitiba - PR,N7,7558,Vestuário,4,2.41,9.68,14.72,4.8736
2021-12-01,2021,12,3501,São Paulo - SP,N7,7625,Transportes,5,0.63,19.03,19.03,21.0723
2021-06-01,2021,6,3501,São Paulo - SP,N7,7712,Despesas pessoais,7,0.59,1.25,2.36,11.1046
2026-04-01,2026,4,3101,Belo Horizonte - MG,N7,7625,Transportes,5,-0.82,1.87,1.36,19.6325
2022-03-01,2022,3,3201,Grande Vitória - ES,N7,7445,Habitação,2,1.89,1.72,18.15,16.3861
2025-01-01,2025,1,3101,Belo Horizonte - MG,N7,7660,Saúde e cuidados pessoais,6,0.58,0.58,5.87,14.5253
2025-10-01,2025,10,2601,Recife - PE,N7,7170,Alimentação e bebidas,1,0.01,2.22,4.5,23.7101
2021-07-01,2021,7,3101,Belo Horizonte - MG,N7,7170,Alimentação e bebidas,1,0.66,1.36,14.26,21.0153
2022-09-01,2022,9,3101,Belo Horizonte - MG,N7,7766,Educação,8,0.09,7.3,7.2,5.294
2024-04-01,2024,4,3301,Rio de Janeiro - RJ,N7,7445,Habitação,2,0.34,1.11,4.12,18.3448
2020-07-01,2020,7,2301,Fortaleza - CE,N7,7660,Saúde e cuidados pessoais,6,0.4,1.08,,13.8179
2020-08-01,2020,8,1501,Belém - PA,N7,7170,Alimentação e bebidas,1,0.05,5.35,,26.1639
2020-06-01,2020,6,3301,Rio de Janeiro - RJ,N7,7169,Índice geral,0,-0.01,0.4,,100.0
2021-09-01,2021,9,3101,Belo Horizonte - MG,N7,7660,Saúde e cuidados pessoais,6,0.55,3.97,4.49,13.8355
2022-04-01,2022,4,3301,Rio de Janeiro - RJ,N7,7558,Vestuário,4,2.72,6.84,16.7,3.4708
2025-04-01,2025,4,2601,Recife - PE,N7,7445,Habitação,2,-0.15,0.23,2.31,13.3376
2022-02-01,2022,2,2601,Recife - PE,N7,7169,Índice geral,0,0.97,1.38,10.53,100.0
2026-04-01,2026,4,3101,Belo Horizonte - MG,N7,7169,Índice geral,0,0.61,2.77,4.08,100.0
2024-04-01,2024,4,2301,Fortaleza - CE,N7,7786,Comunicação,9,0.73,2.63,1.87,3.7706
2025-10-01,2025,10,2301,Fortaleza - CE,N7,7766,Educação,8,0.01,6.13,6.35,6.8094
2026-03-01,2026,3,2901,Salvador - BA,N7,7786,Comunicação,9,0.25,1.96,2.79,3.8782
2020-09-01,2020,9,2301,Fortaleza - CE,N7,7712,Despesas pessoais,7,0.0,1.16,,8.3526
2023-09-01,2023,9,3101,Belo Horizonte - MG,N7,7625,Transportes,5,1.32,5.7,6.62,19.8532
2022-12-01,2022,12,4301,Porto Alegre - RS,N7,7445,Habitação,2,1.13,-6.63,-6.63,14.1125
2025-03-01,2025,3,3501,São Paulo - SP,N7,7486,Artigos de residência,3,-0.06,-0.33,1.32,3.4671
2024-06-01,2024,6,3101,Belo Horizonte - MG,N7,7486,Artigos de residência,3,-0.15,1.16,0.34,3.92
2023-07-01,2023,7,3301,Rio de Janeiro - RJ,N7,7170,Alimentação e bebidas,1,-0.48,-0.23,1.25,20.5629
2025-05-01,2025,5,4301,Porto Alegre - RS,N7,7625,Transportes,5,-1.43,0.8,4.11,20.9937
2020-09-01,2020,9,1501,Belém - PA,N7,7786,Comunicação,9,-0.17,1.66,,5.1917
2022-02-01,2022,2,2301,Fortaleza - CE,N7,7445,Habitação,2,0.38,1.04,13.5,17.1417
2023-06-01,2023,6,4301,Porto Alegre - RS,N7,7766,Educação,8,0.28,5.96,7.82,4.9058
2022-05-01,2022,5,4101,Curitiba - PR,N7,7445,Habitação,2,-2.13,-3.75,9.94,14.6221
2020-11-01,2020,11,4301,Porto Alegre - RS,N7,7486,Artigos de residência,3,1.62,5.24,,4.2319
2020-03-01,2020,3,4101,Curitiba - PR,N7,7169,Índice geral,0,0.13,0.26,,100.0
2026-06-01,2026,6,3501,São Paulo - SP,N7,7766,Educação,8,-0.08,5.73,7.15,7.1246
2025-04-01,2025,4,2901,Salvador - BA,N7,7486,Artigos de residência,3,0.59,0.72,2.03,3.7525
2025-11-01,2025,11,4301,Porto Alegre - RS,N7,7558,Vestuário,4,0.56,3.82,4.86,4.9671
2021-05-01,2021,5,3501,São Paulo - SP,N7,7486,Artigos de residência,3,1.4,3.28,12.34,3.574
2020-03-01,2020,3,2601,Recife - PE,N7,7169,Índice geral,0,0.31,0.99,,100.0
2025-02-01,2025,2,4301,Porto Alegre - RS,N7,7786,Comunicação,9,0.04,0.04,1.77,5.4424
2024-07-01,2024,7,2301,Fortaleza - CE,N7,7712,Despesas pessoais,7,1.01,2.49,4.99,7.4838
2022-02-01,2022,2,3101,Belo Horizonte - MG,N7,7625,Transportes,5,0.28,0.83,20.96,21.5609
2025-01-01,2025,1,2601,Recife - PE,N7,7169,Índice geral,0,0.12,0.12,3.83,100.0
2023-07-01,2023,7,2901,Salvador - BA,N7,7445,Habitação,2,-1.63,5.44,7.52,14.5534
2022-04-01,2022,4,3201,Grande Vitória - ES,N7,7625,Transportes,5,2.2,6.45,19.94,24.8475
2021-12-01,2021,12,3301,Rio de Janeiro - RJ,N7,7169,Índice geral,0,0.7,8.58,8.58,100.0
2024-12-01,2024,12,2301,Fortaleza - CE,N7,7169,Índice geral,0,0.65,4.92,4.92,100.0
2024-08-01,2024,8,3301,Rio de Janeiro - RJ,N7,7625,Transportes,5,0.08,0.62,3.11,19.7711
2021-06-01,2021,6,2301,Fortaleza - CE,N7,7170,Alimentação e bebidas,1,0.36,4.17,14.41,24.0376
2021-08-01,2021,8,2301,Fortaleza - CE,N7,7169,Índice geral,0,0.43,6.54,11.2,100.0
2020-10-01,2020,10,3201,Grande Vitória - ES,N7,7170,Alimentação e bebidas,1,3.08,13.75,,17.0758
2025-01-01,2025,1,4101,Curitiba - PR,N7,7486,Artigos de residência,3,-0.13,-0.13,0.86,3.9274
2025-05-01,2025,5,3501,São Paulo - SP,N7,7766,Educação,8,-0.03,5.2,6.44,7.0063
2025-08-01,2025,8,2301,Fortaleza - CE,N7,7766,Educação,8,0.77,6.17,6.4,6.7812
2023-12-01,2023,12,3101,Belo Horizonte - MG,N7,7486,Artigos de residência,3,1.09,-1.85,-1.85,3.9802
2022-12-01,2022,12,1501,Belém - PA,N7,7445,Habitação,2,1.38,-0.2,-0.2,15.7166
2024-09-01,2024,9,2601,Recife - PE,N7,7625,Transportes,5,-0.97,1.89,-0.24,19.0998
2025-04-01,2025,4,3101,Belo Horizonte - MG,N7,7660,Saúde e cuidados pessoais,6,1.28,2.92,6.18,14.448
2024-03-01,2024,3,3301,Rio de Janeiro - RJ,N7,7486,Artigos de residência,3,-0.39,-0.5,1.28,3.0223
2025-07-01,2025,7,4101,Curitiba - PR,N7,7712,Despesas pessoais,7,0.83,2.59,5.16,9.2579
2022-10-01,2022,10,4301,Porto Alegre - RS,N7,7170,Alimentação e bebidas,1,1.05,12.5,12.87,22.2754
2026-03-01,2026,3,1501,Belém - PA,N7,7170,Alimentação e bebidas,1,2.11,4.18,3.22,27.5427
2021-08-01,2021,8,4101,Curitiba - PR,N7,7766,Educação,8,2.7,3.88,4.15,5.3332
2026-02-01,2026,2,3201,Grande Vitória - ES,N7,7558,Vestuário,4,-0.28,-1.11,5.22,3.9516
2020-08-01,2020,8,2901,Salvador - BA,N7,7625,Transportes,5,0.26,-3.87,,17.7605
2020-05-01,2020,5,3201,Grande Vitória - ES,N7,7486,Artigos de residência,3,0.95,-1.64,,3.7176
2024-08-01,2024,8,4101,Curitiba - PR,N7,7766,Educação,8,0.66,6.1,6.4,5.4772
2023-01-01,2023,1,3101,Belo Horizonte - MG,N7,7486,Artigos de residência,3,0.62,0.62,5.44,4.2722
2021-04-01,2021,4,4301,Porto Alegre - RS,N7,7170,Alimentação e bebidas,1,0.63,2.33,12.18,21.1283
2020-10-01,2020,10,3201,Grande Vitória - ES,N7,7445,Habitação,2,0.82,2.79,,15.6092
2022-10-01,2022,10,4301,Porto Alegre - RS,N7,7445,Habitação,2,1.35,-8.03,-5.57,14.0342
2021-03-01,2021,3,2301,Fortaleza - CE,N7,7445,Habitação,2,0.09,1.18,6.63,16.5868
2026-03-01,2026,3,2901,Salvador - BA,N7,7625,Transportes,5,4.79,5.97,6.09,18.4133
2026-05-01,2026,5,2601,Recife - PE,N7,7625,Transportes,5,-0.8,4.88,8.28,19.6683
2023-09-01,2023,9,4101,Curitiba - PR,N7,7766,Educação,8,0.03,6.26,6.55,5.3547
2022-06-01,2022,6,4301,Porto Alegre - RS,N7,7486,Artigos de residência,3,0.73,7.53,15.1,4.4667
2024-10-01,2024,10,2901,Salvador - BA,N7,7486,Artigos de residência,3,0.81,0.33,0.32,3.8655
2025-06-01,2025,6,4301,Porto Alegre - RS,N7,7486,Artigos de residência,3,-0.47,1.04,4.93,4.1497
2022-12-01,2022,12,3301,Rio de Janeiro - RJ,N7,7712,Despesas pessoais,7,0.45,8.57,8.57,9.2646
2021-11-01,2021,11,4301,Porto Alegre - RS,N7,7625,Transportes,5,3.75,24.28,26.1,22.1064
2023-07-01,2023,7,3101,Belo Horizonte - MG,N7,7766,Educação,8,0.24,6.52,7.27,5.3975
2026-02-01,2026,2,3501,São Paulo - SP,N7,7660,Saúde e cuidados pessoais,6,0.57,1.17,5.8,13.2905
2020-05-01,2020,5,3301,Rio de Janeiro - RJ,N7,7170,Alimentação e bebidas,1,1.0,3.23,,19.3062
2020-06-01,2020,6,3301,Rio de Janeiro - RJ,N7,7170,Alimentação e bebidas,1,0.06,3.29,,19.5527
2022-06-01,2022,6,2601,Recife - PE,N7,7486,Artigos de residência,3,0.93,7.62,13.87,4.2847
2020-02-01,2020,2,3201,Grande Vitória - ES,N7,7766,Educação,8,5.46,5.51,,5.5407
2022-06-01,2022,6,3201,Grande Vitória - ES,N7,7766,Educação,8,0.07,4.89,5.52,5.2044
2021-10-01,2021,10,3301,Rio de Janeiro - RJ,N7,7445,Habitação,2,0.93,8.76,11.55,18.8975
2022-01-01,2022,1,2901,Salvador - BA,N7,7558,Vestuário,4,2.69,2.69,15.33,4.7704
2025-06-01,2025,6,2901,Salvador - BA,N7,7625,Transportes,5,1.04,1.08,5.19,18.2877
2023-06-01,2023,6,2301,Fortaleza - CE,N7,7786,Comunicação,9,-0.21,2.03,-3.17,3.8725
2020-09-01,2020,9,3201,Grande Vitória - ES,N7,7486,Artigos de residência,3,1.97,4.32,,3.8933
2026-06-01,2026,6,4101,Curitiba - PR,N7,7712,Despesas pessoais,7,0.38,2.48,6.47,9.5169
2021-01-01,2021,1,2901,Salvador - BA,N7,7486,Artigos de residência,3,0.39,0.39,2.74,4.11
2021-12-01,2021,12,4101,Curitiba - PR,N7,7170,Alimentação e bebidas,1,0.28,8.95,8.95,20.5445
2025-01-01,2025,1,4101,Curitiba - PR,N7,7786,Comunicação,9,-0.34,-0.34,3.77,4.2011
2024-07-01,2024,7,3101,Belo Horizonte - MG,N7,7558,Vestuário,4,-0.4,0.19,4.38,5.0723
2021-01-01,2021,1,3201,Grande Vitória - ES,N7,7625,Transportes,5,1.55,1.55,1.51,22.3942
2025-01-01,2025,1,2301,Fortaleza - CE,N7,7486,Artigos de residência,3,0.09,0.09,2.9,3.8962
2021-11-01,2021,11,1501,Belém - PA,N7,7558,Vestuário,4,0.48,5.8,5.29,5.9251
2025-12-01,2025,12,3501,São Paulo - SP,N7,7766,Educação,8,0.08,6.63,6.63,6.964
2020-11-01,2020,11,4101,Curitiba - PR,N7,7558,Vestuário,4,0.74,3.15,,4.9254
2022-07-01,2022,7,3501,São Paulo - SP,N7,7445,Habitação,2,0.94,0.76,6.5,16.3232
2022-10-01,2022,10,1501,Belém - PA,N7,7486,Artigos de residência,3,0.08,4.96,6.98,3.9487
2024-12-01,2024,12,3201,Grande Vitória - ES,N7,7625,Transportes,5,0.4,2.54,2.54,23.7896
2021-12-01,2021,12,3101,Belo Horizonte - MG,N7,7712,Despesas pessoais,7,0.45,4.66,4.66,10.2801
2023-05-01,2023,5,1501,Belém - PA,N7,7766,Educação,8,-0.04,7.06,9.56,3.6044
2020-10-01,2020,10,2301,Fortaleza - CE,N7,7558,Vestuário,4,0.39,-1.18,,4.3858
2020-03-01,2020,3,4101,Curitiba - PR,N7,7625,Transportes,5,-0.46,-0.98,,24.6209
2024-06-01,2024,6,3301,Rio de Janeiro - RJ,N7,7625,Transportes,5,-0.4,-0.57,2.62,19.7079
2021-03-01,2021,3,3501,São Paulo - SP,N7,7445,Habitação,2,0.96,0.36,4.99,16.3743
2020-07-01,2020,7,4101,Curitiba - PR,N7,7712,Despesas pessoais,7,0.0,-0.43,,10.0684
2025-09-01,2025,9,1501,Belém - PA,N7,7712,Despesas pessoais,7,0.78,4.87,6.92,7.7218
2023-08-01,2023,8,3301,Rio de Janeiro - RJ,N7,7786,Comunicação,9,0.15,4.41,2.13,6.3779
2022-06-01,2022,6,4101,Curitiba - PR,N7,7169,Índice geral,0,0.65,6.17,14.24,100.0
2021-02-01,2021,2,3501,São Paulo - SP,N7,7766,Educação,8,2.63,2.71,0.58,6.8946
2024-01-01,2024,1,3301,Rio de Janeiro - RJ,N7,7445,Habitação,2,0.19,0.19,5.63,18.4759
2026-04-01,2026,4,3501,São Paulo - SP,N7,7712,Despesas pessoais,7,0.21,1.68,5.98,11.1346
2023-06-01,2023,6,3101,Belo Horizonte - MG,N7,7766,Educação,8,0.04,6.27,7.08,5.4119
2020-10-01,2020,10,1501,Belém - PA,N7,7170,Alimentação e bebidas,1,2.42,10.35,,26.5279
2023-04-01,2023,4,2601,Recife - PE,N7,7625,Transportes,5,-0.52,2.33,-4.82,19.1454
2021-02-01,2021,2,1501,Belém - PA,N7,7786,Comunicação,9,-0.49,-0.06,1.9,4.9801
2020-06-01,2020,6,4101,Curitiba - PR,N7,7660,Saúde e cuidados pessoais,6,0.37,-0.12,,10.8595
2023-07-01,2023,7,4301,Porto Alegre - RS,N7,7558,Vestuário,4,0.15,2.35,9.25,5.1341
2022-01-01,2022,1,3201,Grande Vitória - ES,N7,7712,Despesas pessoais,7,1.12,1.12,5.23,8.4089
2024-07-01,2024,7,3501,São Paulo - SP,N7,7712,Despesas pessoais,7,0.5,2.13,4.47,11.0324
2026-04-01,2026,4,4101,Curitiba - PR,N7,7169,Índice geral,0,0.66,2.11,3.33,100.0
2024-07-01,2024,7,4101,Curitiba - PR,N7,7170,Alimentação e bebidas,1,-0.94,3.26,3.26,21.4122
2020-03-01,2020,3,2901,Salvador - BA,N7,7170,Alimentação e bebidas,1,0.59,2.29,,20.8321
2026-02-01,2026,2,4301,Porto Alegre - RS,N7,7766,Educação,8,4.9,4.86,6.33,5.113
2022-09-01,2022,9,3101,Belo Horizonte - MG,N7,7558,Vestuário,4,1.42,13.54,16.2,4.9841
2026-02-01,2026,2,2301,Fortaleza - CE,N7,7558,Vestuário,4,1.16,0.41,5.18,4.7357
2023-08-01,2023,8,1501,Belém - PA,N7,7712,Despesas pessoais,7,0.14,3.85,5.97,7.6653
2020-07-01,2020,7,3101,Belo Horizonte - MG,N7,7169,Índice geral,0,0.39,0.37,,100.0
2021-02-01,2021,2,3101,Belo Horizonte - MG,N7,7558,Vestuário,4,0.83,0.44,1.68,4.5807
2023-01-01,2023,1,3301,Rio de Janeiro - RJ,N7,7766,Educação,8,0.23,0.23,7.65,5.1683
2025-04-01,2025,4,3301,Rio de Janeiro - RJ,N7,7445,Habitação,2,-0.17,0.93,3.55,18.1438
2026-05-01,2026,5,3101,Belo Horizonte - MG,N7,7766,Educação,8,-0.03,3.82,4.81,5.5542
2023-05-01,2023,5,2301,Fortaleza - CE,N7,7558,Vestuário,4,0.83,1.5,14.43,4.8986
2023-01-01,2023,1,4101,Curitiba - PR,N7,7445,Habitação,2,0.51,0.51,-6.48,13.7857
2023-04-01,2023,4,3301,Rio de Janeiro - RJ,N7,7625,Transportes,5,1.07,4.03,0.39,20.1485
2021-04-01,2021,4,3501,São Paulo - SP,N7,7170,Alimentação e bebidas,1,0.43,1.76,11.25,19.8145
2020-02-01,2020,2,3101,Belo Horizonte - MG,N7,7766,Educação,8,3.92,4.24,,5.6498
2025-06-01,2025,6,3201,Grande Vitória - ES,N7,7625,Transportes,5,-0.22,1.57,5.19,23.4968
2020-12-01,2020,12,2901,Salvador - BA,N7,7445,Habitação,2,3.32,7.5,7.5,13.9251
2022-10-01,2022,10,3201,Grande Vitória - ES,N7,7170,Alimentação e bebidas,1,0.96,10.52,11.19,18.1469
2020-02-01,2020,2,2601,Recife - PE,N7,7766,Educação,8,3.63,3.79,,6.0458
2020-03-01,2020,3,2601,Recife - PE,N7,7558,Vestuário,4,0.5,0.7,,5.8686
2020-01-01,2020,1,4101,Curitiba - PR,N7,7558,Vestuário,4,-0.22,-0.22,,4.8895
2022-09-01,2022,9,3301,Rio de Janeiro - RJ,N7,7660,Saúde e cuidados pessoais,6,0.29,8.18,8.68,12.7081
2025-07-01,2025,7,4301,Porto Alegre - RS,N7,7170,Alimentação e bebidas,1,0.22,5.17,5.8,21.5728
2025-12-01,2025,12,2901,Salvador - BA,N7,7169,Índice geral,0,0.59,3.8,3.8,100.0
2023-05-01,2023,5,3501,São Paulo - SP,N7,7712,Despesas pessoais,7,0.27,2.22,7.8,10.953
2025-02-01,2025,2,2301,Fortaleza - CE,N7,7625,Transportes,5,-0.86,0.03,3.19,19.2445
2022-06-01,2022,6,2301,Fortaleza - CE,N7,7625,Transportes,5,0.07,9.22,22.09,20.5375
2020-05-01,2020,5,3501,São Paulo - SP,N7,7558,Vestuário,4,-0.95,-1.53,,3.893
2020-12-01,2020,12,4101,Curitiba - PR,N7,7169,Índice geral,0,1.38,3.95,3.95,100.0
2023-08-01,2023,8,3501,São Paulo - SP,N7,7486,Artigos de residência,3,0.22,0.83,2.04,3.6564
2020-05-01,2020,5,2901,Salvador - BA,N7,7445,Habitação,2,-0.19,0.76,,13.8923
2024-07-01,2024,7,4301,Porto Alegre - RS,N7,7625,Transportes,5,2.0,1.39,4.52,20.8189
2025-05-01,2025,5,4301,Porto Alegre - RS,N7,7486,Artigos de residência,3,-0.08,1.51,6.0,4.1577
2024-12-01,2024,12,3501,São Paulo - SP,N7,7486,Artigos de residência,3,0.89,2.08,2.08,3.5097
2022-06-01,2022,6,2601,Recife - PE,N7,7766,Educação,8,0.06,6.7,7.34,5.6881
2022-10-01,2022,10,2301,Fortaleza - CE,N7,7766,Educação,8,0.0,7.61,7.62,6.2791
2023-06-01,2023,6,3201,Grande Vitória - ES,N7,7625,Transportes,5,0.38,2.85,-3.72,23.5649
2021-10-01,2021,10,4301,Porto Alegre - RS,N7,7445,Habitação,2,1.55,13.21,18.97,15.5531
2023-03-01,2023,3,3201,Grande Vitória - ES,N7,7625,Transportes,5,2.19,4.07,1.24,23.6921
2023-09-01,2023,9,3101,Belo Horizonte - MG,N7,7712,Despesas pessoais,7,0.29,4.21,5.15,10.6358
2024-07-01,2024,7,3101,Belo Horizonte - MG,N7,7169,Índice geral,0,0.26,3.91,5.67,100.0
2023-01-01,2023,1,3301,Rio de Janeiro - RJ,N7,7445,Habitação,2,-0.58,-0.58,3.41,18.3839
2022-03-01,2022,3,2601,Recife - PE,N7,7486,Artigos de residência,3,1.46,5.27,15.16,4.3046
2023-01-01,2023,1,2601,Recife - PE,N7,7766,Educação,8,0.38,0.38,7.61,5.6687
2020-07-01,2020,7,4101,Curitiba - PR,N7,7766,Educação,8,-0.49,4.14,,6.0908
2023-03-01,2023,3,4101,Curitiba - PR,N7,7712,Despesas pessoais,7,0.47,2.16,6.7,9.2781
2022-05-01,2022,5,2901,Salvador - BA,N7,7766,Educação,8,0.15,6.33,8.66,5.5868
2024-10-01,2024,10,2301,Fortaleza - CE,N7,7445,Habitação,2,1.49,5.5,7.39,16.6434
2024-05-01,2024,5,2601,Recife - PE,N7,7712,Despesas pessoais,7,0.55,1.05,4.01,8.3596
2021-05-01,2021,5,3101,Belo Horizonte - MG,N7,7712,Despesas pessoais,7,0.55,0.97,1.62,10.4992
2022-03-01,2022,3,2901,Salvador - BA,N7,7712,Despesas pessoais,7,0.17,1.14,4.43,9.8293
2025-12-01,2025,12,3501,São Paulo - SP,N7,7445,Habitação,2,-0.27,7.51,7.51,16.5253
2023-11-01,2023,11,3101,Belo Horizonte - MG,N7,7486,Artigos de residência,3,-1.06,-2.9,-2.5,4.0336
2021-06-01,2021,6,3301,Rio de Janeiro - RJ,N7,7486,Artigos de residência,3,1.51,5.25,13.4,3.0718
2024-04-01,2024,4,3301,Rio de Janeiro - RJ,N7,7169,Índice geral,0,0.15,1.65,3.33,100.0
2025-03-01,2025,3,3101,Belo Horizonte - MG,N7,7786,Comunicação,9,0.45,0.29,2.86,4.9145
2026-01-01,2026,1,3501,São Paulo - SP,N7,7712,Despesas pessoais,7,0.36,0.36,5.98,11.1978
2020-12-01,2020,12,4301,Porto Alegre - RS,N7,7786,Comunicação,9,0.59,3.4,3.4,6.3324
2020-01-01,2020,1,2601,Recife - PE,N7,7486,Artigos de residência,3,0.81,0.81,,4.0965
2024-04-01,2024,4,3301,Rio de Janeiro - RJ,N7,7712,Despesas pessoais,7,-0.11,0.87,4.32,9.3295
2025-04-01,2025,4,4101,Curitiba - PR,N7,7786,Comunicação,9,0.87,1.14,3.07,4.1202
2024-10-01,2024,10,3101,Belo Horizonte - MG,N7,7169,Índice geral,0,0.5,5.1,6.23,100.0
2022-08-01,2022,8,1501,Belém - PA,N7,7486,Artigos de residência,3,0.3,5.41,9.16,3.9637
2023-09-01,2023,9,2301,Fortaleza - CE,N7,7625,Transportes,5,0.85,9.61,11.03,19.3881
2023-04-01,2023,4,2301,Fortaleza - CE,N7,7558,Vestuário,4,1.85,0.67,14.43,4.8362
2023-08-01,2023,8,2301,Fortaleza - CE,N7,7660,Saúde e cuidados pessoais,6,1.04,5.48,9.22,13.3952
2023-10-01,2023,10,2301,Fortaleza - CE,N7,7445,Habitação,2,0.33,2.35,2.83,16.3712
2024-06-01,2024,6,2901,Salvador - BA,N7,7766,Educação,8,0.09,6.86,7.79,6.0751
2020-04-01,2020,4,3201,Grande Vitória - ES,N7,7445,Habitação,2,-1.06,0.5,,15.7085
2021-05-01,2021,5,4301,Porto Alegre - RS,N7,7169,Índice geral,0,1.04,3.32,8.2,100.0
2021-01-01,2021,1,3501,São Paulo - SP,N7,7170,Alimentação e bebidas,1,0.79,0.79,13.5,19.9131
2023-08-01,2023,8,2601,Recife - PE,N7,7170,Alimentação e bebidas,1,-0.82,0.46,2.27,23.932
2022-06-01,2022,6,3301,Rio de Janeiro - RJ,N7,7712,Despesas pessoais,7,0.44,3.67,7.68,8.9005
2024-08-01,2024,8,3201,Grande Vitória - ES,N7,7170,Alimentação e bebidas,1,-0.94,3.02,4.32,17.7371
2022-12-01,2022,12,3301,Rio de Janeiro - RJ,N7,7445,Habitação,2,-0.62,4.16,4.16,18.5595
2026-05-01,2026,5,3201,Grande Vitória - ES,N7,7169,Índice geral,0,0.32,2.8,4.83,100.0
2024-09-01,2024,9,3101,Belo Horizonte - MG,N7,7766,Educação,8,0.07,6.75,7.07,5.4905
2025-07-01,2025,7,1501,Belém - PA,N7,7712,Despesas pessoais,7,1.36,3.54,5.94,7.5658
2023-11-01,2023,11,3301,Rio de Janeiro - RJ,N7,7786,Comunicação,9,-1.07,2.07,2.34,6.2792
2020-10-01,2020,10,4101,Curitiba - PR,N7,7169,Índice geral,0,1.02,1.65,,100.0
2025-02-01,2025,2,1501,Belém - PA,N7,7170,Alimentação e bebidas,1,1.84,3.51,7.78,27.8072
2020-07-01,2020,7,3201,Grande Vitória - ES,N7,7712,Despesas pessoais,7,-0.14,0.86,,9.2532
2025-08-01,2025,8,4101,Curitiba - PR,N7,7169,Índice geral,0,-0.07,3.33,5.46,100.0
2023-03-01,2023,3,3301,Rio de Janeiro - RJ,N7,7486,Artigos de residência,3,-0.64,0.39,4.24,3.1277
2025-09-01,2025,9,2601,Recife - PE,N7,7170,Alimentação e bebidas,1,-0.36,2.21,5.3,23.9296
2026-03-01,2026,3,3101,Belo Horizonte - MG,N7,7486,Artigos de residência,3,0.38,1.73,0.13,3.6875
2020-06-01,2020,6,4301,Porto Alegre - RS,N7,7170,Alimentação e bebidas,1,0.01,4.74,,20.3367
2022-06-01,2022,6,1501,Belém - PA,N7,7170,Alimentação e bebidas,1,-0.61,9.4,9.97,27.8869
2025-05-01,2025,5,2301,Fortaleza - CE,N7,7660,Saúde e cuidados pessoais,6,0.4,3.38,5.63,13.6384
2025-12-01,2025,12,2901,Salvador - BA,N7,7625,Transportes,5,1.03,1.57,1.57,18.2932
2020-01-01,2020,1,2901,Salvador - BA,N7,7486,Artigos de residência,3,-0.27,-0.27,,4.2006
2024-06-01,2024,6,3101,Belo Horizonte - MG,N7,7660,Saúde e cuidados pessoais,6,0.55,4.62,6.33,14.6024
2026-06-01,2026,6,4101,Curitiba - PR,N7,7766,Educação,8,0.07,5.48,6.48,5.7636
2024-07-01,2024,7,1501,Belém - PA,N7,7558,Vestuário,4,0.61,2.73,4.34,6.3143
2024-09-01,2024,9,4301,Porto Alegre - RS,N7,7486,Artigos de residência,3,0.25,0.79,1.67,4.2059
2023-01-01,2023,1,1501,Belém - PA,N7,7625,Transportes,5,0.33,0.33,-3.04,17.8107
2021-10-01,2021,10,2901,Salvador - BA,N7,7169,Índice geral,0,1.22,8.11,10.38,100.0
2025-01-01,2025,1,4301,Porto Alegre - RS,N7,7625,Transportes,5,0.19,0.19,4.18,21.1457
2026-05-01,2026,5,4101,Curitiba - PR,N7,7712,Despesas pessoais,7,1.08,2.09,6.69,9.4433
2021-01-01,2021,1,2601,Recife - PE,N7,7766,Educação,8,0.07,0.07,3.79,5.9526
2022-09-01,2022,9,2301,Fortaleza - CE,N7,7558,Vestuário,4,2.26,11.75,14.25,4.7061
2023-10-01,2023,10,4301,Porto Alegre - RS,N7,7486,Artigos de residência,3,0.28,-1.72,-2.33,4.2832
2021-07-01,2021,7,4101,Curitiba - PR,N7,7558,Vestuário,4,1.42,3.81,6.5,4.7306
2024-06-01,2024,6,3101,Belo Horizonte - MG,N7,7625,Transportes,5,-0.4,2.5,5.31,20.0851
2025-02-01,2025,2,4101,Curitiba - PR,N7,7486,Artigos de residência,3,0.79,0.66,2.49,3.9257
2024-10-01,2024,10,3501,São Paulo - SP,N7,7170,Alimentação e bebidas,1,1.37,5.86,7.53,20.2828
2024-04-01,2024,4,4101,Curitiba - PR,N7,7766,Educação,8,-0.03,4.97,6.09,5.5341
2026-03-01,2026,3,2301,Fortaleza - CE,N7,7786,Comunicação,9,-0.16,1.32,2.02,3.5866
2020-08-01,2020,8,2601,Recife - PE,N7,7766,Educação,8,-0.07,3.71,,6.1902
2023-11-01,2023,11,3101,Belo Horizonte - MG,N7,7445,Habitação,2,0.15,8.78,9.17,13.222
2025-09-01,2025,9,4301,Porto Alegre - RS,N7,7170,Alimentação e bebidas,1,-0.44,4.28,5.83,21.5298
2023-06-01,2023,6,3101,Belo Horizonte - MG,N7,7786,Comunicação,9,0.13,4.4,0.4,5.2682
2024-04-01,2024,4,3301,Rio de Janeiro - RJ,N7,7625,Transportes,5,-0.5,-0.4,1.06,19.8778
2024-10-01,2024,10,4301,Porto Alegre - RS,N7,7558,Vestuário,4,-0.21,1.23,1.3,5.0195
2023-01-01,2023,1,2601,Recife - PE,N7,7486,Artigos de residência,3,-0.45,-0.45,5.39,4.2908
2024-01-01,2024,1,2601,Recife - PE,N7,7486,Artigos de residência,3,0.04,0.04,-0.74,4.1076
2025-07-01,2025,7,4101,Curitiba - PR,N7,7625,Transportes,5,0.2,2.5,2.73,25.3982
2021-04-01,2021,4,2601,Recife - PE,N7,7169,Índice geral,0,0.48,2.4,7.34,100.0
2024-11-01,2024,11,3101,Belo Horizonte - MG,N7,7660,Saúde e cuidados pessoais,6,0.23,5.85,6.35,14.5484
2021-11-01,2021,11,3501,São Paulo - SP,N7,7169,Índice geral,0,0.86,8.83,10.02,100.0
2026-02-01,2026,2,3301,Rio de Janeiro - RJ,N7,7486,Artigos de residência,3,-0.06,0.84,-1.83,2.7453
2024-04-01,2024,4,3301,Rio de Janeiro - RJ,N7,7786,Comunicação,9,-0.06,1.07,-1.11,6.1024
2026-02-01,2026,2,2901,Salvador - BA,N7,7558,Vestuário,4,-0.46,-1.19,3.85,5.2398
2021-12-01,2021,12,4101,Curitiba - PR,N7,7625,Transportes,5,0.21,23.6,23.6,26.4988
2022-09-01,2022,9,2301,Fortaleza - CE,N7,7766,Educação,8,0.1,7.61,7.61,6.2324
2021-06-01,2021,6,2301,Fortaleza - CE,N7,7445,Habitação,2,1.24,6.57,12.6,16.8347
2026-05-01,2026,5,3201,Grande Vitória - ES,N7,7170,Alimentação e bebidas,1,1.2,4.98,3.14,17.7969
2026-02-01,2026,2,2301,Fortaleza - CE,N7,7712,Despesas pessoais,7,-0.31,0.68,6.49,7.7693
2021-08-01,2021,8,4301,Porto Alegre - RS,N7,7766,Educação,8,0.37,-0.18,0.54,4.8271
2026-03-01,2026,3,1501,Belém - PA,N7,7558,Vestuário,4,-0.26,-2.53,-0.87,6.0802
2021-12-01,2021,12,2901,Salvador - BA,N7,7660,Saúde e cuidados pessoais,6,0.79,4.53,4.53,14.3372
2023-12-01,2023,12,3101,Belo Horizonte - MG,N7,7660,Saúde e cuidados pessoais,6,0.47,6.33,6.33,14.5259
2021-02-01,2021,2,1501,Belém - PA,N7,7558,Vestuário,4,-0.44,-0.61,-0.82,6.0197
2024-06-01,2024,6,2601,Recife - PE,N7,7625,Transportes,5,-0.52,1.64,4.46,18.9985
2023-12-01,2023,12,2301,Fortaleza - CE,N7,7766,Educação,8,0.07,9.37,9.37,6.5026
2022-09-01,2022,9,4301,Porto Alegre - RS,N7,7169,Índice geral,0,-0.46,1.83,4.85,100.0
2025-05-01,2025,5,4101,Curitiba - PR,N7,7712,Despesas pessoais,7,0.34,1.15,4.37,9.2124
2025-03-01,2025,3,3301,Rio de Janeiro - RJ,N7,7170,Alimentação e bebidas,1,1.31,2.85,7.74,21.0346
2020-07-01,2020,7,3101,Belo Horizonte - MG,N7,7786,Comunicação,9,0.39,2.21,,6.0367
2021-06-01,2021,6,4301,Porto Alegre - RS,N7,7445,Habitação,2,1.71,2.19,9.45,14.6226
2021-05-01,2021,5,2901,Salvador - BA,N7,7660,Saúde e cuidados pessoais,6,0.31,2.51,4.39,15.1703
2025-07-01,2025,7,1501,Belém - PA,N7,7486,Artigos de residência,3,0.06,0.68,1.89,3.6309
2023-02-01,2023,2,3101,Belo Horizonte - MG,N7,7660,Saúde e cuidados pessoais,6,1.18,1.63,12.98,14.251
2020-05-01,2020,5,3201,Grande Vitória - ES,N7,7169,Índice geral,0,-0.48,0.18,,100.0
2025-08-01,2025,8,3101,Belo Horizonte - MG,N7,7660,Saúde e cuidados pessoais,6,0.48,4.42,5.7,14.5689
2020-02-01,2020,2,4301,Porto Alegre - RS,N7,7625,Transportes,5,-0.2,0.06,,21.0834
2021-08-01,2021,8,4301,Porto Alegre - RS,N7,7558,Vestuário,4,0.81,5.03,5.61,4.5918
2025-04-01,2025,4,4301,Porto Alegre - RS,N7,7660,Saúde e cuidados pessoais,6,1.71,3.5,6.78,13.2315
2021-08-01,2021,8,3201,Grande Vitória - ES,N7,7786,Comunicação,9,-0.01,-0.6,-0.02,5.9212
2025-08-01,2025,8,3101,Belo Horizonte - MG,N7,7486,Artigos de residência,3,0.27,2.08,2.5,3.7783
2023-02-01,2023,2,4301,Porto Alegre - RS,N7,7486,Artigos de residência,3,0.03,0.63,5.75,4.5527
2020-07-01,2020,7,3101,Belo Horizonte - MG,N7,7712,Despesas pessoais,7,-0.29,-0.41,,11.2006
2025-07-01,2025,7,3301,Rio de Janeiro - RJ,N7,7445,Habitação,2,0.36,2.95,4.07,18.3289
2023-06-01,2023,6,2901,Salvador - BA,N7,7170,Alimentação e bebidas,1,-0.94,1.06,4.31,23.2686
2023-12-01,2023,12,1501,Belém - PA,N7,7786,Comunicação,9,-0.01,3.08,3.08,4.2406
2022-03-01,2022,3,2301,Fortaleza - CE,N7,7486,Artigos de residência,3,1.05,4.49,13.3,4.1349
2025-07-01,2025,7,4301,Porto Alegre - RS,N7,7445,Habitação,2,0.42,6.03,6.39,14.368
2020-01-01,2020,1,3501,São Paulo - SP,N7,7170,Alimentação e bebidas,1,0.33,0.33,,18.4004
2024-07-01,2024,7,2901,Salvador - BA,N7,7660,Saúde e cuidados pessoais,6,0.01,5.41,6.09,15.466
2022-12-01,2022,12,4101,Curitiba - PR,N7,7786,Comunicação,9,0.23,-1.58,-1.58,4.2683
2021-10-01,2021,10,2901,Salvador - BA,N7,7660,Saúde e cuidados pessoais,6,0.71,4.08,4.87,14.6648
2021-06-01,2021,6,3301,Rio de Janeiro - RJ,N7,7786,Comunicação,9,-0.52,0.23,3.13,7.1073
2024-11-01,2024,11,3101,Belo Horizonte - MG,N7,7170,Alimentação e bebidas,1,1.93,7.23,9.25,21.9886
2024-12-01,2024,12,3101,Belo Horizonte - MG,N7,7558,Vestuário,4,0.93,3.15,3.15,5.0526
2025-12-01,2025,12,4301,Porto Alegre - RS,N7,7766,Educação,8,0.14,5.85,5.85,5.1521
2021-06-01,2021,6,3301,Rio de Janeiro - RJ,N7,7625,Transportes,5,0.23,6.08,10.93,19.8295
2024-04-01,2024,4,2601,Recife - PE,N7,7169,Índice geral,0,0.55,2.26,3.63,100.0
2020-10-01,2020,10,3501,São Paulo - SP,N7,7625,Transportes,5,1.69,-1.83,,19.056
2022-08-01,2022,8,4101,Curitiba - PR,N7,7170,Alimentação e bebidas,1,0.39,10.76,13.37,21.605
2021-09-01,2021,9,4301,Porto Alegre - RS,N7,7445,Habitação,2,3.69,11.48,18.21,15.2279
2020-09-01,2020,9,4101,Curitiba - PR,N7,7445,Habitação,2,0.33,-0.79,,14.8776
2020-01-01,2020,1,3201,Grande Vitória - ES,N7,7445,Habitação,2,-0.26,-0.26,,15.58
2023-02-01,2023,2,3101,Belo Horizonte - MG,N7,7625,Transportes,5,0.5,1.25,-4.52,19.6271
2022-06-01,2022,6,3301,Rio de Janeiro - RJ,N7,7558,Vestuário,4,2.23,11.73,20.9,3.5773
2026-05-01,2026,5,1501,Belém - PA,N7,7625,Transportes,5,0.13,3.69,5.22,18.4182
2023-08-01,2023,8,3201,Grande Vitória - ES,N7,7558,Vestuário,4,-0.05,1.81,6.31,4.0123
2024-05-01,2024,5,2301,Fortaleza - CE,N7,7445,Habitação,2,-0.41,0.36,3.26,16.395
2024-02-01,2024,2,3201,Grande Vitória - ES,N7,7486,Artigos de residência,3,-0.07,-0.02,-0.33,3.7182
2025-07-01,2025,7,3101,Belo Horizonte - MG,N7,7445,Habitação,2,0.18,6.53,6.87,13.4515
2022-09-01,2022,9,1501,Belém - PA,N7,7660,Saúde e cuidados pessoais,6,0.32,9.16,7.68,12.4991
2025-11-01,2025,11,4101,Curitiba - PR,N7,7170,Alimentação e bebidas,1,0.02,3.85,4.42,21.6182
2022-12-01,2022,12,3201,Grande Vitória - ES,N7,7169,Índice geral,0,0.65,5.03,5.03,100.0
2022-09-01,2022,9,2301,Fortaleza - CE,N7,7712,Despesas pessoais,7,0.08,4.29,5.69,7.5809
2021-10-01,2021,10,4101,Curitiba - PR,N7,7558,Vestuário,4,2.41,8.1,8.67,4.6721
2023-05-01,2023,5,2901,Salvador - BA,N7,7786,Comunicação,9,0.6,4.98,-0.32,4.1118
2025-08-01,2025,8,1501,Belém - PA,N7,7445,Habitação,2,-0.57,3.5,4.22,15.6296
2023-02-01,2023,2,3101,Belo Horizonte - MG,N7,7558,Vestuário,4,0.45,-0.46,14.94,5.097
2025-08-01,2025,8,4301,Porto Alegre - RS,N7,7786,Comunicação,9,-0.08,1.01,1.93,5.3091
2021-11-01,2021,11,4301,Porto Alegre - RS,N7,7170,Alimentação e bebidas,1,-0.08,6.18,8.95,20.6735
2021-01-01,2021,1,2301,Fortaleza - CE,N7,7558,Vestuário,4,-0.43,-0.43,2.63,4.395
2020-03-01,2020,3,4101,Curitiba - PR,N7,7558,Vestuário,4,0.46,0.25,,4.873
2026-02-01,2026,2,2901,Salvador - BA,N7,7486,Artigos de residência,3,-0.43,0.05,-3.61,3.5502
2021-01-01,2021,1,3201,Grande Vitória - ES,N7,7786,Comunicação,9,-0.18,-0.18,2.36,6.2684
2020-03-01,2020,3,4101,Curitiba - PR,N7,7786,Comunicação,9,-0.42,0.02,,5.1685
2020-03-01,2020,3,3501,São Paulo - SP,N7,7625,Transportes,5,-1.01,-0.48,,19.9934
2021-12-01,2021,12,2301,Fortaleza - CE,N7,7766,Educação,8,0.05,7.74,7.74,6.1094
2024-02-01,2024,2,4101,Curitiba - PR,N7,7445,Habitação,2,0.37,0.38,6.41,14.317
2024-10-01,2024,10,3201,Grande Vitória - ES,N7,7445,Habitação,2,1.44,4.59,4.89,15.6324
2020-03-01,2020,3,3201,Grande Vitória - ES,N7,7486,Artigos de residência,3,-1.07,-0.64,,3.8333
2023-12-01,2023,12,4101,Curitiba - PR,N7,7486,Artigos de residência,3,0.07,0.69,0.69,4.0594
2021-12-01,2021,12,4101,Curitiba - PR,N7,7660,Saúde e cuidados pessoais,6,0.7,5.98,5.98,9.7264
2021-04-01,2021,4,2301,Fortaleza - CE,N7,7712,Despesas pessoais,7,-0.09,0.87,2.18,7.9763
2021-09-01,2021,9,3501,São Paulo - SP,N7,7486,Artigos de residência,3,0.57,7.95,13.78,3.6433
2025-11-01,2025,11,1501,Belém - PA,N7,7766,Educação,8,0.14,6.47,6.47,3.7843
2024-01-01,2024,1,3101,Belo Horizonte - MG,N7,7786,Comunicação,9,0.02,0.02,0.82,5.123
2022-04-01,2022,4,2601,Recife - PE,N7,7445,Habitação,2,-1.08,-0.32,13.49,14.4264
2021-04-01,2021,4,4301,Porto Alegre - RS,N7,7486,Artigos de residência,3,0.06,2.54,12.24,4.296
2022-05-01,2022,5,3301,Rio de Janeiro - RJ,N7,7712,Despesas pessoais,7,0.33,3.21,7.48,8.9207
2020-04-01,2020,4,4301,Porto Alegre - RS,N7,7558,Vestuário,4,0.67,-2.08,,4.7988
2020-03-01,2020,3,2901,Salvador - BA,N7,7486,Artigos de residência,3,-2.06,-2.19,,4.1739
2025-07-01,2025,7,4301,Porto Alegre - RS,N7,7625,Transportes,5,0.83,1.03,2.25,20.5378
2024-04-01,2024,4,4301,Porto Alegre - RS,N7,7486,Artigos de residência,3,-0.34,-0.92,-2.42,4.2391
2022-02-01,2022,2,3501,São Paulo - SP,N7,7170,Alimentação e bebidas,1,1.07,2.06,8.71,19.7018
2021-04-01,2021,4,4101,Curitiba - PR,N7,7786,Comunicação,9,-0.25,-0.71,1.07,4.9022
2024-03-01,2024,3,3101,Belo Horizonte - MG,N7,7486,Artigos de residência,3,0.42,1.67,-0.47,3.965
2023-08-01,2023,8,3301,Rio de Janeiro - RJ,N7,7712,Despesas pessoais,7,0.37,3.05,5.61,9.2897
2022-07-01,2022,7,2301,Fortaleza - CE,N7,7170,Alimentação e bebidas,1,0.41,7.34,11.63,24.0727
2025-10-01,2025,10,2901,Salvador - BA,N7,7712,Despesas pessoais,7,0.52,5.66,6.94,10.2327
2021-09-01,2021,9,1501,Belém - PA,N7,7170,Alimentação e bebidas,1,-0.21,3.84,11.58,27.2821
2023-05-01,2023,5,1501,Belém - PA,N7,7169,Índice geral,0,0.01,2.7,3.5,100.0
2020-12-01,2020,12,2301,Fortaleza - CE,N7,7786,Comunicação,9,0.46,3.56,3.56,4.7231
2025-06-01,2025,6,4301,Porto Alegre - RS,N7,7445,Habitação,2,1.03,5.59,6.69,14.2292
2023-12-01,2023,12,2601,Recife - PE,N7,7660,Saúde e cuidados pessoais,6,0.22,5.91,5.91,14.8516
2024-03-01,2024,3,4101,Curitiba - PR,N7,7660,Saúde e cuidados pessoais,6,0.42,1.51,4.9,10.541
2020-12-01,2020,12,4301,Porto Alegre - RS,N7,7712,Despesas pessoais,7,0.46,-0.26,-0.26,10.646
2022-01-01,2022,1,2601,Recife - PE,N7,7170,Alimentação e bebidas,1,0.49,0.49,8.07,23.1077
2023-02-01,2023,2,2601,Recife - PE,N7,7712,Despesas pessoais,7,-0.1,0.93,5.11,8.4811
2024-12-01,2024,12,3501,São Paulo - SP,N7,7445,Habitação,2,-0.74,2.81,2.81,16.2226
2023-06-01,2023,6,3101,Belo Horizonte - MG,N7,7558,Vestuário,4,0.4,1.9,8.81,5.1033
2024-03-01,2024,3,3501,São Paulo - SP,N7,7558,Vestuário,4,-0.17,-0.16,1.97,4.1085
2025-08-01,2025,8,4101,Curitiba - PR,N7,7558,Vestuário,4,-0.55,3.7,6.24,4.9828
2022-12-01,2022,12,3201,Grande Vitória - ES,N7,7660,Saúde e cuidados pessoais,6,1.31,10.27,10.27,15.3984
2020-09-01,2020,9,3101,Belo Horizonte - MG,N7,7766,Educação,8,0.01,0.31,,5.6277
2021-06-01,2021,6,3301,Rio de Janeiro - RJ,N7,7169,Índice geral,0,0.24,3.05,6.84,100.0
2022-07-01,2022,7,4301,Porto Alegre - RS,N7,7170,Alimentação e bebidas,1,2.2,12.71,14.83,21.6372
2026-04-01,2026,4,4101,Curitiba - PR,N7,7170,Alimentação e bebidas,1,1.35,3.24,2.04,21.5138
2020-01-01,2020,1,3501,São Paulo - SP,N7,7625,Transportes,5,0.54,0.54,,19.9972
2020-11-01,2020,11,4101,Curitiba - PR,N7,7766,Educação,8,0.05,0.73,,5.7262
2020-02-01,2020,2,2301,Fortaleza - CE,N7,7486,Artigos de residência,3,-0.01,0.44,,4.1003
2022-11-01,2022,11,4101,Curitiba - PR,N7,7170,Alimentação e bebidas,1,-0.01,10.91,11.22,21.8132
2024-02-01,2024,2,4101,Curitiba - PR,N7,7486,Artigos de residência,3,-0.81,-0.59,-0.62,4.0452
2025-06-01,2025,6,3201,Grande Vitória - ES,N7,7169,Índice geral,0,0.25,3.21,5.36,100.0
2021-08-01,2021,8,2301,Fortaleza - CE,N7,7625,Transportes,5,1.17,10.07,14.13,18.7866
2025-11-01,2025,11,3201,Grande Vitória - ES,N7,7660,Saúde e cuidados pessoais,6,0.32,5.05,5.08,15.9801
2025-09-01,2025,9,4301,Porto Alegre - RS,N7,7625,Transportes,5,0.6,0.72,0.78,20.5193
2022-02-01,2022,2,2301,Fortaleza - CE,N7,7169,Índice geral,0,0.77,1.5,10.25,100.0
2020-10-01,2020,10,4301,Porto Alegre - RS,N7,7625,Transportes,5,0.31,-2.9,,20.2126
2022-10-01,2022,10,4101,Curitiba - PR,N7,7712,Despesas pessoais,7,0.59,6.55,8.57,9.2692
2021-12-01,2021,12,2601,Recife - PE,N7,7625,Transportes,5,0.67,21.86,21.86,20.308
2021-06-01,2021,6,3101,Belo Horizonte - MG,N7,7786,Comunicação,9,0.11,0.09,3.27,5.733
2022-12-01,2022,12,2301,Fortaleza - CE,N7,7169,Índice geral,0,0.61,5.76,5.76,100.0
2026-02-01,2026,2,3301,Rio de Janeiro - RJ,N7,7712,Despesas pessoais,7,0.79,1.74,6.08,9.6395
2021-03-01,2021,3,2301,Fortaleza - CE,N7,7169,Índice geral,0,0.72,2.59,7.1,100.0
2020-11-01,2020,11,4301,Porto Alegre - RS,N7,7712,Despesas pessoais,7,-0.29,-0.72,,10.762
2025-03-01,2025,3,2301,Fortaleza - CE,N7,7170,Alimentação e bebidas,1,1.09,3.08,6.91,24.687
2026-01-01,2026,1,2301,Fortaleza - CE,N7,7660,Saúde e cuidados pessoais,6,0.72,0.72,7.85,13.9192
2024-12-01,2024,12,4101,Curitiba - PR,N7,7712,Despesas pessoais,7,0.78,5.04,5.04,9.3474
2024-01-01,2024,1,3301,Rio de Janeiro - RJ,N7,7558,Vestuário,4,-0.18,-0.18,3.14,3.8545
2025-01-01,2025,1,3101,Belo Horizonte - MG,N7,7766,Educação,8,0.53,0.53,6.96,5.4041
2020-01-01,2020,1,1501,Belém - PA,N7,7445,Habitação,2,0.47,0.47,,15.9343
2022-12-01,2022,12,1501,Belém - PA,N7,7766,Educação,8,0.1,8.71,8.71,3.4884
2021-08-01,2021,8,2601,Recife - PE,N7,7169,Índice geral,0,0.66,5.84,9.65,100.0
2025-08-01,2025,8,3101,Belo Horizonte - MG,N7,7558,Vestuário,4,0.38,2.96,5.54,5.0359
2022-05-01,2022,5,3301,Rio de Janeiro - RJ,N7,7786,Comunicação,9,0.64,2.36,3.33,6.5752
2023-03-01,2023,3,3301,Rio de Janeiro - RJ,N7,7766,Educação,8,0.22,6.5,7.92,5.4332
2024-07-01,2024,7,2901,Salvador - BA,N7,7486,Artigos de residência,3,0.16,-1.39,-1.73,3.8426
2023-07-01,2023,7,3501,São Paulo - SP,N7,7660,Saúde e cuidados pessoais,6,0.11,5.07,10.0,12.9486
2022-03-01,2022,3,1501,Belém - PA,N7,7486,Artigos de residência,3,0.21,2.53,10.74,3.936
2020-07-01,2020,7,3501,São Paulo - SP,N7,7660,Saúde e cuidados pessoais,6,0.43,1.43,,13.3089
2024-06-01,2024,6,3101,Belo Horizonte - MG,N7,7445,Habitação,2,2.18,4.74,4.48,13.021
2025-06-01,2025,6,4101,Curitiba - PR,N7,7169,Índice geral,0,0.14,3.07,5.12,100.0
2020-04-01,2020,4,4101,Curitiba - PR,N7,7558,Vestuário,4,-0.3,-0.05,,4.8891
2021-03-01,2021,3,4101,Curitiba - PR,N7,7766,Educação,8,-0.39,0.9,-2.47,5.6085
2022-12-01,2022,12,3301,Rio de Janeiro - RJ,N7,7558,Vestuário,4,1.45,20.95,20.95,3.8787
2025-07-01,2025,7,2301,Fortaleza - CE,N7,7445,Habitação,2,-0.16,2.82,4.93,16.2704
2025-02-01,2025,2,3201,Grande Vitória - ES,N7,7170,Alimentação e bebidas,1,0.96,2.62,6.94,18.1682
2025-11-01,2025,11,2301,Fortaleza - CE,N7,7660,Saúde e cuidados pessoais,6,0.51,6.9,6.57,13.901
2022-03-01,2022,3,3101,Belo Horizonte - MG,N7,7445,Habitação,2,0.77,1.18,9.8,14.0704
2025-11-01,2025,11,4301,Porto Alegre - RS,N7,7712,Despesas pessoais,7,0.41,5.5,6.38,10.7096
2023-02-01,2023,2,4301,Porto Alegre - RS,N7,7625,Transportes,5,0.95,0.86,-2.36,20.342
2021-07-01,2021,7,3201,Grande Vitória - ES,N7,7558,Vestuário,4,-0.3,2.19,6.21,3.7176
2024-12-01,2024,12,3301,Rio de Janeiro - RJ,N7,7625,Transportes,5,0.5,2.34,2.34,19.7189
2025-04-01,2025,4,3301,Rio de Janeiro - RJ,N7,7170,Alimentação e bebidas,1,0.45,3.32,8.2,21.1966
2020-11-01,2020,11,3101,Belo Horizonte - MG,N7,7169,Índice geral,0,0.95,3.41,,100.0
2025-03-01,2025,3,1501,Belém - PA,N7,7169,Índice geral,0,0.35,2.1,4.81,100.0
2025-07-01,2025,7,3301,Rio de Janeiro - RJ,N7,7558,Vestuário,4,-0.75,2.39,3.95,3.7744
2023-02-01,2023,2,2301,Fortaleza - CE,N7,7445,Habitação,2,0.08,-0.61,0.98,16.3938
2022-08-01,2022,8,3501,São Paulo - SP,N7,7625,Transportes,5,-2.68,-0.37,7.98,20.4946
2023-10-01,2023,10,1501,Belém - PA,N7,7445,Habitação,2,-1.41,5.12,6.6,16.1693
2023-09-01,2023,9,3301,Rio de Janeiro - RJ,N7,7786,Comunicação,9,-0.62,3.76,3.55,6.3902
2024-12-01,2024,12,2301,Fortaleza - CE,N7,7660,Saúde e cuidados pessoais,6,-0.31,6.52,6.52,13.6518
2022-04-01,2022,4,1501,Belém - PA,N7,7170,Alimentação e bebidas,1,2.6,9.06,10.13,27.3555
2024-07-01,2024,7,2901,Salvador - BA,N7,7766,Educação,8,0.01,6.87,7.66,6.0826
2023-01-01,2023,1,2901,Salvador - BA,N7,7786,Comunicação,9,2.2,2.2,-1.1,4.0533
2021-12-01,2021,12,3501,São Paulo - SP,N7,7486,Artigos de residência,3,0.66,11.93,11.93,3.6556
2025-02-01,2025,2,2901,Salvador - BA,N7,7786,Comunicação,9,-0.03,-0.08,1.84,3.9309
2023-07-01,2023,7,3301,Rio de Janeiro - RJ,N7,7786,Comunicação,9,0.08,4.25,0.43,6.3746
2024-03-01,2024,3,3201,Grande Vitória - ES,N7,7786,Comunicação,9,-0.05,1.36,2.44,5.2419
2022-12-01,2022,12,3201,Grande Vitória - ES,N7,7786,Comunicação,9,0.25,-2.12,-2.12,5.2821
2022-09-01,2022,9,2901,Salvador - BA,N7,7486,Artigos de residência,3,-0.04,5.13,11.69,4.2575
2026-03-01,2026,3,3501,São Paulo - SP,N7,7170,Alimentação e bebidas,1,1.54,2.19,3.18,20.43
2023-04-01,2023,4,2301,Fortaleza - CE,N7,7625,Transportes,5,1.1,6.76,-1.73,19.1447
2023-08-01,2023,8,4301,Porto Alegre - RS,N7,7169,Índice geral,0,0.24,3.6,4.93,100.0
2021-07-01,2021,7,3301,Rio de Janeiro - RJ,N7,7766,Educação,8,0.06,1.78,0.2,5.3299
2025-02-01,2025,2,3501,São Paulo - SP,N7,7625,Transportes,5,0.56,2.01,5.68,20.0973
2020-06-01,2020,6,4301,Porto Alegre - RS,N7,7486,Artigos de residência,3,1.02,-0.89,,4.0898
2023-04-01,2023,4,3201,Grande Vitória - ES,N7,7169,Índice geral,0,0.31,3.03,4.23,100.0
2022-10-01,2022,10,3501,São Paulo - SP,N7,7786,Comunicação,9,-0.5,-0.65,-0.45,4.967
2024-08-01,2024,8,3101,Belo Horizonte - MG,N7,7445,Habitação,2,-0.42,4.96,5.29,13.2929
2023-02-01,2023,2,2901,Salvador - BA,N7,7170,Alimentação e bebidas,1,-0.21,0.66,9.66,23.4959
2020-08-01,2020,8,3501,São Paulo - SP,N7,7486,Artigos de residência,3,0.45,1.08,,3.488
2022-02-01,2022,2,2301,Fortaleza - CE,N7,7170,Alimentação e bebidas,1,0.37,1.37,9.11,24.0108
2026-06-01,2026,6,2901,Salvador - BA,N7,7486,Artigos de residência,3,0.31,1.55,-1.8,3.4713
2022-02-01,2022,2,3301,Rio de Janeiro - RJ,N7,7766,Educação,8,5.88,6.64,7.75,5.1016
2021-05-01,2021,5,3101,Belo Horizonte - MG,N7,7486,Artigos de residência,3,1.54,6.53,18.21,4.1678
2024-01-01,2024,1,4301,Porto Alegre - RS,N7,7625,Transportes,5,-1.32,-1.32,8.09,21.3429
2024-11-01,2024,11,4101,Curitiba - PR,N7,7486,Artigos de residência,3,0.08,0.46,0.53,3.9276
2020-08-01,2020,8,3301,Rio de Janeiro - RJ,N7,7558,Vestuário,4,-0.29,-3.17,,3.4925
2020-10-01,2020,10,1501,Belém - PA,N7,7766,Educação,8,0.0,-2.0,,3.4915
2020-09-01,2020,9,3301,Rio de Janeiro - RJ,N7,7625,Transportes,5,0.94,-2.39,,19.2156
2022-03-01,2022,3,4101,Curitiba - PR,N7,7712,Despesas pessoais,7,0.58,2.07,8.37,9.0784
2024-06-01,2024,6,3201,Grande Vitória - ES,N7,7169,Índice geral,0,0.05,2.14,4.12,100.0
2023-02-01,2023,2,4101,Curitiba - PR,N7,7170,Alimentação e bebidas,1,0.49,0.31,8.95,21.6704
2021-06-01,2021,6,2601,Recife - PE,N7,7625,Transportes,5,1.9,8.78,16.45,18.9673
2025-04-01,2025,4,3501,São Paulo - SP,N7,7169,Índice geral,0,0.52,2.58,5.95,100.0
2020-05-01,2020,5,3501,São Paulo - SP,N7,7712,Despesas pessoais,7,-0.03,0.34,,11.6864
2022-07-01,2022,7,3201,Grande Vitória - ES,N7,7558,Vestuário,4,0.33,7.15,15.99,3.8413
2025-06-01,2025,6,3101,Belo Horizonte - MG,N7,7558,Vestuário,4,0.44,3.11,5.73,5.0781
2022-10-01,2022,10,2601,Recife - PE,N7,7660,Saúde e cuidados pessoais,6,1.86,10.46,10.71,14.3279
2023-02-01,2023,2,1501,Belém - PA,N7,7445,Habitação,2,1.41,1.17,0.96,15.6673
2026-03-01,2026,3,3301,Rio de Janeiro - RJ,N7,7660,Saúde e cuidados pessoais,6,-0.01,1.08,4.98,13.8122
2023-09-01,2023,9,3101,Belo Horizonte - MG,N7,7660,Saúde e cuidados pessoais,6,0.13,5.6,8.47,14.6138
2021-01-01,2021,1,3301,Rio de Janeiro - RJ,N7,7445,Habitação,2,-1.0,-1.0,3.05,18.5275
2022-11-01,2022,11,1501,Belém - PA,N7,7445,Habitação,2,0.03,-1.56,-0.12,15.7289
2022-02-01,2022,2,3501,São Paulo - SP,N7,7712,Despesas pessoais,7,0.68,1.41,5.55,10.849
2023-04-01,2023,4,3101,Belo Horizonte - MG,N7,7786,Comunicação,9,-0.04,3.87,1.52,5.3071
2022-01-01,2022,1,1501,Belém - PA,N7,7486,Artigos de residência,3,1.24,1.24,12.99,3.9094
2024-09-01,2024,9,2901,Salvador - BA,N7,7766,Educação,8,0.04,7.45,7.92,6.1003
2026-04-01,2026,4,2901,Salvador - BA,N7,7169,Índice geral,0,0.64,3.04,4.51,100.0
2026-06-01,2026,6,4301,Porto Alegre - RS,N7,7712,Despesas pessoais,7,0.05,1.44,4.38,10.5547
2023-10-01,2023,10,4101,Curitiba - PR,N7,7625,Transportes,5,0.18,4.69,7.44,26.4693
2021-10-01,2021,10,3101,Belo Horizonte - MG,N7,7625,Transportes,5,2.54,18.31,21.57,20.7507
2020-04-01,2020,4,3301,Rio de Janeiro - RJ,N7,7660,Saúde e cuidados pessoais,6,0.08,1.35,,13.6038
2023-03-01,2023,3,3501,São Paulo - SP,N7,7558,Vestuário,4,0.59,0.11,14.94,4.1793
2024-11-01,2024,11,4101,Curitiba - PR,N7,7170,Alimentação e bebidas,1,1.23,6.62,7.6,21.3924
2020-02-01,2020,2,1501,Belém - PA,N7,7558,Vestuário,4,-1.19,-0.81,,6.3704
2025-01-01,2025,1,3201,Grande Vitória - ES,N7,7660,Saúde e cuidados pessoais,6,0.84,0.84,5.44,15.9744
2025-07-01,2025,7,2901,Salvador - BA,N7,7786,Comunicação,9,-0.12,1.62,2.18,3.8997
2025-03-01,2025,3,1501,Belém - PA,N7,7786,Comunicação,9,0.02,0.35,2.47,4.0963
2020-06-01,2020,6,2601,Recife - PE,N7,7558,Vestuário,4,-1.09,-0.69,,5.8847
2020-09-01,2020,9,4301,Porto Alegre - RS,N7,7445,Habitação,2,0.13,0.88,,14.7302
2023-10-01,2023,10,2301,Fortaleza - CE,N7,7786,Comunicação,9,-0.41,1.73,1.3,3.8447
2024-07-01,2024,7,4101,Curitiba - PR,N7,7169,Índice geral,0,0.3,2.69,3.63,100.0
2026-06-01,2026,6,2601,Recife - PE,N7,7170,Alimentação e bebidas,1,-0.2,4.42,4.5,23.9794
2020-01-01,2020,1,3101,Belo Horizonte - MG,N7,7169,Índice geral,0,0.2,0.2,,100.0
2020-06-01,2020,6,3301,Rio de Janeiro - RJ,N7,7712,Despesas pessoais,7,-0.01,0.32,,9.749
2025-01-01,2025,1,1501,Belém - PA,N7,7712,Despesas pessoais,7,0.56,0.56,4.91,7.6576
2022-08-01,2022,8,3201,Grande Vitória - ES,N7,7558,Vestuário,4,1.61,8.87,15.78,3.9051
2026-03-01,2026,3,3501,São Paulo - SP,N7,7766,Educação,8,0.08,5.76,7.12,7.2536
2021-02-01,2021,2,2901,Salvador - BA,N7,7766,Educação,8,4.72,4.91,0.16,5.7566
2024-12-01,2024,12,4101,Curitiba - PR,N7,7660,Saúde e cuidados pessoais,6,1.05,6.03,6.03,10.6553
2022-07-01,2022,7,2901,Salvador - BA,N7,7712,Despesas pessoais,7,0.89,4.19,6.69,9.5898
2023-11-01,2023,11,3101,Belo Horizonte - MG,N7,7169,Índice geral,0,0.27,4.22,4.96,100.0
2025-12-01,2025,12,2301,Fortaleza - CE,N7,7786,Comunicação,9,0.43,0.03,0.03,3.5766
2022-11-01,2022,11,1501,Belém - PA,N7,7625,Transportes,5,0.3,-3.89,-2.73,17.8422
2024-08-01,2024,8,3201,Grande Vitória - ES,N7,7766,Educação,8,0.35,6.46,6.84,5.5166
2024-11-01,2024,11,1501,Belém - PA,N7,7786,Comunicação,9,-0.5,2.88,2.87,4.2026
2021-05-01,2021,5,4101,Curitiba - PR,N7,7486,Artigos de residência,3,1.05,4.46,13.87,4.1324
2021-03-01,2021,3,2601,Recife - PE,N7,7712,Despesas pessoais,7,0.1,0.66,0.57,8.7575
2020-05-01,2020,5,3301,Rio de Janeiro - RJ,N7,7486,Artigos de residência,3,1.15,-2.89,,2.8413
2021-11-01,2021,11,3301,Rio de Janeiro - RJ,N7,7660,Saúde e cuidados pessoais,6,-0.25,2.67,3.31,12.623
2020-04-01,2020,4,2901,Salvador - BA,N7,7712,Despesas pessoais,7,-0.01,0.58,,10.8788
2023-05-01,2023,5,3201,Grande Vitória - ES,N7,7170,Alimentação e bebidas,1,0.56,1.46,7.01,17.9653
2025-12-01,2025,12,1501,Belém - PA,N7,7445,Habitação,2,-0.84,6.28,6.28,16.0153
2022-05-01,2022,5,2301,Fortaleza - CE,N7,7625,Transportes,5,2.2,9.15,23.01,20.377
2022-08-01,2022,8,4101,Curitiba - PR,N7,7786,Comunicação,9,-1.32,0.38,1.64,4.4133
2020-09-01,2020,9,2601,Recife - PE,N7,7169,Índice geral,0,0.78,2.78,,100.0
2022-11-01,2022,11,2601,Recife - PE,N7,7558,Vestuário,4,0.88,13.92,17.5,6.0323
2025-08-01,2025,8,4101,Curitiba - PR,N7,7625,Transportes,5,0.02,2.52,4.06,25.3665
2020-12-01,2020,12,4301,Porto Alegre - RS,N7,7445,Habitação,2,4.42,6.97,6.97,14.6671
2022-02-01,2022,2,1501,Belém - PA,N7,7766,Educação,8,6.09,5.88,7.06,3.3272
2023-10-01,2023,10,1501,Belém - PA,N7,7169,Índice geral,0,-0.06,3.92,5.11,100.0
2021-04-01,2021,4,3301,Rio de Janeiro - RJ,N7,7660,Saúde e cuidados pessoais,6,1.04,1.9,1.6,13.0428
2021-02-01,2021,2,3101,Belo Horizonte - MG,N7,7445,Habitação,2,0.51,-0.61,4.1,14.1805
2024-08-01,2024,8,2901,Salvador - BA,N7,7660,Saúde e cuidados pessoais,6,0.33,5.76,5.61,15.4386
2023-11-01,2023,11,4101,Curitiba - PR,N7,7445,Habitação,2,-0.33,8.76,9.01,14.4724
2023-07-01,2023,7,3201,Grande Vitória - ES,N7,7170,Alimentação e bebidas,1,-0.62,0.11,3.09,17.9258
2026-04-01,2026,4,1501,Belém - PA,N7,7625,Transportes,5,0.2,3.56,5.34,18.5803
2025-12-01,2025,12,3301,Rio de Janeiro - RJ,N7,7786,Comunicação,9,0.42,-0.07,-0.07,5.8125
2025-02-01,2025,2,2901,Salvador - BA,N7,7445,Habitação,2,5.3,1.71,5.64,13.6352
2026-06-01,2026,6,2901,Salvador - BA,N7,7558,Vestuário,4,0.51,-0.28,2.77,5.0832
2024-11-01,2024,11,3501,São Paulo - SP,N7,7558,Vestuário,4,-0.46,1.4,1.74,4.0694
2021-10-01,2021,10,3301,Rio de Janeiro - RJ,N7,7486,Artigos de residência,3,2.06,9.32,11.56,3.0877
2020-02-01,2020,2,2601,Recife - PE,N7,7712,Despesas pessoais,7,0.19,0.72,,9.2988
2023-06-01,2023,6,2901,Salvador - BA,N7,7660,Saúde e cuidados pessoais,6,-0.03,5.14,11.16,15.0892
2026-05-01,2026,5,2301,Fortaleza - CE,N7,7486,Artigos de residência,3,0.16,0.74,-0.31,3.6635
2023-08-01,2023,8,2601,Recife - PE,N7,7169,Índice geral,0,0.36,3.31,5.16,100.0
2025-08-01,2025,8,4101,Curitiba - PR,N7,7486,Artigos de residência,3,0.46,3.4,4.63,3.9093
2021-10-01,2021,10,4101,Curitiba - PR,N7,7712,Despesas pessoais,7,0.74,3.96,4.9,9.1394
2024-02-01,2024,2,3301,Rio de Janeiro - RJ,N7,7558,Vestuário,4,-1.06,-1.24,2.79,3.8308
2023-11-01,2023,11,3501,São Paulo - SP,N7,7625,Transportes,5,0.73,7.22,7.31,20.1055
2020-04-01,2020,4,4301,Porto Alegre - RS,N7,7486,Artigos de residência,3,-0.87,-1.8,,4.1092
2022-11-01,2022,11,3201,Grande Vitória - ES,N7,7712,Despesas pessoais,7,0.65,6.6,7.39,8.5417
2026-04-01,2026,4,2301,Fortaleza - CE,N7,7169,Índice geral,0,0.81,3.1,5.1,100.0
2023-11-01,2023,11,2601,Recife - PE,N7,7660,Saúde e cuidados pessoais,6,-0.07,5.67,7.5,14.8183
2022-03-01,2022,3,3301,Rio de Janeiro - RJ,N7,7486,Artigos de residência,3,0.8,3.25,11.79,3.1278
2025-10-01,2025,10,3501,São Paulo - SP,N7,7558,Vestuário,4,0.5,3.91,4.91,4.0408
2021-08-01,2021,8,3301,Rio de Janeiro - RJ,N7,7486,Artigos de residência,3,0.16,6.15,12.43,3.1125
2023-04-01,2023,4,2601,Recife - PE,N7,7169,Índice geral,0,0.16,1.81,3.48,100.0
2023-07-01,2023,7,2601,Recife - PE,N7,7786,Comunicação,9,-0.29,2.96,-1.26,4.1349
2026-05-01,2026,5,3301,Rio de Janeiro - RJ,N7,7445,Habitação,2,1.14,4.8,6.45,18.5402
2024-12-01,2024,12,1501,Belém - PA,N7,7486,Artigos de residência,3,0.52,4.11,4.11,3.7352
2020-11-01,2020,11,2601,Recife - PE,N7,7558,Vestuário,4,0.7,0.14,,5.6587
2021-03-01,2021,3,4301,Porto Alegre - RS,N7,7169,Índice geral,0,0.95,2.06,6.36,100.0
2021-03-01,2021,3,3301,Rio de Janeiro - RJ,N7,7486,Artigos de residência,3,1.04,2.5,11.99,3.0723
2025-12-01,2025,12,2301,Fortaleza - CE,N7,7625,Transportes,5,0.28,1.57,1.57,18.6165
2020-07-01,2020,7,2601,Recife - PE,N7,7786,Comunicação,9,0.56,1.61,,4.829
2023-04-01,2023,4,2901,Salvador - BA,N7,7169,Índice geral,0,0.5,2.87,5.18,100.0
2021-12-01,2021,12,3201,Grande Vitória - ES,N7,7170,Alimentação e bebidas,1,0.34,8.09,8.09,17.248
2021-02-01,2021,2,3301,Rio de Janeiro - RJ,N7,7766,Educação,8,1.31,1.42,0.0,5.3954
2026-01-01,2026,1,4101,Curitiba - PR,N7,7660,Saúde e cuidados pessoais,6,0.85,0.85,5.24,10.8512
2025-12-01,2025,12,3501,São Paulo - SP,N7,7660,Saúde e cuidados pessoais,6,0.66,5.78,5.78,13.1986
2020-03-01,2020,3,4301,Porto Alegre - RS,N7,7445,Habitação,2,-0.5,-0.26,,14.6391
2020-04-01,2020,4,2901,Salvador - BA,N7,7558,Vestuário,4,-2.28,-3.47,,5.2546
2025-01-01,2025,1,2901,Salvador - BA,N7,7445,Habitação,2,-3.41,-3.41,0.75,14.1697
2020-12-01,2020,12,2601,Recife - PE,N7,7558,Vestuário,4,1.28,1.42,1.42,5.6777
2021-10-01,2021,10,3101,Belo Horizonte - MG,N7,7486,Artigos de residência,3,1.06,10.36,13.65,4.1818
2023-09-01,2023,9,3101,Belo Horizonte - MG,N7,7558,Vestuário,4,0.45,3.13,7.34,5.1583
2025-06-01,2025,6,4101,Curitiba - PR,N7,7625,Transportes,5,-0.3,2.29,3.77,25.5096
2023-05-01,2023,5,4301,Porto Alegre - RS,N7,7625,Transportes,5,-0.69,2.67,-6.0,20.5309
2020-11-01,2020,11,3301,Rio de Janeiro - RJ,N7,7170,Alimentação e bebidas,1,2.42,9.53,,19.9909
2023-11-01,2023,11,3201,Grande Vitória - ES,N7,7660,Saúde e cuidados pessoais,6,0.56,6.57,7.96,15.7812
2025-06-01,2025,6,3101,Belo Horizonte - MG,N7,7786,Comunicação,9,0.42,1.77,2.59,4.9355
2024-10-01,2024,10,4301,Porto Alegre - RS,N7,7625,Transportes,5,-1.11,1.41,2.67,21.2797
2026-02-01,2026,2,3201,Grande Vitória - ES,N7,7660,Saúde e cuidados pessoais,6,0.45,1.26,5.61,16.1061
2021-07-01,2021,7,4101,Curitiba - PR,N7,7766,Educação,8,0.15,1.15,-1.98,5.4105
2024-02-01,2024,2,3101,Belo Horizonte - MG,N7,7169,Índice geral,0,0.82,1.93,5.35,100.0
2025-05-01,2025,5,3101,Belo Horizonte - MG,N7,7660,Saúde e cuidados pessoais,6,0.27,3.2,5.44,14.5617
2025-01-01,2025,1,2601,Recife - PE,N7,7170,Alimentação e bebidas,1,0.57,0.57,6.11,24.0473
2023-05-01,2023,5,2901,Salvador - BA,N7,7170,Alimentação e bebidas,1,1.0,2.02,5.7,23.1199
2022-03-01,2022,3,2601,Recife - PE,N7,7169,Índice geral,0,1.53,2.94,11.53,100.0
2025-10-01,2025,10,2301,Fortaleza - CE,N7,7712,Despesas pessoais,7,0.01,5.58,7.3,7.6967
2025-08-01,2025,8,3301,Rio de Janeiro - RJ,N7,7169,Índice geral,0,-0.34,2.35,4.63,100.0
2022-03-01,2022,3,3501,São Paulo - SP,N7,7625,Transportes,5,2.5,2.57,15.61,20.7222
2020-10-01,2020,10,2601,Recife - PE,N7,7445,Habitação,2,-0.09,3.41,,14.1891
2021-08-01,2021,8,3201,Grande Vitória - ES,N7,7766,Educação,8,0.56,8.52,12.71,5.4264
2022-04-01,2022,4,3501,São Paulo - SP,N7,7786,Comunicação,9,-0.02,1.73,3.09,5.1437
2025-06-01,2025,6,2601,Recife - PE,N7,7786,Comunicação,9,-0.07,0.58,1.19,3.9019
2021-01-01,2021,1,2601,Recife - PE,N7,7660,Saúde e cuidados pessoais,6,0.33,0.33,2.73,14.5413
2020-09-01,2020,9,4101,Curitiba - PR,N7,7786,Comunicação,9,-0.09,1.67,,5.2475
2022-03-01,2022,3,2901,Salvador - BA,N7,7169,Índice geral,0,1.53,3.26,12.13,100.0
2024-12-01,2024,12,3101,Belo Horizonte - MG,N7,7445,Habitação,2,-0.66,5.74,5.74,13.1969
2025-02-01,2025,2,2301,Fortaleza - CE,N7,7169,Índice geral,0,1.03,1.14,4.52,100.0
2023-03-01,2023,3,2301,Fortaleza - CE,N7,7558,Vestuário,4,-0.91,-1.16,14.01,4.898
2025-06-01,2025,6,4301,Porto Alegre - RS,N7,7712,Despesas pessoais,7,0.46,2.79,6.36,10.5216
2021-03-01,2021,3,4101,Curitiba - PR,N7,7169,Índice geral,0,1.33,2.71,6.48,100.0
2020-05-01,2020,5,3301,Rio de Janeiro - RJ,N7,7169,Índice geral,0,-0.28,0.4,,100.0
2023-09-01,2023,9,3201,Grande Vitória - ES,N7,7712,Despesas pessoais,7,0.57,3.41,5.18,8.5335
2024-11-01,2024,11,3201,Grande Vitória - ES,N7,7169,Índice geral,0,0.16,3.73,4.32,100.0
2022-02-01,2022,2,3501,São Paulo - SP,N7,7786,Comunicação,9,0.42,1.85,3.36,5.2568
2024-03-01,2024,3,2301,Fortaleza - CE,N7,7766,Educação,8,-0.03,5.83,9.0,6.7289
2022-06-01,2022,6,3301,Rio de Janeiro - RJ,N7,7445,Habitação,2,-0.34,2.58,9.81,18.3377
2025-01-01,2025,1,2301,Fortaleza - CE,N7,7445,Habitação,2,-2.94,-2.94,-0.15,16.2802
2024-02-01,2024,2,2601,Recife - PE,N7,7169,Índice geral,0,0.74,1.37,3.53,100.0
2023-10-01,2023,10,2901,Salvador - BA,N7,7786,Comunicação,9,-0.38,3.94,3.74,4.0864
2022-02-01,2022,2,2301,Fortaleza - CE,N7,7766,Educação,8,5.89,6.03,6.2,6.0432
2022-09-01,2022,9,3501,São Paulo - SP,N7,7660,Saúde e cuidados pessoais,6,0.62,8.39,9.62,12.479
2025-12-01,2025,12,2601,Recife - PE,N7,7169,Índice geral,0,0.54,4.33,4.33,100.0
2026-01-01,2026,1,4301,Porto Alegre - RS,N7,7786,Comunicação,9,0.63,0.63,1.83,5.254
2026-02-01,2026,2,1501,Belém - PA,N7,7625,Transportes,5,-0.3,0.6,2.07,18.4922
2021-07-01,2021,7,3301,Rio de Janeiro - RJ,N7,7625,Transportes,5,1.24,7.4,11.72,19.8259
2022-04-01,2022,4,3301,Rio de Janeiro - RJ,N7,7445,Habitação,2,0.69,4.42,13.92,18.837
2021-04-01,2021,4,2301,Fortaleza - CE,N7,7786,Comunicação,9,0.2,-0.14,3.43,4.5434
2020-11-01,2020,11,2301,Fortaleza - CE,N7,7625,Transportes,5,-0.15,-0.53,,18.4678
2023-11-01,2023,11,1501,Belém - PA,N7,7170,Alimentação e bebidas,1,0.49,-0.77,-0.16,26.5313
2022-07-01,2022,7,3501,São Paulo - SP,N7,7660,Saúde e cuidados pessoais,6,0.72,6.33,7.87,12.2202
2025-07-01,2025,7,2301,Fortaleza - CE,N7,7786,Comunicação,9,0.03,0.39,1.79,3.6331
2023-06-01,2023,6,4301,Porto Alegre - RS,N7,7170,Alimentação e bebidas,1,-0.54,1.42,3.56,21.96
2021-01-01,2021,1,3101,Belo Horizonte - MG,N7,7766,Educação,8,0.17,0.17,-0.1,5.3769
2026-02-01,2026,2,2601,Recife - PE,N7,7786,Comunicação,9,0.33,1.33,1.42,3.8453
2022-09-01,2022,9,3101,Belo Horizonte - MG,N7,7445,Habitação,2,0.34,-7.43,-5.42,12.771
2022-01-01,2022,1,3501,São Paulo - SP,N7,7445,Habitação,2,0.8,0.8,15.38,17.2129
2025-09-01,2025,9,2301,Fortaleza - CE,N7,7170,Alimentação e bebidas,1,-0.3,2.62,5.69,24.449
2022-02-01,2022,2,4101,Curitiba - PR,N7,7445,Habitação,2,-0.58,-0.77,16.37,15.523
2022-06-01,2022,6,3301,Rio de Janeiro - RJ,N7,7170,Alimentação e bebidas,1,0.06,6.64,12.76,20.6316
2025-04-01,2025,4,2601,Recife - PE,N7,7558,Vestuário,4,0.22,-0.21,2.53,5.7358
2023-12-01,2023,12,2601,Recife - PE,N7,7558,Vestuário,4,1.3,2.03,2.03,5.9652
2022-07-01,2022,7,4101,Curitiba - PR,N7,7660,Saúde e cuidados pessoais,6,0.58,6.86,9.36,9.7516
2022-05-01,2022,5,3501,São Paulo - SP,N7,7445,Habitação,2,-1.96,-0.63,10.51,16.7322
2021-04-01,2021,4,4101,Curitiba - PR,N7,7169,Índice geral,0,0.46,3.18,8.23,100.0
2020-01-01,2020,1,2601,Recife - PE,N7,7712,Despesas pessoais,7,0.53,0.53,,9.278
2024-12-01,2024,12,3201,Grande Vitória - ES,N7,7486,Artigos de residência,3,0.97,3.28,3.28,3.6782
2025-04-01,2025,4,4301,Porto Alegre - RS,N7,7169,Índice geral,0,0.95,3.0,5.44,100.0
2020-08-01,2020,8,3501,São Paulo - SP,N7,7712,Despesas pessoais,7,0.07,0.16,,11.6233
2023-03-01,2023,3,3101,Belo Horizonte - MG,N7,7712,Despesas pessoais,7,0.86,1.4,6.66,10.4508
2025-09-01,2025,9,1501,Belém - PA,N7,7786,Comunicação,9,-0.1,0.88,1.21,4.065
2023-12-01,2023,12,2901,Salvador - BA,N7,7169,Índice geral,0,0.84,4.48,4.48,100.0
2024-09-01,2024,9,3101,Belo Horizonte - MG,N7,7486,Artigos de residência,3,0.27,1.93,2.0,3.9
2023-01-01,2023,1,3201,Grande Vitória - ES,N7,7445,Habitação,2,0.65,0.65,-0.33,15.5051
2024-04-01,2024,4,3201,Grande Vitória - ES,N7,7712,Despesas pessoais,7,0.03,1.6,6.25,8.6972
2024-10-01,2024,10,2301,Fortaleza - CE,N7,7486,Artigos de residência,3,0.75,2.47,1.93,3.8817
2022-01-01,2022,1,2301,Fortaleza - CE,N7,7712,Despesas pessoais,7,0.8,0.8,4.19,7.6292
2020-04-01,2020,4,4101,Curitiba - PR,N7,7445,Habitação,2,-0.16,-0.19,,14.9882
2026-06-01,2026,6,4301,Porto Alegre - RS,N7,7786,Comunicação,9,0.39,2.47,2.7,5.2165
2023-11-01,2023,11,2901,Salvador - BA,N7,7170,Alimentação e bebidas,1,-0.12,-1.49,-0.66,22.3764
2023-04-01,2023,4,4301,Porto Alegre - RS,N7,7445,Habitação,2,-0.23,3.02,-0.34,14.3332
2023-02-01,2023,2,1501,Belém - PA,N7,7625,Transportes,5,0.03,0.36,-3.39,17.7977
2023-12-01,2023,12,2901,Salvador - BA,N7,7786,Comunicação,9,0.21,3.46,3.46,4.0393
2021-01-01,2021,1,2601,Recife - PE,N7,7169,Índice geral,0,0.5,0.5,5.87,100.0
2021-07-01,2021,7,2601,Recife - PE,N7,7660,Saúde e cuidados pessoais,6,-0.65,3.07,3.58,14.486
2022-03-01,2022,3,4301,Porto Alegre - RS,N7,7486,Artigos de residência,3,0.62,4.28,13.91,4.4768
2025-02-01,2025,2,2301,Fortaleza - CE,N7,7170,Alimentação e bebidas,1,0.71,1.97,6.53,24.7654
2022-03-01,2022,3,2301,Fortaleza - CE,N7,7170,Alimentação e bebidas,1,2.02,3.42,10.61,23.9144
2024-02-01,2024,2,4301,Porto Alegre - RS,N7,7445,Habitação,2,0.26,0.19,4.95,14.23
2020-08-01,2020,8,4101,Curitiba - PR,N7,7712,Despesas pessoais,7,-0.49,-0.92,,10.0294
2021-03-01,2021,3,3301,Rio de Janeiro - RJ,N7,7169,Índice geral,0,0.78,1.35,4.97,100.0
2021-11-01,2021,11,3201,Grande Vitória - ES,N7,7169,Índice geral,0,1.01,10.69,12.26,100.0
2021-11-01,2021,11,4301,Porto Alegre - RS,N7,7445,Habitação,2,0.24,13.49,18.5,15.6161
2020-12-01,2020,12,2301,Fortaleza - CE,N7,7660,Saúde e cuidados pessoais,6,-0.09,1.56,1.56,13.5185
2021-11-01,2021,11,1501,Belém - PA,N7,7660,Saúde e cuidados pessoais,6,-3.38,-0.74,-0.53,12.2307
2022-08-01,2022,8,2301,Fortaleza - CE,N7,7558,Vestuário,4,1.71,9.28,14.54,4.5928
2022-06-01,2022,6,3501,São Paulo - SP,N7,7712,Despesas pessoais,7,0.32,3.44,7.03,10.6799
2025-04-01,2025,4,2901,Salvador - BA,N7,7766,Educação,8,0.06,5.01,6.0,6.1591
2024-12-01,2024,12,2301,Fortaleza - CE,N7,7766,Educação,8,0.23,7.94,7.94,6.6677
2022-08-01,2022,8,3501,São Paulo - SP,N7,7558,Vestuário,4,2.23,12.34,17.7,3.962
2023-05-01,2023,5,2301,Fortaleza - CE,N7,7786,Comunicação,9,0.29,2.25,-2.51,3.8829
2024-08-01,2024,8,3201,Grande Vitória - ES,N7,7445,Habitação,2,0.18,0.77,1.16,15.346
2020-07-01,2020,7,1501,Belém - PA,N7,7625,Transportes,5,0.92,-4.12,,17.7666
2020-01-01,2020,1,3301,Rio de Janeiro - RJ,N7,7712,Despesas pessoais,7,0.72,0.72,,9.7562
2021-02-01,2021,2,3301,Rio de Janeiro - RJ,N7,7445,Habitação,2,0.15,-0.85,4.32,18.3108
2021-03-01,2021,3,2301,Fortaleza - CE,N7,7625,Transportes,5,2.95,5.34,6.71,18.4019
2022-02-01,2022,2,1501,Belém - PA,N7,7625,Transportes,5,0.39,0.51,14.73,19.3291
2021-01-01,2021,1,2901,Salvador - BA,N7,7170,Alimentação e bebidas,1,1.08,1.08,14.19,22.5076
2024-09-01,2024,9,2301,Fortaleza - CE,N7,7625,Transportes,5,-1.11,0.09,1.02,19.1591
2026-05-01,2026,5,3501,São Paulo - SP,N7,7766,Educação,8,-0.03,5.82,7.26,7.1704
2025-06-01,2025,6,4101,Curitiba - PR,N7,7558,Vestuário,4,0.32,4.51,6.06,5.002
2021-06-01,2021,6,4101,Curitiba - PR,N7,7766,Educação,8,0.02,1.0,-2.6,5.4421
2022-01-01,2022,1,4101,Curitiba - PR,N7,7660,Saúde e cuidados pessoais,6,0.61,0.61,6.38,9.7449
2024-04-01,2024,4,1501,Belém - PA,N7,7766,Educação,8,0.14,6.04,7.78,3.7266
2021-01-01,2021,1,3101,Belo Horizonte - MG,N7,7625,Transportes,5,0.67,0.67,1.07,19.1473
2023-06-01,2023,6,2301,Fortaleza - CE,N7,7170,Alimentação e bebidas,1,-0.25,1.3,4.01,24.4794
2024-12-01,2024,12,2301,Fortaleza - CE,N7,7625,Transportes,5,1.78,2.75,2.75,18.8832
2024-04-01,2024,4,2901,Salvador - BA,N7,7660,Saúde e cuidados pessoais,6,1.42,4.29,6.27,15.2657
2023-03-01,2023,3,2901,Salvador - BA,N7,7169,Índice geral,0,0.44,2.36,5.36,100.0
2022-11-01,2022,11,2901,Salvador - BA,N7,7786,Comunicação,9,-0.3,-2.97,-2.89,4.0875
2022-01-01,2022,1,3301,Rio de Janeiro - RJ,N7,7558,Vestuário,4,-0.19,-0.19,10.01,3.4582
2020-10-01,2020,10,3301,Rio de Janeiro - RJ,N7,7486,Artigos de residência,3,2.03,4.25,,3.0107
2023-05-01,2023,5,3201,Grande Vitória - ES,N7,7486,Artigos de residência,3,0.51,1.21,1.54,3.7781
2025-11-01,2025,11,4301,Porto Alegre - RS,N7,7169,Índice geral,0,0.09,4.13,4.66,100.0
2020-05-01,2020,5,3201,Grande Vitória - ES,N7,7786,Comunicação,9,0.09,-0.06,,6.3654
2021-03-01,2021,3,4301,Porto Alegre - RS,N7,7712,Despesas pessoais,7,0.23,0.44,0.23,10.4088
2025-03-01,2025,3,3301,Rio de Janeiro - RJ,N7,7558,Vestuário,4,1.12,0.41,3.67,3.6683
2020-09-01,2020,9,3501,São Paulo - SP,N7,7558,Vestuário,4,1.03,-3.11,,3.7341
2020-07-01,2020,7,4301,Porto Alegre - RS,N7,7625,Transportes,5,1.2,-5.48,,19.7704
2023-06-01,2023,6,2301,Fortaleza - CE,N7,7169,Índice geral,0,-0.4,2.69,2.13,100.0
2023-05-01,2023,5,1501,Belém - PA,N7,7625,Transportes,5,-1.02,3.75,-5.2,18.18
2020-03-01,2020,3,4101,Curitiba - PR,N7,7170,Alimentação e bebidas,1,1.63,1.34,,19.4237
2021-01-01,2021,1,3501,São Paulo - SP,N7,7712,Despesas pessoais,7,0.41,0.41,1.24,11.3375
2020-05-01,2020,5,3101,Belo Horizonte - MG,N7,7766,Educação,8,-0.01,4.48,,5.8658
2024-03-01,2024,3,4301,Porto Alegre - RS,N7,7660,Saúde e cuidados pessoais,6,0.17,1.13,4.81,13.0655
2024-03-01,2024,3,1501,Belém - PA,N7,7625,Transportes,5,0.63,-0.59,7.4,18.4541
2021-07-01,2021,7,3101,Belo Horizonte - MG,N7,7786,Comunicação,9,-0.18,-0.1,2.68,5.7152
2025-08-01,2025,8,3501,São Paulo - SP,N7,7169,Índice geral,0,0.1,3.57,5.61,100.0
2026-05-01,2026,5,2901,Salvador - BA,N7,7712,Despesas pessoais,7,0.05,2.14,6.18,10.2503
2022-11-01,2022,11,3201,Grande Vitória - ES,N7,7558,Vestuário,4,0.65,11.98,14.15,4.0053
2022-01-01,2022,1,4301,Porto Alegre - RS,N7,7486,Artigos de residência,3,1.89,1.89,12.91,4.3153
2022-10-01,2022,10,4101,Curitiba - PR,N7,7786,Comunicação,9,-0.19,-1.56,-1.32,4.3051
2023-12-01,2023,12,3301,Rio de Janeiro - RJ,N7,7712,Despesas pessoais,7,0.57,5.44,5.44,9.384
2025-10-01,2025,10,3101,Belo Horizonte - MG,N7,7558,Vestuário,4,-0.06,3.67,5.46,5.0906
2020-03-01,2020,3,2301,Fortaleza - CE,N7,7170,Alimentação e bebidas,1,1.16,2.95,,22.184
2025-11-01,2025,11,1501,Belém - PA,N7,7660,Saúde e cuidados pessoais,6,-1.37,5.29,5.17,13.1556
2021-10-01,2021,10,2901,Salvador - BA,N7,7558,Vestuário,4,2.31,6.26,5.94,4.5804
2024-06-01,2024,6,1501,Belém - PA,N7,7486,Artigos de residência,3,0.94,2.23,3.19,3.7088
2020-04-01,2020,4,2601,Recife - PE,N7,7169,Índice geral,0,-0.19,0.79,,100.0
2023-02-01,2023,2,3301,Rio de Janeiro - RJ,N7,7712,Despesas pessoais,7,0.93,1.48,8.13,9.2854
2020-03-01,2020,3,2301,Fortaleza - CE,N7,7445,Habitação,2,0.88,1.01,,16.4451
2020-04-01,2020,4,1501,Belém - PA,N7,7169,Índice geral,0,-0.13,0.31,,100.0
2025-05-01,2025,5,3101,Belo Horizonte - MG,N7,7712,Despesas pessoais,7,0.47,3.09,7.45,10.6938
2022-09-01,2022,9,1501,Belém - PA,N7,7766,Educação,8,-0.11,8.15,7.99,3.4984
2021-03-01,2021,3,4301,Porto Alegre - RS,N7,7558,Vestuário,4,0.36,0.78,1.69,4.6147
2022-04-01,2022,4,4301,Porto Alegre - RS,N7,7170,Alimentação e bebidas,1,2.36,7.5,12.03,21.0827
2023-11-01,2023,11,4101,Curitiba - PR,N7,7486,Artigos de residência,3,0.18,0.61,1.6,4.0508
2023-11-01,2023,11,4301,Porto Alegre - RS,N7,7786,Comunicação,9,-0.45,2.89,3.11,5.4967
2021-05-01,2021,5,3301,Rio de Janeiro - RJ,N7,7170,Alimentação e bebidas,1,0.73,1.86,11.01,20.3972
2022-05-01,2022,5,1501,Belém - PA,N7,7445,Habitação,2,-2.4,-4.71,8.2,15.6013
2024-06-01,2024,6,2301,Fortaleza - CE,N7,7786,Comunicação,9,-0.38,2.58,1.75,3.7956
2025-07-01,2025,7,3501,São Paulo - SP,N7,7786,Comunicação,9,-0.09,0.92,1.97,4.6197
2025-02-01,2025,2,3501,São Paulo - SP,N7,7786,Comunicação,9,0.26,-0.04,0.67,4.6897
2023-05-01,2023,5,3301,Rio de Janeiro - RJ,N7,7766,Educação,8,0.04,6.6,7.8,5.3676
2020-02-01,2020,2,2901,Salvador - BA,N7,7660,Saúde e cuidados pessoais,6,0.74,0.32,,15.3138
2020-05-01,2020,5,3301,Rio de Janeiro - RJ,N7,7660,Saúde e cuidados pessoais,6,-0.69,0.65,,13.5902
2022-08-01,2022,8,3301,Rio de Janeiro - RJ,N7,7712,Despesas pessoais,7,0.82,5.93,8.36,9.0657
2024-03-01,2024,3,3201,Grande Vitória - ES,N7,7169,Índice geral,0,0.05,1.13,3.49,100.0
2020-02-01,2020,2,4101,Curitiba - PR,N7,7786,Comunicação,9,0.06,0.45,,5.1692
2024-07-01,2024,7,4301,Porto Alegre - RS,N7,7558,Vestuário,4,-0.37,0.66,1.39,5.0456
2022-09-01,2022,9,3301,Rio de Janeiro - RJ,N7,7766,Educação,8,0.03,7.85,7.81,5.2019
2022-12-01,2022,12,4101,Curitiba - PR,N7,7712,Despesas pessoais,7,0.18,6.61,6.61,9.2714
2022-04-01,2022,4,3301,Rio de Janeiro - RJ,N7,7625,Transportes,5,2.08,6.29,18.16,20.8035
2024-10-01,2024,10,2601,Recife - PE,N7,7712,Despesas pessoais,7,0.79,2.81,3.98,8.4193
2021-11-01,2021,11,3501,São Paulo - SP,N7,7170,Alimentação e bebidas,1,-0.27,7.16,8.52,19.8299
2020-12-01,2020,12,3201,Grande Vitória - ES,N7,7170,Alimentação e bebidas,1,0.9,18.35,18.35,17.8146
2020-05-01,2020,5,1501,Belém - PA,N7,7170,Alimentação e bebidas,1,-0.48,3.72,,25.9338
2023-04-01,2023,4,2601,Recife - PE,N7,7486,Artigos de residência,3,0.21,0.14,2.1,4.2183
2021-08-01,2021,8,3301,Rio de Janeiro - RJ,N7,7169,Índice geral,0,0.66,4.38,8.09,100.0
2021-06-01,2021,6,4301,Porto Alegre - RS,N7,7712,Despesas pessoais,7,0.13,1.33,1.45,10.2859
2022-07-01,2022,7,2901,Salvador - BA,N7,7786,Comunicação,9,-0.35,2.39,3.58,4.2753
2022-05-01,2022,5,1501,Belém - PA,N7,7170,Alimentação e bebidas,1,0.92,10.06,10.45,27.7331
2024-02-01,2024,2,3201,Grande Vitória - ES,N7,7712,Despesas pessoais,7,0.51,1.22,6.16,8.6884
2023-07-01,2023,7,3501,São Paulo - SP,N7,7486,Artigos de residência,3,0.13,0.61,2.24,3.651
2021-10-01,2021,10,2601,Recife - PE,N7,7766,Educação,8,-0.01,3.37,3.44,5.7514
2023-11-01,2023,11,3201,Grande Vitória - ES,N7,7169,Índice geral,0,0.4,4.5,5.17,100.0
2021-09-01,2021,9,1501,Belém - PA,N7,7169,Índice geral,0,1.04,6.44,9.86,100.0
2021-10-01,2021,10,2901,Salvador - BA,N7,7766,Educação,8,0.07,4.94,2.4,5.6571
2024-10-01,2024,10,2901,Salvador - BA,N7,7660,Saúde e cuidados pessoais,6,0.17,6.33,6.5,15.4979
2024-01-01,2024,1,3201,Grande Vitória - ES,N7,7445,Habitação,2,-0.1,-0.1,5.1,15.6211
2026-06-01,2026,6,3201,Grande Vitória - ES,N7,7786,Comunicação,9,0.22,2.52,2.09,5.0401
2026-04-01,2026,4,4301,Porto Alegre - RS,N7,7712,Despesas pessoais,7,0.43,1.1,4.52,10.6099
2021-02-01,2021,2,3501,São Paulo - SP,N7,7625,Transportes,5,1.81,2.32,3.01,19.4394
2020-04-01,2020,4,1501,Belém - PA,N7,7660,Saúde e cuidados pessoais,6,-0.39,-0.25,,13.2728
2020-12-01,2020,12,2901,Salvador - BA,N7,7660,Saúde e cuidados pessoais,6,0.31,2.45,2.45,15.2494
2021-06-01,2021,6,4301,Porto Alegre - RS,N7,7170,Alimentação e bebidas,1,1.05,4.2,13.79,21.1654
2022-01-01,2022,1,3101,Belo Horizonte - MG,N7,7445,Habitação,2,0.06,0.06,10.03,14.2782
2022-03-01,2022,3,4101,Curitiba - PR,N7,7786,Comunicação,9,-0.13,0.86,2.55,4.507
2026-04-01,2026,4,1501,Belém - PA,N7,7169,Índice geral,0,1.08,3.21,4.41,100.0
2020-09-01,2020,9,3101,Belo Horizonte - MG,N7,7625,Transportes,5,0.98,-2.72,,19.0975
2023-11-01,2023,11,3501,São Paulo - SP,N7,7170,Alimentação e bebidas,1,0.59,1.42,2.2,19.9531
2021-06-01,2021,6,3201,Grande Vitória - ES,N7,7486,Artigos de residência,3,1.5,6.33,13.02,3.9465
2022-09-01,2022,9,4101,Curitiba - PR,N7,7712,Despesas pessoais,7,0.94,5.93,8.73,9.1675
2023-05-01,2023,5,3501,São Paulo - SP,N7,7558,Vestuário,4,-0.45,0.54,12.44,4.1886
2021-09-01,2021,9,2301,Fortaleza - CE,N7,7786,Comunicação,9,0.16,-0.12,0.8,4.3774
2020-06-01,2020,6,3101,Belo Horizonte - MG,N7,7169,Índice geral,0,0.05,-0.02,,100.0
2023-01-01,2023,1,2301,Fortaleza - CE,N7,7486,Artigos de residência,3,1.17,1.17,8.65,4.1839
2020-07-01,2020,7,4301,Porto Alegre - RS,N7,7445,Habitação,2,0.63,0.5,,14.7041
2026-04-01,2026,4,4101,Curitiba - PR,N7,7660,Saúde e cuidados pessoais,6,0.69,2.59,5.49,10.8995
2023-10-01,2023,10,1501,Belém - PA,N7,7712,Despesas pessoais,7,0.17,4.32,4.61,7.6157
2022-05-01,2022,5,3301,Rio de Janeiro - RJ,N7,7766,Educação,8,0.04,6.96,7.99,5.1852
2023-03-01,2023,3,4301,Porto Alegre - RS,N7,7486,Artigos de residência,3,-0.74,-0.12,4.31,4.5199
2023-05-01,2023,5,4101,Curitiba - PR,N7,7169,Índice geral,0,0.25,2.92,2.7,100.0
2024-08-01,2024,8,3101,Belo Horizonte - MG,N7,7625,Transportes,5,0.48,5.16,8.55,20.2795
2024-12-01,2024,12,2301,Fortaleza - CE,N7,7486,Artigos de residência,3,0.96,3.68,3.68,3.8843
2023-07-01,2023,7,4301,Porto Alegre - RS,N7,7486,Artigos de residência,3,-0.16,-1.22,-0.5,4.3651
2022-08-01,2022,8,1501,Belém - PA,N7,7766,Educação,8,1.27,8.27,8.3,3.4608
2026-03-01,2026,3,4301,Porto Alegre - RS,N7,7169,Índice geral,0,0.96,1.54,4.28,100.0
2025-04-01,2025,4,2601,Recife - PE,N7,7170,Alimentação e bebidas,1,0.64,2.8,5.06,24.1077
2025-01-01,2025,1,1501,Belém - PA,N7,7486,Artigos de residência,3,0.28,0.28,3.5,3.7308
2026-01-01,2026,1,4101,Curitiba - PR,N7,7766,Educação,8,-0.03,-0.03,6.68,5.6
2023-03-01,2023,3,2301,Fortaleza - CE,N7,7445,Habitação,2,0.62,0.0,0.27,16.288
2025-03-01,2025,3,2901,Salvador - BA,N7,7445,Habitação,2,0.06,1.77,5.58,14.1619
2020-04-01,2020,4,2901,Salvador - BA,N7,7170,Alimentação e bebidas,1,2.34,4.69,,20.9192
2020-01-01,2020,1,1501,Belém - PA,N7,7786,Comunicação,9,-0.48,-0.48,,5.1197
2021-04-01,2021,4,4101,Curitiba - PR,N7,7170,Alimentação e bebidas,1,0.0,2.35,13.6,21.1346
2023-10-01,2023,10,3301,Rio de Janeiro - RJ,N7,7660,Saúde e cuidados pessoais,6,0.73,7.07,8.32,13.3748
2022-09-01,2022,9,4301,Porto Alegre - RS,N7,7712,Despesas pessoais,7,0.68,6.28,8.71,10.2636
2023-05-01,2023,5,2601,Recife - PE,N7,7766,Educação,8,0.09,8.77,9.57,6.0506
2021-01-01,2021,1,4101,Curitiba - PR,N7,7786,Comunicação,9,-0.11,-0.11,1.56,5.0585
2020-09-01,2020,9,2301,Fortaleza - CE,N7,7766,Educação,8,0.08,-2.61,,6.2747
2020-12-01,2020,12,3301,Rio de Janeiro - RJ,N7,7445,Habitação,2,2.25,4.32,4.32,18.4137
2020-10-01,2020,10,3101,Belo Horizonte - MG,N7,7712,Despesas pessoais,7,0.13,-0.31,,11.0145
2024-03-01,2024,3,2301,Fortaleza - CE,N7,7445,Habitação,2,0.64,1.81,6.06,16.4793
2022-10-01,2022,10,3301,Rio de Janeiro - RJ,N7,7170,Alimentação e bebidas,1,0.35,8.35,9.28,20.9361
2022-05-01,2022,5,4101,Curitiba - PR,N7,7766,Educação,8,-0.06,5.15,8.38,5.188
2020-09-01,2020,9,4301,Porto Alegre - RS,N7,7766,Educação,8,-0.12,1.2,,5.2836
2023-02-01,2023,2,4101,Curitiba - PR,N7,7625,Transportes,5,0.73,-0.36,1.69,26.0107
2021-12-01,2021,12,3101,Belo Horizonte - MG,N7,7445,Habitação,2,0.35,8.75,8.75,14.3354
2021-02-01,2021,2,3201,Grande Vitória - ES,N7,7558,Vestuário,4,0.97,0.96,2.42,3.7664
2022-08-01,2022,8,2901,Salvador - BA,N7,7766,Educação,8,0.94,7.81,8.21,5.5386
2023-08-01,2023,8,3301,Rio de Janeiro - RJ,N7,7169,Índice geral,0,-0.04,2.47,3.47,100.0
2024-07-01,2024,7,2601,Recife - PE,N7,7712,Despesas pessoais,7,0.74,1.84,3.95,8.3805
2020-12-01,2020,12,3501,São Paulo - SP,N7,7660,Saúde e cuidados pessoais,6,0.32,1.95,1.95,13.0069
2021-12-01,2021,12,3501,São Paulo - SP,N7,7660,Saúde e cuidados pessoais,6,0.7,3.45,3.45,12.1845
2025-07-01,2025,7,2901,Salvador - BA,N7,7712,Despesas pessoais,7,1.19,4.08,6.42,10.0243
2022-07-01,2022,7,1501,Belém - PA,N7,7786,Comunicação,9,0.61,2.09,3.85,4.4903
2021-02-01,2021,2,4301,Porto Alegre - RS,N7,7558,Vestuário,4,1.1,0.42,1.14,4.6036
2025-03-01,2025,3,1501,Belém - PA,N7,7766,Educação,8,0.12,5.32,7.13,3.8178
2022-02-01,2022,2,4301,Porto Alegre - RS,N7,7170,Alimentação e bebidas,1,1.43,1.78,6.83,20.5546
2022-09-01,2022,9,2301,Fortaleza - CE,N7,7170,Alimentação e bebidas,1,-0.42,8.04,10.52,24.7743
2023-09-01,2023,9,2301,Fortaleza - CE,N7,7445,Habitação,2,0.68,2.01,3.5,16.2808
2025-05-01,2025,5,2601,Recife - PE,N7,7712,Despesas pessoais,7,0.13,1.7,5.08,8.4646
2022-05-01,2022,5,2901,Salvador - BA,N7,7445,Habitação,2,0.77,2.09,12.01,14.1743
2020-03-01,2020,3,1501,Belém - PA,N7,7712,Despesas pessoais,7,0.02,0.57,,8.1272
2021-11-01,2021,11,2301,Fortaleza - CE,N7,7625,Transportes,5,4.42,19.85,21.75,19.3106
2024-11-01,2024,11,2901,Salvador - BA,N7,7660,Saúde e cuidados pessoais,6,0.17,6.5,7.06,15.4508
2021-11-01,2021,11,3501,São Paulo - SP,N7,7445,Habitação,2,0.76,12.41,14.89,17.2137
2023-07-01,2023,7,4301,Porto Alegre - RS,N7,7660,Saúde e cuidados pessoais,6,-0.04,4.44,9.29,13.092
2026-06-01,2026,6,1501,Belém - PA,N7,7445,Habitação,2,1.86,2.39,3.49,15.3856
2020-05-01,2020,5,2301,Fortaleza - CE,N7,7486,Artigos de residência,3,0.37,-2.23,,3.9412
2021-11-01,2021,11,3501,São Paulo - SP,N7,7766,Educação,8,0.07,1.66,2.05,6.5009
2020-11-01,2020,11,1501,Belém - PA,N7,7169,Índice geral,0,0.48,3.07,,100.0
2025-03-01,2025,3,2901,Salvador - BA,N7,7170,Alimentação e bebidas,1,0.96,3.95,6.78,22.9171
2025-01-01,2025,1,2901,Salvador - BA,N7,7786,Comunicação,9,-0.05,-0.05,3.3,3.9477
2026-03-01,2026,3,4301,Porto Alegre - RS,N7,7786,Comunicação,9,0.32,1.17,2.07,5.2685
2025-01-01,2025,1,3501,São Paulo - SP,N7,7169,Índice geral,0,0.15,0.15,4.91,100.0
2022-10-01,2022,10,3201,Grande Vitória - ES,N7,7712,Despesas pessoais,7,0.44,5.91,7.46,8.5559
2021-07-01,2021,7,4301,Porto Alegre - RS,N7,7625,Transportes,5,2.5,11.96,17.91,21.1017
2025-05-01,2025,5,2601,Recife - PE,N7,7558,Vestuário,4,0.76,0.54,3.04,5.7359
2023-12-01,2023,12,2601,Recife - PE,N7,7786,Comunicação,9,-0.16,2.2,2.2,4.0818
2025-01-01,2025,1,1501,Belém - PA,N7,7169,Índice geral,0,0.22,0.22,4.15,100.0
2023-08-01,2023,8,3201,Grande Vitória - ES,N7,7445,Habitação,2,2.68,5.48,10.04,15.4424
2024-10-01,2024,10,3501,São Paulo - SP,N7,7712,Despesas pessoais,7,0.74,2.18,3.42,10.9047
2025-08-01,2025,8,2601,Recife - PE,N7,7660,Saúde e cuidados pessoais,6,0.66,3.75,4.68,15.1476
2021-10-01,2021,10,3501,São Paulo - SP,N7,7625,Transportes,5,2.81,14.75,18.33,20.3243
2023-04-01,2023,4,3301,Rio de Janeiro - RJ,N7,7558,Vestuário,4,1.25,0.0,13.21,3.8075
2025-04-01,2025,4,3101,Belo Horizonte - MG,N7,7625,Transportes,5,0.2,2.29,5.92,19.9314
2023-04-01,2023,4,2901,Salvador - BA,N7,7625,Transportes,5,0.37,3.88,-1.76,18.5185
2022-05-01,2022,5,3101,Belo Horizonte - MG,N7,7786,Comunicação,9,1.26,3.0,4.39,5.342
2023-09-01,2023,9,3201,Grande Vitória - ES,N7,7170,Alimentação e bebidas,1,-0.49,-1.69,0.72,17.5184
2026-05-01,2026,5,3101,Belo Horizonte - MG,N7,7786,Comunicação,9,-0.09,1.87,1.6,4.8301
2020-02-01,2020,2,2301,Fortaleza - CE,N7,7558,Vestuário,4,1.23,-0.1,,4.4963
2021-04-01,2021,4,3101,Belo Horizonte - MG,N7,7766,Educação,8,-0.02,2.54,-1.84,5.393
2022-03-01,2022,3,1501,Belém - PA,N7,7660,Saúde e cuidados pessoais,6,2.39,3.31,2.98,11.8432
2020-03-01,2020,3,1501,Belém - PA,N7,7786,Comunicação,9,0.12,-0.53,,5.0559
2022-08-01,2022,8,3201,Grande Vitória - ES,N7,7786,Comunicação,9,-1.23,0.66,1.7,5.5866
2026-05-01,2026,5,3501,São Paulo - SP,N7,7169,Índice geral,0,0.61,3.23,5.31,100.0
2022-07-01,2022,7,2301,Fortaleza - CE,N7,7712,Despesas pessoais,7,0.64,3.4,5.91,7.371
2020-10-01,2020,10,4301,Porto Alegre - RS,N7,7169,Índice geral,0,0.63,1.53,,100.0
2024-12-01,2024,12,4301,Porto Alegre - RS,N7,7486,Artigos de residência,3,0.88,1.86,1.86,4.1997
2020-04-01,2020,4,3501,São Paulo - SP,N7,7712,Despesas pessoais,7,-0.09,0.37,,11.6535
2024-02-01,2024,2,3301,Rio de Janeiro - RJ,N7,7766,Educação,8,5.28,5.42,6.27,5.2925
2022-10-01,2022,10,3201,Grande Vitória - ES,N7,7766,Educação,8,0.01,5.36,5.47,5.2356
2021-09-01,2021,9,2301,Fortaleza - CE,N7,7766,Educação,8,-0.04,7.74,11.78,6.3153
2024-03-01,2024,3,4101,Curitiba - PR,N7,7558,Vestuário,4,-0.42,0.63,4.83,4.961
2024-06-01,2024,6,3101,Belo Horizonte - MG,N7,7766,Educação,8,0.1,6.24,7.02,5.5092
2024-01-01,2024,1,3501,São Paulo - SP,N7,7625,Transportes,5,-1.23,-1.23,5.63,20.1745
2023-11-01,2023,11,2301,Fortaleza - CE,N7,7170,Alimentação e bebidas,1,0.18,-0.08,0.66,23.9057
2021-07-01,2021,7,4101,Curitiba - PR,N7,7786,Comunicação,9,0.44,-0.48,-0.38,4.7842
2025-12-01,2025,12,2901,Salvador - BA,N7,7486,Artigos de residência,3,0.69,-3.74,-3.74,3.5477
2025-12-01,2025,12,4101,Curitiba - PR,N7,7445,Habitação,2,-0.44,4.43,4.43,14.3528
2021-05-01,2021,5,4101,Curitiba - PR,N7,7766,Educação,8,0.11,0.98,-2.56,5.4869
2020-02-01,2020,2,3501,São Paulo - SP,N7,7558,Vestuário,4,-1.0,-1.2,,3.9065
2022-02-01,2022,2,1501,Belém - PA,N7,7712,Despesas pessoais,7,0.2,1.11,3.95,7.5566
2025-03-01,2025,3,3101,Belo Horizonte - MG,N7,7558,Vestuário,4,0.82,0.89,4.76,5.0033
2025-09-01,2025,9,2901,Salvador - BA,N7,7558,Vestuário,4,1.17,3.06,5.37,5.2106
2022-09-01,2022,9,2301,Fortaleza - CE,N7,7786,Comunicação,9,-2.85,-1.94,-1.67,4.0753
2020-09-01,2020,9,4301,Porto Alegre - RS,N7,7170,Alimentação e bebidas,1,2.08,7.05,,20.2252
2021-06-01,2021,6,4101,Curitiba - PR,N7,7660,Saúde e cuidados pessoais,6,0.47,3.53,3.86,10.2563
2022-12-01,2022,12,4301,Porto Alegre - RS,N7,7712,Despesas pessoais,7,0.65,8.09,8.09,10.3665
2025-04-01,2025,4,3501,São Paulo - SP,N7,7766,Educação,8,-0.03,5.23,6.53,7.045
2022-07-01,2022,7,2301,Fortaleza - CE,N7,7169,Índice geral,0,-0.65,5.65,10.17,100.0
2024-01-01,2024,1,4101,Curitiba - PR,N7,7486,Artigos de residência,3,0.22,0.22,0.58,4.0518
2023-03-01,2023,3,3201,Grande Vitória - ES,N7,7712,Despesas pessoais,7,0.27,1.33,6.7,8.5199
2025-09-01,2025,9,3201,Grande Vitória - ES,N7,7558,Vestuário,4,1.05,4.32,5.13,3.9285
2022-01-01,2022,1,3301,Rio de Janeiro - RJ,N7,7625,Transportes,5,0.68,0.68,17.69,20.706
2022-03-01,2022,3,2901,Salvador - BA,N7,7558,Vestuário,4,1.36,5.94,20.23,4.903
2025-12-01,2025,12,3301,Rio de Janeiro - RJ,N7,7660,Saúde e cuidados pessoais,6,0.55,5.54,5.54,13.8022
2022-11-01,2022,11,4101,Curitiba - PR,N7,7660,Saúde e cuidados pessoais,6,-0.35,10.14,10.91,10.333
2021-12-01,2021,12,3501,São Paulo - SP,N7,7169,Índice geral,0,0.7,9.59,9.59,100.0
2021-12-01,2021,12,3501,São Paulo - SP,N7,7712,Despesas pessoais,7,0.42,4.76,4.76,10.8682
2023-09-01,2023,9,4301,Porto Alegre - RS,N7,7625,Transportes,5,1.65,8.25,10.12,20.974
2024-05-01,2024,5,3301,Rio de Janeiro - RJ,N7,7766,Educação,8,0.08,5.9,6.42,5.5257
2020-08-01,2020,8,2301,Fortaleza - CE,N7,7445,Habitação,2,-0.41,2.03,,16.7481
2021-08-01,2021,8,2901,Salvador - BA,N7,7786,Comunicação,9,0.08,-0.75,0.67,4.6301
2022-11-01,2022,11,2901,Salvador - BA,N7,7558,Vestuário,4,-0.01,20.05,23.8,5.4232
2022-04-01,2022,4,2901,Salvador - BA,N7,7712,Despesas pessoais,7,0.41,1.56,4.69,9.6969
2023-11-01,2023,11,4101,Curitiba - PR,N7,7660,Saúde e cuidados pessoais,6,0.14,6.36,8.07,10.5866
2026-01-01,2026,1,3301,Rio de Janeiro - RJ,N7,7486,Artigos de residência,3,0.9,0.9,-1.13,2.729
2020-01-01,2020,1,4101,Curitiba - PR,N7,7625,Transportes,5,0.11,0.11,,24.7813
2020-03-01,2020,3,2901,Salvador - BA,N7,7766,Educação,8,0.69,4.95,,6.2631
2022-01-01,2022,1,3101,Belo Horizonte - MG,N7,7712,Despesas pessoais,7,0.67,0.67,5.13,10.2494
2021-01-01,2021,1,2601,Recife - PE,N7,7170,Alimentação e bebidas,1,1.55,1.55,14.85,23.3608
2020-11-01,2020,11,3301,Rio de Janeiro - RJ,N7,7486,Artigos de residência,3,0.77,5.06,,3.0537
2021-05-01,2021,5,3101,Belo Horizonte - MG,N7,7786,Comunicação,9,0.32,-0.02,4.2,5.7596
2025-10-01,2025,10,2301,Fortaleza - CE,N7,7169,Índice geral,0,-0.02,3.46,4.59,100.0
2021-11-01,2021,11,3301,Rio de Janeiro - RJ,N7,7786,Comunicação,9,0.15,1.23,1.67,6.8587
2022-04-01,2022,4,3101,Belo Horizonte - MG,N7,7625,Transportes,5,1.92,5.49,19.88,21.6482
2021-08-01,2021,8,4101,Curitiba - PR,N7,7170,Alimentação e bebidas,1,0.77,6.44,15.07,21.0481
2025-04-01,2025,4,3201,Grande Vitória - ES,N7,7445,Habitação,2,0.65,2.05,2.9,15.1215
2022-01-01,2022,1,2301,Fortaleza - CE,N7,7786,Comunicação,9,0.66,0.66,0.85,4.234
2025-02-01,2025,2,3201,Grande Vitória - ES,N7,7712,Despesas pessoais,7,-0.17,0.65,4.62,8.7791
2026-01-01,2026,1,2601,Recife - PE,N7,7169,Índice geral,0,0.28,0.28,4.5,100.0
2022-01-01,2022,1,1501,Belém - PA,N7,7625,Transportes,5,0.12,0.12,18.4,19.4313
2025-07-01,2025,7,3301,Rio de Janeiro - RJ,N7,7625,Transportes,5,0.61,2.09,3.92,19.5139
2025-02-01,2025,2,3201,Grande Vitória - ES,N7,7445,Habitação,2,5.39,0.68,2.41,14.5393
2024-12-01,2024,12,4101,Curitiba - PR,N7,7445,Habitação,2,0.06,3.28,3.28,14.269
2021-10-01,2021,10,3501,São Paulo - SP,N7,7169,Índice geral,0,1.34,7.9,10.22,100.0
2020-08-01,2020,8,2601,Recife - PE,N7,7625,Transportes,5,0.88,-1.73,,18.1988
2021-08-01,2021,8,2901,Salvador - BA,N7,7712,Despesas pessoais,7,0.72,2.16,2.91,10.208
2025-10-01,2025,10,3501,São Paulo - SP,N7,7766,Educação,8,0.07,6.53,6.56,6.9806
2021-07-01,2021,7,3501,São Paulo - SP,N7,7169,Índice geral,0,0.98,4.33,8.33,100.0
2024-03-01,2024,3,3301,Rio de Janeiro - RJ,N7,7660,Saúde e cuidados pessoais,6,0.44,1.99,7.05,13.3292
2026-05-01,2026,5,3301,Rio de Janeiro - RJ,N7,7660,Saúde e cuidados pessoais,6,0.73,2.93,5.42,13.754
2025-02-01,2025,2,1501,Belém - PA,N7,7558,Vestuário,4,0.02,0.2,4.67,6.3724
2024-04-01,2024,4,4101,Curitiba - PR,N7,7445,Habitação,2,-0.05,0.36,4.28,14.2499
2025-09-01,2025,9,4301,Porto Alegre - RS,N7,7712,Despesas pessoais,7,0.1,4.24,7.48,10.7018
2021-04-01,2021,4,2901,Salvador - BA,N7,7558,Vestuário,4,-0.41,-1.55,-6.42,4.5651
2024-04-01,2024,4,4101,Curitiba - PR,N7,7558,Vestuário,4,0.54,1.18,4.55,4.9385
2021-10-01,2021,10,3201,Grande Vitória - ES,N7,7660,Saúde e cuidados pessoais,6,0.14,4.64,4.62,15.234
2025-08-01,2025,8,2601,Recife - PE,N7,7625,Transportes,5,-1.07,3.25,3.82,19.1204
2025-05-01,2025,5,2301,Fortaleza - CE,N7,7445,Habitação,2,1.93,2.39,5.37,16.0204
2020-12-01,2020,12,2901,Salvador - BA,N7,7486,Artigos de residência,3,1.36,2.06,2.06,4.0922
2023-11-01,2023,11,2301,Fortaleza - CE,N7,7445,Habitação,2,1.8,4.2,4.77,16.4354
2024-08-01,2024,8,3201,Grande Vitória - ES,N7,7169,Índice geral,0,0.14,2.54,4.16,100.0
2020-11-01,2020,11,2901,Salvador - BA,N7,7712,Despesas pessoais,7,0.1,0.75,,10.7266
2023-09-01,2023,9,4101,Curitiba - PR,N7,7169,Índice geral,0,0.22,3.76,5.0,100.0
2026-04-01,2026,4,4301,Porto Alegre - RS,N7,7445,Habitação,2,0.25,0.43,7.12,14.4939
2024-04-01,2024,4,2601,Recife - PE,N7,7712,Despesas pessoais,7,-0.06,0.5,4.55,8.4105
2020-05-01,2020,5,3501,São Paulo - SP,N7,7660,Saúde e cuidados pessoais,6,-0.16,0.33,,13.2442
2021-11-01,2021,11,4101,Curitiba - PR,N7,7625,Transportes,5,2.8,23.35,24.78,26.0544
2020-03-01,2020,3,3301,Rio de Janeiro - RJ,N7,7486,Artigos de residência,3,-2.21,-2.63,,2.966
2021-03-01,2021,3,3301,Rio de Janeiro - RJ,N7,7766,Educação,8,0.04,1.46,-0.14,5.4455
2026-05-01,2026,5,3201,Grande Vitória - ES,N7,7660,Saúde e cuidados pessoais,6,0.66,3.38,5.64,16.0802
2020-06-01,2020,6,3201,Grande Vitória - ES,N7,7766,Educação,8,-0.03,5.69,,5.8615
2024-08-01,2024,8,3201,Grande Vitória - ES,N7,7486,Artigos de residência,3,1.22,4.33,4.42,3.7548
2025-08-01,2025,8,3101,Belo Horizonte - MG,N7,7625,Transportes,5,-0.64,2.36,2.18,19.8336
2024-05-01,2024,5,3501,São Paulo - SP,N7,7558,Vestuário,4,0.49,0.93,2.65,4.1059
2021-05-01,2021,5,1501,Belém - PA,N7,7445,Habitação,2,0.66,1.04,7.44,15.3283
2022-12-01,2022,12,4301,Porto Alegre - RS,N7,7625,Transportes,5,0.53,-6.32,-6.32,20.4105
2021-04-01,2021,4,1501,Belém - PA,N7,7558,Vestuário,4,1.55,0.41,-0.07,5.8327
2025-02-01,2025,2,2601,Recife - PE,N7,7625,Transportes,5,1.41,3.61,6.19,19.3201
2022-09-01,2022,9,4101,Curitiba - PR,N7,7766,Educação,8,0.17,5.72,5.91,5.2488
2023-03-01,2023,3,1501,Belém - PA,N7,7625,Transportes,5,2.85,3.23,-2.71,17.6508
2024-03-01,2024,3,3201,Grande Vitória - ES,N7,7660,Saúde e cuidados pessoais,6,0.17,1.68,6.02,15.8576
2024-01-01,2024,1,2301,Fortaleza - CE,N7,7169,Índice geral,0,0.68,0.68,4.69,100.0
2025-10-01,2025,10,4101,Curitiba - PR,N7,7558,Vestuário,4,0.61,5.64,7.19,5.0024
2022-06-01,2022,6,2901,Salvador - BA,N7,7660,Saúde e cuidados pessoais,6,0.64,4.11,5.82,14.0511
2025-09-01,2025,9,3201,Grande Vitória - ES,N7,7766,Educação,8,-0.02,6.72,6.91,5.615
2024-11-01,2024,11,4101,Curitiba - PR,N7,7445,Habitação,2,-1.15,3.21,3.06,14.4913
2022-09-01,2022,9,1501,Belém - PA,N7,7712,Despesas pessoais,7,1.04,5.44,6.61,7.5741
2023-01-01,2023,1,3501,São Paulo - SP,N7,7766,Educação,8,0.33,0.33,7.43,6.455
2024-11-01,2024,11,4301,Porto Alegre - RS,N7,7712,Despesas pessoais,7,1.63,4.43,4.57,10.4026
2022-03-01,2022,3,3201,Grande Vitória - ES,N7,7766,Educação,8,0.09,4.7,5.47,5.3116
2024-03-01,2024,3,3101,Belo Horizonte - MG,N7,7786,Comunicação,9,-0.09,1.0,0.38,5.0808
2022-07-01,2022,7,2601,Recife - PE,N7,7786,Comunicação,9,0.08,2.29,4.2,4.2752
2024-08-01,2024,8,2301,Fortaleza - CE,N7,7786,Comunicação,9,0.34,2.8,1.55,3.7476
2025-09-01,2025,9,3501,São Paulo - SP,N7,7660,Saúde e cuidados pessoais,6,0.34,4.55,5.3,13.2033
2024-02-01,2024,2,1501,Belém - PA,N7,7660,Saúde e cuidados pessoais,6,0.66,1.34,5.98,12.8545
2020-01-01,2020,1,2601,Recife - PE,N7,7660,Saúde e cuidados pessoais,6,-0.44,-0.44,,15.0711
2020-04-01,2020,4,3101,Belo Horizonte - MG,N7,7625,Transportes,5,-2.16,-2.51,,19.7207
2020-02-01,2020,2,3201,Grande Vitória - ES,N7,7558,Vestuário,4,-1.61,-2.5,,3.974
2026-06-01,2026,6,4101,Curitiba - PR,N7,7625,Transportes,5,0.54,0.86,1.26,24.7909
2022-01-01,2022,1,4301,Porto Alegre - RS,N7,7660,Saúde e cuidados pessoais,6,0.15,0.15,3.56,12.0282
2024-01-01,2024,1,2901,Salvador - BA,N7,7766,Educação,8,0.5,0.5,8.2,5.8319
2025-09-01,2025,9,3501,São Paulo - SP,N7,7786,Comunicação,9,-0.14,0.95,1.74,4.5978
2024-06-01,2024,6,2301,Fortaleza - CE,N7,7169,Índice geral,0,0.28,2.52,4.71,100.0
2025-05-01,2025,5,3101,Belo Horizonte - MG,N7,7625,Transportes,5,-1.06,1.2,3.23,19.8729
2023-12-01,2023,12,3201,Grande Vitória - ES,N7,7786,Comunicação,9,0.04,4.36,4.36,5.2529
2025-04-01,2025,4,2901,Salvador - BA,N7,7625,Transportes,5,-1.27,0.17,4.89,18.6421
2021-08-01,2021,8,4101,Curitiba - PR,N7,7625,Transportes,5,2.3,14.4,20.06,25.3162
2022-11-01,2022,11,3301,Rio de Janeiro - RJ,N7,7712,Despesas pessoais,7,0.5,8.08,8.37,9.2499
2024-04-01,2024,4,2601,Recife - PE,N7,7660,Saúde e cuidados pessoais,6,1.13,3.25,5.88,14.9114
2023-10-01,2023,10,3301,Rio de Janeiro - RJ,N7,7445,Habitação,2,0.38,3.04,3.04,18.3834
2020-04-01,2020,4,4101,Curitiba - PR,N7,7169,Índice geral,0,-1.16,-0.9,,100.0
2022-11-01,2022,11,2901,Salvador - BA,N7,7170,Alimentação e bebidas,1,0.48,10.94,12.54,23.3876
2022-05-01,2022,5,3501,São Paulo - SP,N7,7625,Transportes,5,1.22,6.27,18.72,21.2048
2026-01-01,2026,1,1501,Belém - PA,N7,7445,Habitação,2,-1.59,-1.59,9.28,15.8963
2022-05-01,2022,5,4301,Porto Alegre - RS,N7,7712,Despesas pessoais,7,0.36,3.23,7.24,9.9671
2023-03-01,2023,3,4301,Porto Alegre - RS,N7,7625,Transportes,5,2.69,3.58,-2.05,20.3814
2025-07-01,2025,7,4101,Curitiba - PR,N7,7170,Alimentação e bebidas,1,0.39,4.54,8.54,21.8175
2025-02-01,2025,2,2901,Salvador - BA,N7,7625,Transportes,5,-0.33,0.88,5.52,18.933
2023-04-01,2023,4,3501,São Paulo - SP,N7,7486,Artigos de residência,3,0.42,1.22,3.55,3.6954
2025-05-01,2025,5,4101,Curitiba - PR,N7,7169,Índice geral,0,0.3,2.92,5.23,100.0
2021-06-01,2021,6,1501,Belém - PA,N7,7712,Despesas pessoais,7,-0.12,0.41,1.49,7.7002
2025-04-01,2025,4,3501,São Paulo - SP,N7,7660,Saúde e cuidados pessoais,6,0.93,2.62,5.65,13.0756
2023-09-01,2023,9,2901,Salvador - BA,N7,7486,Artigos de residência,3,-0.87,-2.3,-1.55,4.0479
2023-12-01,2023,12,4301,Porto Alegre - RS,N7,7786,Comunicação,9,0.23,3.13,3.13,5.4534
2026-02-01,2026,2,2601,Recife - PE,N7,7169,Índice geral,0,0.73,1.02,3.81,100.0
2024-12-01,2024,12,2601,Recife - PE,N7,7170,Alimentação e bebidas,1,1.18,6.42,6.42,23.8486
2022-12-01,2022,12,2601,Recife - PE,N7,7558,Vestuário,4,1.48,15.61,15.61,6.0614
2023-01-01,2023,1,4301,Porto Alegre - RS,N7,7558,Vestuário,4,-0.08,-0.08,15.62,5.1655
2024-09-01,2024,9,4301,Porto Alegre - RS,N7,7786,Comunicação,9,0.02,2.61,2.4,5.4498
2023-03-01,2023,3,4301,Porto Alegre - RS,N7,7169,Índice geral,0,1.25,2.24,4.37,100.0
2024-01-01,2024,1,1501,Belém - PA,N7,7786,Comunicação,9,-0.46,-0.46,0.14,4.2096
2023-03-01,2023,3,3501,São Paulo - SP,N7,7170,Alimentação e bebidas,1,0.1,1.23,8.02,20.4783
2024-11-01,2024,11,2601,Recife - PE,N7,7169,Índice geral,0,0.42,4.0,4.22,100.0
2026-06-01,2026,6,1501,Belém - PA,N7,7766,Educação,8,0.0,4.57,5.47,3.818
2026-03-01,2026,3,3201,Grande Vitória - ES,N7,7660,Saúde e cuidados pessoais,6,0.44,1.71,5.8,16.0586
2025-10-01,2025,10,4301,Porto Alegre - RS,N7,7712,Despesas pessoais,7,0.81,5.08,7.68,10.6587
2025-06-01,2025,6,2301,Fortaleza - CE,N7,7625,Transportes,5,0.44,1.61,5.83,18.8145
2021-02-01,2021,2,2601,Recife - PE,N7,7445,Habitação,2,-0.34,-0.79,7.01,14.2413
2020-05-01,2020,5,3501,São Paulo - SP,N7,7445,Habitação,2,-0.11,-0.2,,16.4302
2026-02-01,2026,2,4301,Porto Alegre - RS,N7,7660,Saúde e cuidados pessoais,6,0.41,1.32,6.12,13.5136
2023-01-01,2023,1,3301,Rio de Janeiro - RJ,N7,7786,Comunicação,9,2.39,2.39,-0.27,6.2712
2026-05-01,2026,5,2301,Fortaleza - CE,N7,7170,Alimentação e bebidas,1,1.51,4.26,3.13,24.1541
2025-10-01,2025,10,2301,Fortaleza - CE,N7,7445,Habitação,2,-0.7,4.23,2.03,16.5133
2026-06-01,2026,6,4101,Curitiba - PR,N7,7445,Habitação,2,1.27,2.82,4.45,14.1691
2023-06-01,2023,6,2301,Fortaleza - CE,N7,7660,Saúde e cuidados pessoais,6,0.94,4.77,10.08,13.2867
2022-09-01,2022,9,3501,São Paulo - SP,N7,7169,Índice geral,0,-0.32,4.84,7.91,100.0
2022-09-01,2022,9,1501,Belém - PA,N7,7486,Artigos de residência,3,-0.51,4.87,8.31,3.9683
2024-05-01,2024,5,4101,Curitiba - PR,N7,7558,Vestuário,4,0.86,2.04,4.05,4.9472
2020-06-01,2020,6,4301,Porto Alegre - RS,N7,7766,Educação,8,0.14,3.76,,5.4406
2023-01-01,2023,1,2601,Recife - PE,N7,7660,Saúde e cuidados pessoais,6,-0.12,-0.12,11.32,14.4708
2023-06-01,2023,6,3301,Rio de Janeiro - RJ,N7,7766,Educação,8,0.08,6.69,7.87,5.3657
2023-04-01,2023,4,3101,Belo Horizonte - MG,N7,7558,Vestuário,4,1.08,0.86,12.01,5.0712
2025-06-01,2025,6,2901,Salvador - BA,N7,7445,Habitação,2,0.38,3.34,6.19,14.2026
2022-07-01,2022,7,4101,Curitiba - PR,N7,7445,Habitação,2,-2.96,-6.05,0.73,14.2475
2025-03-01,2025,3,3201,Grande Vitória - ES,N7,7170,Alimentação e bebidas,1,0.83,3.48,7.58,18.0699
2023-11-01,2023,11,2601,Recife - PE,N7,7625,Transportes,5,-1.01,4.9,6.35,19.4151
2022-08-01,2022,8,3501,São Paulo - SP,N7,7445,Habitação,2,0.83,1.6,6.75,16.4885
2025-11-01,2025,11,2601,Recife - PE,N7,7625,Transportes,5,-0.6,4.15,4.03,19.1033
2021-01-01,2021,1,2601,Recife - PE,N7,7786,Comunicação,9,0.16,0.16,4.15,4.782
2023-05-01,2023,5,2301,Fortaleza - CE,N7,7660,Saúde e cuidados pessoais,6,0.96,3.79,10.43,13.234
2024-05-01,2024,5,2901,Salvador - BA,N7,7625,Transportes,5,0.64,0.98,6.97,18.4195
2023-10-01,2023,10,3201,Grande Vitória - ES,N7,7712,Despesas pessoais,7,0.59,4.02,5.34,8.5462
2021-04-01,2021,4,2901,Salvador - BA,N7,7170,Alimentação e bebidas,1,0.53,2.83,12.02,22.571
2021-03-01,2021,3,3501,São Paulo - SP,N7,7625,Transportes,5,3.21,5.6,7.41,19.6279
2025-12-01,2025,12,3301,Rio de Janeiro - RJ,N7,7445,Habitação,2,-0.07,3.7,3.7,18.4596
2022-10-01,2022,10,4301,Porto Alegre - RS,N7,7558,Vestuário,4,1.3,12.92,15.78,5.0548
2023-11-01,2023,11,2901,Salvador - BA,N7,7660,Saúde e cuidados pessoais,6,-0.36,5.49,7.43,15.1093
2026-04-01,2026,4,4101,Curitiba - PR,N7,7712,Despesas pessoais,7,0.38,1.0,5.92,9.4701
2025-09-01,2025,9,3501,São Paulo - SP,N7,7558,Vestuário,4,0.42,3.39,4.11,4.0467
2023-03-01,2023,3,4101,Curitiba - PR,N7,7486,Artigos de residência,3,0.46,1.18,4.22,4.1789
2020-10-01,2020,10,4101,Curitiba - PR,N7,7786,Comunicação,9,-0.43,1.23,,5.2061
2025-03-01,2025,3,3501,São Paulo - SP,N7,7786,Comunicação,9,0.26,0.22,1.06,4.6468
2020-03-01,2020,3,3301,Rio de Janeiro - RJ,N7,7712,Despesas pessoais,7,-0.37,0.71,,9.8587
2020-07-01,2020,7,3501,São Paulo - SP,N7,7445,Habitação,2,0.99,0.83,,16.4168
2025-11-01,2025,11,3201,Grande Vitória - ES,N7,7625,Transportes,5,0.69,2.99,3.41,23.2215
2022-07-01,2022,7,1501,Belém - PA,N7,7625,Transportes,5,-4.09,2.13,10.31,19.7038
2021-04-01,2021,4,3201,Grande Vitória - ES,N7,7660,Saúde e cuidados pessoais,6,1.45,3.1,3.85,15.5927
2023-07-01,2023,7,3301,Rio de Janeiro - RJ,N7,7766,Educação,8,0.06,6.75,7.96,5.3807
2023-10-01,2023,10,3501,São Paulo - SP,N7,7445,Habitação,2,-0.47,2.37,2.8,16.4962
2022-05-01,2022,5,3201,Grande Vitória - ES,N7,7169,Índice geral,0,-0.08,3.73,11.53,100.0
2024-06-01,2024,6,3201,Grande Vitória - ES,N7,7445,Habitação,2,-1.27,-0.13,2.34,15.4802
2023-03-01,2023,3,1501,Belém - PA,N7,7445,Habitação,2,-0.36,0.81,1.27,15.7525
2024-06-01,2024,6,4301,Porto Alegre - RS,N7,7625,Transportes,5,0.06,-0.6,5.74,20.7793
2022-04-01,2022,4,2301,Fortaleza - CE,N7,7445,Habitação,2,-0.27,2.1,13.03,17.0154
2022-10-01,2022,10,3101,Belo Horizonte - MG,N7,7169,Índice geral,0,0.54,3.34,5.07,100.0
2022-01-01,2022,1,2601,Recife - PE,N7,7766,Educação,8,0.19,0.19,3.69,5.5834
2021-02-01,2021,2,2901,Salvador - BA,N7,7486,Artigos de residência,3,1.05,1.44,3.68,4.1151
2022-04-01,2022,4,3301,Rio de Janeiro - RJ,N7,7786,Comunicação,9,0.08,1.71,3.06,6.6613
2026-02-01,2026,2,3301,Rio de Janeiro - RJ,N7,7445,Habitação,2,0.87,0.9,3.33,18.3011
2020-09-01,2020,9,4101,Curitiba - PR,N7,7170,Alimentação e bebidas,1,1.98,6.63,,20.4117
2025-08-01,2025,8,2601,Recife - PE,N7,7486,Artigos de residência,3,-0.07,-0.57,-0.2,3.7407
2021-11-01,2021,11,4301,Porto Alegre - RS,N7,7786,Comunicação,9,0.19,2.27,2.87,5.8558
2023-09-01,2023,9,4301,Porto Alegre - RS,N7,7558,Vestuário,4,-0.2,2.57,6.65,5.1245
2025-07-01,2025,7,3501,São Paulo - SP,N7,7625,Transportes,5,0.41,2.61,4.2,19.6846
2023-06-01,2023,6,2301,Fortaleza - CE,N7,7558,Vestuário,4,0.23,1.73,12.49,4.9118
2020-08-01,2020,8,2301,Fortaleza - CE,N7,7786,Comunicação,9,1.35,2.43,,4.7528
2026-05-01,2026,5,4301,Porto Alegre - RS,N7,7169,Índice geral,0,0.57,2.8,4.47,100.0
2022-12-01,2022,12,2301,Fortaleza - CE,N7,7445,Habitação,2,0.55,2.66,2.66,16.6604
2025-12-01,2025,12,3101,Belo Horizonte - MG,N7,7445,Habitação,2,-0.63,7.48,7.48,13.6586
2020-07-01,2020,7,1501,Belém - PA,N7,7660,Saúde e cuidados pessoais,6,0.77,-0.39,,13.1936
2021-12-01,2021,12,2601,Recife - PE,N7,7766,Educação,8,0.2,3.57,3.57,5.6308
2020-07-01,2020,7,2901,Salvador - BA,N7,7170,Alimentação e bebidas,1,1.34,8.09,,21.8015
2020-09-01,2020,9,1501,Belém - PA,N7,7169,Índice geral,0,0.95,1.37,,100.0
2020-04-01,2020,4,3201,Grande Vitória - ES,N7,7169,Índice geral,0,-0.09,0.66,,100.0
2022-03-01,2022,3,3201,Grande Vitória - ES,N7,7486,Artigos de residência,3,-0.07,2.88,11.54,3.9445
2025-02-01,2025,2,2301,Fortaleza - CE,N7,7445,Habitação,2,3.95,0.9,3.0,15.7844
2020-10-01,2020,10,2301,Fortaleza - CE,N7,7786,Comunicação,9,-0.33,2.28,,4.7786
2024-09-01,2024,9,3301,Rio de Janeiro - RJ,N7,7169,Índice geral,0,0.53,2.96,4.6,100.0
2021-11-01,2021,11,2601,Recife - PE,N7,7558,Vestuário,4,1.58,5.55,6.89,5.4366
2023-07-01,2023,7,2301,Fortaleza - CE,N7,7169,Índice geral,0,0.17,2.86,2.97,100.0
2022-05-01,2022,5,2601,Recife - PE,N7,7558,Vestuário,4,1.98,5.95,14.85,5.5697
2020-08-01,2020,8,3501,São Paulo - SP,N7,7766,Educação,8,-2.62,1.66,,7.3655
2024-02-01,2024,2,1501,Belém - PA,N7,7170,Alimentação e bebidas,1,0.92,3.65,1.85,27.1148
2024-12-01,2024,12,1501,Belém - PA,N7,7625,Transportes,5,0.49,3.16,3.16,18.697
2021-07-01,2021,7,2601,Recife - PE,N7,7786,Comunicação,9,0.16,0.36,3.28,4.6014
2021-06-01,2021,6,3501,São Paulo - SP,N7,7445,Habitação,2,1.16,3.07,8.79,16.5059
2024-08-01,2024,8,2301,Fortaleza - CE,N7,7712,Despesas pessoais,7,0.48,2.98,5.17,7.5238
2020-07-01,2020,7,2601,Recife - PE,N7,7445,Habitação,2,1.01,2.06,,14.079
2021-07-01,2021,7,1501,Belém - PA,N7,7486,Artigos de residência,3,0.01,7.64,11.56,3.9093
2023-10-01,2023,10,2601,Recife - PE,N7,7660,Saúde e cuidados pessoais,6,-0.05,5.74,7.19,14.812
2022-04-01,2022,4,3501,São Paulo - SP,N7,7169,Índice geral,0,1.06,4.26,12.05,100.0
2023-10-01,2023,10,2601,Recife - PE,N7,7445,Habitação,2,0.33,3.62,3.99,13.7192
2025-08-01,2025,8,3301,Rio de Janeiro - RJ,N7,7170,Alimentação e bebidas,1,-0.64,1.87,6.79,20.9856
2025-02-01,2025,2,3301,Rio de Janeiro - RJ,N7,7445,Habitação,2,4.54,1.26,4.71,17.7222
2023-05-01,2023,5,3501,São Paulo - SP,N7,7445,Habitação,2,0.53,2.09,5.86,16.4206
2025-08-01,2025,8,4301,Porto Alegre - RS,N7,7445,Habitação,2,-2.06,3.85,4.46,14.3698
2020-04-01,2020,4,1501,Belém - PA,N7,7170,Alimentação e bebidas,1,2.12,4.22,,25.3619
2021-05-01,2021,5,2301,Fortaleza - CE,N7,7712,Despesas pessoais,7,0.16,1.04,2.41,7.9092
2020-10-01,2020,10,3201,Grande Vitória - ES,N7,7786,Comunicação,9,-0.14,1.84,,6.4316
2021-11-01,2021,11,3101,Belo Horizonte - MG,N7,7486,Artigos de residência,3,1.14,11.62,13.65,4.1749
2023-09-01,2023,9,3201,Grande Vitória - ES,N7,7766,Educação,8,0.04,7.72,7.98,5.3896
2024-03-01,2024,3,4101,Curitiba - PR,N7,7170,Alimentação e bebidas,1,0.09,1.98,2.26,21.1694
2025-01-01,2025,1,3101,Belo Horizonte - MG,N7,7445,Habitação,2,-2.12,-2.12,2.27,13.077
2021-11-01,2021,11,2601,Recife - PE,N7,7766,Educação,8,-0.01,3.37,3.36,5.6887
2023-07-01,2023,7,2601,Recife - PE,N7,7486,Artigos de residência,3,-0.22,-0.77,-0.26,4.1622
2025-10-01,2025,10,3201,Grande Vitória - ES,N7,7558,Vestuário,4,1.4,5.79,7.0,3.9398
2020-07-01,2020,7,2601,Recife - PE,N7,7558,Vestuário,4,-1.19,-1.87,,5.7911
2022-08-01,2022,8,2301,Fortaleza - CE,N7,7169,Índice geral,0,-0.74,4.87,8.89,100.0
2020-06-01,2020,6,4101,Curitiba - PR,N7,7170,Alimentação e bebidas,1,1.18,2.92,,20.1336
2024-02-01,2024,2,3101,Belo Horizonte - MG,N7,7445,Habitação,2,0.41,1.61,6.38,13.1174
2023-12-01,2023,12,1501,Belém - PA,N7,7445,Habitação,2,1.6,6.87,6.87,15.9393
2026-04-01,2026,4,3101,Belo Horizonte - MG,N7,7660,Saúde e cuidados pessoais,6,1.22,2.99,5.75,14.7055
2024-02-01,2024,2,3101,Belo Horizonte - MG,N7,7712,Despesas pessoais,7,0.73,1.37,6.46,10.5706
2020-01-01,2020,1,1501,Belém - PA,N7,7558,Vestuário,4,0.38,0.38,,6.3712
2024-04-01,2024,4,2601,Recife - PE,N7,7625,Transportes,5,0.64,2.13,3.94,19.0555
2024-05-01,2024,5,3501,São Paulo - SP,N7,7170,Alimentação e bebidas,1,0.46,3.89,3.58,20.4173
2021-09-01,2021,9,1501,Belém - PA,N7,7625,Transportes,5,0.9,10.79,13.39,18.5972
2024-11-01,2024,11,3101,Belo Horizonte - MG,N7,7625,Transportes,5,0.66,5.21,5.95,20.0247
2023-05-01,2023,5,3201,Grande Vitória - ES,N7,7786,Comunicação,9,0.99,4.52,0.35,5.2857
2020-06-01,2020,6,2901,Salvador - BA,N7,7786,Comunicação,9,1.04,1.05,,4.8924
2023-06-01,2023,6,1501,Belém - PA,N7,7766,Educação,8,0.05,7.12,9.2,3.6025
2024-01-01,2024,1,2601,Recife - PE,N7,7558,Vestuário,4,-0.29,-0.29,2.26,6.0304
2020-06-01,2020,6,4101,Curitiba - PR,N7,7558,Vestuário,4,0.18,0.25,,4.9657
2023-01-01,2023,1,3301,Rio de Janeiro - RJ,N7,7660,Saúde e cuidados pessoais,6,0.56,0.56,11.54,12.916
2025-01-01,2025,1,3501,São Paulo - SP,N7,7558,Vestuário,4,-0.51,-0.51,1.88,4.0708
2021-08-01,2021,8,1501,Belém - PA,N7,7486,Artigos de residência,3,0.71,8.41,11.8,3.8751
2023-08-01,2023,8,4301,Porto Alegre - RS,N7,7786,Comunicação,9,-0.07,3.5,1.13,5.5335
2023-07-01,2023,7,4101,Curitiba - PR,N7,7766,Educação,8,-0.05,5.56,6.25,5.3536
2022-03-01,2022,3,3301,Rio de Janeiro - RJ,N7,7445,Habitação,2,2.27,3.71,14.51,18.7272
2022-11-01,2022,11,2601,Recife - PE,N7,7660,Saúde e cuidados pessoais,6,-0.36,10.07,11.74,14.4565
2022-02-01,2022,2,2901,Salvador - BA,N7,7660,Saúde e cuidados pessoais,6,0.31,0.5,4.18,14.2083
2021-08-01,2021,8,3501,São Paulo - SP,N7,7625,Transportes,5,1.79,9.82,15.38,20.0512
2020-10-01,2020,10,2301,Fortaleza - CE,N7,7660,Saúde e cuidados pessoais,6,0.87,2.39,,13.7188
2025-10-01,2025,10,2901,Salvador - BA,N7,7169,Índice geral,0,0.06,3.17,4.39,100.0
2025-10-01,2025,10,2901,Salvador - BA,N7,7786,Comunicação,9,-0.18,0.99,0.84,3.8734
2020-07-01,2020,7,2301,Fortaleza - CE,N7,7625,Transportes,5,0.91,-3.46,,18.1599
2020-08-01,2020,8,4101,Curitiba - PR,N7,7170,Alimentação e bebidas,1,1.4,4.56,,20.1707
2020-12-01,2020,12,4101,Curitiba - PR,N7,7558,Vestuário,4,-0.21,2.93,2.93,4.919
2022-11-01,2022,11,3301,Rio de Janeiro - RJ,N7,7169,Índice geral,0,0.34,6.3,7.04,100.0
2025-10-01,2025,10,3301,Rio de Janeiro - RJ,N7,7169,Índice geral,0,-0.06,2.78,3.89,100.0
2023-10-01,2023,10,2901,Salvador - BA,N7,7766,Educação,8,0.06,7.59,7.95,5.8625
2023-04-01,2023,4,4101,Curitiba - PR,N7,7169,Índice geral,0,0.57,2.66,2.83,100.0
2025-07-01,2025,7,2901,Salvador - BA,N7,7766,Educação,8,0.08,5.24,5.99,6.1219
2020-12-01,2020,12,3201,Grande Vitória - ES,N7,7766,Educação,8,2.93,0.17,0.17,5.2135
2021-07-01,2021,7,3501,São Paulo - SP,N7,7170,Alimentação e bebidas,1,0.11,2.63,11.77,19.7595
2022-12-01,2022,12,3101,Belo Horizonte - MG,N7,7660,Saúde e cuidados pessoais,6,1.47,11.99,11.99,14.1969
2020-09-01,2020,9,2901,Salvador - BA,N7,7170,Alimentação e bebidas,1,1.97,10.01,,21.8859
2024-01-01,2024,1,1501,Belém - PA,N7,7766,Educação,8,0.48,0.48,8.88,3.5891
2025-09-01,2025,9,4301,Porto Alegre - RS,N7,7766,Educação,8,0.24,5.66,5.72,5.1853
2024-06-01,2024,6,3201,Grande Vitória - ES,N7,7170,Alimentação e bebidas,1,1.76,6.07,5.33,17.8299
2026-02-01,2026,2,4301,Porto Alegre - RS,N7,7786,Comunicação,9,0.21,0.84,2.0,5.2749
2026-04-01,2026,4,4301,Porto Alegre - RS,N7,7558,Vestuário,4,0.9,1.18,4.67,4.9498
2026-01-01,2026,1,4301,Porto Alegre - RS,N7,7445,Habitação,2,-0.03,-0.03,13.53,14.6894
2023-10-01,2023,10,2601,Recife - PE,N7,7169,Índice geral,0,-0.09,3.26,4.57,100.0
2021-01-01,2021,1,2901,Salvador - BA,N7,7766,Educação,8,0.18,0.18,-0.53,5.7615
2024-06-01,2024,6,2301,Fortaleza - CE,N7,7766,Educação,8,-0.02,5.92,9.06,6.6882
2020-08-01,2020,8,3501,São Paulo - SP,N7,7558,Vestuário,4,-1.95,-4.1,,3.8204
2022-06-01,2022,6,3501,São Paulo - SP,N7,7660,Saúde e cuidados pessoais,6,1.47,5.58,6.14,12.1163
2025-11-01,2025,11,3301,Rio de Janeiro - RJ,N7,7766,Educação,8,-0.06,6.25,6.35,5.5871
2021-04-01,2021,4,2301,Fortaleza - CE,N7,7445,Habitação,2,1.37,2.57,8.16,16.4838
2023-05-01,2023,5,2901,Salvador - BA,N7,7445,Habitação,2,2.46,7.58,7.7,14.2741
2020-05-01,2020,5,4301,Porto Alegre - RS,N7,7169,Índice geral,0,-0.44,-0.48,,100.0
2021-09-01,2021,9,3301,Rio de Janeiro - RJ,N7,7660,Saúde e cuidados pessoais,6,0.03,2.6,2.52,12.8805
2023-05-01,2023,5,1501,Belém - PA,N7,7445,Habitação,2,-0.05,0.64,5.4,15.46
2023-11-01,2023,11,2301,Fortaleza - CE,N7,7558,Vestuário,4,-0.54,3.17,3.87,4.9911
2020-07-01,2020,7,2901,Salvador - BA,N7,7558,Vestuário,4,-0.94,-6.68,,5.0089
2021-09-01,2021,9,3501,São Paulo - SP,N7,7712,Despesas pessoais,7,0.56,2.89,4.1,11.0049
2021-12-01,2021,12,2601,Recife - PE,N7,7170,Alimentação e bebidas,1,0.65,9.22,9.22,23.1993
2020-12-01,2020,12,2601,Recife - PE,N7,7486,Artigos de residência,3,0.84,7.64,7.64,4.2047
2025-06-01,2025,6,3501,São Paulo - SP,N7,7786,Comunicação,9,0.13,1.01,1.97,4.6269
2026-06-01,2026,6,3101,Belo Horizonte - MG,N7,7660,Saúde e cuidados pessoais,6,-0.03,3.74,5.89,14.8585
2023-06-01,2023,6,2901,Salvador - BA,N7,7786,Comunicação,9,-0.29,4.68,-1.05,4.1218
2020-05-01,2020,5,2901,Salvador - BA,N7,7486,Artigos de residência,3,0.98,-4.0,,3.9728
2024-02-01,2024,2,4101,Curitiba - PR,N7,7625,Transportes,5,1.49,1.03,5.05,25.9212
2020-05-01,2020,5,3101,Belo Horizonte - MG,N7,7169,Índice geral,0,-0.6,-0.07,,100.0
2024-03-01,2024,3,3201,Grande Vitória - ES,N7,7445,Habitação,2,0.4,0.62,3.29,15.4884
2022-08-01,2022,8,4301,Porto Alegre - RS,N7,7170,Alimentação e bebidas,1,-0.61,12.02,12.79,22.2439
2023-11-01,2023,11,4301,Porto Alegre - RS,N7,7712,Despesas pessoais,7,0.29,5.02,5.7,10.4647
2021-10-01,2021,10,3101,Belo Horizonte - MG,N7,7766,Educação,8,-0.06,3.84,3.48,5.2474
2020-04-01,2020,4,2301,Fortaleza - CE,N7,7625,Transportes,5,-1.55,-1.8,,18.8775
2026-04-01,2026,4,4101,Curitiba - PR,N7,7625,Transportes,5,0.51,1.75,1.69,25.256
2024-10-01,2024,10,3301,Rio de Janeiro - RJ,N7,7558,Vestuário,4,0.37,0.76,1.31,3.7584
2022-04-01,2022,4,3201,Grande Vitória - ES,N7,7712,Despesas pessoais,7,0.71,2.58,6.42,8.3188
2025-05-01,2025,5,3501,São Paulo - SP,N7,7558,Vestuário,4,0.64,1.87,3.81,4.0169
2024-01-01,2024,1,3101,Belo Horizonte - MG,N7,7766,Educação,8,0.51,0.51,7.09,5.3548
2020-08-01,2020,8,3101,Belo Horizonte - MG,N7,7486,Artigos de residência,3,1.15,2.82,,3.9582
2020-10-01,2020,10,2901,Salvador - BA,N7,7660,Saúde e cuidados pessoais,6,0.29,1.69,,15.3832
2020-07-01,2020,7,3101,Belo Horizonte - MG,N7,7766,Educação,8,-0.07,4.54,,5.9052
2024-04-01,2024,4,4101,Curitiba - PR,N7,7486,Artigos de residência,3,-0.06,-0.33,-1.46,3.9904
2022-04-01,2022,4,2901,Salvador - BA,N7,7625,Transportes,5,-1.14,3.2,20.55,20.1636
2021-09-01,2021,9,2301,Fortaleza - CE,N7,7660,Saúde e cuidados pessoais,6,0.8,4.81,4.87,12.9918
2025-03-01,2025,3,4301,Porto Alegre - RS,N7,7486,Artigos de residência,3,-0.09,0.45,2.92,4.1851
2025-09-01,2025,9,3501,São Paulo - SP,N7,7486,Artigos de residência,3,-0.11,0.21,1.99,3.4123
2024-12-01,2024,12,2901,Salvador - BA,N7,7625,Transportes,5,2.44,5.06,5.06,18.4923
2022-04-01,2022,4,2601,Recife - PE,N7,7660,Saúde e cuidados pessoais,6,1.92,4.2,5.09,13.5798
2022-08-01,2022,8,3201,Grande Vitória - ES,N7,7625,Transportes,5,-1.53,2.22,10.26,24.7584
2023-11-01,2023,11,1501,Belém - PA,N7,7558,Vestuário,4,-0.16,0.47,2.3,6.3364
2022-06-01,2022,6,3201,Grande Vitória - ES,N7,7786,Comunicação,9,0.22,2.17,2.92,5.549
2022-12-01,2022,12,4101,Curitiba - PR,N7,7625,Transportes,5,1.3,4.71,4.71,26.1405
2024-08-01,2024,8,2901,Salvador - BA,N7,7712,Despesas pessoais,7,0.26,2.86,5.55,10.0112
2026-06-01,2026,6,3201,Grande Vitória - ES,N7,7170,Alimentação e bebidas,1,0.38,5.38,3.39,17.9535
2022-02-01,2022,2,4301,Porto Alegre - RS,N7,7558,Vestuário,4,0.2,0.36,10.24,4.6496
2021-11-01,2021,11,2901,Salvador - BA,N7,7170,Alimentação e bebidas,1,0.87,8.53,8.8,22.4016
2021-11-01,2021,11,2601,Recife - PE,N7,7786,Comunicação,9,0.73,1.39,1.61,4.4497
2021-04-01,2021,4,4101,Curitiba - PR,N7,7558,Vestuário,4,0.12,-0.02,2.95,4.7072
2020-12-01,2020,12,2601,Recife - PE,N7,7786,Comunicação,9,0.22,4.56,4.56,4.8477
2024-02-01,2024,2,2301,Fortaleza - CE,N7,7558,Vestuário,4,-0.7,-1.31,3.15,4.8958
2021-06-01,2021,6,2901,Salvador - BA,N7,7445,Habitação,2,1.36,4.4,11.08,14.2228
2024-09-01,2024,9,1501,Belém - PA,N7,7170,Alimentação e bebidas,1,-0.33,2.38,3.32,26.6354
2024-05-01,2024,5,4301,Porto Alegre - RS,N7,7786,Comunicação,9,-0.41,2.04,1.52,5.5129
2023-02-01,2023,2,2601,Recife - PE,N7,7786,Comunicação,9,0.71,2.0,-0.88,4.1569
2023-03-01,2023,3,3301,Rio de Janeiro - RJ,N7,7712,Despesas pessoais,7,0.42,1.92,8.18,9.3118
2023-07-01,2023,7,2301,Fortaleza - CE,N7,7445,Habitação,2,-1.01,0.54,0.17,16.4696
2024-08-01,2024,8,2301,Fortaleza - CE,N7,7170,Alimentação e bebidas,1,-0.89,3.87,4.81,24.38
2025-05-01,2025,5,1501,Belém - PA,N7,7169,Índice geral,0,0.66,3.23,5.49,100.0
2020-12-01,2020,12,2901,Salvador - BA,N7,7169,Índice geral,0,0.92,4.31,4.31,100.0
2026-04-01,2026,4,4301,Porto Alegre - RS,N7,7486,Artigos de residência,3,0.87,0.92,-0.4,3.9742
2024-02-01,2024,2,3501,São Paulo - SP,N7,7169,Índice geral,0,0.93,1.18,4.52,100.0
2026-02-01,2026,2,4101,Curitiba - PR,N7,7558,Vestuário,4,-0.84,0.21,4.68,5.0681
2024-11-01,2024,11,2901,Salvador - BA,N7,7169,Índice geral,0,0.28,3.75,4.62,100.0
2022-08-01,2022,8,3101,Belo Horizonte - MG,N7,7169,Índice geral,0,-1.25,3.14,7.58,100.0
2021-04-01,2021,4,4301,Porto Alegre - RS,N7,7625,Transportes,5,-0.81,6.3,11.26,21.125
2023-11-01,2023,11,4101,Curitiba - PR,N7,7170,Alimentação e bebidas,1,0.88,0.05,0.53,20.7054
2023-05-01,2023,5,1501,Belém - PA,N7,7486,Artigos de residência,3,0.28,1.05,1.04,3.7531
2022-12-01,2022,12,4301,Porto Alegre - RS,N7,7486,Artigos de residência,3,0.09,8.91,8.91,4.5571
2021-06-01,2021,6,2901,Salvador - BA,N7,7786,Comunicação,9,-0.09,-0.56,2.73,4.7219
2024-02-01,2024,2,3501,São Paulo - SP,N7,7660,Saúde e cuidados pessoais,6,0.71,1.61,7.36,13.0624
2025-01-01,2025,1,3301,Rio de Janeiro - RJ,N7,7625,Transportes,5,1.58,1.58,3.9,19.7028
2020-08-01,2020,8,2901,Salvador - BA,N7,7766,Educação,8,-2.49,2.1,,6.2394
2025-05-01,2025,5,3201,Grande Vitória - ES,N7,7786,Comunicação,9,0.57,1.78,2.97,5.1523
2025-08-01,2025,8,1501,Belém - PA,N7,7660,Saúde e cuidados pessoais,6,1.01,6.27,6.76,13.0152
2021-03-01,2021,3,3201,Grande Vitória - ES,N7,7169,Índice geral,0,1.1,2.55,7.03,100.0
2024-10-01,2024,10,2601,Recife - PE,N7,7169,Índice geral,0,0.5,3.57,3.48,100.0
2026-01-01,2026,1,2901,Salvador - BA,N7,7766,Educação,8,-0.04,-0.04,5.86,6.1324
2024-02-01,2024,2,4101,Curitiba - PR,N7,7786,Comunicação,9,1.31,1.14,2.06,4.197
2022-11-01,2022,11,3201,Grande Vitória - ES,N7,7170,Alimentação e bebidas,1,0.7,11.29,11.67,18.2121
2022-03-01,2022,3,3301,Rio de Janeiro - RJ,N7,7786,Comunicação,9,0.48,1.63,3.44,6.7406
2023-04-01,2023,4,2901,Salvador - BA,N7,7445,Habitação,2,0.54,4.99,5.93,14.2683
2024-07-01,2024,7,4101,Curitiba - PR,N7,7625,Transportes,5,1.23,2.01,3.36,25.7267
2022-06-01,2022,6,2301,Fortaleza - CE,N7,7486,Artigos de residência,3,0.34,6.18,12.87,4.0641
2021-07-01,2021,7,3201,Grande Vitória - ES,N7,7766,Educação,8,0.04,7.92,2.41,5.4722
2024-01-01,2024,1,2901,Salvador - BA,N7,7625,Transportes,5,-0.66,-0.66,3.66,18.7069
2021-04-01,2021,4,3101,Belo Horizonte - MG,N7,7170,Alimentação e bebidas,1,0.28,0.61,12.93,21.2693
2025-10-01,2025,10,3301,Rio de Janeiro - RJ,N7,7660,Saúde e cuidados pessoais,6,0.52,5.05,5.48,13.7494
2023-10-01,2023,10,3501,São Paulo - SP,N7,7786,Comunicação,9,-0.1,3.62,4.62,4.907
2022-03-01,2022,3,4301,Porto Alegre - RS,N7,7169,Índice geral,0,1.61,1.5,10.38,100.0
2020-11-01,2020,11,3501,São Paulo - SP,N7,7625,Transportes,5,1.88,0.01,,19.206
2023-01-01,2023,1,2601,Recife - PE,N7,7786,Comunicação,9,1.28,1.28,-1.35,4.1057
2022-03-01,2022,3,2601,Recife - PE,N7,7445,Habitação,2,0.21,0.77,15.04,14.6164
2025-07-01,2025,7,2301,Fortaleza - CE,N7,7712,Despesas pessoais,7,1.42,4.51,6.75,7.5439
2024-01-01,2024,1,3201,Grande Vitória - ES,N7,7712,Despesas pessoais,7,0.71,0.71,5.65,8.6593
2020-06-01,2020,6,3501,São Paulo - SP,N7,7660,Saúde e cuidados pessoais,6,0.66,0.99,,13.26
2021-07-01,2021,7,3201,Grande Vitória - ES,N7,7486,Artigos de residência,3,0.54,6.91,12.22,3.9822
2021-03-01,2021,3,1501,Belém - PA,N7,7486,Artigos de residência,3,1.42,3.95,4.99,3.8058
2022-02-01,2022,2,4101,Curitiba - PR,N7,7558,Vestuário,4,1.54,0.4,10.87,4.6667
2026-01-01,2026,1,2601,Recife - PE,N7,7766,Educação,8,0.0,0.0,5.5,6.1315
2022-11-01,2022,11,2601,Recife - PE,N7,7486,Artigos de residência,3,-0.46,7.08,9.86,4.3308
2024-04-01,2024,4,2301,Fortaleza - CE,N7,7712,Despesas pessoais,7,-0.32,0.78,4.84,7.509
2021-09-01,2021,9,1501,Belém - PA,N7,7558,Vestuário,4,1.01,3.38,4.57,5.8559
2026-03-01,2026,3,2901,Salvador - BA,N7,7170,Alimentação e bebidas,1,2.26,2.44,2.07,22.4377
2022-07-01,2022,7,3101,Belo Horizonte - MG,N7,7660,Saúde e cuidados pessoais,6,0.38,7.3,7.8,13.5308
2022-09-01,2022,9,4101,Curitiba - PR,N7,7786,Comunicação,9,-1.75,-1.38,-0.13,4.3748
2023-04-01,2023,4,3201,Grande Vitória - ES,N7,7625,Transportes,5,0.22,4.3,-0.72,24.0094
2021-02-01,2021,2,3201,Grande Vitória - ES,N7,7712,Despesas pessoais,7,0.22,0.97,1.77,8.9704
2021-07-01,2021,7,2901,Salvador - BA,N7,7786,Comunicação,9,-0.27,-0.83,2.35,4.6773
2020-01-01,2020,1,4301,Porto Alegre - RS,N7,7486,Artigos de residência,3,0.75,0.75,,4.1485
2022-03-01,2022,3,2301,Fortaleza - CE,N7,7445,Habitação,2,1.33,2.38,14.9,17.0755
2025-08-01,2025,8,4101,Curitiba - PR,N7,7170,Alimentação e bebidas,1,-0.52,4.0,8.21,21.8295
2023-08-01,2023,8,3501,São Paulo - SP,N7,7169,Índice geral,0,0.22,3.33,4.74,100.0
2025-01-01,2025,1,1501,Belém - PA,N7,7170,Alimentação e bebidas,1,1.64,1.64,6.81,27.4182
2021-01-01,2021,1,2301,Fortaleza - CE,N7,7712,Despesas pessoais,7,0.76,0.76,2.55,8.1042
2025-04-01,2025,4,2601,Recife - PE,N7,7660,Saúde e cuidados pessoais,6,0.66,2.03,5.45,15.1096
2020-09-01,2020,9,2901,Salvador - BA,N7,7712,Despesas pessoais,7,0.08,0.5,,10.7743
2024-11-01,2024,11,2601,Recife - PE,N7,7445,Habitação,2,-2.03,3.56,3.84,14.0499
2022-08-01,2022,8,3301,Rio de Janeiro - RJ,N7,7445,Habitação,2,0.46,3.24,7.59,18.3183
2022-04-01,2022,4,3101,Belo Horizonte - MG,N7,7558,Vestuário,4,1.64,6.42,14.31,4.6519
2020-01-01,2020,1,3201,Grande Vitória - ES,N7,7625,Transportes,5,0.55,0.55,,23.4262
2021-12-01,2021,12,2301,Fortaleza - CE,N7,7660,Saúde e cuidados pessoais,6,0.44,3.85,3.85,12.5084
2020-07-01,2020,7,2301,Fortaleza - CE,N7,7766,Educação,8,-0.22,5.43,,6.8351
2023-08-01,2023,8,3201,Grande Vitória - ES,N7,7486,Artigos de residência,3,0.44,1.33,-1.0,3.7809
2024-03-01,2024,3,3501,São Paulo - SP,N7,7486,Artigos de residência,3,0.04,0.42,1.14,3.5953
2020-08-01,2020,8,2601,Recife - PE,N7,7486,Artigos de residência,3,0.25,2.79,,4.1376
2021-12-01,2021,12,2301,Fortaleza - CE,N7,7625,Transportes,5,0.22,20.11,20.11,19.9525
2021-09-01,2021,9,3501,São Paulo - SP,N7,7660,Saúde e cuidados pessoais,6,0.25,2.29,2.91,12.4936
2021-10-01,2021,10,4101,Curitiba - PR,N7,7625,Transportes,5,2.46,19.99,22.96,25.7976
2022-12-01,2022,12,4101,Curitiba - PR,N7,7766,Educação,8,0.19,6.01,6.01,5.2485
2021-08-01,2021,8,4301,Porto Alegre - RS,N7,7625,Transportes,5,0.62,12.65,17.74,21.3672
2020-11-01,2020,11,3201,Grande Vitória - ES,N7,7445,Habitação,2,0.9,3.72,,15.5965
2021-01-01,2021,1,4101,Curitiba - PR,N7,7712,Despesas pessoais,7,0.43,0.43,0.83,9.6881
2024-02-01,2024,2,4301,Porto Alegre - RS,N7,7558,Vestuário,4,-0.3,-0.58,3.07,5.0684
2020-10-01,2020,10,4301,Porto Alegre - RS,N7,7558,Vestuário,4,0.71,-1.82,,4.768
2021-06-01,2021,6,1501,Belém - PA,N7,7625,Transportes,5,-0.1,7.4,13.15,18.5541
2024-08-01,2024,8,3301,Rio de Janeiro - RJ,N7,7486,Artigos de residência,3,0.82,-1.0,0.94,2.937
2025-11-01,2025,11,4301,Porto Alegre - RS,N7,7786,Comunicação,9,0.05,0.8,1.45,5.2693
2021-12-01,2021,12,2901,Salvador - BA,N7,7766,Educação,8,0.25,5.17,5.17,5.5126
2021-12-01,2021,12,3301,Rio de Janeiro - RJ,N7,7660,Saúde e cuidados pessoais,6,0.39,3.07,3.07,12.4818
2022-11-01,2022,11,4301,Porto Alegre - RS,N7,7170,Alimentação e bebidas,1,0.57,13.13,13.61,22.3386
2020-02-01,2020,2,2901,Salvador - BA,N7,7169,Índice geral,0,0.16,0.5,,100.0
2024-01-01,2024,1,1501,Belém - PA,N7,7660,Saúde e cuidados pessoais,6,0.67,0.67,7.3,12.8637
2024-03-01,2024,3,3201,Grande Vitória - ES,N7,7625,Transportes,5,-0.59,-1.15,1.8,23.7717
2026-06-01,2026,6,4301,Porto Alegre - RS,N7,7625,Transportes,5,0.12,1.56,4.48,20.5243
2024-03-01,2024,3,2601,Recife - PE,N7,7712,Despesas pessoais,7,-0.06,0.56,4.52,8.4431
2020-02-01,2020,2,1501,Belém - PA,N7,7766,Educação,8,4.92,4.93,,3.5978
2024-05-01,2024,5,3501,São Paulo - SP,N7,7766,Educação,8,0.05,5.97,7.3,6.9681
2023-08-01,2023,8,3501,São Paulo - SP,N7,7786,Comunicação,9,-0.23,3.76,2.24,4.9501
2023-12-01,2023,12,1501,Belém - PA,N7,7170,Alimentação e bebidas,1,0.63,-0.14,-0.14,26.6248
2023-06-01,2023,6,2601,Recife - PE,N7,7169,Índice geral,0,0.28,2.52,2.47,100.0
2025-01-01,2025,1,4101,Curitiba - PR,N7,7445,Habitação,2,-3.6,-3.6,-0.45,14.213
2022-10-01,2022,10,4301,Porto Alegre - RS,N7,7786,Comunicação,9,-0.53,-1.27,-0.73,5.6377
2025-12-01,2025,12,3501,São Paulo - SP,N7,7170,Alimentação e bebidas,1,-0.02,3.53,3.53,20.6158
2026-01-01,2026,1,2301,Fortaleza - CE,N7,7170,Alimentação e bebidas,1,0.21,0.21,1.98,24.2459
2022-05-01,2022,5,4101,Curitiba - PR,N7,7786,Comunicação,9,0.9,1.82,3.79,4.3609
2025-10-01,2025,10,2901,Salvador - BA,N7,7660,Saúde e cuidados pessoais,6,0.27,5.0,5.38,15.5637
2020-11-01,2020,11,3101,Belo Horizonte - MG,N7,7486,Artigos de residência,3,1.15,7.57,,4.0577
2022-12-01,2022,12,1501,Belém - PA,N7,7625,Transportes,5,0.67,-3.25,-3.25,17.8776
2025-12-01,2025,12,2901,Salvador - BA,N7,7170,Alimentação e bebidas,1,1.23,3.58,3.58,22.46
2025-10-01,2025,10,2301,Fortaleza - CE,N7,7660,Saúde e cuidados pessoais,6,0.51,6.36,6.44,13.8276
2021-06-01,2021,6,1501,Belém - PA,N7,7169,Índice geral,0,0.24,3.63,8.71,100.0
2020-01-01,2020,1,4101,Curitiba - PR,N7,7712,Despesas pessoais,7,-0.14,-0.14,,10.0435
2024-01-01,2024,1,2901,Salvador - BA,N7,7786,Comunicação,9,-0.39,-0.39,0.85,4.0139
2020-01-01,2020,1,3201,Grande Vitória - ES,N7,7169,Índice geral,0,0.29,0.29,,100.0
2022-09-01,2022,9,2301,Fortaleza - CE,N7,7625,Transportes,5,-3.25,-2.96,4.14,19.0221
2024-02-01,2024,2,3101,Belo Horizonte - MG,N7,7766,Educação,8,5.36,5.91,7.11,5.3239
2021-02-01,2021,2,2601,Recife - PE,N7,7170,Alimentação e bebidas,1,-0.21,1.33,13.91,23.6045
2022-07-01,2022,7,2601,Recife - PE,N7,7558,Vestuário,4,0.57,8.52,17.53,5.6886
2025-04-01,2025,4,2301,Fortaleza - CE,N7,7558,Vestuário,4,0.7,-0.3,1.87,4.6892
2020-02-01,2020,2,1501,Belém - PA,N7,7660,Saúde e cuidados pessoais,6,1.24,-0.16,,13.0766
2022-02-01,2022,2,3201,Grande Vitória - ES,N7,7766,Educação,8,4.49,4.61,5.99,5.1272
2022-03-01,2022,3,3301,Rio de Janeiro - RJ,N7,7169,Índice geral,0,1.67,3.64,11.03,100.0
2023-12-01,2023,12,3301,Rio de Janeiro - RJ,N7,7169,Índice geral,0,0.65,4.29,4.29,100.0
2020-12-01,2020,12,2301,Fortaleza - CE,N7,7486,Artigos de residência,3,0.9,4.37,4.37,4.0626
2024-03-01,2024,3,2301,Fortaleza - CE,N7,7712,Despesas pessoais,7,0.25,1.11,5.19,7.5107
2020-05-01,2020,5,2901,Salvador - BA,N7,7170,Alimentação e bebidas,1,1.18,5.92,,21.4426
2022-07-01,2022,7,3201,Grande Vitória - ES,N7,7170,Alimentação e bebidas,1,1.61,8.91,15.49,17.6463
2023-07-01,2023,7,4301,Porto Alegre - RS,N7,7445,Habitação,2,-0.56,2.85,5.16,14.2769
2021-06-01,2021,6,2301,Fortaleza - CE,N7,7169,Índice geral,0,0.59,5.11,10.07,100.0
2025-10-01,2025,10,3201,Grande Vitória - ES,N7,7486,Artigos de residência,3,-0.11,0.92,1.02,3.5776
2024-09-01,2024,9,4301,Porto Alegre - RS,N7,7625,Transportes,5,0.19,2.55,3.68,21.3221
2025-07-01,2025,7,3101,Belo Horizonte - MG,N7,7558,Vestuário,4,-0.52,2.57,5.6,5.0736
2024-04-01,2024,4,4301,Porto Alegre - RS,N7,7766,Educação,8,0.13,4.52,7.66,5.1611
2021-04-01,2021,4,2601,Recife - PE,N7,7170,Alimentação e bebidas,1,0.46,2.09,10.41,23.295
2021-09-01,2021,9,4101,Curitiba - PR,N7,7558,Vestuário,4,0.28,5.56,7.36,4.7309
2020-08-01,2020,8,3101,Belo Horizonte - MG,N7,7712,Despesas pessoais,7,-0.08,-0.49,,11.1245
2022-03-01,2022,3,3301,Rio de Janeiro - RJ,N7,7558,Vestuário,4,2.9,4.02,15.25,3.4293
2020-04-01,2020,4,4101,Curitiba - PR,N7,7786,Comunicação,9,0.24,0.26,,5.1398
2021-07-01,2021,7,2301,Fortaleza - CE,N7,7445,Habitação,2,1.92,8.62,12.86,16.9438
2021-07-01,2021,7,2901,Salvador - BA,N7,7170,Alimentação e bebidas,1,0.62,4.86,10.64,22.5273
2021-01-01,2021,1,2301,Fortaleza - CE,N7,7786,Comunicação,9,-0.03,-0.03,3.34,4.6767
2026-04-01,2026,4,2901,Salvador - BA,N7,7786,Comunicação,9,0.48,2.45,2.53,3.8318
2024-05-01,2024,5,4301,Porto Alegre - RS,N7,7766,Educação,8,0.12,4.65,7.86,5.1345
2023-09-01,2023,9,1501,Belém - PA,N7,7786,Comunicação,9,0.25,3.97,3.16,4.2886
2020-02-01,2020,2,3201,Grande Vitória - ES,N7,7660,Saúde e cuidados pessoais,6,1.11,1.12,,16.1357
2021-12-01,2021,12,3201,Grande Vitória - ES,N7,7558,Vestuário,4,1.94,10.61,10.61,3.709
2021-12-01,2021,12,1501,Belém - PA,N7,7625,Transportes,5,1.2,17.73,17.73,19.3827
2021-03-01,2021,3,4301,Porto Alegre - RS,N7,7486,Artigos de residência,3,0.71,2.48,11.2,4.3063
2023-07-01,2023,7,2301,Fortaleza - CE,N7,7766,Educação,8,0.2,6.43,8.11,6.4013
2024-03-01,2024,3,2901,Salvador - BA,N7,7486,Artigos de residência,3,-0.15,-0.49,-1.72,3.9424
2022-08-01,2022,8,2301,Fortaleza - CE,N7,7786,Comunicação,9,-2.1,0.94,1.38,4.1322
2026-04-01,2026,4,4301,Porto Alegre - RS,N7,7766,Educação,8,0.16,5.1,6.02,5.2981
2021-08-01,2021,8,3301,Rio de Janeiro - RJ,N7,7625,Transportes,5,0.42,7.85,11.94,19.9462
2020-11-01,2020,11,1501,Belém - PA,N7,7712,Despesas pessoais,7,-0.26,0.38,,7.9792
2022-03-01,2022,3,2901,Salvador - BA,N7,7625,Transportes,5,3.48,4.39,19.79,19.7842
2024-05-01,2024,5,2301,Fortaleza - CE,N7,7486,Artigos de residência,3,0.6,2.46,0.17,3.9499
2023-06-01,2023,6,3201,Grande Vitória - ES,N7,7766,Educação,8,0.02,7.09,7.83,5.3814
2020-12-01,2020,12,1501,Belém - PA,N7,7712,Despesas pessoais,7,1.5,1.88,1.88,7.9198
2026-06-01,2026,6,2901,Salvador - BA,N7,7766,Educação,8,0.03,5.68,6.68,6.2555
2024-07-01,2024,7,2301,Fortaleza - CE,N7,7169,Índice geral,0,0.47,3.0,5.02,100.0
2020-02-01,2020,2,1501,Belém - PA,N7,7445,Habitação,2,-0.63,-0.16,,15.947
2023-07-01,2023,7,4101,Curitiba - PR,N7,7445,Habitação,2,0.23,6.91,5.68,14.2817
2025-04-01,2025,4,3201,Grande Vitória - ES,N7,7786,Comunicação,9,0.33,1.2,3.07,5.1523
2020-03-01,2020,3,1501,Belém - PA,N7,7558,Vestuário,4,0.05,-0.76,,6.2815
2021-01-01,2021,1,1501,Belém - PA,N7,7786,Comunicação,9,0.44,0.44,2.23,4.9567
2021-08-01,2021,8,3201,Grande Vitória - ES,N7,7712,Despesas pessoais,7,0.17,2.24,3.21,8.6746
2021-12-01,2021,12,1501,Belém - PA,N7,7660,Saúde e cuidados pessoais,6,1.86,1.11,1.11,11.8213
2026-06-01,2026,6,2601,Recife - PE,N7,7786,Comunicação,9,0.46,2.46,1.95,3.7463
2021-11-01,2021,11,3101,Belo Horizonte - MG,N7,7558,Vestuário,4,-0.41,7.32,9.15,4.613
2022-07-01,2022,7,2301,Fortaleza - CE,N7,7558,Vestuário,4,1.68,7.44,13.78,4.4876
2025-05-01,2025,5,2301,Fortaleza - CE,N7,7786,Comunicação,9,0.2,0.11,0.98,3.6511
2021-08-01,2021,8,4301,Porto Alegre - RS,N7,7486,Artigos de residência,3,1.26,6.98,13.67,4.2878
2020-08-01,2020,8,1501,Belém - PA,N7,7558,Vestuário,4,-0.47,-1.79,,6.2584
2021-07-01,2021,7,2301,Fortaleza - CE,N7,7170,Alimentação e bebidas,1,1.04,5.26,15.45,23.9832
2023-07-01,2023,7,2901,Salvador - BA,N7,7169,Índice geral,0,0.25,3.26,4.05,100.0
2021-08-01,2021,8,2301,Fortaleza - CE,N7,7170,Alimentação e bebidas,1,0.51,5.8,15.82,24.0121
2025-03-01,2025,3,1501,Belém - PA,N7,7660,Saúde e cuidados pessoais,6,0.16,2.83,4.75,12.9004
2025-04-01,2025,4,1501,Belém - PA,N7,7558,Vestuário,4,0.27,0.62,4.44,6.265
2025-09-01,2025,9,3501,São Paulo - SP,N7,7445,Habitação,2,2.55,7.73,6.93,16.2479
2021-11-01,2021,11,1501,Belém - PA,N7,7712,Despesas pessoais,7,-0.08,2.05,3.58,7.5503
2022-05-01,2022,5,2301,Fortaleza - CE,N7,7660,Saúde e cuidados pessoais,6,0.92,4.98,4.85,12.4719
2020-04-01,2020,4,3101,Belo Horizonte - MG,N7,7660,Saúde e cuidados pessoais,6,-0.36,0.3,,14.4574
2021-05-01,2021,5,4301,Porto Alegre - RS,N7,7766,Educação,8,0.17,-0.76,-2.26,4.9573
2021-11-01,2021,11,3201,Grande Vitória - ES,N7,7170,Alimentação e bebidas,1,0.26,7.72,8.69,17.3763
2020-05-01,2020,5,2601,Recife - PE,N7,7786,Comunicação,9,0.11,0.27,,4.8021
2021-09-01,2021,9,2901,Salvador - BA,N7,7766,Educação,8,0.09,4.87,2.38,5.7144
2021-05-01,2021,5,4101,Curitiba - PR,N7,7712,Despesas pessoais,7,0.15,0.32,1.12,9.4064
2023-06-01,2023,6,3501,São Paulo - SP,N7,7712,Despesas pessoais,7,0.54,2.77,8.04,10.9567
2020-06-01,2020,6,1501,Belém - PA,N7,7625,Transportes,5,-2.03,-5.0,,18.1016
2026-04-01,2026,4,3101,Belo Horizonte - MG,N7,7712,Despesas pessoais,7,0.8,2.08,5.27,10.7951
2020-11-01,2020,11,3301,Rio de Janeiro - RJ,N7,7558,Vestuário,4,-0.2,-2.64,,3.471
2021-12-01,2021,12,3301,Rio de Janeiro - RJ,N7,7625,Transportes,5,1.2,16.74,16.74,20.6036
2022-08-01,2022,8,2601,Recife - PE,N7,7660,Saúde e cuidados pessoais,6,1.39,7.85,8.84,13.7977
2026-05-01,2026,5,2601,Recife - PE,N7,7558,Vestuário,4,1.56,3.1,8.39,5.8629
2025-05-01,2025,5,4101,Curitiba - PR,N7,7170,Alimentação e bebidas,1,0.18,4.43,8.45,21.9345
2022-06-01,2022,6,2901,Salvador - BA,N7,7625,Transportes,5,3.97,10.44,23.81,20.1203
2025-11-01,2025,11,3501,São Paulo - SP,N7,7170,Alimentação e bebidas,1,0.16,3.56,4.97,20.6412
2024-08-01,2024,8,2901,Salvador - BA,N7,7558,Vestuário,4,0.23,-0.09,1.16,5.245
2023-01-01,2023,1,2301,Fortaleza - CE,N7,7766,Educação,8,0.37,0.37,7.92,6.1886
2021-07-01,2021,7,3101,Belo Horizonte - MG,N7,7625,Transportes,5,1.01,11.39,17.56,20.3274
2025-07-01,2025,7,2601,Recife - PE,N7,7445,Habitação,2,0.84,5.22,5.76,13.7109
2023-05-01,2023,5,2601,Recife - PE,N7,7486,Artigos de residência,3,-0.22,-0.08,1.14,4.2204
2021-08-01,2021,8,4301,Porto Alegre - RS,N7,7170,Alimentação e bebidas,1,1.18,5.9,15.49,21.0557
2022-03-01,2022,3,3201,Grande Vitória - ES,N7,7712,Despesas pessoais,7,0.12,1.85,5.67,8.4335
2021-12-01,2021,12,2601,Recife - PE,N7,7712,Despesas pessoais,7,1.0,5.8,5.8,8.4554
2023-07-01,2023,7,4101,Curitiba - PR,N7,7660,Saúde e cuidados pessoais,6,0.44,5.65,10.65,10.5854
2024-12-01,2024,12,3201,Grande Vitória - ES,N7,7170,Alimentação e bebidas,1,1.63,7.09,7.09,17.7401
2021-01-01,2021,1,2601,Recife - PE,N7,7712,Despesas pessoais,7,0.57,0.57,0.48,8.8202
2020-11-01,2020,11,3501,São Paulo - SP,N7,7660,Saúde e cuidados pessoais,6,-0.01,1.63,,13.1441
2024-09-01,2024,9,1501,Belém - PA,N7,7660,Saúde e cuidados pessoais,6,0.78,4.39,4.4,12.9897
2025-10-01,2025,10,2301,Fortaleza - CE,N7,7786,Comunicação,9,-0.13,-0.2,0.51,3.6023
2022-05-01,2022,5,2601,Recife - PE,N7,7170,Alimentação e bebidas,1,0.02,5.5,12.64,23.4143
2024-03-01,2024,3,2901,Salvador - BA,N7,7625,Transportes,5,-0.6,-0.16,2.95,18.5871
2024-06-01,2024,6,2601,Recife - PE,N7,7445,Habitação,2,0.06,0.44,0.6,13.4537
2024-12-01,2024,12,2601,Recife - PE,N7,7486,Artigos de residência,3,0.84,-1.29,-1.29,3.8661
2022-08-01,2022,8,4301,Porto Alegre - RS,N7,7558,Vestuário,4,1.3,9.99,15.52,4.8568
2022-04-01,2022,4,3201,Grande Vitória - ES,N7,7660,Saúde e cuidados pessoais,6,1.5,2.5,4.0,14.4796
2023-11-01,2023,11,3301,Rio de Janeiro - RJ,N7,7169,Índice geral,0,0.57,3.62,3.97,100.0
2022-07-01,2022,7,2301,Fortaleza - CE,N7,7625,Transportes,5,-3.21,5.71,16.7,20.4269
2025-04-01,2025,4,3301,Rio de Janeiro - RJ,N7,7786,Comunicação,9,0.62,0.54,2.2,5.8878
2023-10-01,2023,10,4101,Curitiba - PR,N7,7558,Vestuário,4,0.2,2.06,2.76,4.9047
2022-12-01,2022,12,2301,Fortaleza - CE,N7,7712,Despesas pessoais,7,0.23,4.62,4.62,7.5755
2023-05-01,2023,5,3501,São Paulo - SP,N7,7486,Artigos de residência,3,-0.13,1.09,2.74,3.6863
2021-09-01,2021,9,3501,São Paulo - SP,N7,7445,Habitação,2,2.35,10.37,13.65,17.0312
2026-03-01,2026,3,3301,Rio de Janeiro - RJ,N7,7712,Despesas pessoais,7,0.34,2.08,5.38,9.6444
2025-02-01,2025,2,3501,São Paulo - SP,N7,7169,Índice geral,0,1.18,1.33,5.17,100.0
2024-01-01,2024,1,3101,Belo Horizonte - MG,N7,7486,Artigos de residência,3,0.76,0.76,-1.71,3.9916
2024-02-01,2024,2,2601,Recife - PE,N7,7786,Comunicação,9,1.06,1.53,1.73,4.0603
2020-06-01,2020,6,4101,Curitiba - PR,N7,7766,Educação,8,0.07,4.65,,6.1355
2020-05-01,2020,5,4101,Curitiba - PR,N7,7558,Vestuário,4,0.12,0.07,,4.9318
2022-06-01,2022,6,4101,Curitiba - PR,N7,7170,Alimentação e bebidas,1,0.74,8.96,14.8,21.0153
2020-01-01,2020,1,2301,Fortaleza - CE,N7,7169,Índice geral,0,0.28,0.28,,100.0
2022-10-01,2022,10,3201,Grande Vitória - ES,N7,7558,Vestuário,4,1.16,11.26,14.99,3.9831
2025-07-01,2025,7,2901,Salvador - BA,N7,7445,Habitação,2,0.47,3.83,6.14,14.2161
2024-02-01,2024,2,4101,Curitiba - PR,N7,7766,Educação,8,4.42,4.73,5.97,5.3323
2020-09-01,2020,9,2301,Fortaleza - CE,N7,7625,Transportes,5,1.39,-1.19,,18.4382
2024-05-01,2024,5,2901,Salvador - BA,N7,7712,Despesas pessoais,7,0.0,1.46,4.96,9.9729
2021-05-01,2021,5,2601,Recife - PE,N7,7558,Vestuário,4,-0.26,0.42,1.43,5.5654
2020-09-01,2020,9,2601,Recife - PE,N7,7712,Despesas pessoais,7,0.43,0.17,,9.0738
2022-09-01,2022,9,3301,Rio de Janeiro - RJ,N7,7712,Despesas pessoais,7,1.18,7.18,8.96,9.1387
2022-05-01,2022,5,4301,Porto Alegre - RS,N7,7558,Vestuário,4,2.15,6.26,14.28,4.6795
2023-06-01,2023,6,1501,Belém - PA,N7,7169,Índice geral,0,-0.09,2.6,3.13,100.0
2020-12-01,2020,12,1501,Belém - PA,N7,7558,Vestuário,4,-0.48,-1.02,-1.02,6.1485
2021-04-01,2021,4,2601,Recife - PE,N7,7786,Comunicação,9,0.08,0.08,4.48,4.6925
2023-05-01,2023,5,2901,Salvador - BA,N7,7558,Vestuário,4,0.95,0.28,10.87,5.3044
2025-01-01,2025,1,4101,Curitiba - PR,N7,7660,Saúde e cuidados pessoais,6,0.75,0.75,6.04,10.7175
2024-06-01,2024,6,1501,Belém - PA,N7,7712,Despesas pessoais,7,0.58,2.49,4.3,7.577
2023-11-01,2023,11,4301,Porto Alegre - RS,N7,7766,Educação,8,0.09,8.59,8.67,4.9887
2023-02-01,2023,2,3201,Grande Vitória - ES,N7,7169,Índice geral,0,0.92,1.85,5.45,100.0
2021-01-01,2021,1,4301,Porto Alegre - RS,N7,7558,Vestuário,4,-0.67,-0.67,-1.34,4.6463
2022-06-01,2022,6,3301,Rio de Janeiro - RJ,N7,7660,Saúde e cuidados pessoais,6,1.18,5.9,5.51,12.3248
2020-07-01,2020,7,3101,Belo Horizonte - MG,N7,7170,Alimentação e bebidas,1,-0.05,3.18,,20.2045
2022-05-01,2022,5,2901,Salvador - BA,N7,7712,Despesas pessoais,7,0.86,2.44,5.37,9.6721
2026-03-01,2026,3,3101,Belo Horizonte - MG,N7,7766,Educação,8,-0.11,3.98,5.26,5.6529
2021-05-01,2021,5,4101,Curitiba - PR,N7,7170,Alimentação e bebidas,1,0.64,3.0,14.46,21.0382
2022-09-01,2022,9,4301,Porto Alegre - RS,N7,7786,Comunicação,9,-1.96,-0.74,0.52,5.7238
2024-09-01,2024,9,3301,Rio de Janeiro - RJ,N7,7766,Educação,8,0.02,6.34,6.49,5.5111
2021-10-01,2021,10,1501,Belém - PA,N7,7712,Despesas pessoais,7,0.37,2.14,3.39,7.5706
2026-01-01,2026,1,3501,São Paulo - SP,N7,7169,Índice geral,0,0.28,0.28,4.92,100.0
2020-04-01,2020,4,3501,São Paulo - SP,N7,7445,Habitação,2,-0.82,-0.09,,16.506
2020-02-01,2020,2,3301,Rio de Janeiro - RJ,N7,7170,Alimentação e bebidas,1,-0.23,-0.88,,18.8842
2024-06-01,2024,6,4301,Porto Alegre - RS,N7,7558,Vestuário,4,-0.44,1.03,1.92,5.0612
2022-04-01,2022,4,2301,Fortaleza - CE,N7,7766,Educação,8,0.02,6.14,5.66,6.2507
2024-12-01,2024,12,3101,Belo Horizonte - MG,N7,7170,Alimentação e bebidas,1,0.81,8.09,8.09,22.2855
2020-03-01,2020,3,3501,São Paulo - SP,N7,7445,Habitação,2,0.13,0.74,,16.5005
2021-10-01,2021,10,1501,Belém - PA,N7,7445,Habitação,2,-0.44,13.56,16.24,16.8377
2022-06-01,2022,6,2301,Fortaleza - CE,N7,7766,Educação,8,-0.11,6.04,5.5,6.1065
2024-03-01,2024,3,2901,Salvador - BA,N7,7712,Despesas pessoais,7,0.17,1.26,5.56,10.0161
2020-03-01,2020,3,4101,Curitiba - PR,N7,7445,Habitação,2,-0.27,-0.03,,15.0485
2022-01-01,2022,1,3101,Belo Horizonte - MG,N7,7786,Comunicação,9,0.99,0.99,2.34,5.4847
2025-06-01,2025,6,2301,Fortaleza - CE,N7,7169,Índice geral,0,0.37,3.05,5.46,100.0
2024-01-01,2024,1,2601,Recife - PE,N7,7786,Comunicação,9,0.47,0.47,1.38,4.0668
2022-03-01,2022,3,1501,Belém - PA,N7,7712,Despesas pessoais,7,0.47,1.58,4.58,7.4989
2021-10-01,2021,10,1501,Belém - PA,N7,7170,Alimentação e bebidas,1,0.38,4.23,9.35,26.9436
2021-09-01,2021,9,3101,Belo Horizonte - MG,N7,7445,Habitação,2,2.03,6.44,10.98,14.2858
2021-02-01,2021,2,4301,Porto Alegre - RS,N7,7786,Comunicação,9,-0.19,0.02,3.09,6.2511
2020-11-01,2020,11,2601,Recife - PE,N7,7712,Despesas pessoais,7,-0.14,0.12,,8.9769
2024-10-01,2024,10,3301,Rio de Janeiro - RJ,N7,7486,Artigos de residência,3,-0.12,-1.17,-0.61,2.9463
2020-08-01,2020,8,4101,Curitiba - PR,N7,7625,Transportes,5,0.58,-3.7,,23.796
2021-06-01,2021,6,2301,Fortaleza - CE,N7,7660,Saúde e cuidados pessoais,6,0.5,4.5,5.42,13.2457
2025-04-01,2025,4,2901,Salvador - BA,N7,7445,Habitação,2,-0.22,1.54,5.05,14.1123
2024-01-01,2024,1,3501,São Paulo - SP,N7,7169,Índice geral,0,0.25,0.25,4.51,100.0
2023-07-01,2023,7,1501,Belém - PA,N7,7169,Índice geral,0,0.26,2.87,4.76,100.0
2023-10-01,2023,10,1501,Belém - PA,N7,7660,Saúde e cuidados pessoais,6,0.25,5.64,7.56,12.967
2026-03-01,2026,3,2901,Salvador - BA,N7,7486,Artigos de residência,3,0.51,0.55,-3.33,3.5211
2025-06-01,2025,6,2901,Salvador - BA,N7,7660,Saúde e cuidados pessoais,6,0.03,3.32,4.61,15.4137
2026-02-01,2026,2,2301,Fortaleza - CE,N7,7169,Índice geral,0,0.98,1.45,4.38,100.0
2021-10-01,2021,10,2301,Fortaleza - CE,N7,7766,Educação,8,-0.01,7.73,11.78,6.2366
2022-04-01,2022,4,3101,Belo Horizonte - MG,N7,7169,Índice geral,0,1.06,4.44,11.51,100.0
2022-07-01,2022,7,2901,Salvador - BA,N7,7558,Vestuário,4,1.14,13.8,29.1,5.0353
2022-02-01,2022,2,3201,Grande Vitória - ES,N7,7660,Saúde e cuidados pessoais,6,0.28,0.38,3.5,14.6919
2020-02-01,2020,2,2601,Recife - PE,N7,7786,Comunicação,9,-0.49,0.07,,4.8447
2022-08-01,2022,8,4101,Curitiba - PR,N7,7445,Habitação,2,-0.01,-6.06,-0.01,14.0239
2021-05-01,2021,5,2601,Recife - PE,N7,7712,Despesas pessoais,7,0.28,1.0,1.45,8.6753
2024-12-01,2024,12,3101,Belo Horizonte - MG,N7,7712,Despesas pessoais,7,0.6,6.76,6.76,10.6624
2020-04-01,2020,4,2301,Fortaleza - CE,N7,7786,Comunicação,9,-0.49,-0.01,,4.7371
2020-11-01,2020,11,3201,Grande Vitória - ES,N7,7625,Transportes,5,0.86,-1.18,,22.3531
2023-01-01,2023,1,2301,Fortaleza - CE,N7,7712,Despesas pessoais,7,0.74,0.74,4.55,7.5469
2025-05-01,2025,5,3101,Belo Horizonte - MG,N7,7766,Educação,8,0.18,4.74,5.53,5.5038
2021-07-01,2021,7,4301,Porto Alegre - RS,N7,7786,Comunicação,9,0.32,1.16,3.35,6.0557
2023-04-01,2023,4,3301,Rio de Janeiro - RJ,N7,7170,Alimentação e bebidas,1,0.43,0.89,3.67,20.7573
2023-04-01,2023,4,4101,Curitiba - PR,N7,7660,Saúde e cuidados pessoais,6,1.33,4.08,11.59,10.4245
2025-01-01,2025,1,1501,Belém - PA,N7,7786,Comunicação,9,0.25,0.25,4.06,4.154
2023-09-01,2023,9,1501,Belém - PA,N7,7660,Saúde e cuidados pessoais,6,-0.09,5.38,9.3,13.0361
2023-12-01,2023,12,3101,Belo Horizonte - MG,N7,7766,Educação,8,0.25,7.04,7.04,5.384
2021-09-01,2021,9,2901,Salvador - BA,N7,7660,Saúde e cuidados pessoais,6,0.55,3.34,4.42,14.7464
2021-06-01,2021,6,2901,Salvador - BA,N7,7712,Despesas pessoais,7,0.18,1.16,1.72,10.3263
2024-03-01,2024,3,3101,Belo Horizonte - MG,N7,7558,Vestuário,4,-0.16,-0.66,5.39,5.101
2020-01-01,2020,1,3301,Rio de Janeiro - RJ,N7,7786,Comunicação,9,0.2,0.2,,7.2029
2026-02-01,2026,2,2301,Fortaleza - CE,N7,7445,Habitação,2,0.61,-0.14,4.73,16.3557
2022-11-01,2022,11,2301,Fortaleza - CE,N7,7786,Comunicação,9,-0.57,-2.61,-2.18,3.9563
2021-12-01,2021,12,4301,Porto Alegre - RS,N7,7558,Vestuário,4,1.73,10.31,10.31,4.5772
2021-11-01,2021,11,3101,Belo Horizonte - MG,N7,7660,Saúde e cuidados pessoais,6,-0.56,3.59,3.85,13.5884
2024-02-01,2024,2,3201,Grande Vitória - ES,N7,7660,Saúde e cuidados pessoais,6,0.63,1.51,6.98,15.8681
2020-02-01,2020,2,3301,Rio de Janeiro - RJ,N7,7766,Educação,8,4.11,4.3,,5.4719
2021-03-01,2021,3,3101,Belo Horizonte - MG,N7,7445,Habitação,2,0.83,0.22,4.49,14.1489
2024-08-01,2024,8,1501,Belém - PA,N7,7712,Despesas pessoais,7,0.33,3.2,4.37,7.6092
2024-06-01,2024,6,3101,Belo Horizonte - MG,N7,7170,Alimentação e bebidas,1,0.47,4.44,6.22,22.1365
2020-04-01,2020,4,3201,Grande Vitória - ES,N7,7486,Artigos de residência,3,-1.94,-2.56,,3.7878
2024-02-01,2024,2,2901,Salvador - BA,N7,7712,Despesas pessoais,7,-0.13,1.09,5.5,10.1251
2023-08-01,2023,8,3101,Belo Horizonte - MG,N7,7712,Despesas pessoais,7,0.25,3.91,5.31,10.6006
2020-10-01,2020,10,4301,Porto Alegre - RS,N7,7766,Educação,8,-0.14,1.06,,5.2417
2024-08-01,2024,8,2301,Fortaleza - CE,N7,7169,Índice geral,0,0.0,3.0,4.25,100.0
2026-02-01,2026,2,4101,Curitiba - PR,N7,7169,Índice geral,0,0.32,0.74,3.1,100.0
2023-07-01,2023,7,3301,Rio de Janeiro - RJ,N7,7486,Artigos de residência,3,0.16,0.54,-0.69,3.0651
2024-11-01,2024,11,4101,Curitiba - PR,N7,7558,Vestuário,4,0.44,2.79,4.14,4.9113
2021-01-01,2021,1,3101,Belo Horizonte - MG,N7,7445,Habitação,2,-1.11,-1.11,2.97,14.3867
2023-02-01,2023,2,4301,Porto Alegre - RS,N7,7712,Despesas pessoais,7,-0.06,0.51,6.89,10.412
2020-12-01,2020,12,2601,Recife - PE,N7,7169,Índice geral,0,1.6,5.66,5.66,100.0
2020-02-01,2020,2,3301,Rio de Janeiro - RJ,N7,7712,Despesas pessoais,7,0.36,1.09,,9.8213
2023-04-01,2023,4,3201,Grande Vitória - ES,N7,7660,Saúde e cuidados pessoais,6,1.23,3.95,11.84,15.4972
2023-11-01,2023,11,3101,Belo Horizonte - MG,N7,7712,Despesas pessoais,7,0.64,5.22,5.38,10.6282
2021-07-01,2021,7,2601,Recife - PE,N7,7445,Habitação,2,2.43,7.31,13.36,14.464
2025-07-01,2025,7,2901,Salvador - BA,N7,7558,Vestuário,4,-0.71,0.78,3.17,5.1885
2020-10-01,2020,10,2901,Salvador - BA,N7,7786,Comunicação,9,0.14,3.56,,4.9765
2024-04-01,2024,4,2901,Salvador - BA,N7,7486,Artigos de residência,3,-0.56,-1.05,-2.28,3.9299
2026-06-01,2026,6,3201,Grande Vitória - ES,N7,7660,Saúde e cuidados pessoais,6,-0.17,3.2,5.3,16.1353
2026-03-01,2026,3,2901,Salvador - BA,N7,7766,Educação,8,0.01,5.49,6.68,6.4098
2024-01-01,2024,1,3201,Grande Vitória - ES,N7,7625,Transportes,5,-0.63,-0.63,5.3,24.1622
2022-12-01,2022,12,3501,São Paulo - SP,N7,7712,Despesas pessoais,7,0.92,8.74,8.74,11.0217
2020-10-01,2020,10,3301,Rio de Janeiro - RJ,N7,7445,Habitação,2,0.6,1.7,,18.4809
2025-07-01,2025,7,4301,Porto Alegre - RS,N7,7169,Índice geral,0,0.41,3.59,4.9,100.0
2025-02-01,2025,2,3301,Rio de Janeiro - RJ,N7,7712,Despesas pessoais,7,-0.2,1.12,5.39,9.5157
2020-01-01,2020,1,3101,Belo Horizonte - MG,N7,7625,Transportes,5,0.43,0.43,,19.9389
2023-04-01,2023,4,3301,Rio de Janeiro - RJ,N7,7766,Educação,8,0.05,6.55,7.8,5.4107
2021-04-01,2021,4,2901,Salvador - BA,N7,7766,Educação,8,-0.16,2.88,-2.31,5.82
2022-10-01,2022,10,1501,Belém - PA,N7,7558,Vestuário,4,0.73,12.26,14.23,6.4126
2021-11-01,2021,11,3301,Rio de Janeiro - RJ,N7,7170,Alimentação e bebidas,1,-0.15,6.98,9.89,20.6048
2025-06-01,2025,6,2301,Fortaleza - CE,N7,7486,Artigos de residência,3,-0.37,0.98,2.71,3.8467
2022-02-01,2022,2,2901,Salvador - BA,N7,7486,Artigos de residência,3,1.54,4.48,18.34,4.3489
2024-11-01,2024,11,3201,Grande Vitória - ES,N7,7766,Educação,8,-0.05,6.43,6.67,5.4744
2022-11-01,2022,11,3201,Grande Vitória - ES,N7,7786,Comunicação,9,-0.41,-2.37,-2.15,5.3087
2026-02-01,2026,2,3501,São Paulo - SP,N7,7170,Alimentação e bebidas,1,0.51,0.64,3.27,20.5242
2020-12-01,2020,12,2601,Recife - PE,N7,7766,Educação,8,-0.01,3.87,3.87,6.0481
2024-02-01,2024,2,4301,Porto Alegre - RS,N7,7786,Comunicação,9,1.48,1.77,1.92,5.4516
2020-11-01,2020,11,1501,Belém - PA,N7,7786,Comunicação,9,0.67,1.45,,5.0301
2022-09-01,2022,9,2301,Fortaleza - CE,N7,7169,Índice geral,0,-0.65,4.19,6.88,100.0
2020-06-01,2020,6,3201,Grande Vitória - ES,N7,7786,Comunicação,9,0.6,0.54,,6.4021
2026-02-01,2026,2,4101,Curitiba - PR,N7,7786,Comunicação,9,0.56,1.75,2.92,4.1124
2023-10-01,2023,10,3501,São Paulo - SP,N7,7558,Vestuário,4,-0.2,2.42,5.83,4.2214
2021-12-01,2021,12,2901,Salvador - BA,N7,7625,Transportes,5,1.04,22.46,22.46,19.9441
2022-03-01,2022,3,2601,Recife - PE,N7,7766,Educação,8,0.2,6.6,7.31,5.8588
2024-07-01,2024,7,1501,Belém - PA,N7,7712,Despesas pessoais,7,0.36,2.86,4.17,7.6111
2022-01-01,2022,1,2901,Salvador - BA,N7,7486,Artigos de residência,3,2.9,2.9,17.77,4.2627
2023-04-01,2023,4,2301,Fortaleza - CE,N7,7170,Alimentação e bebidas,1,0.2,1.05,5.93,24.5827
2021-04-01,2021,4,2301,Fortaleza - CE,N7,7170,Alimentação e bebidas,1,0.26,2.61,13.86,24.1428
2024-12-01,2024,12,2901,Salvador - BA,N7,7170,Alimentação e bebidas,1,1.46,5.62,5.62,22.5236
2025-09-01,2025,9,3501,São Paulo - SP,N7,7170,Alimentação e bebidas,1,0.03,3.43,7.78,20.7691
2020-11-01,2020,11,3301,Rio de Janeiro - RJ,N7,7712,Despesas pessoais,7,-0.17,-0.04,,9.6026
2023-05-01,2023,5,4301,Porto Alegre - RS,N7,7558,Vestuário,4,0.96,1.59,10.81,5.0584
2023-10-01,2023,10,4301,Porto Alegre - RS,N7,7766,Educação,8,0.04,8.5,8.58,4.9887
2023-02-01,2023,2,4301,Porto Alegre - RS,N7,7660,Saúde e cuidados pessoais,6,1.42,1.46,12.17,12.8577
2024-07-01,2024,7,2301,Fortaleza - CE,N7,7766,Educação,8,0.05,5.97,8.9,6.6677
2025-04-01,2025,4,4101,Curitiba - PR,N7,7712,Despesas pessoais,7,0.73,0.81,4.14,9.1795
2023-08-01,2023,8,2901,Salvador - BA,N7,7625,Transportes,5,0.18,4.48,1.89,18.4977
2020-05-01,2020,5,3301,Rio de Janeiro - RJ,N7,7558,Vestuário,4,-1.62,-1.95,,3.5829
2023-07-01,2023,7,4101,Curitiba - PR,N7,7712,Despesas pessoais,7,0.55,3.58,5.97,9.2245
2023-08-01,2023,8,1501,Belém - PA,N7,7169,Índice geral,0,0.63,3.52,5.23,100.0
2021-01-01,2021,1,2901,Salvador - BA,N7,7169,Índice geral,0,0.26,0.26,4.23,100.0
2025-09-01,2025,9,2901,Salvador - BA,N7,7445,Habitação,2,2.15,5.17,5.0,14.1712
2021-11-01,2021,11,3201,Grande Vitória - ES,N7,7445,Habitação,2,0.74,15.85,20.26,16.7424
2023-09-01,2023,9,2301,Fortaleza - CE,N7,7712,Despesas pessoais,7,0.51,3.42,3.74,7.4935
2020-12-01,2020,12,3501,São Paulo - SP,N7,7445,Habitação,2,2.21,5.39,5.39,16.4668
2026-05-01,2026,5,1501,Belém - PA,N7,7712,Despesas pessoais,7,0.32,2.34,6.29,7.7014
2022-01-01,2022,1,4301,Porto Alegre - RS,N7,7169,Índice geral,0,-0.53,-0.53,10.13,100.0
2020-12-01,2020,12,4301,Porto Alegre - RS,N7,7766,Educação,8,1.06,2.05,2.05,5.1565
2022-05-01,2022,5,2901,Salvador - BA,N7,7169,Índice geral,0,1.29,5.29,12.98,100.0
2020-10-01,2020,10,4101,Curitiba - PR,N7,7558,Vestuário,4,1.18,2.39,,4.9178
2024-10-01,2024,10,2901,Salvador - BA,N7,7445,Habitação,2,1.27,3.41,4.16,14.4288
2024-08-01,2024,8,2901,Salvador - BA,N7,7169,Índice geral,0,0.03,2.68,3.71,100.0
2024-04-01,2024,4,1501,Belém - PA,N7,7660,Saúde e cuidados pessoais,6,0.53,2.69,5.08,12.8833
2024-10-01,2024,10,2901,Salvador - BA,N7,7558,Vestuário,4,0.91,0.72,0.86,5.2356
2023-12-01,2023,12,3501,São Paulo - SP,N7,7169,Índice geral,0,0.54,4.97,4.97,100.0
2020-05-01,2020,5,1501,Belém - PA,N7,7169,Índice geral,0,-0.39,-0.08,,100.0
2020-01-01,2020,1,3201,Grande Vitória - ES,N7,7766,Educação,8,0.05,0.05,,5.5543
2025-09-01,2025,9,3301,Rio de Janeiro - RJ,N7,7169,Índice geral,0,0.48,2.84,4.58,100.0
2024-03-01,2024,3,2901,Salvador - BA,N7,7786,Comunicação,9,-0.06,0.95,0.91,4.0104
2020-10-01,2020,10,3201,Grande Vitória - ES,N7,7169,Índice geral,0,0.91,2.68,,100.0
2025-05-01,2025,5,4101,Curitiba - PR,N7,7786,Comunicação,9,0.3,1.44,2.84,4.1407
2025-01-01,2025,1,3301,Rio de Janeiro - RJ,N7,7660,Saúde e cuidados pessoais,6,0.46,0.46,6.43,13.5314
2023-11-01,2023,11,3501,São Paulo - SP,N7,7558,Vestuário,4,-0.5,1.9,3.35,4.2034
2020-06-01,2020,6,3101,Belo Horizonte - MG,N7,7766,Educação,8,0.13,4.61,,5.9006
2023-11-01,2023,11,3501,São Paulo - SP,N7,7766,Educação,8,-0.04,8.44,8.57,6.7352
2024-07-01,2024,7,3301,Rio de Janeiro - RJ,N7,7558,Vestuário,4,-0.06,0.28,1.39,3.7839
2020-05-01,2020,5,3301,Rio de Janeiro - RJ,N7,7712,Despesas pessoais,7,-0.16,0.33,,9.7379
2025-09-01,2025,9,2301,Fortaleza - CE,N7,7766,Educação,8,-0.04,6.13,6.38,6.8383
2024-12-01,2024,12,4301,Porto Alegre - RS,N7,7169,Índice geral,0,0.5,3.57,3.57,100.0
2025-10-01,2025,10,4101,Curitiba - PR,N7,7712,Despesas pessoais,7,0.41,3.7,5.35,9.3369
2023-08-01,2023,8,3301,Rio de Janeiro - RJ,N7,7558,Vestuário,4,-0.32,1.06,6.63,3.8787
2025-04-01,2025,4,3201,Grande Vitória - ES,N7,7558,Vestuário,4,0.19,0.78,3.23,3.8711
2025-09-01,2025,9,2301,Fortaleza - CE,N7,7445,Habitação,2,2.98,4.96,4.28,16.0966
2022-08-01,2022,8,2901,Salvador - BA,N7,7486,Artigos de residência,3,-0.14,5.17,13.43,4.2562
2023-01-01,2023,1,3101,Belo Horizonte - MG,N7,7558,Vestuário,4,-0.91,-0.91,14.88,5.1861
2020-08-01,2020,8,3501,São Paulo - SP,N7,7445,Habitação,2,0.85,1.68,,16.5385
2023-01-01,2023,1,4101,Curitiba - PR,N7,7625,Transportes,5,-1.08,-1.08,3.25,26.2814
2021-12-01,2021,12,3101,Belo Horizonte - MG,N7,7766,Educação,8,0.04,3.81,3.81,5.1295
2023-09-01,2023,9,3501,São Paulo - SP,N7,7169,Índice geral,0,0.38,3.73,5.48,100.0
2020-07-01,2020,7,3201,Grande Vitória - ES,N7,7445,Habitação,2,0.64,1.54,,15.6038
2022-02-01,2022,2,2901,Salvador - BA,N7,7766,Educação,8,5.71,5.99,6.26,5.4379
2023-10-01,2023,10,2901,Salvador - BA,N7,7558,Vestuário,4,0.78,2.58,4.58,5.4032
2023-09-01,2023,9,3301,Rio de Janeiro - RJ,N7,7486,Artigos de residência,3,-0.21,0.01,-1.65,3.0605
2026-04-01,2026,4,3501,São Paulo - SP,N7,7625,Transportes,5,-0.03,3.48,4.7,19.9301
2020-02-01,2020,2,3101,Belo Horizonte - MG,N7,7786,Comunicação,9,0.64,0.87,,5.9305
2024-03-01,2024,3,4101,Curitiba - PR,N7,7445,Habitação,2,0.03,0.41,5.17,14.2499
2022-11-01,2022,11,3101,Belo Horizonte - MG,N7,7660,Saúde e cuidados pessoais,6,0.22,10.37,10.99,14.2419
2023-12-01,2023,12,3101,Belo Horizonte - MG,N7,7170,Alimentação e bebidas,1,1.89,0.72,0.72,21.7334
2022-12-01,2022,12,3301,Rio de Janeiro - RJ,N7,7660,Saúde e cuidados pessoais,6,1.03,10.71,10.71,12.8272
2023-03-01,2023,3,1501,Belém - PA,N7,7712,Despesas pessoais,7,0.57,1.8,6.72,7.5998
2022-12-01,2022,12,4101,Curitiba - PR,N7,7169,Índice geral,0,0.75,5.26,5.26,100.0
2020-10-01,2020,10,3101,Belo Horizonte - MG,N7,7625,Transportes,5,0.87,-1.88,,19.1402
2024-04-01,2024,4,3201,Grande Vitória - ES,N7,7170,Alimentação e bebidas,1,0.33,3.35,2.49,17.7886
2020-01-01,2020,1,2901,Salvador - BA,N7,7660,Saúde e cuidados pessoais,6,-0.42,-0.42,,15.4311
2022-03-01,2022,3,3201,Grande Vitória - ES,N7,7169,Índice geral,0,1.5,2.96,11.94,100.0
2025-11-01,2025,11,4101,Curitiba - PR,N7,7169,Índice geral,0,0.16,3.87,4.34,100.0
2023-10-01,2023,10,3101,Belo Horizonte - MG,N7,7786,Comunicação,9,-0.17,3.67,3.92,5.2302
2023-01-01,2023,1,3201,Grande Vitória - ES,N7,7766,Educação,8,0.24,0.24,5.73,5.1786
2025-10-01,2025,10,3201,Grande Vitória - ES,N7,7170,Alimentação e bebidas,1,0.51,3.24,6.23,17.6568
2022-03-01,2022,3,4101,Curitiba - PR,N7,7625,Transportes,5,5.31,8.04,23.83,26.6382
2022-03-01,2022,3,3101,Belo Horizonte - MG,N7,7766,Educação,8,0.1,6.59,7.89,5.3239
2023-05-01,2023,5,2901,Salvador - BA,N7,7660,Saúde e cuidados pessoais,6,1.06,5.17,11.91,14.9835
2025-08-01,2025,8,4301,Porto Alegre - RS,N7,7712,Despesas pessoais,7,0.34,4.14,7.17,10.6235
2024-10-01,2024,10,1501,Belém - PA,N7,7169,Índice geral,0,0.78,3.57,4.47,100.0
2026-04-01,2026,4,3301,Rio de Janeiro - RJ,N7,7660,Saúde e cuidados pessoais,6,1.09,2.18,4.9,13.705
2025-04-01,2025,4,3101,Belo Horizonte - MG,N7,7712,Despesas pessoais,7,0.67,2.61,7.59,10.6746
2025-12-01,2025,12,2301,Fortaleza - CE,N7,7170,Alimentação e bebidas,1,0.24,3.04,3.04,24.228
2023-12-01,2023,12,3301,Rio de Janeiro - RJ,N7,7766,Educação,8,0.15,7.13,7.13,5.335
2023-04-01,2023,4,4101,Curitiba - PR,N7,7486,Artigos de residência,3,0.66,1.85,4.08,4.1553
2024-04-01,2024,4,3101,Belo Horizonte - MG,N7,7558,Vestuário,4,0.73,0.07,5.02,5.0864
2020-02-01,2020,2,1501,Belém - PA,N7,7625,Transportes,5,0.05,0.03,,18.573
2024-04-01,2024,4,2601,Recife - PE,N7,7486,Artigos de residência,3,0.3,-0.62,-1.98,4.0016
2021-03-01,2021,3,3101,Belo Horizonte - MG,N7,7766,Educação,8,-0.97,2.56,-1.97,5.5099
2024-01-01,2024,1,3301,Rio de Janeiro - RJ,N7,7660,Saúde e cuidados pessoais,6,0.53,0.53,7.37,13.3011
2024-05-01,2024,5,1501,Belém - PA,N7,7625,Transportes,5,0.02,-0.34,7.12,18.4536
2022-03-01,2022,3,3501,São Paulo - SP,N7,7486,Artigos de residência,3,0.69,5.27,16.3,3.7571
2023-11-01,2023,11,2901,Salvador - BA,N7,7486,Artigos de residência,3,-0.99,-2.61,-1.69,4.0263
2021-07-01,2021,7,2601,Recife - PE,N7,7169,Índice geral,0,0.97,5.14,9.43,100.0
2020-04-01,2020,4,4301,Porto Alegre - RS,N7,7170,Alimentação e bebidas,1,2.7,4.33,,19.63
2024-05-01,2024,5,3201,Grande Vitória - ES,N7,7660,Saúde e cuidados pessoais,6,0.98,3.46,5.43,15.9281
2020-07-01,2020,7,2901,Salvador - BA,N7,7766,Educação,8,-0.21,4.7,,6.2917
2022-04-01,2022,4,3201,Grande Vitória - ES,N7,7170,Alimentação e bebidas,1,1.64,7.11,16.61,17.5865
2024-02-01,2024,2,3501,São Paulo - SP,N7,7786,Comunicação,9,1.84,1.68,1.51,4.811
2025-09-01,2025,9,2901,Salvador - BA,N7,7786,Comunicação,9,-0.32,1.17,1.32,3.8925
2022-05-01,2022,5,3101,Belo Horizonte - MG,N7,7660,Saúde e cuidados pessoais,6,1.19,5.47,6.25,13.3369
2020-03-01,2020,3,3201,Grande Vitória - ES,N7,7766,Educação,8,0.1,5.62,,5.8237
2026-03-01,2026,3,2301,Fortaleza - CE,N7,7558,Vestuário,4,0.58,0.99,5.88,4.7441
2021-10-01,2021,10,2301,Fortaleza - CE,N7,7170,Alimentação e bebidas,1,0.85,7.92,12.22,24.0145
2026-06-01,2026,6,2901,Salvador - BA,N7,7712,Despesas pessoais,7,-0.01,2.13,6.22,10.203
2023-09-01,2023,9,1501,Belém - PA,N7,7486,Artigos de residência,3,-0.4,2.04,0.48,3.7853
2023-10-01,2023,10,2601,Recife - PE,N7,7625,Transportes,5,-0.38,5.96,8.55,19.4707
2024-07-01,2024,7,3101,Belo Horizonte - MG,N7,7445,Habitação,2,0.63,5.4,6.44,13.2442
2022-08-01,2022,8,3201,Grande Vitória - ES,N7,7169,Índice geral,0,0.46,3.46,8.21,100.0
2024-04-01,2024,4,4301,Porto Alegre - RS,N7,7625,Transportes,5,0.77,-1.38,4.4,20.7807
2021-02-01,2021,2,3501,São Paulo - SP,N7,7486,Artigos de residência,3,0.11,0.81,8.85,3.5944
2026-02-01,2026,2,3101,Belo Horizonte - MG,N7,7625,Transportes,5,0.17,1.46,1.07,19.6881
2020-10-01,2020,10,2301,Fortaleza - CE,N7,7486,Artigos de residência,3,1.4,2.79,,4.0464
2021-06-01,2021,6,1501,Belém - PA,N7,7558,Vestuário,4,0.72,2.0,1.62,5.9044
2024-07-01,2024,7,3201,Grande Vitória - ES,N7,7169,Índice geral,0,0.25,2.39,4.34,100.0
2021-03-01,2021,3,3501,São Paulo - SP,N7,7558,Vestuário,4,1.23,2.76,2.16,3.7032
2020-10-01,2020,10,2601,Recife - PE,N7,7170,Alimentação e bebidas,1,1.74,10.61,,22.9704
2026-05-01,2026,5,4301,Porto Alegre - RS,N7,7170,Alimentação e bebidas,1,2.32,5.38,4.13,21.118
2021-10-01,2021,10,1501,Belém - PA,N7,7558,Vestuário,4,1.86,5.3,4.01,5.8541
2022-08-01,2022,8,3201,Grande Vitória - ES,N7,7766,Educação,8,0.49,5.28,5.28,5.2392
2024-01-01,2024,1,2901,Salvador - BA,N7,7558,Vestuário,4,0.15,0.15,2.82,5.4011
2022-01-01,2022,1,3101,Belo Horizonte - MG,N7,7169,Índice geral,0,0.8,0.8,10.09,100.0
2021-07-01,2021,7,2901,Salvador - BA,N7,7712,Despesas pessoais,7,0.26,1.43,2.1,10.2571
2023-01-01,2023,1,2301,Fortaleza - CE,N7,7660,Saúde e cuidados pessoais,6,-0.43,-0.43,10.03,13.1985
2026-04-01,2026,4,2901,Salvador - BA,N7,7625,Transportes,5,-0.3,5.65,7.13,19.0159
2021-04-01,2021,4,1501,Belém - PA,N7,7169,Índice geral,0,0.7,2.9,7.32,100.0
2024-04-01,2024,4,2601,Recife - PE,N7,7170,Alimentação e bebidas,1,1.07,4.13,3.22,23.8893
2020-04-01,2020,4,3301,Rio de Janeiro - RJ,N7,7445,Habitação,2,0.67,1.03,,18.4618
2021-11-01,2021,11,3501,São Paulo - SP,N7,7625,Transportes,5,3.08,18.28,19.72,20.6191
2021-11-01,2021,11,1501,Belém - PA,N7,7625,Transportes,5,2.86,16.33,17.6,18.837
2025-02-01,2025,2,4301,Porto Alegre - RS,N7,7625,Transportes,5,1.02,1.21,4.96,21.1911
2025-02-01,2025,2,3501,São Paulo - SP,N7,7766,Educação,8,4.88,5.17,6.71,6.839
2021-12-01,2021,12,2301,Fortaleza - CE,N7,7558,Vestuário,4,0.2,13.68,13.68,4.5321
2025-01-01,2025,1,2301,Fortaleza - CE,N7,7169,Índice geral,0,0.11,0.11,4.32,100.0
2023-02-01,2023,2,4101,Curitiba - PR,N7,7558,Vestuário,4,-0.04,-0.48,9.94,4.9771
2024-11-01,2024,11,1501,Belém - PA,N7,7766,Educação,8,0.18,7.71,7.79,3.7258
2026-02-01,2026,2,3201,Grande Vitória - ES,N7,7486,Artigos de residência,3,0.16,0.95,-0.27,3.5325
2023-09-01,2023,9,2601,Recife - PE,N7,7445,Habitação,2,-0.08,3.27,6.31,13.7369
2021-12-01,2021,12,1501,Belém - PA,N7,7712,Despesas pessoais,7,0.82,2.89,2.89,7.5466
2023-03-01,2023,3,3301,Rio de Janeiro - RJ,N7,7558,Vestuário,4,0.28,-1.23,14.84,3.8211
2021-02-01,2021,2,1501,Belém - PA,N7,7169,Índice geral,0,1.41,1.37,5.42,100.0
2024-05-01,2024,5,2901,Salvador - BA,N7,7170,Alimentação e bebidas,1,0.59,4.53,2.06,22.8924
2023-02-01,2023,2,2601,Recife - PE,N7,7445,Habitação,2,0.29,0.08,-1.9,13.6964
2023-08-01,2023,8,4101,Curitiba - PR,N7,7660,Saúde e cuidados pessoais,6,0.16,5.82,9.6,10.6026
2025-02-01,2025,2,3201,Grande Vitória - ES,N7,7169,Índice geral,0,1.51,1.87,5.08,100.0
2022-09-01,2022,9,3501,São Paulo - SP,N7,7786,Comunicação,9,-1.92,-0.15,0.44,5.0481
2025-05-01,2025,5,3101,Belo Horizonte - MG,N7,7786,Comunicação,9,0.51,1.34,2.42,4.9187
2020-04-01,2020,4,3501,São Paulo - SP,N7,7766,Educação,8,0.03,4.41,,7.3564
2021-02-01,2021,2,2301,Fortaleza - CE,N7,7660,Saúde e cuidados pessoais,6,0.73,1.36,2.54,13.3461
2023-03-01,2023,3,3101,Belo Horizonte - MG,N7,7486,Artigos de residência,3,-0.25,0.27,3.32,4.2251
2023-04-01,2023,4,2601,Recife - PE,N7,7170,Alimentação e bebidas,1,0.27,0.93,6.55,24.0825
2025-06-01,2025,6,2901,Salvador - BA,N7,7169,Índice geral,0,0.29,3.0,5.23,100.0
2025-04-01,2025,4,2901,Salvador - BA,N7,7660,Saúde e cuidados pessoais,6,1.5,2.67,5.06,15.1716
2020-04-01,2020,4,2301,Fortaleza - CE,N7,7660,Saúde e cuidados pessoais,6,-0.19,0.24,,13.7417
2023-11-01,2023,11,4301,Porto Alegre - RS,N7,7169,Índice geral,0,0.34,4.19,4.77,100.0
2025-12-01,2025,12,3301,Rio de Janeiro - RJ,N7,7170,Alimentação e bebidas,1,0.72,1.75,1.75,20.6382
2022-11-01,2022,11,3301,Rio de Janeiro - RJ,N7,7445,Habitação,2,0.63,4.8,4.94,18.5072
2022-06-01,2022,6,4101,Curitiba - PR,N7,7625,Transportes,5,0.75,11.48,24.85,27.7147
2024-11-01,2024,11,1501,Belém - PA,N7,7660,Saúde e cuidados pessoais,6,-0.35,4.17,4.38,12.9848
2022-01-01,2022,1,4301,Porto Alegre - RS,N7,7558,Vestuário,4,0.16,0.16,11.23,4.6178
2025-09-01,2025,9,3101,Belo Horizonte - MG,N7,7170,Alimentação e bebidas,1,0.03,1.78,5.93,22.0657
2021-04-01,2021,4,3301,Rio de Janeiro - RJ,N7,7170,Alimentação e bebidas,1,0.19,1.13,11.31,20.4728
2024-12-01,2024,12,4301,Porto Alegre - RS,N7,7558,Vestuário,4,1.0,1.85,1.85,4.9805
2024-12-01,2024,12,3501,São Paulo - SP,N7,7766,Educação,8,0.15,7.22,7.22,6.855
2021-08-01,2021,8,1501,Belém - PA,N7,7169,Índice geral,0,0.75,5.35,9.76,100.0
2026-06-01,2026,6,2901,Salvador - BA,N7,7660,Saúde e cuidados pessoais,6,0.52,4.64,7.03,15.6849
2024-10-01,2024,10,1501,Belém - PA,N7,7786,Comunicação,9,0.41,3.4,3.04,4.2182
2023-01-01,2023,1,4101,Curitiba - PR,N7,7169,Índice geral,0,-0.05,-0.05,4.72,100.0
2020-06-01,2020,6,2601,Recife - PE,N7,7169,Índice geral,0,0.51,1.12,,100.0
2025-09-01,2025,9,2301,Fortaleza - CE,N7,7625,Transportes,5,-0.36,1.56,4.26,18.8802
2023-04-01,2023,4,3201,Grande Vitória - ES,N7,7786,Comunicação,9,0.23,3.5,0.55,5.2898
2023-07-01,2023,7,3101,Belo Horizonte - MG,N7,7486,Artigos de residência,3,0.54,-0.5,-0.87,4.0862
2024-09-01,2024,9,3501,São Paulo - SP,N7,7558,Vestuário,4,0.21,2.14,1.77,4.1136
2021-04-01,2021,4,2901,Salvador - BA,N7,7625,Transportes,5,-1.76,4.83,8.47,18.8742
2024-08-01,2024,8,4101,Curitiba - PR,N7,7625,Transportes,5,-1.26,0.73,1.21,25.9657
2022-01-01,2022,1,4301,Porto Alegre - RS,N7,7712,Despesas pessoais,7,1.04,1.04,6.28,9.9471
2021-03-01,2021,3,2901,Salvador - BA,N7,7660,Saúde e cuidados pessoais,6,0.46,1.31,3.11,15.105
2025-07-01,2025,7,4301,Porto Alegre - RS,N7,7712,Despesas pessoais,7,0.97,3.79,7.25,10.5642
2022-10-01,2022,10,4101,Curitiba - PR,N7,7169,Índice geral,0,0.2,4.23,5.88,100.0
2021-03-01,2021,3,2301,Fortaleza - CE,N7,7558,Vestuário,4,-0.37,-0.09,2.1,4.3273
2021-09-01,2021,9,3201,Grande Vitória - ES,N7,7712,Despesas pessoais,7,0.42,2.67,3.32,8.5772
2026-04-01,2026,4,2901,Salvador - BA,N7,7660,Saúde e cuidados pessoais,6,0.81,2.95,5.97,15.5645
2020-11-01,2020,11,2901,Salvador - BA,N7,7445,Habitação,2,0.62,4.05,,14.0006
2020-09-01,2020,9,4301,Porto Alegre - RS,N7,7169,Índice geral,0,0.68,0.89,,100.0
2021-09-01,2021,9,2901,Salvador - BA,N7,7786,Comunicação,9,0.22,-0.54,0.4,4.6018
2022-04-01,2022,4,4301,Porto Alegre - RS,N7,7445,Habitação,2,-1.87,-3.49,12.64,15.2612
2020-10-01,2020,10,2601,Recife - PE,N7,7786,Comunicação,9,0.33,3.77,,4.8628
2021-01-01,2021,1,3301,Rio de Janeiro - RJ,N7,7558,Vestuário,4,-0.71,-0.71,-1.8,3.4309
2020-07-01,2020,7,3201,Grande Vitória - ES,N7,7786,Comunicação,9,0.25,0.79,,6.4045
2022-08-01,2022,8,3101,Belo Horizonte - MG,N7,7660,Saúde e cuidados pessoais,6,0.99,8.36,9.17,13.7289
2024-08-01,2024,8,3301,Rio de Janeiro - RJ,N7,7558,Vestuário,4,-0.02,0.27,1.7,3.7712
2024-09-01,2024,9,2901,Salvador - BA,N7,7170,Alimentação e bebidas,1,-0.26,2.06,3.18,22.3718
2025-06-01,2025,6,3101,Belo Horizonte - MG,N7,7169,Índice geral,0,0.53,3.38,5.7,100.0
2025-04-01,2025,4,2901,Salvador - BA,N7,7712,Despesas pessoais,7,0.14,2.82,6.31,10.086
2020-02-01,2020,2,2601,Recife - PE,N7,7625,Transportes,5,-0.34,-0.04,,18.9653
2024-04-01,2024,4,3301,Rio de Janeiro - RJ,N7,7170,Alimentação e bebidas,1,0.03,3.34,3.36,20.701
2022-09-01,2022,9,4101,Curitiba - PR,N7,7445,Habitação,2,0.81,-5.31,-2.13,14.0861
2026-03-01,2026,3,3501,São Paulo - SP,N7,7445,Habitação,2,0.03,0.37,5.79,16.2867
2020-04-01,2020,4,2601,Recife - PE,N7,7766,Educação,8,-0.05,3.74,,6.2236
2026-04-01,2026,4,2901,Salvador - BA,N7,7486,Artigos de residência,3,1.07,1.63,-2.87,3.4878
2021-03-01,2021,3,3201,Grande Vitória - ES,N7,7625,Transportes,5,3.93,7.86,10.11,22.9099
2023-02-01,2023,2,3201,Grande Vitória - ES,N7,7558,Vestuário,4,-0.18,-0.04,14.27,4.0313
2026-04-01,2026,4,2601,Recife - PE,N7,7786,Comunicação,9,0.53,1.61,1.16,3.7785
2026-03-01,2026,3,1501,Belém - PA,N7,7766,Educação,8,0.12,4.76,5.97,3.9367
2022-01-01,2022,1,4101,Curitiba - PR,N7,7625,Transportes,5,0.32,0.32,23.19,26.4195
2021-01-01,2021,1,1501,Belém - PA,N7,7625,Transportes,5,-0.45,-0.45,-0.34,17.8427
2020-10-01,2020,10,2301,Fortaleza - CE,N7,7766,Educação,8,-0.01,-2.62,,6.2037
2024-02-01,2024,2,3201,Grande Vitória - ES,N7,7625,Transportes,5,0.07,-0.56,4.65,23.9204
2020-12-01,2020,12,3201,Grande Vitória - ES,N7,7712,Despesas pessoais,7,0.42,1.89,1.89,9.0316
2026-02-01,2026,2,3501,São Paulo - SP,N7,7169,Índice geral,0,0.97,1.26,4.7,100.0
2023-08-01,2023,8,4301,Porto Alegre - RS,N7,7558,Vestuário,4,0.42,2.78,8.3,5.1149
2026-03-01,2026,3,1501,Belém - PA,N7,7445,Habitação,2,-0.11,-1.96,3.28,15.4818
2022-07-01,2022,7,3501,São Paulo - SP,N7,7625,Transportes,5,-3.58,2.37,12.94,21.2407
2025-07-01,2025,7,1501,Belém - PA,N7,7170,Alimentação e bebidas,1,-0.81,3.74,8.34,27.7345
2025-08-01,2025,8,2301,Fortaleza - CE,N7,7625,Transportes,5,0.18,1.93,3.48,18.8334
2021-05-01,2021,5,3301,Rio de Janeiro - RJ,N7,7712,Despesas pessoais,7,0.08,0.81,1.03,9.3148
2021-05-01,2021,5,2901,Salvador - BA,N7,7169,Índice geral,0,1.12,3.24,7.65,100.0
2021-06-01,2021,6,3301,Rio de Janeiro - RJ,N7,7660,Saúde e cuidados pessoais,6,0.16,3.45,3.42,13.1697
2021-06-01,2021,6,2601,Recife - PE,N7,7486,Artigos de residência,3,1.25,5.17,11.24,4.2018
2024-06-01,2024,6,1501,Belém - PA,N7,7660,Saúde e cuidados pessoais,6,0.26,3.79,4.99,12.9966
2023-07-01,2023,7,3201,Grande Vitória - ES,N7,7786,Comunicação,9,-0.37,4.24,0.12,5.3396
2020-01-01,2020,1,3101,Belo Horizonte - MG,N7,7712,Despesas pessoais,7,0.08,0.08,,11.2113
2022-09-01,2022,9,3201,Grande Vitória - ES,N7,7712,Despesas pessoais,7,0.58,5.45,7.68,8.5209
2022-09-01,2022,9,2601,Recife - PE,N7,7558,Vestuário,4,1.73,11.12,19.04,5.8647
2020-08-01,2020,8,3301,Rio de Janeiro - RJ,N7,7445,Habitação,2,-0.02,1.2,,18.5924
2024-08-01,2024,8,3501,São Paulo - SP,N7,7445,Habitação,2,-0.39,1.92,2.85,16.2734
2021-12-01,2021,12,2301,Fortaleza - CE,N7,7169,Índice geral,0,0.55,10.63,10.63,100.0
2024-10-01,2024,10,4101,Curitiba - PR,N7,7766,Educação,8,0.06,6.21,6.43,5.4936
2025-04-01,2025,4,4101,Curitiba - PR,N7,7486,Artigos de residência,3,0.83,2.0,3.58,3.8861
2021-01-01,2021,1,1501,Belém - PA,N7,7766,Educação,8,0.13,0.13,-1.25,3.4047
2022-01-01,2022,1,2901,Salvador - BA,N7,7170,Alimentação e bebidas,1,1.14,1.14,10.18,22.3715
2024-05-01,2024,5,3301,Rio de Janeiro - RJ,N7,7558,Vestuário,4,0.42,-0.26,0.96,3.7659
2026-05-01,2026,5,4101,Curitiba - PR,N7,7786,Comunicação,9,0.12,3.05,2.47,4.1138
2021-03-01,2021,3,3301,Rio de Janeiro - RJ,N7,7445,Habitação,2,0.77,-0.09,3.85,18.2682
2023-04-01,2023,4,2301,Fortaleza - CE,N7,7712,Despesas pessoais,7,0.0,1.0,4.07,7.4759
2021-02-01,2021,2,3301,Rio de Janeiro - RJ,N7,7486,Artigos de residência,3,0.19,1.45,8.39,3.0782
2021-10-01,2021,10,3301,Rio de Janeiro - RJ,N7,7712,Despesas pessoais,7,0.96,4.26,4.69,9.2115
2020-02-01,2020,2,1501,Belém - PA,N7,7169,Índice geral,0,0.21,0.61,,100.0
2024-09-01,2024,9,1501,Belém - PA,N7,7445,Habitação,2,1.44,1.81,2.05,15.7295
2022-09-01,2022,9,2901,Salvador - BA,N7,7712,Despesas pessoais,7,0.47,5.34,6.96,9.856
2023-04-01,2023,4,2301,Fortaleza - CE,N7,7169,Índice geral,0,0.56,2.53,4.03,100.0
2020-05-01,2020,5,2601,Recife - PE,N7,7660,Saúde e cuidados pessoais,6,-0.1,0.4,,15.0274
2020-12-01,2020,12,3301,Rio de Janeiro - RJ,N7,7660,Saúde e cuidados pessoais,6,0.62,1.06,1.06,13.238
2023-06-01,2023,6,1501,Belém - PA,N7,7786,Comunicação,9,-0.31,3.94,-0.4,4.3456
2022-08-01,2022,8,3301,Rio de Janeiro - RJ,N7,7170,Alimentação e bebidas,1,0.35,8.37,12.87,20.9186
2023-12-01,2023,12,3501,São Paulo - SP,N7,7712,Despesas pessoais,7,0.55,5.51,5.51,11.1101
2025-05-01,2025,5,2901,Salvador - BA,N7,7625,Transportes,5,-0.13,0.03,4.08,18.3765
2022-09-01,2022,9,1501,Belém - PA,N7,7558,Vestuário,4,2.02,11.45,15.51,6.2845
2021-05-01,2021,5,1501,Belém - PA,N7,7558,Vestuário,4,0.86,1.27,0.87,5.8819
2020-01-01,2020,1,3201,Grande Vitória - ES,N7,7170,Alimentação e bebidas,1,0.86,0.86,,15.7472
2022-03-01,2022,3,3301,Rio de Janeiro - RJ,N7,7625,Transportes,5,2.2,4.13,16.48,20.6951
2025-01-01,2025,1,2901,Salvador - BA,N7,7712,Despesas pessoais,7,1.35,1.35,5.04,10.0381
2025-09-01,2025,9,4301,Porto Alegre - RS,N7,7558,Vestuário,4,0.24,2.41,2.82,4.9555
2023-11-01,2023,11,3301,Rio de Janeiro - RJ,N7,7170,Alimentação e bebidas,1,1.1,-0.47,0.01,20.0833
2026-04-01,2026,4,1501,Belém - PA,N7,7445,Habitação,2,0.71,-1.26,3.05,15.2637
2020-02-01,2020,2,4301,Porto Alegre - RS,N7,7712,Despesas pessoais,7,0.34,0.31,,10.9516
2022-08-01,2022,8,3301,Rio de Janeiro - RJ,N7,7625,Transportes,5,-2.07,2.65,11.12,20.5526
2020-04-01,2020,4,2901,Salvador - BA,N7,7625,Transportes,5,-2.14,-3.11,,18.4647
2020-04-01,2020,4,4301,Porto Alegre - RS,N7,7712,Despesas pessoais,7,-0.24,-0.28,,10.9678
2021-05-01,2021,5,3501,São Paulo - SP,N7,7660,Saúde e cuidados pessoais,6,0.7,2.36,4.02,12.8677
2023-01-01,2023,1,3101,Belo Horizonte - MG,N7,7169,Índice geral,0,0.82,0.82,4.66,100.0
2022-07-01,2022,7,3301,Rio de Janeiro - RJ,N7,7766,Educação,8,-0.03,6.95,7.68,5.1395
2024-01-01,2024,1,1501,Belém - PA,N7,7558,Vestuário,4,0.52,0.52,1.82,6.3439
2024-03-01,2024,3,1501,Belém - PA,N7,7712,Despesas pessoais,7,-0.01,1.28,4.49,7.6068
2025-11-01,2025,11,3201,Grande Vitória - ES,N7,7766,Educação,8,-0.05,6.67,6.92,5.554
2021-11-01,2021,11,4101,Curitiba - PR,N7,7486,Artigos de residência,3,1.25,11.36,13.6,4.0877
2026-03-01,2026,3,3301,Rio de Janeiro - RJ,N7,7786,Comunicação,9,0.1,0.92,0.93,5.7934
2024-04-01,2024,4,2301,Fortaleza - CE,N7,7766,Educação,8,0.03,5.86,9.01,6.7082
2023-07-01,2023,7,2901,Salvador - BA,N7,7660,Saúde e cuidados pessoais,6,0.22,5.37,10.59,15.119
2025-07-01,2025,7,3501,São Paulo - SP,N7,7712,Despesas pessoais,7,0.4,2.89,5.49,11.0226
2021-03-01,2021,3,2601,Recife - PE,N7,7660,Saúde e cuidados pessoais,6,-0.08,1.25,2.24,14.5485
2021-09-01,2021,9,2601,Recife - PE,N7,7712,Despesas pessoais,7,0.5,3.02,3.3,8.5432
2021-08-01,2021,8,3101,Belo Horizonte - MG,N7,7558,Vestuário,4,0.97,5.32,8.58,4.6001
2021-03-01,2021,3,3501,São Paulo - SP,N7,7169,Índice geral,0,0.75,1.83,5.61,100.0
2022-12-01,2022,12,2301,Fortaleza - CE,N7,7558,Vestuário,4,0.68,16.83,16.83,4.9855
2024-02-01,2024,2,2901,Salvador - BA,N7,7445,Habitação,2,0.43,-1.84,2.59,14.2005
2024-09-01,2024,9,3301,Rio de Janeiro - RJ,N7,7786,Comunicação,9,-0.22,1.28,-0.59,6.0698
2023-03-01,2023,3,2301,Fortaleza - CE,N7,7169,Índice geral,0,0.35,1.96,4.47,100.0
2020-03-01,2020,3,4301,Porto Alegre - RS,N7,7558,Vestuário,4,-0.18,-2.74,,4.7921
2020-03-01,2020,3,4101,Curitiba - PR,N7,7486,Artigos de residência,3,-1.05,-0.81,,4.0715
2025-09-01,2025,9,3301,Rio de Janeiro - RJ,N7,7766,Educação,8,0.01,6.29,6.48,5.6088
2023-01-01,2023,1,3501,São Paulo - SP,N7,7786,Comunicação,9,2.11,2.11,0.98,4.907
2021-01-01,2021,1,4101,Curitiba - PR,N7,7558,Vestuário,4,0.34,0.34,3.51,4.8417
2022-03-01,2022,3,4301,Porto Alegre - RS,N7,7625,Transportes,5,2.37,-0.93,15.09,21.8635
2025-02-01,2025,2,3201,Grande Vitória - ES,N7,7486,Artigos de residência,3,0.6,1.23,4.57,3.7052
2020-07-01,2020,7,4101,Curitiba - PR,N7,7660,Saúde e cuidados pessoais,6,0.17,0.06,,10.8128
2021-07-01,2021,7,2601,Recife - PE,N7,7766,Educação,8,0.06,3.0,3.09,5.8845
2020-07-01,2020,7,2901,Salvador - BA,N7,7660,Saúde e cuidados pessoais,6,0.41,1.37,,15.4682
2025-01-01,2025,1,4301,Porto Alegre - RS,N7,7445,Habitação,2,-3.45,-3.45,-1.48,14.0387
2024-09-01,2024,9,2301,Fortaleza - CE,N7,7786,Comunicação,9,-0.23,2.56,1.6,3.7605
2025-05-01,2025,5,4301,Porto Alegre - RS,N7,7712,Despesas pessoais,7,0.02,2.32,5.48,10.5315
2025-11-01,2025,11,3201,Grande Vitória - ES,N7,7712,Despesas pessoais,7,0.79,5.74,6.53,8.7579
2024-03-01,2024,3,4301,Porto Alegre - RS,N7,7625,Transportes,5,-1.09,-2.13,3.4,20.9809
2025-06-01,2025,6,3101,Belo Horizonte - MG,N7,7170,Alimentação e bebidas,1,-0.45,3.14,6.75,22.5784
2020-09-01,2020,9,2301,Fortaleza - CE,N7,7558,Vestuário,4,0.6,-1.56,,4.4131
2022-10-01,2022,10,2301,Fortaleza - CE,N7,7445,Habitação,2,0.99,2.18,3.65,16.6584
2022-11-01,2022,11,1501,Belém - PA,N7,7169,Índice geral,0,0.1,4.46,5.46,100.0
2024-03-01,2024,3,2601,Recife - PE,N7,7786,Comunicação,9,-0.16,1.38,1.18,4.0733
2023-07-01,2023,7,3201,Grande Vitória - ES,N7,7712,Despesas pessoais,7,0.38,2.47,5.2,8.5023
2024-07-01,2024,7,4301,Porto Alegre - RS,N7,7169,Índice geral,0,0.36,2.28,3.53,100.0
2025-10-01,2025,10,1501,Belém - PA,N7,7625,Transportes,5,0.17,1.55,3.47,18.291
2022-11-01,2022,11,3101,Belo Horizonte - MG,N7,7170,Alimentação e bebidas,1,1.7,12.16,13.35,22.5292
2026-03-01,2026,3,3201,Grande Vitória - ES,N7,7445,Habitação,2,-0.04,0.58,8.52,15.8274
2025-02-01,2025,2,3101,Belo Horizonte - MG,N7,7625,Transportes,5,0.71,2.17,6.63,20.1493
2022-01-01,2022,1,3501,São Paulo - SP,N7,7660,Saúde e cuidados pessoais,6,0.41,0.41,3.49,12.1843
2026-01-01,2026,1,2301,Fortaleza - CE,N7,7169,Índice geral,0,0.47,0.47,4.43,100.0
2026-03-01,2026,3,2901,Salvador - BA,N7,7712,Despesas pessoais,7,0.25,1.58,5.84,10.388
2021-08-01,2021,8,4101,Curitiba - PR,N7,7486,Artigos de residência,3,0.36,6.7,12.34,4.1197
2026-02-01,2026,2,2601,Recife - PE,N7,7766,Educação,8,3.71,3.71,4.49,6.1144
2025-02-01,2025,2,2301,Fortaleza - CE,N7,7766,Educação,8,4.79,5.23,7.3,6.6599
2021-09-01,2021,9,2601,Recife - PE,N7,7170,Alimentação e bebidas,1,0.51,6.55,11.4,23.3992
2020-08-01,2020,8,3301,Rio de Janeiro - RJ,N7,7660,Saúde e cuidados pessoais,6,-0.05,1.83,,13.6659
2025-12-01,2025,12,1501,Belém - PA,N7,7558,Vestuário,4,0.31,2.05,2.05,6.2447
2024-09-01,2024,9,2301,Fortaleza - CE,N7,7486,Artigos de residência,3,-0.52,1.71,0.33,3.9136
2025-03-01,2025,3,4101,Curitiba - PR,N7,7786,Comunicação,9,0.55,0.27,3.22,4.1289
2021-07-01,2021,7,1501,Belém - PA,N7,7170,Alimentação e bebidas,1,0.33,3.67,13.98,27.5398
2020-08-01,2020,8,4101,Curitiba - PR,N7,7445,Habitação,2,-0.14,-1.11,,14.9282
2021-07-01,2021,7,4101,Curitiba - PR,N7,7445,Habitação,2,4.04,9.49,14.72,15.0716
2022-02-01,2022,2,3301,Rio de Janeiro - RJ,N7,7169,Índice geral,0,1.32,1.94,10.06,100.0
2023-01-01,2023,1,2301,Fortaleza - CE,N7,7625,Transportes,5,3.79,3.79,1.89,18.4842
2025-09-01,2025,9,3301,Rio de Janeiro - RJ,N7,7786,Comunicação,9,-0.33,-0.06,1.39,5.8881
2025-09-01,2025,9,3201,Grande Vitória - ES,N7,7786,Comunicação,9,-0.11,1.71,2.48,5.1433
2021-07-01,2021,7,4301,Porto Alegre - RS,N7,7486,Artigos de residência,3,1.02,5.65,12.73,4.2966
2021-09-01,2021,9,2601,Recife - PE,N7,7660,Saúde e cuidados pessoais,6,0.39,3.28,4.24,14.135
2022-10-01,2022,10,3501,São Paulo - SP,N7,7766,Educação,8,0.18,7.22,7.39,6.5447
2020-05-01,2020,5,3101,Belo Horizonte - MG,N7,7625,Transportes,5,-2.86,-5.3,,19.3367
2021-04-01,2021,4,4301,Porto Alegre - RS,N7,7558,Vestuário,4,0.23,1.01,1.24,4.588
2024-08-01,2024,8,2301,Fortaleza - CE,N7,7625,Transportes,5,0.11,1.21,3.01,19.1382
2022-10-01,2022,10,4101,Curitiba - PR,N7,7445,Habitação,2,-2.17,-7.36,-5.6,14.2229
2023-04-01,2023,4,3501,São Paulo - SP,N7,7445,Habitação,2,0.33,1.55,3.24,16.475
2020-06-01,2020,6,4101,Curitiba - PR,N7,7445,Habitação,2,-0.11,-0.28,,15.2282
2026-02-01,2026,2,1501,Belém - PA,N7,7558,Vestuário,4,-0.73,-2.27,-0.47,6.1632
2023-01-01,2023,1,3501,São Paulo - SP,N7,7660,Saúde e cuidados pessoais,6,0.22,0.22,11.12,12.7225
2024-12-01,2024,12,3301,Rio de Janeiro - RJ,N7,7766,Educação,8,0.09,6.53,6.53,5.4282
2026-06-01,2026,6,3101,Belo Horizonte - MG,N7,7486,Artigos de residência,3,0.26,3.32,1.03,3.6798
2023-12-01,2023,12,3301,Rio de Janeiro - RJ,N7,7558,Vestuário,4,0.98,2.5,2.5,3.8417
2025-03-01,2025,3,3301,Rio de Janeiro - RJ,N7,7625,Transportes,5,0.64,2.48,4.78,19.774
2020-05-01,2020,5,2301,Fortaleza - CE,N7,7786,Comunicação,9,-0.06,-0.07,,4.7197
2025-07-01,2025,7,4101,Curitiba - PR,N7,7445,Habitação,2,0.47,3.27,4.29,14.175
2022-04-01,2022,4,1501,Belém - PA,N7,7625,Transportes,5,2.3,5.02,15.46,19.3442
2021-05-01,2021,5,1501,Belém - PA,N7,7486,Artigos de residência,3,1.48,6.32,10.3,3.8329
2022-06-01,2022,6,4301,Porto Alegre - RS,N7,7169,Índice geral,0,0.7,3.85,10.68,100.0
2024-02-01,2024,2,4101,Curitiba - PR,N7,7712,Despesas pessoais,7,0.12,0.71,4.34,9.3415
2026-02-01,2026,2,2601,Recife - PE,N7,7712,Despesas pessoais,7,-0.23,1.04,6.05,8.6533
2020-02-01,2020,2,2901,Salvador - BA,N7,7486,Artigos de residência,3,0.14,-0.14,,4.1748
2026-04-01,2026,4,2601,Recife - PE,N7,7625,Transportes,5,0.5,5.73,7.98,19.732
2021-10-01,2021,10,2301,Fortaleza - CE,N7,7445,Habitação,2,1.14,11.94,15.95,17.1529
2023-03-01,2023,3,4101,Curitiba - PR,N7,7660,Saúde e cuidados pessoais,6,0.97,2.71,12.28,10.4311
2020-12-01,2020,12,3101,Belo Horizonte - MG,N7,7486,Artigos de residência,3,1.82,9.53,9.53,4.0654
2020-02-01,2020,2,3501,São Paulo - SP,N7,7486,Artigos de residência,3,-0.28,-0.74,,3.4578
2021-01-01,2021,1,3101,Belo Horizonte - MG,N7,7786,Comunicação,9,0.0,0.0,4.8,5.9315
2026-05-01,2026,5,2901,Salvador - BA,N7,7486,Artigos de residência,3,-0.4,1.23,-2.95,3.5029
2021-10-01,2021,10,3301,Rio de Janeiro - RJ,N7,7625,Transportes,5,1.95,11.78,14.28,19.9871
2022-06-01,2022,6,4301,Porto Alegre - RS,N7,7766,Educação,8,0.1,5.34,6.15,4.7086
2020-05-01,2020,5,4301,Porto Alegre - RS,N7,7712,Despesas pessoais,7,0.05,-0.23,,10.9476
2025-02-01,2025,2,1501,Belém - PA,N7,7766,Educação,8,5.17,5.2,7.04,3.6854
2023-02-01,2023,2,3301,Rio de Janeiro - RJ,N7,7486,Artigos de residência,3,-0.26,1.04,5.76,3.1562
2024-04-01,2024,4,1501,Belém - PA,N7,7625,Transportes,5,0.24,-0.35,6.01,18.4697
2021-04-01,2021,4,3301,Rio de Janeiro - RJ,N7,7712,Despesas pessoais,7,-0.44,0.73,0.78,9.4082
2021-12-01,2021,12,2601,Recife - PE,N7,7786,Comunicação,9,0.83,2.23,2.23,4.437
2021-12-01,2021,12,3101,Belo Horizonte - MG,N7,7660,Saúde e cuidados pessoais,6,0.57,4.18,4.18,13.3882
2022-11-01,2022,11,1501,Belém - PA,N7,7486,Artigos de residência,3,-1.59,3.29,4.65,3.932
2024-07-01,2024,7,4101,Curitiba - PR,N7,7786,Comunicação,9,0.36,2.96,2.75,4.229
2021-05-01,2021,5,2301,Fortaleza - CE,N7,7625,Transportes,5,0.8,6.57,12.36,18.7366
2026-04-01,2026,4,3201,Grande Vitória - ES,N7,7558,Vestuário,4,1.11,-0.13,5.64,3.8786
2020-07-01,2020,7,2301,Fortaleza - CE,N7,7786,Comunicação,9,0.42,1.07,,4.7595
2021-11-01,2021,11,2601,Recife - PE,N7,7169,Índice geral,0,1.02,9.27,11.02,100.0
2022-01-01,2022,1,2301,Fortaleza - CE,N7,7660,Saúde e cuidados pessoais,6,1.09,1.09,4.32,12.4955
2023-02-01,2023,2,3201,Grande Vitória - ES,N7,7766,Educação,8,6.65,6.91,7.92,5.1438
2025-07-01,2025,7,3201,Grande Vitória - ES,N7,7625,Transportes,5,0.51,2.09,4.04,23.3848
2021-07-01,2021,7,3101,Belo Horizonte - MG,N7,7486,Artigos de residência,3,0.33,7.42,15.75,4.2024
2025-02-01,2025,2,4301,Porto Alegre - RS,N7,7712,Despesas pessoais,7,0.28,0.83,5.13,10.6651
2024-09-01,2024,9,3201,Grande Vitória - ES,N7,7558,Vestuário,4,0.12,1.28,1.93,3.9717
2022-10-01,2022,10,4301,Porto Alegre - RS,N7,7625,Transportes,5,0.16,-7.76,-4.13,20.4098
2025-04-01,2025,4,3101,Belo Horizonte - MG,N7,7486,Artigos de residência,3,0.98,2.15,2.73,3.8075
2022-05-01,2022,5,3201,Grande Vitória - ES,N7,7766,Educação,8,0.06,4.82,5.52,5.197
2022-08-01,2022,8,3101,Belo Horizonte - MG,N7,7766,Educação,8,0.0,7.2,7.13,5.2277
2026-02-01,2026,2,1501,Belém - PA,N7,7786,Comunicação,9,0.14,1.76,2.15,4.0916
2022-09-01,2022,9,2901,Salvador - BA,N7,7445,Habitação,2,0.32,1.31,4.33,13.9471
2024-07-01,2024,7,1501,Belém - PA,N7,7170,Alimentação e bebidas,1,-0.66,3.34,2.67,26.9711
2020-06-01,2020,6,2301,Fortaleza - CE,N7,7786,Comunicação,9,0.71,0.65,,4.7417
2022-01-01,2022,1,3201,Grande Vitória - ES,N7,7766,Educação,8,0.12,0.12,8.63,5.1504
2020-11-01,2020,11,3301,Rio de Janeiro - RJ,N7,7786,Comunicação,9,0.28,4.34,,7.3677
2026-05-01,2026,5,3101,Belo Horizonte - MG,N7,7625,Transportes,5,-0.93,0.92,1.49,19.3527
2024-10-01,2024,10,2301,Fortaleza - CE,N7,7786,Comunicação,9,0.57,3.15,2.61,3.7407
2020-02-01,2020,2,4301,Porto Alegre - RS,N7,7445,Habitação,2,-0.6,0.24,,14.7511
2025-07-01,2025,7,2901,Salvador - BA,N7,7170,Alimentação e bebidas,1,-0.56,4.22,6.02,23.0489
2024-11-01,2024,11,2901,Salvador - BA,N7,7445,Habitação,2,-1.38,1.99,2.69,14.5424
2025-01-01,2025,1,2901,Salvador - BA,N7,7766,Educação,8,0.23,0.23,7.34,5.9964
2025-10-01,2025,10,2901,Salvador - BA,N7,7625,Transportes,5,0.49,1.09,3.68,18.3174
2020-09-01,2020,9,3101,Belo Horizonte - MG,N7,7712,Despesas pessoais,7,0.05,-0.44,,11.0919
2024-04-01,2024,4,3501,São Paulo - SP,N7,7169,Índice geral,0,0.35,1.68,3.74,100.0
2025-02-01,2025,2,3501,São Paulo - SP,N7,7558,Vestuário,4,-0.34,-0.84,1.97,4.0443
2025-07-01,2025,7,1501,Belém - PA,N7,7445,Habitação,2,-1.0,4.1,2.49,15.7805
2024-10-01,2024,10,4101,Curitiba - PR,N7,7445,Habitação,2,1.2,4.42,3.92,14.3794
2023-04-01,2023,4,3201,Grande Vitória - ES,N7,7170,Alimentação e bebidas,1,0.44,0.89,5.63,17.9421
2020-12-01,2020,12,3501,São Paulo - SP,N7,7486,Artigos de residência,3,2.32,7.18,7.18,3.5349
2021-05-01,2021,5,2601,Recife - PE,N7,7766,Educação,8,0.11,2.92,3.08,5.9761
2020-06-01,2020,6,2901,Salvador - BA,N7,7169,Índice geral,0,0.68,0.72,,100.0
2025-12-01,2025,12,3201,Grande Vitória - ES,N7,7445,Habitação,2,-1.2,9.4,9.4,16.1404
2025-01-01,2025,1,4101,Curitiba - PR,N7,7766,Educação,8,0.21,0.21,6.31,5.438
2023-03-01,2023,3,4301,Porto Alegre - RS,N7,7558,Vestuário,4,0.54,-0.02,13.16,5.0866
2022-05-01,2022,5,2601,Recife - PE,N7,7786,Comunicação,9,1.1,1.99,4.06,4.2909
2024-11-01,2024,11,3301,Rio de Janeiro - RJ,N7,7170,Alimentação e bebidas,1,1.68,6.87,8.35,20.6378
2024-03-01,2024,3,3101,Belo Horizonte - MG,N7,7445,Habitação,2,0.22,1.84,5.72,13.0638
2022-01-01,2022,1,3201,Grande Vitória - ES,N7,7486,Artigos de residência,3,1.63,1.63,11.69,3.8866
2026-02-01,2026,2,2901,Salvador - BA,N7,7625,Transportes,5,-0.32,1.13,1.82,18.5457
2020-03-01,2020,3,3501,São Paulo - SP,N7,7786,Comunicação,9,0.28,0.52,,5.6911
2026-01-01,2026,1,3201,Grande Vitória - ES,N7,7660,Saúde e cuidados pessoais,6,0.8,0.8,5.42,16.0454
2021-04-01,2021,4,3101,Belo Horizonte - MG,N7,7558,Vestuário,4,1.23,1.53,1.85,4.5255
2020-01-01,2020,1,3201,Grande Vitória - ES,N7,7486,Artigos de residência,3,0.65,0.65,,3.8407
2021-02-01,2021,2,2901,Salvador - BA,N7,7445,Habitação,2,0.28,-1.13,5.66,14.0186
2022-12-01,2022,12,2601,Recife - PE,N7,7169,Índice geral,0,0.88,5.8,5.8,100.0
2020-03-01,2020,3,3501,São Paulo - SP,N7,7169,Índice geral,0,0.09,0.66,,100.0
2022-06-01,2022,6,3201,Grande Vitória - ES,N7,7170,Alimentação e bebidas,1,0.8,7.18,14.89,17.6117
2024-07-01,2024,7,3301,Rio de Janeiro - RJ,N7,7786,Comunicação,9,0.3,1.49,-0.84,6.0631
2025-02-01,2025,2,3301,Rio de Janeiro - RJ,N7,7558,Vestuário,4,-0.34,-0.71,2.36,3.7326
2023-07-01,2023,7,2601,Recife - PE,N7,7558,Vestuário,4,-0.54,0.98,7.58,6.0391
2023-01-01,2023,1,4101,Curitiba - PR,N7,7660,Saúde e cuidados pessoais,6,0.06,0.06,11.29,10.3607
2020-10-01,2020,10,4101,Curitiba - PR,N7,7170,Alimentação e bebidas,1,2.2,8.97,,20.669
2020-10-01,2020,10,3301,Rio de Janeiro - RJ,N7,7558,Vestuário,4,0.79,-2.45,,3.464
2022-05-01,2022,5,4301,Porto Alegre - RS,N7,7786,Comunicação,9,0.5,1.47,3.69,5.6893
2022-04-01,2022,4,2901,Salvador - BA,N7,7786,Comunicação,9,0.24,1.32,2.34,4.3417
2022-10-01,2022,10,3101,Belo Horizonte - MG,N7,7786,Comunicação,9,-0.63,-0.82,0.01,5.3262
2020-06-01,2020,6,4301,Porto Alegre - RS,N7,7712,Despesas pessoais,7,-0.15,-0.38,,11.0012
2024-02-01,2024,2,2301,Fortaleza - CE,N7,7445,Habitação,2,0.77,1.16,6.03,16.4907
2024-04-01,2024,4,4101,Curitiba - PR,N7,7712,Despesas pessoais,7,0.23,1.67,5.03,9.339
2025-12-01,2025,12,4301,Porto Alegre - RS,N7,7445,Habitação,2,1.32,9.65,9.65,14.589
2020-07-01,2020,7,3101,Belo Horizonte - MG,N7,7558,Vestuário,4,-1.09,-1.89,,4.7856
2024-01-01,2024,1,4101,Curitiba - PR,N7,7625,Transportes,5,-0.45,-0.45,4.27,26.1393
2020-04-01,2020,4,4301,Porto Alegre - RS,N7,7625,Transportes,5,-3.44,-4.89,,20.746
2023-10-01,2023,10,2601,Recife - PE,N7,7486,Artigos de residência,3,0.13,-0.53,-0.2,4.1239
2024-12-01,2024,12,4301,Porto Alegre - RS,N7,7660,Saúde e cuidados pessoais,6,0.38,5.48,5.48,13.2825
2025-04-01,2025,4,4301,Porto Alegre - RS,N7,7712,Despesas pessoais,7,0.8,2.3,5.84,10.5462
2024-12-01,2024,12,3201,Grande Vitória - ES,N7,7445,Habitação,2,-0.32,1.94,1.94,15.4011
2024-07-01,2024,7,3501,São Paulo - SP,N7,7169,Índice geral,0,0.52,2.88,4.74,100.0
2020-11-01,2020,11,4101,Curitiba - PR,N7,7786,Comunicação,9,0.14,1.38,,5.1311
2023-09-01,2023,9,1501,Belém - PA,N7,7712,Despesas pessoais,7,0.28,4.14,5.18,7.6278
2020-11-01,2020,11,3201,Grande Vitória - ES,N7,7486,Artigos de residência,3,0.78,6.16,,3.9399
2025-03-01,2025,3,2601,Recife - PE,N7,7766,Educação,8,0.0,4.95,5.31,6.2539
2026-03-01,2026,3,2901,Salvador - BA,N7,7558,Vestuário,4,-0.41,-1.59,2.84,5.1954
2025-12-01,2025,12,3501,São Paulo - SP,N7,7486,Artigos de residência,3,0.92,-0.19,-0.19,3.3339
2023-02-01,2023,2,3201,Grande Vitória - ES,N7,7625,Transportes,5,0.69,1.83,1.31,23.7449
2022-11-01,2022,11,2601,Recife - PE,N7,7766,Educação,8,0.04,7.04,7.25,5.7185
2024-11-01,2024,11,3301,Rio de Janeiro - RJ,N7,7786,Comunicação,9,0.06,2.05,1.84,6.0304
2025-11-01,2025,11,3201,Grande Vitória - ES,N7,7558,Vestuário,4,0.03,5.82,7.01,3.9828
2020-10-01,2020,10,1501,Belém - PA,N7,7445,Habitação,2,1.12,0.8,,15.669
2024-08-01,2024,8,2301,Fortaleza - CE,N7,7445,Habitação,2,0.19,1.38,4.24,16.2494
2022-04-01,2022,4,4301,Porto Alegre - RS,N7,7486,Artigos de residência,3,1.82,6.18,15.91,4.4334
2025-10-01,2025,10,3101,Belo Horizonte - MG,N7,7625,Transportes,5,-0.85,1.05,1.48,19.6097
2022-01-01,2022,1,4101,Curitiba - PR,N7,7766,Educação,8,0.05,0.05,3.94,5.182
2020-09-01,2020,9,2901,Salvador - BA,N7,7660,Saúde e cuidados pessoais,6,-0.59,1.39,,15.5107
2022-09-01,2022,9,3201,Grande Vitória - ES,N7,7786,Comunicação,9,-1.75,-1.1,-0.09,5.4928
2020-08-01,2020,8,1501,Belém - PA,N7,7766,Educação,8,-6.85,-1.73,,3.7926
2022-07-01,2022,7,4301,Porto Alegre - RS,N7,7169,Índice geral,0,-0.59,3.24,8.69,100.0
2021-05-01,2021,5,2901,Salvador - BA,N7,7766,Educação,8,0.04,2.92,-2.32,5.8053
2026-02-01,2026,2,2301,Fortaleza - CE,N7,7766,Educação,8,5.9,6.08,7.14,6.761
2022-10-01,2022,10,3501,São Paulo - SP,N7,7625,Transportes,5,0.79,-1.48,2.2,19.6335
2024-02-01,2024,2,2901,Salvador - BA,N7,7786,Comunicação,9,1.4,1.01,1.28,3.993
2020-12-01,2020,12,3301,Rio de Janeiro - RJ,N7,7170,Alimentação e bebidas,1,2.72,12.51,12.51,20.3336
2025-08-01,2025,8,2601,Recife - PE,N7,7558,Vestuário,4,1.61,2.11,3.79,5.7077
2020-09-01,2020,9,4301,Porto Alegre - RS,N7,7786,Comunicação,9,-0.13,2.03,,6.4274
2020-04-01,2020,4,2601,Recife - PE,N7,7712,Despesas pessoais,7,-0.45,0.09,,9.2369
2020-03-01,2020,3,1501,Belém - PA,N7,7445,Habitação,2,-0.98,-1.14,,15.8126
2020-01-01,2020,1,3301,Rio de Janeiro - RJ,N7,7486,Artigos de residência,3,-0.03,-0.03,,2.9798
2021-10-01,2021,10,3101,Belo Horizonte - MG,N7,7445,Habitação,2,1.02,7.53,11.9,14.3831
2025-09-01,2025,9,3101,Belo Horizonte - MG,N7,7766,Educação,8,0.03,5.53,5.71,5.5169
2020-07-01,2020,7,3101,Belo Horizonte - MG,N7,7660,Saúde e cuidados pessoais,6,0.45,1.64,,14.643
2020-03-01,2020,3,4301,Porto Alegre - RS,N7,7625,Transportes,5,-1.56,-1.5,,21.0078
2023-02-01,2023,2,2601,Recife - PE,N7,7169,Índice geral,0,0.99,1.03,5.42,100.0
2026-03-01,2026,3,3501,São Paulo - SP,N7,7169,Índice geral,0,0.78,2.04,4.76,100.0
2020-12-01,2020,12,2301,Fortaleza - CE,N7,7169,Índice geral,0,1.46,5.74,5.74,100.0
2021-09-01,2021,9,3101,Belo Horizonte - MG,N7,7558,Vestuário,4,1.18,6.57,9.85,4.6249
2022-11-01,2022,11,2301,Fortaleza - CE,N7,7445,Habitação,2,-0.08,2.1,2.53,16.7212
2022-06-01,2022,6,2601,Recife - PE,N7,7445,Habitação,2,0.67,1.42,9.57,14.1857
2021-01-01,2021,1,3501,São Paulo - SP,N7,7558,Vestuário,4,0.43,0.43,-1.37,3.6871
2020-02-01,2020,2,4101,Curitiba - PR,N7,7712,Despesas pessoais,7,0.33,0.19,,10.0246
2021-08-01,2021,8,3301,Rio de Janeiro - RJ,N7,7786,Comunicação,9,-0.07,-0.01,1.36,6.9974
2023-12-01,2023,12,1501,Belém - PA,N7,7712,Despesas pessoais,7,0.64,5.03,5.03,7.6248
2025-01-01,2025,1,4101,Curitiba - PR,N7,7712,Despesas pessoais,7,0.14,0.14,4.57,9.3776
2026-01-01,2026,1,2601,Recife - PE,N7,7625,Transportes,5,0.66,0.66,4.0,19.1559
2025-10-01,2025,10,3201,Grande Vitória - ES,N7,7169,Índice geral,0,0.31,4.67,5.39,100.0
2023-02-01,2023,2,2301,Fortaleza - CE,N7,7170,Alimentação e bebidas,1,0.13,0.69,9.03,24.7778
2025-11-01,2025,11,3201,Grande Vitória - ES,N7,7786,Comunicação,9,-0.32,1.36,1.68,5.0817
2024-12-01,2024,12,3201,Grande Vitória - ES,N7,7558,Vestuário,4,1.13,2.06,2.06,3.917
2023-08-01,2023,8,1501,Belém - PA,N7,7786,Comunicação,9,-0.71,3.71,0.17,4.3465
2024-05-01,2024,5,4301,Porto Alegre - RS,N7,7169,Índice geral,0,0.87,2.04,3.83,100.0
2022-08-01,2022,8,4301,Porto Alegre - RS,N7,7625,Transportes,5,-4.56,-5.92,3.98,21.5489
2021-09-01,2021,9,3101,Belo Horizonte - MG,N7,7786,Comunicação,9,0.07,-0.28,1.43,5.6259
2022-05-01,2022,5,2301,Fortaleza - CE,N7,7169,Índice geral,0,1.41,5.69,11.89,100.0
2021-10-01,2021,10,3101,Belo Horizonte - MG,N7,7558,Vestuário,4,1.12,7.76,9.28,4.6178
2022-03-01,2022,3,2601,Recife - PE,N7,7712,Despesas pessoais,7,0.08,1.03,6.19,8.4151
2025-08-01,2025,8,3201,Grande Vitória - ES,N7,7786,Comunicação,9,-0.25,1.82,2.57,5.1684
2022-06-01,2022,6,4101,Curitiba - PR,N7,7486,Artigos de residência,3,-0.01,4.78,12.44,4.1193
2022-02-01,2022,2,3301,Rio de Janeiro - RJ,N7,7660,Saúde e cuidados pessoais,6,0.42,0.23,2.23,12.345
2023-05-01,2023,5,3301,Rio de Janeiro - RJ,N7,7712,Despesas pessoais,7,0.7,2.66,7.98,9.2164
2022-02-01,2022,2,3501,São Paulo - SP,N7,7625,Transportes,5,0.47,0.07,16.41,20.8427
2022-02-01,2022,2,3501,São Paulo - SP,N7,7445,Habitação,2,0.77,1.58,15.78,17.2427
2024-05-01,2024,5,2301,Fortaleza - CE,N7,7625,Transportes,5,0.7,-1.47,2.11,18.7651
2022-04-01,2022,4,3501,São Paulo - SP,N7,7170,Alimentação e bebidas,1,2.35,7.16,13.79,19.9248
2024-12-01,2024,12,3501,São Paulo - SP,N7,7169,Índice geral,0,0.52,5.01,5.01,100.0
2021-08-01,2021,8,3101,Belo Horizonte - MG,N7,7712,Despesas pessoais,7,0.48,2.08,3.1,10.4219
2020-04-01,2020,4,3101,Belo Horizonte - MG,N7,7766,Educação,8,-0.16,4.49,,5.8626
2022-04-01,2022,4,4101,Curitiba - PR,N7,7558,Vestuário,4,1.43,3.64,14.45,4.6499
2020-06-01,2020,6,2901,Salvador - BA,N7,7625,Transportes,5,2.41,-4.85,,17.4353
2020-07-01,2020,7,4301,Porto Alegre - RS,N7,7170,Alimentação e bebidas,1,0.03,4.77,,20.3405
2024-02-01,2024,2,2601,Recife - PE,N7,7445,Habitação,2,0.41,0.94,4.34,13.7514
2022-12-01,2022,12,3501,São Paulo - SP,N7,7558,Vestuário,4,1.42,19.95,19.95,4.2331
2022-12-01,2022,12,2601,Recife - PE,N7,7712,Despesas pessoais,7,0.48,5.12,5.12,8.4307
2023-05-01,2023,5,4301,Porto Alegre - RS,N7,7766,Educação,8,-0.07,5.67,7.63,4.9132
2025-04-01,2025,4,4101,Curitiba - PR,N7,7625,Transportes,5,-0.54,2.75,4.42,25.8572
2026-04-01,2026,4,1501,Belém - PA,N7,7170,Alimentação e bebidas,1,2.39,6.67,5.06,27.7591
2021-05-01,2021,5,2601,Recife - PE,N7,7486,Artigos de residência,3,1.66,3.88,11.05,4.1649
2020-06-01,2020,6,4101,Curitiba - PR,N7,7625,Transportes,5,1.85,-5.7,,23.2861
2023-11-01,2023,11,4301,Porto Alegre - RS,N7,7486,Artigos de residência,3,0.15,-1.57,-1.49,4.2933
2020-09-01,2020,9,4101,Curitiba - PR,N7,7712,Despesas pessoais,7,0.12,-0.8,,9.9608
2025-11-01,2025,11,2901,Salvador - BA,N7,7445,Habitação,2,-0.15,4.67,4.64,14.3974
2021-07-01,2021,7,3201,Grande Vitória - ES,N7,7445,Habitação,2,1.72,3.94,10.21,15.6266
2025-09-01,2025,9,3101,Belo Horizonte - MG,N7,7558,Vestuário,4,0.76,3.74,6.17,5.0679
2024-09-01,2024,9,3101,Belo Horizonte - MG,N7,7445,Habitação,2,1.51,6.55,6.73,13.2208
2025-06-01,2025,6,1501,Belém - PA,N7,7486,Artigos de residência,3,-0.09,0.62,2.47,3.64
2024-08-01,2024,8,3501,São Paulo - SP,N7,7786,Comunicação,9,0.26,1.62,1.2,4.7591
2020-09-01,2020,9,3501,São Paulo - SP,N7,7486,Artigos de residência,3,0.61,1.69,,3.4928
2020-12-01,2020,12,1501,Belém - PA,N7,7625,Transportes,5,1.1,0.09,0.09,17.9156
2026-03-01,2026,3,3201,Grande Vitória - ES,N7,7170,Alimentação e bebidas,1,1.3,2.47,1.9,17.577
2021-11-01,2021,11,3201,Grande Vitória - ES,N7,7712,Despesas pessoais,7,0.72,4.06,4.5,8.4323
2025-06-01,2025,6,2601,Recife - PE,N7,7766,Educação,8,-0.01,5.15,5.6,6.1954
2022-02-01,2022,2,2901,Salvador - BA,N7,7786,Comunicação,9,0.49,0.86,1.12,4.4139
2021-06-01,2021,6,3201,Grande Vitória - ES,N7,7660,Saúde e cuidados pessoais,6,0.28,4.36,4.38,15.7903
2023-11-01,2023,11,3301,Rio de Janeiro - RJ,N7,7660,Saúde e cuidados pessoais,6,0.31,7.4,8.5,13.421
2020-07-01,2020,7,2901,Salvador - BA,N7,7625,Transportes,5,0.77,-4.12,,17.7346
2021-02-01,2021,2,4101,Curitiba - PR,N7,7766,Educação,8,1.1,1.3,-0.91,5.5988
2020-05-01,2020,5,2301,Fortaleza - CE,N7,7170,Alimentação e bebidas,1,0.72,5.42,,22.7953
2026-04-01,2026,4,3301,Rio de Janeiro - RJ,N7,7786,Comunicação,9,0.51,1.44,0.82,5.7548
2025-10-01,2025,10,3201,Grande Vitória - ES,N7,7625,Transportes,5,0.24,2.29,3.4,23.2373
2024-11-01,2024,11,3101,Belo Horizonte - MG,N7,7445,Habitação,2,-1.44,6.44,6.48,13.4666
2024-05-01,2024,5,3101,Belo Horizonte - MG,N7,7660,Saúde e cuidados pessoais,6,0.97,4.05,5.85,14.5534
2023-08-01,2023,8,2601,Recife - PE,N7,7712,Despesas pessoais,7,0.76,3.17,4.56,8.3536
2023-10-01,2023,10,2301,Fortaleza - CE,N7,7170,Alimentação e bebidas,1,0.22,-0.26,0.84,23.8384
2026-04-01,2026,4,4301,Porto Alegre - RS,N7,7786,Comunicação,9,0.8,1.98,2.17,5.2349
2024-03-01,2024,3,4301,Porto Alegre - RS,N7,7170,Alimentação e bebidas,1,0.13,1.91,0.83,21.3906
2024-01-01,2024,1,2301,Fortaleza - CE,N7,7170,Alimentação e bebidas,1,1.72,1.72,2.29,23.9608
2023-04-01,2023,4,3101,Belo Horizonte - MG,N7,7712,Despesas pessoais,7,-0.01,1.39,6.0,10.4995
2020-05-01,2020,5,3101,Belo Horizonte - MG,N7,7486,Artigos de residência,3,0.5,-1.29,,3.818
2022-11-01,2022,11,2601,Recife - PE,N7,7786,Comunicação,9,-0.03,-2.53,-1.72,4.1319
2025-03-01,2025,3,4101,Curitiba - PR,N7,7660,Saúde e cuidados pessoais,6,-0.13,0.93,5.43,10.6755
2025-04-01,2025,4,2301,Fortaleza - CE,N7,7786,Comunicação,9,0.57,-0.09,1.12,3.6523
2022-11-01,2022,11,2901,Salvador - BA,N7,7766,Educação,8,0.04,9.32,9.6,5.6597
2025-11-01,2025,11,3101,Belo Horizonte - MG,N7,7445,Habitação,2,0.1,8.15,7.44,13.6508
2023-01-01,2023,1,2601,Recife - PE,N7,7445,Habitação,2,-0.21,-0.21,-1.9,13.7304
2021-03-01,2021,3,4301,Porto Alegre - RS,N7,7766,Educação,8,-0.24,-0.97,-2.5,5.0231
2020-04-01,2020,4,3101,Belo Horizonte - MG,N7,7170,Alimentação e bebidas,1,1.46,3.62,,19.8358
2024-04-01,2024,4,2301,Fortaleza - CE,N7,7558,Vestuário,4,0.37,-0.5,3.05,4.8292
2020-05-01,2020,5,2901,Salvador - BA,N7,7625,Transportes,5,-4.11,-7.09,,18.0968
2025-09-01,2025,9,3101,Belo Horizonte - MG,N7,7169,Índice geral,0,0.31,3.66,5.04,100.0
2020-12-01,2020,12,4301,Porto Alegre - RS,N7,7558,Vestuário,4,0.88,-1.86,-1.86,4.6906
2022-09-01,2022,9,3301,Rio de Janeiro - RJ,N7,7169,Índice geral,0,-0.11,5.5,8.42,100.0
2025-06-01,2025,6,3101,Belo Horizonte - MG,N7,7445,Habitação,2,2.75,6.34,7.35,13.1614
2025-09-01,2025,9,3101,Belo Horizonte - MG,N7,7445,Habitação,2,2.69,8.67,7.84,13.3905
2021-06-01,2021,6,1501,Belém - PA,N7,7766,Educação,8,-0.06,5.97,-1.05,3.492
2025-10-01,2025,10,3101,Belo Horizonte - MG,N7,7169,Índice geral,0,-0.15,3.51,4.36,100.0
2026-02-01,2026,2,3201,Grande Vitória - ES,N7,7786,Comunicação,9,0.58,1.2,2.72,5.0752
2022-01-01,2022,1,4301,Porto Alegre - RS,N7,7766,Educação,8,0.32,0.32,0.25,4.6148
2024-06-01,2024,6,2601,Recife - PE,N7,7766,Educação,8,0.01,4.93,5.14,6.1204
2020-12-01,2020,12,3201,Grande Vitória - ES,N7,7486,Artigos de residência,3,0.75,6.96,6.96,3.9323
2024-03-01,2024,3,2601,Recife - PE,N7,7445,Habitação,2,-0.26,0.68,4.03,13.7071
2024-01-01,2024,1,3501,São Paulo - SP,N7,7786,Comunicação,9,-0.16,-0.16,1.04,4.8305
2022-05-01,2022,5,1501,Belém - PA,N7,7625,Transportes,5,0.83,5.9,15.96,19.5531
2024-09-01,2024,9,4301,Porto Alegre - RS,N7,7170,Alimentação e bebidas,1,-0.12,2.3,3.26,21.1501
2022-10-01,2022,10,3101,Belo Horizonte - MG,N7,7625,Transportes,5,0.43,-5.33,-1.01,19.825
2020-04-01,2020,4,3301,Rio de Janeiro - RJ,N7,7766,Educação,8,-0.04,4.45,,5.6818
2025-10-01,2025,10,4101,Curitiba - PR,N7,7170,Alimentação e bebidas,1,0.35,3.83,5.69,21.5399
2023-03-01,2023,3,3301,Rio de Janeiro - RJ,N7,7445,Habitação,2,0.81,0.13,0.56,18.0637
2021-10-01,2021,10,4101,Curitiba - PR,N7,7766,Educação,8,0.2,4.11,4.34,5.3307
2021-07-01,2021,7,2301,Fortaleza - CE,N7,7169,Índice geral,0,0.92,6.08,10.46,100.0
2024-08-01,2024,8,1501,Belém - PA,N7,7169,Índice geral,0,-0.4,2.58,3.87,100.0
2023-06-01,2023,6,2601,Recife - PE,N7,7712,Despesas pessoais,7,0.32,1.87,4.85,8.3409
2024-08-01,2024,8,1501,Belém - PA,N7,7558,Vestuário,4,0.24,2.97,5.36,6.3283
2021-03-01,2021,3,4301,Porto Alegre - RS,N7,7625,Transportes,5,3.51,7.17,8.31,20.602
2024-10-01,2024,10,1501,Belém - PA,N7,7558,Vestuário,4,1.4,4.63,5.67,6.3702
2022-08-01,2022,8,3301,Rio de Janeiro - RJ,N7,7660,Saúde e cuidados pessoais,6,1.37,7.87,8.39,12.538
2026-06-01,2026,6,2301,Fortaleza - CE,N7,7625,Transportes,5,-0.28,5.48,5.43,18.9819
2024-02-01,2024,2,3301,Rio de Janeiro - RJ,N7,7712,Despesas pessoais,7,-0.2,0.67,4.59,9.4176
2025-02-01,2025,2,3301,Rio de Janeiro - RJ,N7,7766,Educação,8,4.75,4.91,6.01,5.4064
2025-10-01,2025,10,3101,Belo Horizonte - MG,N7,7712,Despesas pessoais,7,-0.04,4.95,7.12,10.8368
2024-09-01,2024,9,4101,Curitiba - PR,N7,7445,Habitação,2,1.47,3.17,2.86,14.2809
2022-10-01,2022,10,3101,Belo Horizonte - MG,N7,7558,Vestuário,4,1.37,15.1,16.49,5.0726
2021-05-01,2021,5,4301,Porto Alegre - RS,N7,7625,Transportes,5,2.19,8.63,15.55,20.9149
2023-10-01,2023,10,3101,Belo Horizonte - MG,N7,7712,Despesas pessoais,7,0.33,4.55,4.86,10.6405
2026-01-01,2026,1,3501,São Paulo - SP,N7,7170,Alimentação e bebidas,1,0.13,0.13,2.91,20.5558
2026-04-01,2026,4,3201,Grande Vitória - ES,N7,7486,Artigos de residência,3,1.13,2.85,0.68,3.5128
2021-12-01,2021,12,2601,Recife - PE,N7,7486,Artigos de residência,3,2.6,11.28,11.28,4.1424
2026-03-01,2026,3,2301,Fortaleza - CE,N7,7445,Habitação,2,0.31,0.18,5.84,16.2945
2020-04-01,2020,4,3201,Grande Vitória - ES,N7,7660,Saúde e cuidados pessoais,6,0.31,1.5,,16.2534
2022-12-01,2022,12,3101,Belo Horizonte - MG,N7,7170,Alimentação e bebidas,1,1.25,13.55,13.55,22.7906
2023-12-01,2023,12,3201,Grande Vitória - ES,N7,7445,Habitação,2,0.18,5.89,5.89,15.6827
2023-07-01,2023,7,1501,Belém - PA,N7,7786,Comunicação,9,0.5,4.45,-0.52,4.3362
2022-09-01,2022,9,3101,Belo Horizonte - MG,N7,7169,Índice geral,0,-0.35,2.78,5.78,100.0
2025-08-01,2025,8,4301,Porto Alegre - RS,N7,7558,Vestuário,4,0.21,2.16,3.09,4.9254
2023-07-01,2023,7,2901,Salvador - BA,N7,7712,Despesas pessoais,7,0.56,2.84,4.97,9.8339
2022-01-01,2022,1,4101,Curitiba - PR,N7,7558,Vestuário,4,-1.13,-1.13,8.79,4.7419
2021-05-01,2021,5,3301,Rio de Janeiro - RJ,N7,7660,Saúde e cuidados pessoais,6,1.36,3.28,3.7,13.1061
2026-01-01,2026,1,2901,Salvador - BA,N7,7786,Comunicação,9,1.08,1.08,2.32,3.8482
2020-06-01,2020,6,2301,Fortaleza - CE,N7,7660,Saúde e cuidados pessoais,6,0.35,0.68,,13.8163
2022-04-01,2022,4,2301,Fortaleza - CE,N7,7558,Vestuário,4,1.47,2.77,14.31,4.4319
2021-01-01,2021,1,3201,Grande Vitória - ES,N7,7766,Educação,8,0.03,0.03,0.16,5.2915
2020-10-01,2020,10,1501,Belém - PA,N7,7660,Saúde e cuidados pessoais,6,0.58,0.6,,13.1349
2024-10-01,2024,10,4301,Porto Alegre - RS,N7,7660,Saúde e cuidados pessoais,6,0.62,4.95,5.43,13.2101
2022-08-01,2022,8,4301,Porto Alegre - RS,N7,7712,Despesas pessoais,7,0.52,5.56,8.49,10.1179
2022-07-01,2022,7,3301,Rio de Janeiro - RJ,N7,7445,Habitação,2,0.18,2.77,7.9,18.2039
2021-09-01,2021,9,3301,Rio de Janeiro - RJ,N7,7558,Vestuário,4,2.0,5.28,7.32,3.3925
2020-12-01,2020,12,3101,Belo Horizonte - MG,N7,7169,Índice geral,0,1.53,4.99,4.99,100.0
2023-03-01,2023,3,2901,Salvador - BA,N7,7486,Artigos de residência,3,0.13,-0.42,0.98,4.1459
2020-07-01,2020,7,2301,Fortaleza - CE,N7,7170,Alimentação e bebidas,1,0.13,5.89,,23.073
2023-10-01,2023,10,2901,Salvador - BA,N7,7625,Transportes,5,0.45,5.85,5.12,18.6483
2023-12-01,2023,12,4101,Curitiba - PR,N7,7169,Índice geral,0,0.26,4.18,4.18,100.0
2024-09-01,2024,9,3201,Grande Vitória - ES,N7,7660,Saúde e cuidados pessoais,6,0.33,4.86,6.25,16.0936
2025-08-01,2025,8,3301,Rio de Janeiro - RJ,N7,7766,Educação,8,0.75,6.28,6.48,5.5479
2023-07-01,2023,7,2601,Recife - PE,N7,7169,Índice geral,0,0.4,2.93,3.31,100.0
2022-05-01,2022,5,3201,Grande Vitória - ES,N7,7712,Despesas pessoais,7,0.38,2.97,6.53,8.3086
2021-08-01,2021,8,2301,Fortaleza - CE,N7,7786,Comunicação,9,0.43,-0.28,0.82,4.3776
2020-10-01,2020,10,3301,Rio de Janeiro - RJ,N7,7766,Educação,8,0.01,-0.25,,5.3894
2020-07-01,2020,7,4101,Curitiba - PR,N7,7169,Índice geral,0,0.39,-0.29,,100.0
2021-12-01,2021,12,2301,Fortaleza - CE,N7,7486,Artigos de residência,3,1.47,11.14,11.14,4.0219
2021-10-01,2021,10,4101,Curitiba - PR,N7,7660,Saúde e cuidados pessoais,6,0.87,5.34,5.53,9.896
2022-11-01,2022,11,2301,Fortaleza - CE,N7,7625,Transportes,5,0.99,-1.68,-1.47,18.4702
2024-06-01,2024,6,2601,Recife - PE,N7,7558,Vestuário,4,0.42,-0.46,0.02,5.8196
2021-05-01,2021,5,3301,Rio de Janeiro - RJ,N7,7486,Artigos de residência,3,1.13,3.69,13.58,3.064
2023-10-01,2023,10,2301,Fortaleza - CE,N7,7169,Índice geral,0,-0.06,3.69,4.61,100.0
2024-12-01,2024,12,1501,Belém - PA,N7,7558,Vestuário,4,1.18,5.21,5.21,6.3404
2021-05-01,2021,5,3101,Belo Horizonte - MG,N7,7625,Transportes,5,0.55,9.46,16.53,20.3088
2023-01-01,2023,1,1501,Belém - PA,N7,7486,Artigos de residência,3,0.19,0.19,2.2,3.8247
2020-09-01,2020,9,3201,Grande Vitória - ES,N7,7445,Habitação,2,0.52,1.95,,15.6576
2022-06-01,2022,6,3501,São Paulo - SP,N7,7786,Comunicação,9,0.11,2.3,3.6,5.0934
2020-03-01,2020,3,3501,São Paulo - SP,N7,7660,Saúde e cuidados pessoais,6,0.24,0.71,,13.2047
2021-02-01,2021,2,3501,São Paulo - SP,N7,7786,Comunicação,9,-0.23,-0.03,2.74,5.6312
2020-02-01,2020,2,4301,Porto Alegre - RS,N7,7486,Artigos de residência,3,-0.22,0.52,,4.1721
2022-08-01,2022,8,4101,Curitiba - PR,N7,7660,Saúde e cuidados pessoais,6,1.11,8.04,10.25,9.9484
2025-03-01,2025,3,2601,Recife - PE,N7,7712,Despesas pessoais,7,0.86,0.94,4.81,8.3893
2025-07-01,2025,7,1501,Belém - PA,N7,7660,Saúde e cuidados pessoais,6,0.75,5.21,5.72,12.9122
2021-10-01,2021,10,3201,Grande Vitória - ES,N7,7169,Índice geral,0,1.53,9.58,12.22,100.0
2021-01-01,2021,1,3501,São Paulo - SP,N7,7660,Saúde e cuidados pessoais,6,0.36,0.36,2.44,12.9077
2021-08-01,2021,8,4301,Porto Alegre - RS,N7,7660,Saúde e cuidados pessoais,6,-0.44,3.0,2.64,12.5997
2025-08-01,2025,8,3501,São Paulo - SP,N7,7766,Educação,8,1.11,6.39,6.51,6.9456
2020-06-01,2020,6,2601,Recife - PE,N7,7766,Educação,8,0.12,3.84,,6.2418
2020-05-01,2020,5,2601,Recife - PE,N7,7625,Transportes,5,-1.47,-5.85,,17.9805
2024-11-01,2024,11,3501,São Paulo - SP,N7,7766,Educação,8,-0.13,7.05,7.39,6.8914
2022-11-01,2022,11,2601,Recife - PE,N7,7170,Alimentação e bebidas,1,0.5,10.55,11.26,24.3311
2021-12-01,2021,12,4101,Curitiba - PR,N7,7169,Índice geral,0,0.51,12.73,12.73,100.0
2022-06-01,2022,6,2901,Salvador - BA,N7,7786,Comunicação,9,0.46,2.76,3.66,4.3088
2023-12-01,2023,12,3201,Grande Vitória - ES,N7,7486,Artigos de residência,3,0.99,1.42,1.42,3.7151
2025-03-01,2025,3,1501,Belém - PA,N7,7170,Alimentação e bebidas,1,0.38,3.91,6.79,27.8943
2022-03-01,2022,3,3201,Grande Vitória - ES,N7,7786,Comunicação,9,-0.13,0.57,1.17,5.6046
2024-05-01,2024,5,3301,Rio de Janeiro - RJ,N7,7486,Artigos de residência,3,-0.6,-1.87,-0.45,2.9774
2020-09-01,2020,9,3101,Belo Horizonte - MG,N7,7660,Saúde e cuidados pessoais,6,-0.65,1.5,,14.6976
2021-12-01,2021,12,4301,Porto Alegre - RS,N7,7625,Transportes,5,0.17,24.5,24.5,22.7167
2022-08-01,2022,8,2601,Recife - PE,N7,7712,Despesas pessoais,7,0.72,3.72,7.05,8.2573
2022-08-01,2022,8,4301,Porto Alegre - RS,N7,7766,Educação,8,0.58,6.38,6.67,4.7275
2023-10-01,2023,10,2301,Fortaleza - CE,N7,7486,Artigos de residência,3,-0.83,-0.65,-0.85,4.0402
2021-07-01,2021,7,2901,Salvador - BA,N7,7625,Transportes,5,1.69,11.09,16.15,18.9281
2020-12-01,2020,12,2601,Recife - PE,N7,7625,Transportes,5,2.4,2.14,2.14,18.1883
2023-09-01,2023,9,3501,São Paulo - SP,N7,7660,Saúde e cuidados pessoais,6,0.07,5.79,8.65,13.0159
2023-08-01,2023,8,4101,Curitiba - PR,N7,7766,Educação,8,0.63,6.22,6.7,5.3364
2022-10-01,2022,10,2301,Fortaleza - CE,N7,7169,Índice geral,0,0.61,4.82,6.52,100.0
2024-07-01,2024,7,3301,Rio de Janeiro - RJ,N7,7170,Alimentação e bebidas,1,-1.17,3.66,4.84,20.8693
2025-07-01,2025,7,3201,Grande Vitória - ES,N7,7660,Saúde e cuidados pessoais,6,0.38,3.74,5.14,15.9954
2024-06-01,2024,6,4101,Curitiba - PR,N7,7712,Despesas pessoais,7,0.29,2.1,4.42,9.2934
2022-07-01,2022,7,3201,Grande Vitória - ES,N7,7486,Artigos de residência,3,0.35,5.91,9.89,3.9307
2020-05-01,2020,5,3501,São Paulo - SP,N7,7486,Artigos de residência,3,0.77,-1.46,,3.3981
2026-02-01,2026,2,3301,Rio de Janeiro - RJ,N7,7169,Índice geral,0,0.74,1.04,3.01,100.0
2023-01-01,2023,1,3101,Belo Horizonte - MG,N7,7712,Despesas pessoais,7,0.47,0.47,7.64,10.5654
2022-07-01,2022,7,3501,São Paulo - SP,N7,7558,Vestuário,4,0.51,9.9,16.09,3.9389
2023-09-01,2023,9,4301,Porto Alegre - RS,N7,7766,Educação,8,0.18,8.45,9.03,4.9889
2025-10-01,2025,10,4101,Curitiba - PR,N7,7169,Índice geral,0,-0.02,3.7,4.59,100.0
2023-06-01,2023,6,2301,Fortaleza - CE,N7,7625,Transportes,5,-2.72,3.85,-6.53,19.1392
2025-05-01,2025,5,2901,Salvador - BA,N7,7660,Saúde e cuidados pessoais,6,0.6,3.29,4.9,15.3756
2024-05-01,2024,5,3501,São Paulo - SP,N7,7660,Saúde e cuidados pessoais,6,0.51,3.68,5.65,13.1668
2025-11-01,2025,11,3101,Belo Horizonte - MG,N7,7558,Vestuário,4,0.43,4.12,5.09,5.095
2026-03-01,2026,3,2301,Fortaleza - CE,N7,7766,Educação,8,-0.03,6.04,7.08,7.0901
2022-11-01,2022,11,2301,Fortaleza - CE,N7,7558,Vestuário,4,1.69,16.04,16.27,4.9166
2026-04-01,2026,4,3201,Grande Vitória - ES,N7,7169,Índice geral,0,0.56,2.48,4.71,100.0
2025-05-01,2025,5,4101,Curitiba - PR,N7,7486,Artigos de residência,3,-0.15,1.85,4.5,3.9038
2020-07-01,2020,7,2601,Recife - PE,N7,7169,Índice geral,0,0.4,1.52,,100.0
2022-05-01,2022,5,3201,Grande Vitória - ES,N7,7786,Comunicação,9,1.19,1.95,2.54,5.4792
2021-02-01,2021,2,3501,São Paulo - SP,N7,7445,Habitação,2,0.42,-0.59,4.13,16.4421
2021-01-01,2021,1,4301,Porto Alegre - RS,N7,7486,Artigos de residência,3,1.01,1.01,7.77,4.2784
2023-02-01,2023,2,3301,Rio de Janeiro - RJ,N7,7445,Habitação,2,-0.1,-0.68,2.02,18.198
2025-01-01,2025,1,2901,Salvador - BA,N7,7170,Alimentação e bebidas,1,1.81,1.81,6.08,22.651
2022-01-01,2022,1,3101,Belo Horizonte - MG,N7,7486,Artigos de residência,3,1.3,1.3,13.36,4.2109
2022-10-01,2022,10,3301,Rio de Janeiro - RJ,N7,7445,Habitação,2,0.83,4.15,5.64,18.4302
2021-09-01,2021,9,4301,Porto Alegre - RS,N7,7625,Transportes,5,3.04,16.07,19.35,21.3475
2024-11-01,2024,11,2301,Fortaleza - CE,N7,7169,Índice geral,0,0.44,4.24,5.1,100.0
2023-03-01,2023,3,1501,Belém - PA,N7,7558,Vestuário,4,0.02,-0.03,12.18,6.4571
2023-09-01,2023,9,2601,Recife - PE,N7,7169,Índice geral,0,0.05,3.36,5.67,100.0
2023-04-01,2023,4,3101,Belo Horizonte - MG,N7,7625,Transportes,5,1.03,3.74,-6.49,19.7669
2021-02-01,2021,2,4301,Porto Alegre - RS,N7,7445,Habitação,2,-0.34,-1.38,5.24,14.8434
2021-11-01,2021,11,3201,Grande Vitória - ES,N7,7660,Saúde e cuidados pessoais,6,-0.71,3.9,3.77,15.0251
2025-06-01,2025,6,3301,Rio de Janeiro - RJ,N7,7169,Índice geral,0,0.08,2.46,4.94,100.0
2023-10-01,2023,10,2601,Recife - PE,N7,7558,Vestuário,4,0.5,1.51,3.92,5.9597
2021-05-01,2021,5,2301,Fortaleza - CE,N7,7786,Comunicação,9,-0.29,-0.43,3.18,4.5185
2024-04-01,2024,4,2601,Recife - PE,N7,7766,Educação,8,-0.05,4.96,5.31,6.1858
2022-06-01,2022,6,4301,Porto Alegre - RS,N7,7712,Despesas pessoais,7,0.54,3.78,7.68,9.9563
2020-08-01,2020,8,4301,Porto Alegre - RS,N7,7170,Alimentação e bebidas,1,0.1,4.88,,20.2709
2023-11-01,2023,11,2601,Recife - PE,N7,7445,Habitação,2,-0.43,3.17,3.02,13.7777
2024-06-01,2024,6,2901,Salvador - BA,N7,7712,Despesas pessoais,7,-0.01,1.44,4.82,9.9155
2020-11-01,2020,11,1501,Belém - PA,N7,7558,Vestuário,4,-0.74,-0.53,,6.2245
2024-05-01,2024,5,4301,Porto Alegre - RS,N7,7712,Despesas pessoais,7,0.36,2.14,4.72,10.4922
2025-02-01,2025,2,3101,Belo Horizonte - MG,N7,7486,Artigos de residência,3,0.49,0.58,1.39,3.8321
2023-11-01,2023,11,3201,Grande Vitória - ES,N7,7486,Artigos de residência,3,-0.22,0.43,-0.01,3.7381
2023-06-01,2023,6,4101,Curitiba - PR,N7,7712,Despesas pessoais,7,0.12,3.02,6.78,9.2169
2020-02-01,2020,2,4301,Porto Alegre - RS,N7,7558,Vestuário,4,-1.38,-2.56,,4.8668
2022-12-01,2022,12,3301,Rio de Janeiro - RJ,N7,7486,Artigos de residência,3,-0.38,7.21,7.21,3.1516
2020-01-01,2020,1,4101,Curitiba - PR,N7,7445,Habitação,2,0.81,0.81,,15.0312
2024-02-01,2024,2,2301,Fortaleza - CE,N7,7766,Educação,8,5.46,5.86,9.18,6.4341
2022-07-01,2022,7,2901,Salvador - BA,N7,7486,Artigos de residência,3,-0.31,5.32,16.16,4.2242
2020-04-01,2020,4,3301,Rio de Janeiro - RJ,N7,7712,Despesas pessoais,7,-0.21,0.5,,9.7768
2021-05-01,2021,5,3301,Rio de Janeiro - RJ,N7,7625,Transportes,5,0.79,5.84,9.84,19.8458
2025-08-01,2025,8,2901,Salvador - BA,N7,7445,Habitação,2,-0.84,2.95,5.24,14.2807
2021-07-01,2021,7,2601,Recife - PE,N7,7712,Despesas pessoais,7,0.76,2.09,2.54,8.5823
2022-06-01,2022,6,3501,São Paulo - SP,N7,7169,Índice geral,0,0.61,5.27,11.67,100.0
2024-08-01,2024,8,4101,Curitiba - PR,N7,7660,Saúde e cuidados pessoais,6,-0.29,4.45,4.76,10.7678
2023-07-01,2023,7,3501,São Paulo - SP,N7,7445,Habitação,2,-1.25,1.76,4.06,16.6241
2020-06-01,2020,6,2301,Fortaleza - CE,N7,7170,Alimentação e bebidas,1,0.31,5.75,,23.0797
2022-10-01,2022,10,3201,Grande Vitória - ES,N7,7486,Artigos de residência,3,-0.01,5.96,7.2,3.9741
2024-06-01,2024,6,1501,Belém - PA,N7,7170,Alimentação e bebidas,1,-0.83,4.03,2.12,27.2311
2023-08-01,2023,8,1501,Belém - PA,N7,7445,Habitação,2,3.59,4.88,8.33,15.5185
2020-12-01,2020,12,3501,São Paulo - SP,N7,7170,Alimentação e bebidas,1,1.27,12.98,12.98,19.8772
2021-09-01,2021,9,3301,Rio de Janeiro - RJ,N7,7625,Transportes,5,1.67,9.65,12.75,19.8991
2021-03-01,2021,3,2901,Salvador - BA,N7,7486,Artigos de residência,3,0.71,2.17,6.61,4.1204
2024-02-01,2024,2,2601,Recife - PE,N7,7170,Alimentação e bebidas,1,1.05,1.93,1.3,23.6374
2021-09-01,2021,9,4101,Curitiba - PR,N7,7625,Transportes,5,2.37,17.11,21.59,25.5887
2020-11-01,2020,11,2601,Recife - PE,N7,7786,Comunicação,9,0.54,4.33,,4.839
2024-06-01,2024,6,3101,Belo Horizonte - MG,N7,7712,Despesas pessoais,7,0.51,2.94,5.53,10.5433
2025-02-01,2025,2,3101,Belo Horizonte - MG,N7,7660,Saúde e cuidados pessoais,6,0.44,1.02,5.64,14.5472
2023-08-01,2023,8,2601,Recife - PE,N7,7660,Saúde e cuidados pessoais,6,1.15,5.94,9.99,14.7237
2021-02-01,2021,2,1501,Belém - PA,N7,7766,Educação,8,5.22,5.36,-0.96,3.4104
2022-04-01,2022,4,3501,São Paulo - SP,N7,7625,Transportes,5,2.35,4.99,18.73,20.936
2026-05-01,2026,5,3201,Grande Vitória - ES,N7,7712,Despesas pessoais,7,0.31,2.08,7.09,8.82
2020-12-01,2020,12,4101,Curitiba - PR,N7,7660,Saúde e cuidados pessoais,6,0.29,0.21,0.21,10.4775
2024-07-01,2024,7,4101,Curitiba - PR,N7,7660,Saúde e cuidados pessoais,6,0.03,4.76,5.24,10.7962
2024-11-01,2024,11,2601,Recife - PE,N7,7766,Educação,8,0.03,5.31,5.41,6.0899
2020-04-01,2020,4,2301,Fortaleza - CE,N7,7558,Vestuário,4,-0.65,-1.11,,4.4899
2021-06-01,2021,6,3101,Belo Horizonte - MG,N7,7712,Despesas pessoais,7,0.27,1.24,1.86,10.4751
2022-02-01,2022,2,2301,Fortaleza - CE,N7,7486,Artigos de residência,3,1.87,3.4,11.9,4.0904
2024-11-01,2024,11,1501,Belém - PA,N7,7625,Transportes,5,1.39,2.66,3.42,18.5243
2023-09-01,2023,9,2301,Fortaleza - CE,N7,7786,Comunicação,9,-0.28,2.16,1.6,3.8605
2024-04-01,2024,4,2301,Fortaleza - CE,N7,7445,Habitação,2,-1.02,0.77,4.95,16.5393
2025-05-01,2025,5,4101,Curitiba - PR,N7,7445,Habitação,2,1.02,1.38,3.46,13.9008
2023-02-01,2023,2,3501,São Paulo - SP,N7,7786,Comunicação,9,1.37,3.51,1.94,4.9764
2022-03-01,2022,3,4301,Porto Alegre - RS,N7,7786,Comunicação,9,-0.12,0.73,3.41,5.8392
2025-04-01,2025,4,3301,Rio de Janeiro - RJ,N7,7660,Saúde e cuidados pessoais,6,1.17,2.81,5.85,13.481
2022-12-01,2022,12,2901,Salvador - BA,N7,7169,Índice geral,0,0.39,6.29,6.29,100.0
2021-02-01,2021,2,4101,Curitiba - PR,N7,7712,Despesas pessoais,7,-0.37,0.05,0.14,9.6871
2023-03-01,2023,3,3301,Rio de Janeiro - RJ,N7,7170,Alimentação e bebidas,1,0.17,0.46,4.98,20.8538
2025-12-01,2025,12,3201,Grande Vitória - ES,N7,7558,Vestuário,4,0.75,6.6,6.6,3.9803
2025-05-01,2025,5,2901,Salvador - BA,N7,7786,Comunicação,9,0.44,1.55,2.23,3.8996
2021-06-01,2021,6,1501,Belém - PA,N7,7170,Alimentação e bebidas,1,-0.18,3.33,14.46,27.6532
2021-07-01,2021,7,2301,Fortaleza - CE,N7,7486,Artigos de residência,3,1.37,5.99,11.73,4.0188
2021-02-01,2021,2,2601,Recife - PE,N7,7766,Educação,8,2.65,2.72,2.8,5.9271
2026-05-01,2026,5,2901,Salvador - BA,N7,7170,Alimentação e bebidas,1,1.69,5.22,3.92,22.6968
2022-12-01,2022,12,3201,Grande Vitória - ES,N7,7170,Alimentação e bebidas,1,0.77,12.15,12.15,18.3228
2026-04-01,2026,4,3301,Rio de Janeiro - RJ,N7,7712,Despesas pessoais,7,0.07,2.16,5.01,9.6023
2020-01-01,2020,1,2601,Recife - PE,N7,7558,Vestuário,4,-0.32,-0.32,,5.8964
2021-06-01,2021,6,3101,Belo Horizonte - MG,N7,7170,Alimentação e bebidas,1,-0.15,0.7,13.46,21.1362
2020-01-01,2020,1,3301,Rio de Janeiro - RJ,N7,7558,Vestuário,4,-0.24,-0.24,,3.6196
2022-02-01,2022,2,4101,Curitiba - PR,N7,7712,Despesas pessoais,7,0.48,1.49,7.43,9.1508
2023-12-01,2023,12,2601,Recife - PE,N7,7625,Transportes,5,-0.72,4.15,4.15,19.2754
2020-05-01,2020,5,4301,Porto Alegre - RS,N7,7786,Comunicação,9,0.12,-0.18,,6.2877
2023-04-01,2023,4,3501,São Paulo - SP,N7,7660,Saúde e cuidados pessoais,6,1.69,4.14,12.45,12.7477
2023-06-01,2023,6,3101,Belo Horizonte - MG,N7,7486,Artigos de residência,3,-0.24,-1.04,-1.06,4.1086
2022-03-01,2022,3,3301,Rio de Janeiro - RJ,N7,7712,Despesas pessoais,7,0.38,2.28,6.12,9.1077
2025-04-01,2025,4,4101,Curitiba - PR,N7,7660,Saúde e cuidados pessoais,6,1.31,2.26,5.47,10.5807
2024-05-01,2024,5,4101,Curitiba - PR,N7,7170,Alimentação e bebidas,1,0.48,3.24,2.55,21.2627
2026-05-01,2026,5,2601,Recife - PE,N7,7766,Educação,8,0.05,3.9,4.48,6.1837
2024-05-01,2024,5,4301,Porto Alegre - RS,N7,7660,Saúde e cuidados pessoais,6,-0.02,2.23,4.04,13.1657
2023-07-01,2023,7,2601,Recife - PE,N7,7445,Habitação,2,-0.64,2.61,1.35,13.8312
2025-09-01,2025,9,3101,Belo Horizonte - MG,N7,7486,Artigos de residência,3,-1.08,0.97,1.12,3.7981
2020-03-01,2020,3,3301,Rio de Janeiro - RJ,N7,7766,Educação,8,0.18,4.49,,5.698
2024-06-01,2024,6,1501,Belém - PA,N7,7445,Habitação,2,1.19,1.64,6.92,15.7618
2023-07-01,2023,7,3201,Grande Vitória - ES,N7,7445,Habitação,2,-0.59,2.73,10.32,15.54
2023-06-01,2023,6,4101,Curitiba - PR,N7,7169,Índice geral,0,0.03,2.95,2.07,100.0
2024-10-01,2024,10,2901,Salvador - BA,N7,7712,Despesas pessoais,7,1.11,3.64,5.23,9.9715
2020-03-01,2020,3,4301,Porto Alegre - RS,N7,7486,Artigos de residência,3,-1.45,-0.94,,4.1564
2022-08-01,2022,8,3101,Belo Horizonte - MG,N7,7558,Vestuário,4,1.13,11.96,15.93,4.8668
2024-02-01,2024,2,2301,Fortaleza - CE,N7,7170,Alimentação e bebidas,1,0.89,2.63,3.06,24.2085
2023-07-01,2023,7,3501,São Paulo - SP,N7,7766,Educação,8,0.04,7.41,8.49,6.7208
2024-04-01,2024,4,2901,Salvador - BA,N7,7170,Alimentação e bebidas,1,1.07,3.92,2.48,22.7929
2020-03-01,2020,3,2901,Salvador - BA,N7,7712,Despesas pessoais,7,-0.15,0.58,,10.9131
2022-12-01,2022,12,4101,Curitiba - PR,N7,7558,Vestuário,4,0.72,10.92,10.92,4.998
2022-10-01,2022,10,2901,Salvador - BA,N7,7766,Educação,8,0.67,9.27,9.51,5.6565
2020-10-01,2020,10,4101,Curitiba - PR,N7,7660,Saúde e cuidados pessoais,6,0.46,0.02,,10.6399
2025-08-01,2025,8,2901,Salvador - BA,N7,7766,Educação,8,0.69,5.97,6.19,6.1257
2024-10-01,2024,10,3501,São Paulo - SP,N7,7486,Artigos de residência,3,0.82,1.12,1.61,3.5168
2026-01-01,2026,1,3301,Rio de Janeiro - RJ,N7,7625,Transportes,5,0.54,0.54,2.29,19.685
2024-11-01,2024,11,4101,Curitiba - PR,N7,7169,Índice geral,0,0.39,3.95,4.22,100.0
2022-05-01,2022,5,4101,Curitiba - PR,N7,7712,Despesas pessoais,7,0.21,2.4,8.12,8.852
2023-01-01,2023,1,3101,Belo Horizonte - MG,N7,7445,Habitação,2,1.77,1.77,-5.7,12.6517
2025-06-01,2025,6,4101,Curitiba - PR,N7,7445,Habitação,2,1.39,2.79,4.89,14.0007
2024-11-01,2024,11,4101,Curitiba - PR,N7,7786,Comunicação,9,-0.13,3.38,3.83,4.2191
2021-08-01,2021,8,3201,Grande Vitória - ES,N7,7486,Artigos de residência,3,1.29,8.29,13.21,3.9688
2022-03-01,2022,3,1501,Belém - PA,N7,7625,Transportes,5,2.14,2.66,14.26,19.2178
2025-12-01,2025,12,3301,Rio de Janeiro - RJ,N7,7486,Artigos de residência,3,0.73,-1.94,-1.94,2.7233
2023-04-01,2023,4,4301,Porto Alegre - RS,N7,7625,Transportes,5,-0.19,3.38,-4.1,20.6719
2025-05-01,2025,5,3301,Rio de Janeiro - RJ,N7,7712,Despesas pessoais,7,-0.23,2.34,6.1,9.4342
2021-10-01,2021,10,1501,Belém - PA,N7,7660,Saúde e cuidados pessoais,6,0.23,2.74,2.35,12.2812
2023-05-01,2023,5,4301,Porto Alegre - RS,N7,7712,Despesas pessoais,7,0.77,2.57,7.4,10.2794
2024-09-01,2024,9,2901,Salvador - BA,N7,7558,Vestuário,4,-0.1,-0.19,0.72,5.2554
2023-05-01,2023,5,2901,Salvador - BA,N7,7712,Despesas pessoais,7,0.85,2.14,6.04,9.7514
2020-02-01,2020,2,4301,Porto Alegre - RS,N7,7169,Índice geral,0,0.16,0.33,,100.0
2021-09-01,2021,9,4101,Curitiba - PR,N7,7766,Educação,8,0.02,3.9,4.14,5.4117
2023-10-01,2023,10,3501,São Paulo - SP,N7,7766,Educação,8,0.08,8.47,8.6,6.7451
2025-11-01,2025,11,3501,São Paulo - SP,N7,7169,Índice geral,0,0.28,4.49,5.04,100.0
2026-06-01,2026,6,2601,Recife - PE,N7,7660,Saúde e cuidados pessoais,6,0.23,4.88,6.94,15.2692
2026-01-01,2026,1,2301,Fortaleza - CE,N7,7766,Educação,8,0.17,0.17,6.02,6.7811
2022-05-01,2022,5,1501,Belém - PA,N7,7169,Índice geral,0,0.36,4.75,9.52,100.0
2026-02-01,2026,2,3301,Rio de Janeiro - RJ,N7,7558,Vestuário,4,0.26,-0.73,5.26,3.7659
2022-01-01,2022,1,3101,Belo Horizonte - MG,N7,7625,Transportes,5,0.54,0.54,23.55,21.6157
2026-02-01,2026,2,2601,Recife - PE,N7,7445,Habitação,2,-0.12,-0.7,4.17,13.5583
2024-11-01,2024,11,3301,Rio de Janeiro - RJ,N7,7660,Saúde e cuidados pessoais,6,0.03,6.1,6.11,13.6209
2025-09-01,2025,9,4101,Curitiba - PR,N7,7712,Despesas pessoais,7,0.27,3.27,5.46,9.3467
2024-08-01,2024,8,2901,Salvador - BA,N7,7786,Comunicação,9,0.32,2.72,1.94,4.004
2021-02-01,2021,2,3501,São Paulo - SP,N7,7712,Despesas pessoais,7,0.24,0.66,1.3,11.3576
2024-05-01,2024,5,1501,Belém - PA,N7,7170,Alimentação e bebidas,1,-0.88,4.9,2.29,27.5086
2022-11-01,2022,11,4101,Curitiba - PR,N7,7558,Vestuário,4,-0.04,10.12,12.24,5.0118
2021-11-01,2021,11,4101,Curitiba - PR,N7,7558,Vestuário,4,0.21,8.32,8.09,4.7163
2024-03-01,2024,3,2301,Fortaleza - CE,N7,7169,Índice geral,0,0.28,1.81,4.72,100.0
2020-09-01,2020,9,3301,Rio de Janeiro - RJ,N7,7169,Índice geral,0,0.62,1.13,,100.0
2020-06-01,2020,6,2901,Salvador - BA,N7,7170,Alimentação e bebidas,1,0.7,6.66,,21.7981
2020-11-01,2020,11,1501,Belém - PA,N7,7170,Alimentação e bebidas,1,2.32,12.91,,26.8534
2024-10-01,2024,10,3301,Rio de Janeiro - RJ,N7,7712,Despesas pessoais,7,0.8,2.46,3.58,9.2574
2024-03-01,2024,3,2601,Recife - PE,N7,7625,Transportes,5,0.53,1.48,2.74,19.0172
2023-11-01,2023,11,1501,Belém - PA,N7,7486,Artigos de residência,3,0.19,2.37,2.35,3.7606
2022-11-01,2022,11,2901,Salvador - BA,N7,7445,Habitação,2,0.38,2.14,2.86,14.0137
2021-07-01,2021,7,3101,Belo Horizonte - MG,N7,7660,Saúde e cuidados pessoais,6,-0.49,3.7,4.07,14.1031
2020-03-01,2020,3,2301,Fortaleza - CE,N7,7712,Despesas pessoais,7,0.11,1.21,,8.3662
2021-11-01,2021,11,1501,Belém - PA,N7,7486,Artigos de residência,3,0.61,10.82,12.21,3.8705
2021-05-01,2021,5,3501,São Paulo - SP,N7,7558,Vestuário,4,1.2,3.65,3.17,3.7032
2025-11-01,2025,11,4101,Curitiba - PR,N7,7712,Despesas pessoais,7,0.73,4.45,5.27,9.3768
2020-07-01,2020,7,3501,São Paulo - SP,N7,7558,Vestuário,4,-0.42,-2.19,,3.8458
2026-01-01,2026,1,3101,Belo Horizonte - MG,N7,7786,Comunicação,9,1.04,1.04,2.23,4.8681
2024-06-01,2024,6,3101,Belo Horizonte - MG,N7,7558,Vestuário,4,0.06,0.6,4.49,5.0923
2020-12-01,2020,12,2901,Salvador - BA,N7,7786,Comunicação,9,0.15,4.39,4.39,4.9359
2024-09-01,2024,9,2901,Salvador - BA,N7,7712,Despesas pessoais,7,-0.35,2.5,4.52,10.0345
2025-11-01,2025,11,1501,Belém - PA,N7,7786,Comunicação,9,-0.32,0.11,0.53,4.0214
2021-08-01,2021,8,3201,Grande Vitória - ES,N7,7558,Vestuário,4,1.79,4.01,8.1,3.6739
2024-07-01,2024,7,3501,São Paulo - SP,N7,7766,Educação,8,0.04,6.12,7.47,6.9332
2020-11-01,2020,11,3501,São Paulo - SP,N7,7712,Despesas pessoais,7,-0.06,0.56,,11.4948
2024-12-01,2024,12,4101,Curitiba - PR,N7,7625,Transportes,5,0.15,2.24,2.24,25.6701
2023-06-01,2023,6,3101,Belo Horizonte - MG,N7,7625,Transportes,5,-0.26,4.8,-6.99,20.0104
2024-11-01,2024,11,1501,Belém - PA,N7,7558,Vestuário,4,-0.62,3.98,5.18,6.4092
2025-03-01,2025,3,2301,Fortaleza - CE,N7,7660,Saúde e cuidados pessoais,6,0.64,1.59,5.92,13.4948
2025-04-01,2025,4,3101,Belo Horizonte - MG,N7,7558,Vestuário,4,1.57,2.47,5.63,5.0237
2020-07-01,2020,7,4101,Curitiba - PR,N7,7486,Artigos de residência,3,2.38,-0.45,,3.9813
2020-08-01,2020,8,3301,Rio de Janeiro - RJ,N7,7486,Artigos de residência,3,0.88,0.44,,2.9478
2022-05-01,2022,5,2301,Fortaleza - CE,N7,7445,Habitação,2,2.59,4.75,12.99,16.8037
2025-03-01,2025,3,2601,Recife - PE,N7,7445,Habitação,2,-0.08,0.39,2.33,13.3965
2022-03-01,2022,3,2901,Salvador - BA,N7,7660,Saúde e cuidados pessoais,6,0.76,1.26,4.48,14.134
2020-04-01,2020,4,2301,Fortaleza - CE,N7,7170,Alimentação e bebidas,1,1.67,4.67,,22.3949
2026-04-01,2026,4,3301,Rio de Janeiro - RJ,N7,7766,Educação,8,0.06,5.18,6.28,5.7325
2025-11-01,2025,11,2301,Fortaleza - CE,N7,7445,Habitação,2,1.82,6.12,5.7,16.4017
2026-04-01,2026,4,2601,Recife - PE,N7,7712,Despesas pessoais,7,0.36,2.37,5.88,8.5583
2023-12-01,2023,12,1501,Belém - PA,N7,7558,Vestuário,4,1.15,1.63,1.63,6.3174
2023-05-01,2023,5,3501,São Paulo - SP,N7,7170,Alimentação e bebidas,1,0.41,2.72,6.47,20.4561
2021-07-01,2021,7,2901,Salvador - BA,N7,7486,Artigos de residência,3,-0.6,4.17,8.7,4.1368
2022-05-01,2022,5,2601,Recife - PE,N7,7766,Educação,8,0.03,6.63,7.3,5.7178
2024-07-01,2024,7,3501,São Paulo - SP,N7,7625,Transportes,5,2.33,1.7,5.56,19.5911
2025-05-01,2025,5,3201,Grande Vitória - ES,N7,7169,Índice geral,0,0.2,2.95,5.15,100.0
2025-05-01,2025,5,3301,Rio de Janeiro - RJ,N7,7486,Artigos de residência,3,-0.48,0.32,0.51,2.8405
2025-03-01,2025,3,2301,Fortaleza - CE,N7,7786,Comunicação,9,-0.5,-0.66,1.29,3.6825
2021-02-01,2021,2,2301,Fortaleza - CE,N7,7558,Vestuário,4,0.72,0.28,2.11,4.3602
2023-08-01,2023,8,4301,Porto Alegre - RS,N7,7660,Saúde e cuidados pessoais,6,0.53,5.0,8.63,13.017
2025-08-01,2025,8,4301,Porto Alegre - RS,N7,7625,Transportes,5,-0.9,0.12,0.37,20.6231
2024-03-01,2024,3,3501,São Paulo - SP,N7,7766,Educação,8,0.19,5.87,7.3,6.9865
2026-03-01,2026,3,4101,Curitiba - PR,N7,7786,Comunicação,9,0.31,2.06,2.68,4.122
2022-09-01,2022,9,3501,São Paulo - SP,N7,7170,Alimentação e bebidas,1,-1.27,9.65,11.65,20.7313
2022-04-01,2022,4,2301,Fortaleza - CE,N7,7786,Comunicação,9,-0.38,0.98,1.28,4.1582
2025-08-01,2025,8,3101,Belo Horizonte - MG,N7,7169,Índice geral,0,-0.26,3.34,5.25,100.0
2021-03-01,2021,3,4301,Porto Alegre - RS,N7,7445,Habitação,2,1.21,-0.19,7.05,14.6678
2024-12-01,2024,12,3201,Grande Vitória - ES,N7,7169,Índice geral,0,0.52,4.26,4.26,100.0
2023-12-01,2023,12,3201,Grande Vitória - ES,N7,7558,Vestuário,4,-0.02,4.15,4.15,4.0497
2020-09-01,2020,9,3101,Belo Horizonte - MG,N7,7445,Habitação,2,-0.28,-0.16,,14.444
2023-03-01,2023,3,3301,Rio de Janeiro - RJ,N7,7660,Saúde e cuidados pessoais,6,0.86,2.32,11.6,12.9624
2025-03-01,2025,3,4101,Curitiba - PR,N7,7766,Educação,8,0.18,5.7,7.11,5.6546
2020-11-01,2020,11,3501,São Paulo - SP,N7,7486,Artigos de residência,3,1.17,4.75,,3.5303
2026-04-01,2026,4,1501,Belém - PA,N7,7712,Despesas pessoais,7,0.21,2.01,6.19,7.768
2026-01-01,2026,1,3101,Belo Horizonte - MG,N7,7660,Saúde e cuidados pessoais,6,0.49,0.49,5.6,14.7644
2021-07-01,2021,7,4301,Porto Alegre - RS,N7,7660,Saúde e cuidados pessoais,6,-0.73,3.46,4.03,12.8483
2026-01-01,2026,1,2601,Recife - PE,N7,7712,Despesas pessoais,7,1.27,1.27,5.39,8.5691
2021-03-01,2021,3,3201,Grande Vitória - ES,N7,7445,Habitação,2,1.47,0.19,6.19,15.5286
2024-10-01,2024,10,3201,Grande Vitória - ES,N7,7660,Saúde e cuidados pessoais,6,0.15,5.01,6.09,16.0685
2024-03-01,2024,3,3501,São Paulo - SP,N7,7445,Habitação,2,0.02,0.62,2.65,16.2703
2023-07-01,2023,7,4101,Curitiba - PR,N7,7486,Artigos de residência,3,0.02,0.9,2.88,4.1079
2024-02-01,2024,2,3201,Grande Vitória - ES,N7,7445,Habitação,2,0.32,0.21,3.84,15.5472
2023-06-01,2023,6,3301,Rio de Janeiro - RJ,N7,7660,Saúde e cuidados pessoais,6,0.24,5.19,9.97,13.2009
2024-10-01,2024,10,4301,Porto Alegre - RS,N7,7766,Educação,8,0.08,5.8,6.2,5.1077
2020-03-01,2020,3,3301,Rio de Janeiro - RJ,N7,7445,Habitação,2,1.22,0.36,,18.323
2022-11-01,2022,11,2901,Salvador - BA,N7,7660,Saúde e cuidados pessoais,6,-0.43,8.09,8.94,14.701
2021-11-01,2021,11,1501,Belém - PA,N7,7786,Comunicação,9,0.19,1.01,0.85,4.6652
2023-01-01,2023,1,2901,Salvador - BA,N7,7766,Educação,8,0.31,0.31,9.68,5.642
2022-07-01,2022,7,2901,Salvador - BA,N7,7766,Educação,8,0.19,6.81,8.81,5.4695
2021-09-01,2021,9,2301,Fortaleza - CE,N7,7486,Artigos de residência,3,1.41,8.37,11.57,4.0522
2025-08-01,2025,8,3201,Grande Vitória - ES,N7,7445,Habitação,2,2.72,6.59,7.82,15.3387
2025-02-01,2025,2,4301,Porto Alegre - RS,N7,7445,Habitação,2,5.09,1.46,3.27,13.5578
2020-05-01,2020,5,4101,Curitiba - PR,N7,7445,Habitação,2,0.02,-0.17,,15.1395
2022-11-01,2022,11,4301,Porto Alegre - RS,N7,7169,Índice geral,0,0.42,3.04,3.9,100.0
2021-11-01,2021,11,2301,Fortaleza - CE,N7,7558,Vestuário,4,1.2,13.46,14.91,4.5258
2025-07-01,2025,7,3301,Rio de Janeiro - RJ,N7,7170,Alimentação e bebidas,1,-0.18,2.53,7.04,21.0747
2021-06-01,2021,6,2301,Fortaleza - CE,N7,7766,Educação,8,-0.01,8.29,3.56,6.4694
2020-07-01,2020,7,4301,Porto Alegre - RS,N7,7486,Artigos de residência,3,1.64,0.73,,4.1317
2025-08-01,2025,8,3301,Rio de Janeiro - RJ,N7,7558,Vestuário,4,0.53,2.93,4.52,3.7369
2024-11-01,2024,11,2901,Salvador - BA,N7,7712,Despesas pessoais,7,0.89,4.56,5.61,10.0343
2024-02-01,2024,2,4101,Curitiba - PR,N7,7169,Índice geral,0,0.84,1.23,4.38,100.0
2024-09-01,2024,9,4301,Porto Alegre - RS,N7,7558,Vestuário,4,0.51,1.45,1.96,5.0135
2020-05-01,2020,5,3501,São Paulo - SP,N7,7169,Índice geral,0,-0.28,0.01,,100.0
2023-05-01,2023,5,3101,Belo Horizonte - MG,N7,7170,Alimentação e bebidas,1,-0.12,-0.03,6.11,22.3385
2025-06-01,2025,6,4101,Curitiba - PR,N7,7766,Educação,8,0.01,5.93,7.18,5.5966
2021-06-01,2021,6,3201,Grande Vitória - ES,N7,7170,Alimentação e bebidas,1,0.36,0.84,12.88,17.1728
2021-06-01,2021,6,3501,São Paulo - SP,N7,7766,Educação,8,-0.02,1.86,-0.93,6.846
2023-11-01,2023,11,2601,Recife - PE,N7,7712,Despesas pessoais,7,0.94,4.31,4.81,8.4041
2022-04-01,2022,4,2601,Recife - PE,N7,7486,Artigos de residência,3,0.56,5.86,15.27,4.3014
2021-09-01,2021,9,3301,Rio de Janeiro - RJ,N7,7169,Índice geral,0,1.22,5.65,8.74,100.0
2022-05-01,2022,5,2301,Fortaleza - CE,N7,7766,Educação,8,0.02,6.16,5.61,6.191
2026-05-01,2026,5,3201,Grande Vitória - ES,N7,7625,Transportes,5,-0.33,2.01,3.8,23.4183
2024-07-01,2024,7,2301,Fortaleza - CE,N7,7786,Comunicação,9,-0.13,2.45,1.66,3.7703
2023-08-01,2023,8,4101,Curitiba - PR,N7,7170,Alimentação e bebidas,1,-1.38,-0.42,0.19,21.2241
2025-03-01,2025,3,3201,Grande Vitória - ES,N7,7786,Comunicação,9,0.7,0.86,3.88,5.1433
2022-02-01,2022,2,2301,Fortaleza - CE,N7,7558,Vestuário,4,-0.47,0.78,14.25,4.54
2025-04-01,2025,4,4301,Porto Alegre - RS,N7,7766,Educação,8,0.3,4.93,6.19,5.2041
2025-05-01,2025,5,2301,Fortaleza - CE,N7,7486,Artigos de residência,3,0.14,1.36,2.57,3.8632
2022-11-01,2022,11,2301,Fortaleza - CE,N7,7766,Educação,8,0.02,7.63,7.69,6.2408
2023-04-01,2023,4,2601,Recife - PE,N7,7660,Saúde e cuidados pessoais,6,1.41,3.28,10.99,14.4994
2025-02-01,2025,2,2301,Fortaleza - CE,N7,7786,Comunicação,9,-0.13,-0.16,1.82,3.7256
2025-02-01,2025,2,1501,Belém - PA,N7,7660,Saúde e cuidados pessoais,6,1.0,2.66,5.42,12.9679
2024-02-01,2024,2,2901,Salvador - BA,N7,7766,Educação,8,5.95,6.48,8.03,5.8533
2025-06-01,2025,6,2601,Recife - PE,N7,7486,Artigos de residência,3,-0.12,-0.47,-0.41,3.7705
2023-03-01,2023,3,1501,Belém - PA,N7,7169,Índice geral,0,0.84,2.12,4.53,100.0
2021-08-01,2021,8,2901,Salvador - BA,N7,7558,Vestuário,4,2.16,1.03,0.12,4.4404
2022-02-01,2022,2,3501,São Paulo - SP,N7,7486,Artigos de residência,3,1.93,4.55,16.09,3.725
2026-03-01,2026,3,4301,Porto Alegre - RS,N7,7558,Vestuário,4,0.32,0.28,4.89,4.9816
2023-11-01,2023,11,3301,Rio de Janeiro - RJ,N7,7445,Habitação,2,1.07,4.14,3.5,18.3835
2020-01-01,2020,1,4101,Curitiba - PR,N7,7766,Educação,8,0.27,0.27,,5.7807
2026-05-01,2026,5,2301,Fortaleza - CE,N7,7445,Habitação,2,1.82,2.84,6.28,16.2165
2025-03-01,2025,3,4301,Porto Alegre - RS,N7,7445,Habitação,2,0.19,1.65,3.63,14.0662
2022-05-01,2022,5,3201,Grande Vitória - ES,N7,7170,Alimentação e bebidas,1,-0.74,6.33,14.38,17.7275
2022-02-01,2022,2,2901,Salvador - BA,N7,7712,Despesas pessoais,7,0.21,0.98,4.17,9.8906
2022-07-01,2022,7,3301,Rio de Janeiro - RJ,N7,7625,Transportes,5,-4.36,4.82,13.94,21.3943
2022-07-01,2022,7,2301,Fortaleza - CE,N7,7486,Artigos de residência,3,1.52,7.8,13.04,4.0532
2025-05-01,2025,5,1501,Belém - PA,N7,7558,Vestuário,4,-0.23,0.39,3.05,6.2544
2022-06-01,2022,6,2901,Salvador - BA,N7,7169,Índice geral,0,1.24,6.6,13.41,100.0
2025-11-01,2025,11,3101,Belo Horizonte - MG,N7,7766,Educação,8,-0.03,5.67,5.73,5.5185
2024-03-01,2024,3,3501,São Paulo - SP,N7,7170,Alimentação e bebidas,1,0.61,2.53,3.72,20.2181
2023-07-01,2023,7,3501,São Paulo - SP,N7,7558,Vestuário,4,-0.46,0.63,9.83,4.1828
2022-04-01,2022,4,4101,Curitiba - PR,N7,7169,Índice geral,0,0.85,5.09,14.82,100.0
2025-09-01,2025,9,4101,Curitiba - PR,N7,7169,Índice geral,0,0.37,3.72,5.04,100.0
2025-01-01,2025,1,2301,Fortaleza - CE,N7,7786,Comunicação,9,-0.02,-0.02,3.52,3.7305
2022-06-01,2022,6,1501,Belém - PA,N7,7712,Despesas pessoais,7,0.16,2.77,5.31,7.3828
2025-10-01,2025,10,4301,Porto Alegre - RS,N7,7170,Alimentação e bebidas,1,-0.11,4.16,5.55,21.3279
2022-08-01,2022,8,3301,Rio de Janeiro - RJ,N7,7486,Artigos de residência,3,0.33,8.89,13.86,3.1994
2020-10-01,2020,10,2301,Fortaleza - CE,N7,7445,Habitação,2,0.13,2.77,,16.6161
2024-02-01,2024,2,2601,Recife - PE,N7,7558,Vestuário,4,-0.46,-0.75,1.23,5.9751
2023-01-01,2023,1,2601,Recife - PE,N7,7558,Vestuário,4,-0.52,-0.52,14.14,6.0979
2025-02-01,2025,2,2601,Recife - PE,N7,7169,Índice geral,0,1.4,1.52,4.51,100.0
2023-10-01,2023,10,2301,Fortaleza - CE,N7,7766,Educação,8,0.01,9.23,9.28,6.5146
2022-01-01,2022,1,2901,Salvador - BA,N7,7712,Despesas pessoais,7,0.77,0.77,4.03,9.8993
2021-03-01,2021,3,3501,São Paulo - SP,N7,7786,Comunicação,9,0.02,-0.01,2.47,5.572
2021-11-01,2021,11,2301,Fortaleza - CE,N7,7660,Saúde e cuidados pessoais,6,-1.32,3.39,3.29,12.8103
2022-12-01,2022,12,3101,Belo Horizonte - MG,N7,7712,Despesas pessoais,7,0.15,7.86,7.86,10.6249
2021-12-01,2021,12,1501,Belém - PA,N7,7445,Habitação,2,1.46,14.74,14.74,16.5935
2025-12-01,2025,12,3201,Grande Vitória - ES,N7,7169,Índice geral,0,0.21,4.99,4.99,100.0
2026-04-01,2026,4,1501,Belém - PA,N7,7660,Saúde e cuidados pessoais,6,1.37,4.43,6.19,13.1889
2024-05-01,2024,5,2301,Fortaleza - CE,N7,7169,Índice geral,0,0.55,2.23,3.99,100.0
2021-05-01,2021,5,4301,Porto Alegre - RS,N7,7712,Despesas pessoais,7,0.28,1.2,1.17,10.364
2025-07-01,2025,7,3101,Belo Horizonte - MG,N7,7766,Educação,8,0.01,4.72,5.29,5.4739
2023-12-01,2023,12,3501,São Paulo - SP,N7,7558,Vestuário,4,0.34,2.25,2.25,4.1647
2025-05-01,2025,5,3501,São Paulo - SP,N7,7786,Comunicação,9,-0.14,0.88,1.58,4.6392
2022-02-01,2022,2,1501,Belém - PA,N7,7558,Vestuário,4,1.15,1.85,9.79,5.9768
2022-12-01,2022,12,4301,Porto Alegre - RS,N7,7170,Alimentação e bebidas,1,-0.46,12.61,12.61,22.3715
2022-08-01,2022,8,3101,Belo Horizonte - MG,N7,7170,Alimentação e bebidas,1,-0.71,9.24,13.82,22.2377
2022-03-01,2022,3,4101,Curitiba - PR,N7,7486,Artigos de residência,3,0.46,3.31,14.0,4.1908
2023-09-01,2023,9,2301,Fortaleza - CE,N7,7169,Índice geral,0,0.13,3.76,5.32,100.0
2021-11-01,2021,11,2901,Salvador - BA,N7,7625,Transportes,5,4.15,21.2,23.37,19.421
2024-10-01,2024,10,4301,Porto Alegre - RS,N7,7169,Índice geral,0,0.16,3.02,3.81,100.0
2021-03-01,2021,3,2901,Salvador - BA,N7,7625,Transportes,5,3.9,6.71,8.04,18.313
2026-02-01,2026,2,1501,Belém - PA,N7,7712,Despesas pessoais,7,0.33,0.65,6.1,7.8045
2021-09-01,2021,9,4301,Porto Alegre - RS,N7,7712,Despesas pessoais,7,0.47,2.78,2.63,10.1182
2024-04-01,2024,4,3101,Belo Horizonte - MG,N7,7169,Índice geral,0,0.45,2.51,4.91,100.0
2022-01-01,2022,1,1501,Belém - PA,N7,7712,Despesas pessoais,7,0.91,0.91,3.92,7.537
2020-08-01,2020,8,3501,São Paulo - SP,N7,7170,Alimentação e bebidas,1,1.19,4.98,,18.9859
2020-02-01,2020,2,4101,Curitiba - PR,N7,7170,Alimentação e bebidas,1,-0.07,-0.28,,19.4524
2023-12-01,2023,12,3201,Grande Vitória - ES,N7,7660,Saúde e cuidados pessoais,6,0.47,7.07,7.07,15.8065
2024-10-01,2024,10,4301,Porto Alegre - RS,N7,7786,Comunicação,9,0.42,3.04,2.82,5.43
2024-08-01,2024,8,2601,Recife - PE,N7,7766,Educação,8,0.03,5.15,5.28,6.1167
2025-03-01,2025,3,3101,Belo Horizonte - MG,N7,7625,Transportes,5,-0.08,2.09,6.45,20.0283
2026-05-01,2026,5,3501,São Paulo - SP,N7,7786,Comunicação,9,0.39,1.54,1.64,4.4757
2026-03-01,2026,3,3501,São Paulo - SP,N7,7486,Artigos de residência,3,0.75,0.68,0.82,3.3117
2024-05-01,2024,5,4101,Curitiba - PR,N7,7445,Habitação,2,0.84,1.21,4.1,14.1915
2025-01-01,2025,1,3301,Rio de Janeiro - RJ,N7,7170,Alimentação e bebidas,1,0.8,0.8,7.81,21.0223
2024-03-01,2024,3,2601,Recife - PE,N7,7170,Alimentação e bebidas,1,1.08,3.03,2.4,23.7106
2021-09-01,2021,9,3201,Grande Vitória - ES,N7,7786,Comunicação,9,0.01,-0.59,0.11,5.8445
2020-05-01,2020,5,4101,Curitiba - PR,N7,7766,Educação,8,-0.01,4.58,,6.1011
2025-10-01,2025,10,3501,São Paulo - SP,N7,7625,Transportes,5,-0.13,2.57,4.34,19.5631
2026-04-01,2026,4,2301,Fortaleza - CE,N7,7766,Educação,8,-0.01,6.04,7.02,7.0309
2023-09-01,2023,9,3201,Grande Vitória - ES,N7,7486,Artigos de residência,3,-0.49,0.83,-0.61,3.7859
2021-03-01,2021,3,3501,São Paulo - SP,N7,7486,Artigos de residência,3,0.5,1.31,10.27,3.5685
2021-09-01,2021,9,2601,Recife - PE,N7,7169,Índice geral,0,1.1,7.0,10.0,100.0
2025-12-01,2025,12,4101,Curitiba - PR,N7,7558,Vestuário,4,-0.52,5.83,5.83,5.0614
2022-08-01,2022,8,4101,Curitiba - PR,N7,7169,Índice geral,0,-0.46,4.19,9.04,100.0
2024-12-01,2024,12,3101,Belo Horizonte - MG,N7,7625,Transportes,5,-0.23,4.97,4.97,20.0426
2024-09-01,2024,9,4301,Porto Alegre - RS,N7,7445,Habitação,2,2.17,3.58,4.24,14.1081
2025-09-01,2025,9,3201,Grande Vitória - ES,N7,7660,Saúde e cuidados pessoais,6,0.24,4.26,4.88,16.044
2022-10-01,2022,10,2301,Fortaleza - CE,N7,7170,Alimentação e bebidas,1,0.48,8.56,10.12,24.8313
2024-05-01,2024,5,2301,Fortaleza - CE,N7,7766,Educação,8,0.08,5.94,9.06,6.7199
2023-12-01,2023,12,2601,Recife - PE,N7,7170,Alimentação e bebidas,1,0.69,0.05,0.05,23.4672
2020-04-01,2020,4,3301,Rio de Janeiro - RJ,N7,7169,Índice geral,0,0.18,0.68,,100.0
2024-04-01,2024,4,3301,Rio de Janeiro - RJ,N7,7660,Saúde e cuidados pessoais,6,1.43,3.45,7.03,13.3654
2025-11-01,2025,11,3501,São Paulo - SP,N7,7486,Artigos de residência,3,-0.59,-1.11,-0.23,3.3631
2023-04-01,2023,4,3101,Belo Horizonte - MG,N7,7445,Habitação,2,0.25,5.09,-1.95,12.997
2023-03-01,2023,3,4301,Porto Alegre - RS,N7,7660,Saúde e cuidados pessoais,6,0.61,2.08,12.04,12.9431
2021-04-01,2021,4,3501,São Paulo - SP,N7,7786,Comunicação,9,0.12,0.11,2.74,5.5321
2024-09-01,2024,9,3101,Belo Horizonte - MG,N7,7169,Índice geral,0,0.51,4.57,6.17,100.0
2021-09-01,2021,9,3501,São Paulo - SP,N7,7625,Transportes,5,1.63,11.61,17.03,20.1991
2020-02-01,2020,2,3101,Belo Horizonte - MG,N7,7445,Habitação,2,-0.58,-0.61,,14.478
2022-03-01,2022,3,3301,Rio de Janeiro - RJ,N7,7766,Educação,8,0.1,6.75,7.82,5.3312
2020-12-01,2020,12,3201,Grande Vitória - ES,N7,7786,Comunicação,9,0.54,2.71,2.71,6.3231
2025-06-01,2025,6,1501,Belém - PA,N7,7558,Vestuário,4,1.18,1.57,4.65,6.1993
2025-10-01,2025,10,2601,Recife - PE,N7,7660,Saúde e cuidados pessoais,6,0.47,4.46,4.32,15.2328
2024-11-01,2024,11,3501,São Paulo - SP,N7,7712,Despesas pessoais,7,1.8,4.02,4.6,10.9116
2023-08-01,2023,8,3101,Belo Horizonte - MG,N7,7660,Saúde e cuidados pessoais,6,0.24,5.46,8.99,14.5668
2026-02-01,2026,2,2301,Fortaleza - CE,N7,7786,Comunicação,9,0.29,1.47,1.66,3.6116
2024-02-01,2024,2,2301,Fortaleza - CE,N7,7625,Transportes,5,0.08,-0.39,5.42,19.2729
2025-01-01,2025,1,1501,Belém - PA,N7,7660,Saúde e cuidados pessoais,6,1.65,1.65,5.07,12.7849
2025-10-01,2025,10,1501,Belém - PA,N7,7169,Índice geral,0,0.26,3.74,4.87,100.0
2024-10-01,2024,10,2601,Recife - PE,N7,7558,Vestuário,4,0.92,0.23,0.75,5.8121
2023-09-01,2023,9,3201,Grande Vitória - ES,N7,7660,Saúde e cuidados pessoais,6,-0.13,5.67,8.47,15.8509
2025-04-01,2025,4,1501,Belém - PA,N7,7486,Artigos de residência,3,0.04,1.14,4.34,3.694
2022-06-01,2022,6,2901,Salvador - BA,N7,7558,Vestuário,4,1.65,12.52,26.71,5.0152
2020-06-01,2020,6,3501,São Paulo - SP,N7,7169,Índice geral,0,0.29,0.3,,100.0
2022-10-01,2022,10,2301,Fortaleza - CE,N7,7712,Despesas pessoais,7,0.51,4.82,6.07,7.6364
2026-01-01,2026,1,4101,Curitiba - PR,N7,7445,Habitação,2,0.35,0.35,8.71,14.2928
2021-05-01,2021,5,4301,Porto Alegre - RS,N7,7786,Comunicação,9,0.32,0.45,4.04,6.1241
2026-03-01,2026,3,4101,Curitiba - PR,N7,7445,Habitação,2,-0.3,-0.05,4.12,14.2247
2024-04-01,2024,4,4301,Porto Alegre - RS,N7,7712,Despesas pessoais,7,0.33,1.77,5.15,10.5253
2025-06-01,2025,6,4101,Curitiba - PR,N7,7786,Comunicação,9,0.16,1.61,2.95,4.1408
2022-03-01,2022,3,3501,São Paulo - SP,N7,7766,Educação,8,0.17,6.16,6.09,6.6808
2025-12-01,2025,12,2601,Recife - PE,N7,7445,Habitação,2,-1.27,5.4,5.4,13.9278
2023-03-01,2023,3,1501,Belém - PA,N7,7786,Comunicação,9,1.2,4.3,0.3,4.3564
2022-04-01,2022,4,2301,Fortaleza - CE,N7,7170,Alimentação e bebidas,1,1.25,4.7,11.7,23.9927
2022-09-01,2022,9,4101,Curitiba - PR,N7,7625,Transportes,5,-1.93,1.33,6.95,26.1995
2021-07-01,2021,7,4301,Porto Alegre - RS,N7,7169,Índice geral,0,1.23,5.42,10.0,100.0
2024-11-01,2024,11,4101,Curitiba - PR,N7,7766,Educação,8,0.13,6.35,6.56,5.4737
2022-05-01,2022,5,3101,Belo Horizonte - MG,N7,7486,Artigos de residência,3,0.95,5.84,12.44,4.2272
2020-02-01,2020,2,2901,Salvador - BA,N7,7445,Habitação,2,-0.4,0.6,,13.9239
2025-01-01,2025,1,2301,Fortaleza - CE,N7,7712,Despesas pessoais,7,1.24,1.24,4.87,7.5443
2026-04-01,2026,4,3301,Rio de Janeiro - RJ,N7,7445,Habitação,2,1.67,3.63,6.47,18.3688
2021-10-01,2021,10,1501,Belém - PA,N7,7625,Transportes,5,2.08,13.09,14.74,18.5715
2024-01-01,2024,1,2901,Salvador - BA,N7,7445,Habitação,2,-2.26,-2.26,4.42,14.5486
2020-08-01,2020,8,3101,Belo Horizonte - MG,N7,7169,Índice geral,0,0.21,0.58,,100.0
2024-01-01,2024,1,3301,Rio de Janeiro - RJ,N7,7766,Educação,8,0.13,0.13,7.02,5.3088
2026-01-01,2026,1,4301,Porto Alegre - RS,N7,7169,Índice geral,0,0.23,0.23,5.06,100.0
2020-09-01,2020,9,3101,Belo Horizonte - MG,N7,7169,Índice geral,0,0.76,1.34,,100.0
2020-06-01,2020,6,4301,Porto Alegre - RS,N7,7445,Habitação,2,-0.36,-0.13,,14.7559
2021-02-01,2021,2,4301,Porto Alegre - RS,N7,7169,Índice geral,0,0.86,1.11,5.03,100.0
2025-07-01,2025,7,4301,Porto Alegre - RS,N7,7486,Artigos de residência,3,0.27,1.3,3.58,4.1283
2023-09-01,2023,9,1501,Belém - PA,N7,7445,Habitação,2,1.66,6.62,7.93,15.9752
2023-07-01,2023,7,3301,Rio de Janeiro - RJ,N7,7625,Transportes,5,1.41,3.71,1.49,19.8745
2025-02-01,2025,2,4101,Curitiba - PR,N7,7766,Educação,8,5.29,5.51,7.2,5.4541
2021-06-01,2021,6,3201,Grande Vitória - ES,N7,7712,Despesas pessoais,7,0.23,1.56,2.45,8.739
2026-02-01,2026,2,2901,Salvador - BA,N7,7766,Educação,8,5.52,5.48,6.75,6.0985
2023-07-01,2023,7,4301,Porto Alegre - RS,N7,7169,Índice geral,0,0.53,3.36,3.73,100.0
2024-10-01,2024,10,3101,Belo Horizonte - MG,N7,7625,Transportes,5,-0.65,4.52,5.34,20.2573
2021-12-01,2021,12,3201,Grande Vitória - ES,N7,7445,Habitação,2,0.46,16.38,16.38,16.6972
2024-07-01,2024,7,3301,Rio de Janeiro - RJ,N7,7486,Artigos de residência,3,-0.13,-1.81,-0.21,2.9489
2021-04-01,2021,4,2301,Fortaleza - CE,N7,7766,Educação,8,0.45,8.23,3.66,6.5562
2024-05-01,2024,5,1501,Belém - PA,N7,7445,Habitação,2,0.69,0.45,6.68,15.6745
2022-05-01,2022,5,3501,São Paulo - SP,N7,7712,Despesas pessoais,7,0.51,3.1,7.31,10.6631
2024-04-01,2024,4,2601,Recife - PE,N7,7445,Habitação,2,-0.13,0.55,4.1,13.627
2023-06-01,2023,6,3101,Belo Horizonte - MG,N7,7712,Despesas pessoais,7,0.76,2.99,6.23,10.4708
2020-10-01,2020,10,2601,Recife - PE,N7,7486,Artigos de residência,3,1.57,6.31,,4.1719
2024-04-01,2024,4,2901,Salvador - BA,N7,7712,Despesas pessoais,7,0.19,1.45,5.85,10.0164
2022-02-01,2022,2,3301,Rio de Janeiro - RJ,N7,7445,Habitação,2,1.27,1.41,12.83,18.7373
2025-03-01,2025,3,3501,São Paulo - SP,N7,7660,Saúde e cuidados pessoais,6,0.52,1.67,5.81,13.1003
2025-06-01,2025,6,2301,Fortaleza - CE,N7,7786,Comunicação,9,0.25,0.36,1.63,3.6375
2025-03-01,2025,3,3501,São Paulo - SP,N7,7766,Educação,8,0.09,5.27,6.61,7.089
2020-09-01,2020,9,3301,Rio de Janeiro - RJ,N7,7170,Alimentação e bebidas,1,2.41,5.31,,19.4556
2025-11-01,2025,11,2301,Fortaleza - CE,N7,7558,Vestuário,4,0.3,2.9,3.72,4.7651
2022-11-01,2022,11,3501,São Paulo - SP,N7,7445,Habitação,2,0.42,3.04,3.86,16.7357
2021-09-01,2021,9,4101,Curitiba - PR,N7,7445,Habitação,2,2.99,13.58,18.79,15.3615
2022-04-01,2022,4,3201,Grande Vitória - ES,N7,7445,Habitação,2,-2.34,-0.67,15.56,16.4502
2020-10-01,2020,10,2901,Salvador - BA,N7,7766,Educação,8,0.04,1.98,,6.0528
2020-12-01,2020,12,2601,Recife - PE,N7,7170,Alimentação e bebidas,1,1.67,13.66,13.66,23.3449
2025-05-01,2025,5,3301,Rio de Janeiro - RJ,N7,7625,Transportes,5,-0.27,1.21,3.75,19.569
2024-04-01,2024,4,3101,Belo Horizonte - MG,N7,7766,Educação,8,0.05,5.93,6.82,5.5549
2025-09-01,2025,9,2601,Recife - PE,N7,7445,Habitação,2,2.65,7.03,6.28,13.6918
2023-09-01,2023,9,2601,Recife - PE,N7,7625,Transportes,5,1.28,6.37,9.84,19.2336
2025-12-01,2025,12,2901,Salvador - BA,N7,7445,Habitação,2,-0.39,4.27,4.27,14.3733
2022-01-01,2022,1,4101,Curitiba - PR,N7,7486,Artigos de residência,3,0.98,0.98,13.24,4.1467
2025-12-01,2025,12,2601,Recife - PE,N7,7486,Artigos de residência,3,1.19,-0.43,-0.43,3.6844
2022-12-01,2022,12,2301,Fortaleza - CE,N7,7486,Artigos de residência,3,0.12,9.02,9.02,4.2042
2023-04-01,2023,4,2301,Fortaleza - CE,N7,7786,Comunicação,9,0.03,1.95,-1.53,3.9034
2022-07-01,2022,7,3101,Belo Horizonte - MG,N7,7170,Alimentação e bebidas,1,1.71,10.02,15.84,21.6298
2021-09-01,2021,9,2601,Recife - PE,N7,7558,Vestuário,4,0.18,1.62,4.98,5.4246
2021-09-01,2021,9,2601,Recife - PE,N7,7625,Transportes,5,1.99,13.74,17.73,19.3166
2020-01-01,2020,1,4301,Porto Alegre - RS,N7,7712,Despesas pessoais,7,-0.03,-0.03,,10.9741
2023-03-01,2023,3,3101,Belo Horizonte - MG,N7,7558,Vestuário,4,0.24,-0.22,12.62,5.0787
2023-08-01,2023,8,1501,Belém - PA,N7,7558,Vestuário,4,-0.74,-0.67,5.13,6.3648
2024-08-01,2024,8,2601,Recife - PE,N7,7170,Alimentação e bebidas,1,-0.49,3.41,2.99,23.8049
2020-11-01,2020,11,3101,Belo Horizonte - MG,N7,7660,Saúde e cuidados pessoais,6,-0.4,1.74,,14.4297
2020-03-01,2020,3,4101,Curitiba - PR,N7,7660,Saúde e cuidados pessoais,6,-0.11,0.36,,10.7889
2022-12-01,2022,12,3501,São Paulo - SP,N7,7445,Habitação,2,0.0,3.04,3.04,16.7401
2026-03-01,2026,3,2301,Fortaleza - CE,N7,7170,Alimentação e bebidas,1,1.61,1.85,1.81,23.9544
2022-10-01,2022,10,4101,Curitiba - PR,N7,7660,Saúde e cuidados pessoais,6,1.32,10.52,11.19,10.2181
2023-09-01,2023,9,2901,Salvador - BA,N7,7766,Educação,8,0.05,7.53,8.61,5.8622
2020-10-01,2020,10,3501,São Paulo - SP,N7,7445,Habitação,2,0.25,2.61,,16.6618
2021-06-01,2021,6,4101,Curitiba - PR,N7,7445,Habitação,2,2.4,5.24,9.5,14.808
2020-09-01,2020,9,3101,Belo Horizonte - MG,N7,7786,Comunicação,9,0.27,3.28,,6.071
2021-03-01,2021,3,4101,Curitiba - PR,N7,7170,Alimentação e bebidas,1,0.96,2.35,14.16,21.2111
2022-11-01,2022,11,3101,Belo Horizonte - MG,N7,7766,Educação,8,0.14,7.65,7.7,5.2985
2024-06-01,2024,6,4101,Curitiba - PR,N7,7625,Transportes,5,-0.33,0.77,2.62,25.8768
2020-08-01,2020,8,3201,Grande Vitória - ES,N7,7169,Índice geral,0,-0.03,0.92,,100.0
2020-07-01,2020,7,1501,Belém - PA,N7,7170,Alimentação e bebidas,1,0.75,5.3,,26.1566
2022-08-01,2022,8,4301,Porto Alegre - RS,N7,7486,Artigos de residência,3,0.99,9.2,14.26,4.5197
2020-10-01,2020,10,3301,Rio de Janeiro - RJ,N7,7169,Índice geral,0,0.59,1.73,,100.0
2020-02-01,2020,2,3201,Grande Vitória - ES,N7,7625,Transportes,5,-0.95,-0.41,,23.486
2024-12-01,2024,12,3301,Rio de Janeiro - RJ,N7,7786,Comunicação,9,0.68,2.74,2.74,6.0046
2021-02-01,2021,2,2901,Salvador - BA,N7,7625,Transportes,5,2.17,2.71,4.32,18.0896
2022-09-01,2022,9,3201,Grande Vitória - ES,N7,7625,Transportes,5,-1.5,0.69,7.27,24.2675
2025-01-01,2025,1,3501,São Paulo - SP,N7,7660,Saúde e cuidados pessoais,6,0.81,0.81,6.11,13.1248
2024-08-01,2024,8,3101,Belo Horizonte - MG,N7,7660,Saúde e cuidados pessoais,6,0.27,5.02,5.9,14.5949
2021-03-01,2021,3,2301,Fortaleza - CE,N7,7786,Comunicação,9,-0.29,-0.34,2.72,4.5892
2023-03-01,2023,3,4301,Porto Alegre - RS,N7,7170,Alimentação e bebidas,1,0.6,1.02,8.32,22.0204
2022-01-01,2022,1,4301,Porto Alegre - RS,N7,7625,Transportes,5,-2.32,-2.32,20.6,22.5682
2020-01-01,2020,1,3101,Belo Horizonte - MG,N7,7445,Habitação,2,-0.03,-0.03,,14.5102
2022-06-01,2022,6,2601,Recife - PE,N7,7786,Comunicação,9,0.22,2.21,4.28,4.3143
2020-05-01,2020,5,2301,Fortaleza - CE,N7,7445,Habitação,2,-1.45,-0.52,,16.5646
2026-04-01,2026,4,2601,Recife - PE,N7,7486,Artigos de residência,3,-0.34,0.46,-0.18,3.6597
2024-10-01,2024,10,3101,Belo Horizonte - MG,N7,7486,Artigos de residência,3,0.23,2.16,2.19,3.8906
2022-05-01,2022,5,2901,Salvador - BA,N7,7660,Saúde e cuidados pessoais,6,0.73,3.45,5.49,14.1304
2020-05-01,2020,5,3101,Belo Horizonte - MG,N7,7786,Comunicação,9,0.04,0.79,,5.9409
2021-01-01,2021,1,3201,Grande Vitória - ES,N7,7170,Alimentação e bebidas,1,0.9,0.9,18.4,17.7243
2023-12-01,2023,12,3201,Grande Vitória - ES,N7,7169,Índice geral,0,0.58,5.1,5.1,100.0
2021-07-01,2021,7,2301,Fortaleza - CE,N7,7786,Comunicação,9,0.12,-0.7,1.74,4.4126
2021-01-01,2021,1,2601,Recife - PE,N7,7625,Transportes,5,0.17,0.17,1.99,18.3323
2022-11-01,2022,11,4301,Porto Alegre - RS,N7,7712,Despesas pessoais,7,0.28,7.38,8.22,10.3804
2021-01-01,2021,1,2901,Salvador - BA,N7,7445,Habitação,2,-1.4,-1.4,4.94,14.2553
2023-12-01,2023,12,3101,Belo Horizonte - MG,N7,7445,Habitação,2,0.03,8.81,8.81,13.2052
2022-12-01,2022,12,2601,Recife - PE,N7,7445,Habitação,2,-0.15,-1.43,-1.43,13.8708
2023-02-01,2023,2,3301,Rio de Janeiro - RJ,N7,7660,Saúde e cuidados pessoais,6,0.88,1.45,12.06,12.9326
2025-09-01,2025,9,2601,Recife - PE,N7,7766,Educação,8,0.04,5.6,5.71,6.1935
2025-06-01,2025,6,3101,Belo Horizonte - MG,N7,7660,Saúde e cuidados pessoais,6,0.33,3.54,5.21,14.5772
2023-07-01,2023,7,3101,Belo Horizonte - MG,N7,7558,Vestuário,4,-0.29,1.6,8.46,5.1078
2026-06-01,2026,6,1501,Belém - PA,N7,7170,Alimentação e bebidas,1,-1.02,6.2,4.54,28.1057
2021-02-01,2021,2,2301,Fortaleza - CE,N7,7786,Comunicação,9,-0.02,-0.05,3.07,4.6581
2024-03-01,2024,3,3101,Belo Horizonte - MG,N7,7766,Educação,8,-0.03,5.87,6.96,5.5636
2023-05-01,2023,5,4101,Curitiba - PR,N7,7486,Artigos de residência,3,-0.78,1.06,2.63,4.1591
2025-09-01,2025,9,2601,Recife - PE,N7,7712,Despesas pessoais,7,0.78,3.94,6.39,8.5133
2023-10-01,2023,10,2301,Fortaleza - CE,N7,7712,Despesas pessoais,7,0.57,4.01,3.81,7.5223
2022-05-01,2022,5,3101,Belo Horizonte - MG,N7,7169,Índice geral,0,0.27,4.71,10.93,100.0
2020-03-01,2020,3,3301,Rio de Janeiro - RJ,N7,7169,Índice geral,0,0.46,0.5,,100.0
2026-01-01,2026,1,3501,São Paulo - SP,N7,7766,Educação,8,-0.02,-0.02,6.31,6.9507
2024-09-01,2024,9,2901,Salvador - BA,N7,7660,Saúde e cuidados pessoais,6,0.36,6.14,5.89,15.4847
2025-05-01,2025,5,2301,Fortaleza - CE,N7,7558,Vestuário,4,-0.39,-0.68,1.37,4.6935
2025-02-01,2025,2,2601,Recife - PE,N7,7766,Educação,8,4.71,4.96,5.43,6.0563
2023-01-01,2023,1,4301,Porto Alegre - RS,N7,7786,Comunicação,9,2.2,2.2,-0.05,5.5221
2022-11-01,2022,11,3501,São Paulo - SP,N7,7625,Transportes,5,0.82,-0.67,-0.04,19.6601
2024-02-01,2024,2,4301,Porto Alegre - RS,N7,7766,Educação,8,3.54,4.01,7.4,4.9857
2021-11-01,2021,11,2901,Salvador - BA,N7,7712,Despesas pessoais,7,0.34,3.39,3.8,10.0632
2025-12-01,2025,12,3101,Belo Horizonte - MG,N7,7486,Artigos de residência,3,0.33,-0.43,-0.43,3.6852
2020-02-01,2020,2,3301,Rio de Janeiro - RJ,N7,7445,Habitação,2,-1.07,-0.85,,18.5186
2023-08-01,2023,8,3501,São Paulo - SP,N7,7445,Habitação,2,0.54,2.31,3.75,16.4193
2024-04-01,2024,4,3301,Rio de Janeiro - RJ,N7,7558,Vestuário,4,0.71,-0.68,1.8,3.745
2024-01-01,2024,1,4301,Porto Alegre - RS,N7,7445,Habitação,2,-0.07,-0.07,4.82,14.2578
2025-07-01,2025,7,4101,Curitiba - PR,N7,7766,Educação,8,-0.03,5.9,6.92,5.5894
2025-04-01,2025,4,2901,Salvador - BA,N7,7786,Comunicação,9,0.74,1.1,2.24,3.8772
2024-04-01,2024,4,4101,Curitiba - PR,N7,7786,Comunicação,9,1.02,2.0,1.85,4.2083
2021-02-01,2021,2,4101,Curitiba - PR,N7,7170,Alimentação e bebidas,1,-0.16,1.37,14.91,21.4405
2024-02-01,2024,2,3201,Grande Vitória - ES,N7,7766,Educação,8,5.65,5.93,7.06,5.3183
2024-05-01,2024,5,2901,Salvador - BA,N7,7786,Comunicação,9,0.46,2.27,0.79,4.0097
2025-05-01,2025,5,1501,Belém - PA,N7,7170,Alimentação e bebidas,1,0.63,5.18,8.22,27.9448
2022-11-01,2022,11,2601,Recife - PE,N7,7169,Índice geral,0,0.39,4.88,5.98,100.0
2023-05-01,2023,5,4301,Porto Alegre - RS,N7,7445,Habitação,2,0.58,3.62,3.14,14.2294
2021-03-01,2021,3,3301,Rio de Janeiro - RJ,N7,7712,Despesas pessoais,7,0.33,1.17,1.01,9.4504
2020-08-01,2020,8,4301,Porto Alegre - RS,N7,7486,Artigos de residência,3,0.43,1.17,,4.1839
2026-06-01,2026,6,2301,Fortaleza - CE,N7,7766,Educação,8,0.03,6.14,7.13,6.9288
2025-10-01,2025,10,3301,Rio de Janeiro - RJ,N7,7786,Comunicação,9,-0.08,-0.14,0.6,5.8406
2023-01-01,2023,1,2901,Salvador - BA,N7,7660,Saúde e cuidados pessoais,6,0.21,0.21,10.1,14.8119
2024-02-01,2024,2,2901,Salvador - BA,N7,7486,Artigos de residência,3,-0.03,-0.34,-1.44,3.9816
2024-08-01,2024,8,4301,Porto Alegre - RS,N7,7712,Despesas pessoais,7,0.41,2.32,3.94,10.3905
2023-02-01,2023,2,4301,Porto Alegre - RS,N7,7445,Habitação,2,0.14,0.34,-3.88,14.1896
2024-03-01,2024,3,2901,Salvador - BA,N7,7766,Educação,8,0.03,6.51,7.92,6.1426
2020-06-01,2020,6,3101,Belo Horizonte - MG,N7,7712,Despesas pessoais,7,0.04,-0.12,,11.2025
2020-07-01,2020,7,2901,Salvador - BA,N7,7445,Habitação,2,1.1,2.15,,13.876
2022-01-01,2022,1,2901,Salvador - BA,N7,7766,Educação,8,0.27,0.27,5.27,5.4698
2020-02-01,2020,2,4101,Curitiba - PR,N7,7445,Habitação,2,-0.56,0.24,,15.1455
2025-12-01,2025,12,2901,Salvador - BA,N7,7660,Saúde e cuidados pessoais,6,0.45,5.68,5.68,15.6264
2024-02-01,2024,2,3101,Belo Horizonte - MG,N7,7786,Comunicação,9,1.07,1.09,1.05,5.0684
2021-05-01,2021,5,1501,Belém - PA,N7,7786,Comunicação,9,-0.2,-0.74,1.11,4.7912
2024-11-01,2024,11,2301,Fortaleza - CE,N7,7786,Comunicação,9,0.1,3.25,3.54,3.7447
2024-01-01,2024,1,4101,Curitiba - PR,N7,7558,Vestuário,4,0.75,0.75,4.85,4.9695
2022-01-01,2022,1,2301,Fortaleza - CE,N7,7558,Vestuário,4,1.26,1.26,15.61,4.5163
2023-10-01,2023,10,4301,Porto Alegre - RS,N7,7445,Habitação,2,0.05,4.51,6.1,14.2827
2023-06-01,2023,6,3301,Rio de Janeiro - RJ,N7,7786,Comunicação,9,-0.05,4.17,0.2,6.3655
2026-01-01,2026,1,3201,Grande Vitória - ES,N7,7445,Habitação,2,-0.03,-0.03,14.48,15.9142
2025-11-01,2025,11,2601,Recife - PE,N7,7558,Vestuário,4,0.21,4.07,5.53,5.8698
2021-04-01,2021,4,4101,Curitiba - PR,N7,7766,Educação,8,-0.02,0.88,-2.67,5.5132
2022-07-01,2022,7,4101,Curitiba - PR,N7,7766,Educação,8,0.0,5.33,8.39,5.1408
2026-02-01,2026,2,4301,Porto Alegre - RS,N7,7625,Transportes,5,0.54,0.55,2.41,20.7556
2023-08-01,2023,8,2901,Salvador - BA,N7,7712,Despesas pessoais,7,0.13,2.98,4.46,9.8644
2023-02-01,2023,2,3301,Rio de Janeiro - RJ,N7,7169,Índice geral,0,0.65,1.09,5.76,100.0
2021-07-01,2021,7,3501,São Paulo - SP,N7,7486,Artigos de residência,3,1.36,6.01,12.91,3.6221
2022-04-01,2022,4,3101,Belo Horizonte - MG,N7,7445,Habitação,2,-1.78,-0.63,7.7,13.9785
2022-09-01,2022,9,4301,Porto Alegre - RS,N7,7625,Transportes,5,-2.11,-7.91,-1.22,20.7541
2023-11-01,2023,11,3301,Rio de Janeiro - RJ,N7,7558,Vestuário,4,-0.43,1.51,2.98,3.8803
2021-02-01,2021,2,3101,Belo Horizonte - MG,N7,7625,Transportes,5,2.43,3.12,3.33,19.2128
2022-02-01,2022,2,4301,Porto Alegre - RS,N7,7766,Educação,8,4.62,4.95,5.84,4.6541
2025-11-01,2025,11,2901,Salvador - BA,N7,7486,Artigos de residência,3,-1.69,-4.4,-3.97,3.6094
2021-04-01,2021,4,2301,Fortaleza - CE,N7,7486,Artigos de residência,3,1.32,3.84,11.26,4.0365
2021-01-01,2021,1,2901,Salvador - BA,N7,7786,Comunicação,9,-0.28,-0.28,4.09,4.8981
2021-07-01,2021,7,2601,Recife - PE,N7,7558,Vestuário,4,-0.87,0.51,3.88,5.5113
2021-09-01,2021,9,3301,Rio de Janeiro - RJ,N7,7712,Despesas pessoais,7,0.62,3.27,3.53,9.2659
2021-11-01,2021,11,2601,Recife - PE,N7,7712,Despesas pessoais,7,0.7,4.75,5.09,8.482
2024-01-01,2024,1,2301,Fortaleza - CE,N7,7445,Habitação,2,0.39,0.39,5.31,16.5394
2024-09-01,2024,9,3101,Belo Horizonte - MG,N7,7712,Despesas pessoais,7,0.45,4.04,5.41,10.5714
2023-08-01,2023,8,2301,Fortaleza - CE,N7,7625,Transportes,5,2.08,8.69,6.51,19.1325
2020-09-01,2020,9,2301,Fortaleza - CE,N7,7169,Índice geral,0,1.22,2.55,,100.0
2020-08-01,2020,8,1501,Belém - PA,N7,7712,Despesas pessoais,7,-0.06,0.49,,8.1396
2023-06-01,2023,6,2601,Recife - PE,N7,7660,Saúde e cuidados pessoais,6,0.17,4.54,10.07,14.7724
2022-03-01,2022,3,4101,Curitiba - PR,N7,7445,Habitação,2,1.1,0.33,16.82,15.2368
2024-10-01,2024,10,2601,Recife - PE,N7,7486,Artigos de residência,3,-0.29,-1.62,-2.31,3.9327
2021-03-01,2021,3,3101,Belo Horizonte - MG,N7,7170,Alimentação e bebidas,1,-0.09,0.33,14.26,21.539
2024-11-01,2024,11,2301,Fortaleza - CE,N7,7625,Transportes,5,1.3,0.95,3.41,18.7223
2020-12-01,2020,12,4301,Porto Alegre - RS,N7,7486,Artigos de residência,3,2.14,7.49,7.49,4.2663
2025-12-01,2025,12,4301,Porto Alegre - RS,N7,7486,Artigos de residência,3,1.47,0.25,0.25,3.9998
2021-04-01,2021,4,4301,Porto Alegre - RS,N7,7766,Educação,8,0.05,-0.93,-2.44,4.9642
2023-09-01,2023,9,3501,São Paulo - SP,N7,7766,Educação,8,0.03,8.39,8.71,6.7687
2025-05-01,2025,5,3301,Rio de Janeiro - RJ,N7,7445,Habitação,2,1.15,2.09,4.04,18.0847
2023-06-01,2023,6,1501,Belém - PA,N7,7625,Transportes,5,-0.24,3.5,-5.96,17.993
2023-06-01,2023,6,3101,Belo Horizonte - MG,N7,7660,Saúde e cuidados pessoais,6,0.1,4.63,9.62,14.4942
2023-11-01,2023,11,1501,Belém - PA,N7,7625,Transportes,5,0.33,10.69,11.43,18.9099
2024-06-01,2024,6,2301,Fortaleza - CE,N7,7170,Alimentação e bebidas,1,0.24,5.42,5.23,24.6496
2025-05-01,2025,5,4101,Curitiba - PR,N7,7766,Educação,8,0.11,5.92,7.22,5.6071
2022-08-01,2022,8,3201,Grande Vitória - ES,N7,7660,Saúde e cuidados pessoais,6,1.26,6.61,7.14,15.0908
2024-01-01,2024,1,1501,Belém - PA,N7,7170,Alimentação e bebidas,1,2.7,2.7,1.43,26.5978
2024-03-01,2024,3,3201,Grande Vitória - ES,N7,7766,Educação,8,0.0,5.94,7.1,5.5801
2023-05-01,2023,5,4301,Porto Alegre - RS,N7,7170,Alimentação e bebidas,1,-0.23,1.97,5.45,22.0281
2021-01-01,2021,1,2301,Fortaleza - CE,N7,7445,Habitação,2,-0.86,-0.86,5.54,16.7126
2025-03-01,2025,3,4301,Porto Alegre - RS,N7,7712,Despesas pessoais,7,0.64,1.48,5.34,10.5584
2020-12-01,2020,12,2601,Recife - PE,N7,7660,Saúde e cuidados pessoais,6,0.71,1.94,1.94,14.6697
2025-12-01,2025,12,3201,Grande Vitória - ES,N7,7766,Educação,8,0.17,6.85,6.85,5.5465
2024-11-01,2024,11,4301,Porto Alegre - RS,N7,7660,Saúde e cuidados pessoais,6,0.11,5.08,5.73,13.2712
2021-11-01,2021,11,1501,Belém - PA,N7,7169,Índice geral,0,-0.03,7.08,8.7,100.0
2024-07-01,2024,7,2901,Salvador - BA,N7,7445,Habitação,2,0.52,-0.27,2.81,14.0883
2020-01-01,2020,1,3501,São Paulo - SP,N7,7766,Educação,8,0.13,0.13,,7.0941
2020-11-01,2020,11,2901,Salvador - BA,N7,7786,Comunicação,9,0.65,4.24,,4.9612
2022-01-01,2022,1,4101,Curitiba - PR,N7,7170,Alimentação e bebidas,1,1.14,1.14,8.53,20.4971
2020-03-01,2020,3,3101,Belo Horizonte - MG,N7,7766,Educação,8,0.4,4.65,,5.842
2021-12-01,2021,12,4301,Porto Alegre - RS,N7,7169,Índice geral,0,0.83,10.99,10.99,100.0
2023-12-01,2023,12,3201,Grande Vitória - ES,N7,7766,Educação,8,0.22,8.05,8.05,5.3429
2022-09-01,2022,9,3501,São Paulo - SP,N7,7766,Educação,8,0.04,7.04,7.23,6.5214
2022-09-01,2022,9,4301,Porto Alegre - RS,N7,7445,Habitação,2,0.0,-9.26,-5.39,13.9696
2022-06-01,2022,6,3101,Belo Horizonte - MG,N7,7786,Comunicação,9,0.38,3.39,4.67,5.3948
2020-10-01,2020,10,2601,Recife - PE,N7,7766,Educação,8,0.05,3.8,,6.1127
2026-03-01,2026,3,3101,Belo Horizonte - MG,N7,7660,Saúde e cuidados pessoais,6,0.59,1.74,5.81,14.7564
2022-07-01,2022,7,3301,Rio de Janeiro - RJ,N7,7486,Artigos de residência,3,0.37,8.54,13.66,3.1734
2024-05-01,2024,5,2601,Recife - PE,N7,7445,Habitação,2,-0.17,0.38,1.12,13.5352
2024-08-01,2024,8,2301,Fortaleza - CE,N7,7766,Educação,8,1.64,7.71,7.89,6.6397
2025-09-01,2025,9,3301,Rio de Janeiro - RJ,N7,7558,Vestuário,4,0.71,3.66,5.13,3.7697
2024-05-01,2024,5,4301,Porto Alegre - RS,N7,7486,Artigos de residência,3,-1.54,-2.45,-3.68,4.1976
2024-03-01,2024,3,4301,Porto Alegre - RS,N7,7445,Habitação,2,-0.16,0.03,1.83,14.1922
2020-04-01,2020,4,1501,Belém - PA,N7,7712,Despesas pessoais,7,0.01,0.58,,8.1419
2022-07-01,2022,7,1501,Belém - PA,N7,7660,Saúde e cuidados pessoais,6,-0.44,6.81,4.82,12.1861
2020-01-01,2020,1,1501,Belém - PA,N7,7170,Alimentação e bebidas,1,2.02,2.02,,24.9614
2025-09-01,2025,9,4301,Porto Alegre - RS,N7,7660,Saúde e cuidados pessoais,6,0.07,5.32,6.5,13.5323
2024-04-01,2024,4,3201,Grande Vitória - ES,N7,7766,Educação,8,0.04,5.97,7.03,5.5773
2022-12-01,2022,12,3501,São Paulo - SP,N7,7786,Comunicação,9,0.96,0.31,0.31,4.8909
2024-10-01,2024,10,3201,Grande Vitória - ES,N7,7712,Despesas pessoais,7,0.63,3.21,5.16,8.6191
2020-04-01,2020,4,3301,Rio de Janeiro - RJ,N7,7558,Vestuário,4,0.47,-0.34,,3.5726
2025-12-01,2025,12,2901,Salvador - BA,N7,7712,Despesas pessoais,7,0.47,6.98,6.98,10.3577
2025-01-01,2025,1,2901,Salvador - BA,N7,7169,Índice geral,0,0.38,0.38,4.93,100.0
2023-07-01,2023,7,4101,Curitiba - PR,N7,7625,Transportes,5,0.5,2.26,1.01,25.9741
2021-06-01,2021,6,4301,Porto Alegre - RS,N7,7766,Educação,8,0.11,-0.65,-2.29,4.9145
2021-10-01,2021,10,4301,Porto Alegre - RS,N7,7766,Educação,8,0.4,0.15,1.12,4.735
2024-10-01,2024,10,3201,Grande Vitória - ES,N7,7558,Vestuário,4,-0.37,0.91,1.21,3.957
2025-07-01,2025,7,2901,Salvador - BA,N7,7660,Saúde e cuidados pessoais,6,0.65,4.0,5.28,15.3744
2021-08-01,2021,8,3201,Grande Vitória - ES,N7,7170,Alimentação e bebidas,1,1.23,3.18,14.17,17.1673
2023-08-01,2023,8,3101,Belo Horizonte - MG,N7,7558,Vestuário,4,1.05,2.67,8.37,5.1008
2020-05-01,2020,5,3501,São Paulo - SP,N7,7625,Transportes,5,-1.3,-4.53,,19.2867
2021-08-01,2021,8,2901,Salvador - BA,N7,7445,Habitação,2,-0.1,6.85,11.51,14.5334
2020-06-01,2020,6,3501,São Paulo - SP,N7,7558,Vestuário,4,-0.25,-1.78,,3.8669
2026-05-01,2026,5,2601,Recife - PE,N7,7169,Índice geral,0,0.95,3.95,5.62,100.0
2023-10-01,2023,10,3201,Grande Vitória - ES,N7,7486,Artigos de residência,3,-0.18,0.65,-0.77,3.7514
2020-03-01,2020,3,3301,Rio de Janeiro - RJ,N7,7786,Comunicação,9,-0.02,0.76,,7.2562
2022-12-01,2022,12,4301,Porto Alegre - RS,N7,7558,Vestuário,4,2.26,15.9,15.9,5.0794
2023-10-01,2023,10,4301,Porto Alegre - RS,N7,7625,Transportes,5,-0.14,8.09,9.78,21.2822
2024-08-01,2024,8,3501,São Paulo - SP,N7,7486,Artigos de residência,3,0.89,1.23,1.93,3.5343
2023-03-01,2023,3,2601,Recife - PE,N7,7660,Saúde e cuidados pessoais,6,0.69,1.85,11.55,14.4886
2024-01-01,2024,1,3301,Rio de Janeiro - RJ,N7,7170,Alimentação e bebidas,1,1.18,1.18,1.74,20.337
2025-02-01,2025,2,4101,Curitiba - PR,N7,7445,Habitação,2,3.6,-0.13,2.75,13.7129
2025-10-01,2025,10,2301,Fortaleza - CE,N7,7486,Artigos de residência,3,0.38,1.0,2.19,3.7884
2021-09-01,2021,9,2901,Salvador - BA,N7,7170,Alimentação e bebidas,1,0.54,6.5,10.41,22.5711
2025-12-01,2025,12,4101,Curitiba - PR,N7,7169,Índice geral,0,-0.02,3.84,3.84,100.0
2023-01-01,2023,1,4101,Curitiba - PR,N7,7786,Comunicação,9,1.7,1.7,-0.66,4.2459
2025-12-01,2025,12,4101,Curitiba - PR,N7,7766,Educação,8,0.07,6.94,6.94,5.5946
2022-03-01,2022,3,4101,Curitiba - PR,N7,7660,Saúde e cuidados pessoais,6,1.49,2.37,7.59,9.6599
2023-06-01,2023,6,3201,Grande Vitória - ES,N7,7786,Comunicação,9,0.1,4.63,0.23,5.3375
2026-04-01,2026,4,3201,Grande Vitória - ES,N7,7625,Transportes,5,0.19,2.35,3.36,23.5053
2026-06-01,2026,6,4101,Curitiba - PR,N7,7169,Índice geral,0,0.42,2.83,3.61,100.0
2023-02-01,2023,2,3101,Belo Horizonte - MG,N7,7445,Habitação,2,2.13,3.93,-4.02,12.7704
2020-10-01,2020,10,4301,Porto Alegre - RS,N7,7486,Artigos de residência,3,1.6,3.57,,4.1915
2024-05-01,2024,5,1501,Belém - PA,N7,7486,Artigos de residência,3,0.37,1.28,3.06,3.7001
2023-07-01,2023,7,3501,São Paulo - SP,N7,7625,Transportes,5,1.21,3.9,0.9,19.5499
2025-12-01,2025,12,2301,Fortaleza - CE,N7,7766,Educação,8,0.13,6.28,6.28,6.7836
2020-08-01,2020,8,4301,Porto Alegre - RS,N7,7786,Comunicação,9,0.96,2.17,,6.3874
2024-04-01,2024,4,2901,Salvador - BA,N7,7169,Índice geral,0,0.63,1.9,3.49,100.0
2020-01-01,2020,1,2601,Recife - PE,N7,7170,Alimentação e bebidas,1,0.5,0.5,,21.7154
2021-02-01,2021,2,3201,Grande Vitória - ES,N7,7786,Comunicação,9,0.22,0.04,2.41,6.2298
2023-11-01,2023,11,4301,Porto Alegre - RS,N7,7445,Habitação,2,0.0,4.5,5.68,14.2845
2023-09-01,2023,9,3201,Grande Vitória - ES,N7,7786,Comunicação,9,0.22,4.56,3.49,5.3055
2020-01-01,2020,1,2301,Fortaleza - CE,N7,7445,Habitação,2,0.0,0.0,,16.6016
2023-12-01,2023,12,3201,Grande Vitória - ES,N7,7170,Alimentação e bebidas,1,1.16,0.04,0.04,17.3622
2025-11-01,2025,11,2301,Fortaleza - CE,N7,7169,Índice geral,0,0.42,3.89,4.57,100.0
2022-01-01,2022,1,1501,Belém - PA,N7,7169,Índice geral,0,0.65,0.65,8.84,100.0
2020-06-01,2020,6,1501,Belém - PA,N7,7712,Despesas pessoais,7,-0.03,0.79,,8.2061
2022-08-01,2022,8,1501,Belém - PA,N7,7169,Índice geral,0,0.18,3.84,6.56,100.0
2025-03-01,2025,3,4101,Curitiba - PR,N7,7712,Despesas pessoais,7,0.41,0.08,3.63,9.2118
2022-10-01,2022,10,1501,Belém - PA,N7,7170,Alimentação e bebidas,1,0.25,9.6,9.23,27.9466
2023-02-01,2023,2,3101,Belo Horizonte - MG,N7,7766,Educação,8,5.35,5.84,7.3,5.2366
2023-03-01,2023,3,3101,Belo Horizonte - MG,N7,7625,Transportes,5,1.42,2.68,-5.67,19.5669
2023-05-01,2023,5,3301,Rio de Janeiro - RJ,N7,7486,Artigos de residência,3,0.34,0.72,0.79,3.0617
2023-06-01,2023,6,3301,Rio de Janeiro - RJ,N7,7712,Despesas pessoais,7,0.09,2.75,7.6,9.2736
2021-10-01,2021,10,4301,Porto Alegre - RS,N7,7625,Transportes,5,3.2,19.79,22.8,21.6653
2025-10-01,2025,10,3201,Grande Vitória - ES,N7,7786,Comunicação,9,-0.02,1.69,2.02,5.0987
2021-06-01,2021,6,2301,Fortaleza - CE,N7,7786,Comunicação,9,-0.4,-0.82,2.05,4.4562
2023-03-01,2023,3,3501,São Paulo - SP,N7,7786,Comunicação,9,0.53,4.06,2.58,4.9986
2025-02-01,2025,2,3201,Grande Vitória - ES,N7,7558,Vestuário,4,0.0,0.2,3.3,3.9349
2024-01-01,2024,1,1501,Belém - PA,N7,7486,Artigos de residência,3,0.87,0.87,3.53,3.7519
2022-04-01,2022,4,3301,Rio de Janeiro - RJ,N7,7660,Saúde e cuidados pessoais,6,1.83,3.36,4.55,12.1863
2025-10-01,2025,10,3201,Grande Vitória - ES,N7,7766,Educação,8,0.0,6.72,6.92,5.5711
2021-07-01,2021,7,4301,Porto Alegre - RS,N7,7170,Alimentação e bebidas,1,0.44,4.66,14.26,21.2207
2021-02-01,2021,2,2601,Recife - PE,N7,7786,Comunicação,9,-0.02,0.15,4.64,4.7658
2024-07-01,2024,7,3201,Grande Vitória - ES,N7,7445,Habitação,2,0.72,0.59,3.68,15.2746
2020-07-01,2020,7,3501,São Paulo - SP,N7,7169,Índice geral,0,0.24,0.55,,100.0
2025-08-01,2025,8,3201,Grande Vitória - ES,N7,7712,Despesas pessoais,7,-0.27,3.18,5.91,8.7504
2024-03-01,2024,3,2901,Salvador - BA,N7,7660,Saúde e cuidados pessoais,6,0.97,2.82,6.59,15.1443
2022-04-01,2022,4,3101,Belo Horizonte - MG,N7,7766,Educação,8,0.16,6.77,8.09,5.2535
2023-12-01,2023,12,4101,Curitiba - PR,N7,7660,Saúde e cuidados pessoais,6,-0.21,6.14,6.14,10.6052
2023-02-01,2023,2,3201,Grande Vitória - ES,N7,7170,Alimentação e bebidas,1,-0.14,0.91,10.35,18.3691
2020-03-01,2020,3,3201,Grande Vitória - ES,N7,7558,Vestuário,4,-0.2,-2.7,,3.8971
2025-01-01,2025,1,2601,Recife - PE,N7,7660,Saúde e cuidados pessoais,6,0.25,0.25,6.08,15.1879
2026-03-01,2026,3,2601,Recife - PE,N7,7445,Habitação,2,-0.35,-1.05,3.88,13.4434
2022-09-01,2022,9,3101,Belo Horizonte - MG,N7,7486,Artigos de residência,3,-0.31,6.14,10.0,4.3467
2021-09-01,2021,9,2901,Salvador - BA,N7,7558,Vestuário,4,2.8,3.86,3.88,4.5051
2020-08-01,2020,8,2901,Salvador - BA,N7,7170,Alimentação e bebidas,1,-0.19,7.88,,21.9566
2020-08-01,2020,8,4101,Curitiba - PR,N7,7486,Artigos de residência,3,0.57,0.13,,4.0603
2020-12-01,2020,12,2301,Fortaleza - CE,N7,7170,Alimentação e bebidas,1,0.97,16.14,16.14,24.318
2026-04-01,2026,4,2301,Fortaleza - CE,N7,7558,Vestuário,4,-0.2,0.79,4.94,4.7333
2021-05-01,2021,5,1501,Belém - PA,N7,7766,Educação,8,0.14,6.04,-1.19,3.5036
2025-10-01,2025,10,2301,Fortaleza - CE,N7,7170,Alimentação e bebidas,1,0.14,2.77,5.37,24.2837
2022-05-01,2022,5,2601,Recife - PE,N7,7660,Saúde e cuidados pessoais,6,0.69,4.91,5.49,13.6864
2024-08-01,2024,8,2901,Salvador - BA,N7,7486,Artigos de residência,3,0.41,-0.99,-1.2,3.8418
2023-10-01,2023,10,2901,Salvador - BA,N7,7486,Artigos de residência,3,0.67,-1.64,-1.16,4.0109
2022-12-01,2022,12,3501,São Paulo - SP,N7,7766,Educação,8,0.12,7.35,7.35,6.4875
2022-10-01,2022,10,2601,Recife - PE,N7,7786,Comunicação,9,0.09,-2.51,-0.97,4.1675
2025-04-01,2025,4,1501,Belém - PA,N7,7786,Comunicação,9,0.35,0.7,1.71,4.0827
2024-09-01,2024,9,3201,Grande Vitória - ES,N7,7625,Transportes,5,0.04,0.94,2.58,23.7775
2025-07-01,2025,7,3501,São Paulo - SP,N7,7486,Artigos de residência,3,0.09,0.53,2.27,3.435
2023-12-01,2023,12,4301,Porto Alegre - RS,N7,7766,Educação,8,0.29,8.91,8.91,4.9761
2021-06-01,2021,6,2601,Recife - PE,N7,7766,Educação,8,0.03,2.94,2.97,5.9375
2021-04-01,2021,4,3201,Grande Vitória - ES,N7,7558,Vestuário,4,0.72,1.13,2.84,3.7044
2025-10-01,2025,10,3501,São Paulo - SP,N7,7712,Despesas pessoais,7,0.6,4.63,7.22,11.0628
2025-06-01,2025,6,3301,Rio de Janeiro - RJ,N7,7625,Transportes,5,0.26,1.47,4.45,19.4772
2025-09-01,2025,9,4101,Curitiba - PR,N7,7558,Vestuário,4,1.26,5.0,7.4,4.9588
2021-12-01,2021,12,4101,Curitiba - PR,N7,7445,Habitação,2,0.59,17.39,17.39,15.6128
2020-12-01,2020,12,3501,São Paulo - SP,N7,7766,Educação,8,0.38,1.62,1.62,6.954
2023-06-01,2023,6,3501,São Paulo - SP,N7,7486,Artigos de residência,3,-0.6,0.48,1.71,3.6729
2026-04-01,2026,4,2301,Fortaleza - CE,N7,7486,Artigos de residência,3,0.91,0.58,-0.33,3.6599
2020-11-01,2020,11,2301,Fortaleza - CE,N7,7170,Alimentação e bebidas,1,2.99,15.03,,23.8001
2022-06-01,2022,6,3301,Rio de Janeiro - RJ,N7,7766,Educação,8,0.02,6.98,7.78,5.1588
2024-08-01,2024,8,4101,Curitiba - PR,N7,7170,Alimentação e bebidas,1,-0.21,3.04,4.48,21.1486
2025-02-01,2025,2,2601,Recife - PE,N7,7786,Comunicação,9,-0.3,-0.02,0.58,3.9868
2025-03-01,2025,3,3301,Rio de Janeiro - RJ,N7,7445,Habitação,2,-0.16,1.1,4.07,18.2697
2023-08-01,2023,8,4101,Curitiba - PR,N7,7558,Vestuário,4,0.16,1.7,5.33,4.914
2023-11-01,2023,11,3201,Grande Vitória - ES,N7,7712,Despesas pessoais,7,0.97,5.03,5.67,8.5814
2021-09-01,2021,9,3201,Grande Vitória - ES,N7,7660,Saúde e cuidados pessoais,6,0.39,4.49,4.43,15.363
2022-11-01,2022,11,3301,Rio de Janeiro - RJ,N7,7766,Educação,8,-0.08,7.83,7.81,5.1915
2020-02-01,2020,2,2601,Recife - PE,N7,7486,Artigos de residência,3,-0.42,0.38,,4.1171
2026-03-01,2026,3,4101,Curitiba - PR,N7,7170,Alimentação e bebidas,1,1.64,1.86,1.49,21.3131
2021-08-01,2021,8,2601,Recife - PE,N7,7786,Comunicação,9,0.3,0.67,1.62,4.5647
2022-07-01,2022,7,2301,Fortaleza - CE,N7,7786,Comunicação,9,0.32,3.11,4.0,4.0922
2026-06-01,2026,6,2601,Recife - PE,N7,7169,Índice geral,0,-0.04,3.91,5.24,100.0
2020-01-01,2020,1,3301,Rio de Janeiro - RJ,N7,7766,Educação,8,0.18,0.18,,5.4649
2023-07-01,2023,7,3501,São Paulo - SP,N7,7170,Alimentação e bebidas,1,-0.48,1.59,2.64,20.3662
2021-07-01,2021,7,1501,Belém - PA,N7,7786,Comunicação,9,0.39,-0.37,0.7,4.7467
2020-08-01,2020,8,2301,Fortaleza - CE,N7,7660,Saúde e cuidados pessoais,6,0.11,1.19,,13.7963
2025-03-01,2025,3,2301,Fortaleza - CE,N7,7169,Índice geral,0,0.32,1.47,4.57,100.0
2024-08-01,2024,8,3201,Grande Vitória - ES,N7,7712,Despesas pessoais,7,0.45,2.5,5.66,8.6301
2024-09-01,2024,9,2301,Fortaleza - CE,N7,7170,Alimentação e bebidas,1,0.23,4.11,5.78,24.1628
2020-11-01,2020,11,4101,Curitiba - PR,N7,7169,Índice geral,0,0.87,2.53,,100.0
2024-10-01,2024,10,4301,Porto Alegre - RS,N7,7486,Artigos de residência,3,0.36,1.15,1.75,4.1999
2022-04-01,2022,4,4301,Porto Alegre - RS,N7,7558,Vestuário,4,1.58,4.02,13.6,4.6589
2023-09-01,2023,9,4301,Porto Alegre - RS,N7,7445,Habitação,2,0.04,4.45,7.47,14.303
2020-10-01,2020,10,2601,Recife - PE,N7,7660,Saúde e cuidados pessoais,6,0.19,1.19,,14.8112
2020-09-01,2020,9,4301,Porto Alegre - RS,N7,7486,Artigos de residência,3,0.76,1.94,,4.188
2025-08-01,2025,8,1501,Belém - PA,N7,7558,Vestuário,4,0.66,2.05,4.26,6.2533
2021-06-01,2021,6,3501,São Paulo - SP,N7,7170,Alimentação e bebidas,1,0.49,2.51,11.44,19.7659
2024-07-01,2024,7,2901,Salvador - BA,N7,7625,Transportes,5,0.8,1.76,4.12,18.4322
2023-07-01,2023,7,2901,Salvador - BA,N7,7558,Vestuário,4,0.18,0.64,8.24,5.3575
2025-12-01,2025,12,4301,Porto Alegre - RS,N7,7169,Índice geral,0,0.63,4.79,4.79,100.0
2021-02-01,2021,2,4101,Curitiba - PR,N7,7486,Artigos de residência,3,0.75,1.83,7.09,4.1505
2023-07-01,2023,7,2301,Fortaleza - CE,N7,7558,Vestuário,4,-0.15,1.58,10.46,4.9428
2021-11-01,2021,11,4301,Porto Alegre - RS,N7,7558,Vestuário,4,0.8,8.43,9.39,4.5848
2022-02-01,2022,2,2301,Fortaleza - CE,N7,7786,Comunicação,9,0.49,1.16,1.37,4.2311
2024-05-01,2024,5,2601,Recife - PE,N7,7170,Alimentação e bebidas,1,0.82,4.99,3.88,24.0126
2024-02-01,2024,2,2601,Recife - PE,N7,7625,Transportes,5,0.16,0.94,4.88,19.1276
2023-06-01,2023,6,4101,Curitiba - PR,N7,7625,Transportes,5,0.09,1.75,-4.43,25.959
2025-10-01,2025,10,3501,São Paulo - SP,N7,7445,Habitação,2,-0.21,7.5,5.14,16.5676
2021-05-01,2021,5,3101,Belo Horizonte - MG,N7,7169,Índice geral,0,0.79,3.44,8.68,100.0
2024-10-01,2024,10,3501,São Paulo - SP,N7,7445,Habitação,2,1.49,5.11,6.01,16.3979
2023-04-01,2023,4,3201,Grande Vitória - ES,N7,7558,Vestuário,4,0.82,1.96,13.31,4.0004
2023-01-01,2023,1,2301,Fortaleza - CE,N7,7170,Alimentação e bebidas,1,0.56,0.56,9.28,24.8529
2026-05-01,2026,5,3301,Rio de Janeiro - RJ,N7,7558,Vestuário,4,0.73,1.57,4.93,3.7503
2022-08-01,2022,8,2601,Recife - PE,N7,7170,Alimentação e bebidas,1,0.85,9.38,12.69,23.7765
2023-01-01,2023,1,2601,Recife - PE,N7,7712,Despesas pessoais,7,1.03,1.03,5.78,8.3974
2021-01-01,2021,1,2301,Fortaleza - CE,N7,7170,Alimentação e bebidas,1,1.21,1.21,16.59,24.2001
2022-02-01,2022,2,3301,Rio de Janeiro - RJ,N7,7712,Despesas pessoais,7,0.94,1.89,6.07,9.1427
2025-02-01,2025,2,2901,Salvador - BA,N7,7486,Artigos de residência,3,-0.02,-0.08,0.49,3.8125
2023-06-01,2023,6,4301,Porto Alegre - RS,N7,7486,Artigos de residência,3,-1.18,-1.06,0.21,4.4164
2020-02-01,2020,2,4101,Curitiba - PR,N7,7169,Índice geral,0,0.08,0.13,,100.0
2025-06-01,2025,6,3301,Rio de Janeiro - RJ,N7,7660,Saúde e cuidados pessoais,6,0.37,3.43,5.25,13.6195
2020-11-01,2020,11,2301,Fortaleza - CE,N7,7445,Habitação,2,0.26,3.04,,16.5007
2024-02-01,2024,2,3101,Belo Horizonte - MG,N7,7558,Vestuário,4,-0.5,-0.5,5.81,5.1688
2021-11-01,2021,11,2601,Recife - PE,N7,7486,Artigos de residência,3,0.98,8.46,9.37,4.1443
2021-01-01,2021,1,3101,Belo Horizonte - MG,N7,7170,Alimentação e bebidas,1,1.29,1.29,17.11,21.6779
2024-09-01,2024,9,4301,Porto Alegre - RS,N7,7766,Educação,8,0.02,5.72,6.16,5.1269
2023-06-01,2023,6,2601,Recife - PE,N7,7486,Artigos de residência,3,-0.47,-0.55,-0.26,4.1937
2021-11-01,2021,11,3201,Grande Vitória - ES,N7,7625,Transportes,5,3.29,20.64,22.71,23.8679
2023-06-01,2023,6,4301,Porto Alegre - RS,N7,7558,Vestuário,4,0.59,2.19,9.43,5.103
2022-11-01,2022,11,3101,Belo Horizonte - MG,N7,7486,Artigos de residência,3,-0.3,5.71,7.19,4.3208
2020-01-01,2020,1,3301,Rio de Janeiro - RJ,N7,7660,Saúde e cuidados pessoais,6,-0.1,-0.1,,13.5008
2021-04-01,2021,4,4301,Porto Alegre - RS,N7,7786,Comunicação,9,0.15,0.13,3.84,6.1262
2021-06-01,2021,6,3101,Belo Horizonte - MG,N7,7558,Vestuário,4,0.62,2.89,4.16,4.5611
2024-07-01,2024,7,3101,Belo Horizonte - MG,N7,7660,Saúde e cuidados pessoais,6,0.12,4.75,5.87,14.6163
2026-05-01,2026,5,3501,São Paulo - SP,N7,7660,Saúde e cuidados pessoais,6,1.07,3.91,6.39,13.2764
2026-06-01,2026,6,2901,Salvador - BA,N7,7445,Habitação,2,-0.13,2.65,3.57,14.1266
2023-04-01,2023,4,2301,Fortaleza - CE,N7,7766,Educação,8,0.02,6.2,7.72,6.4447
2022-05-01,2022,5,3201,Grande Vitória - ES,N7,7625,Transportes,5,0.9,7.41,20.7,25.1838
2024-06-01,2024,6,2901,Salvador - BA,N7,7660,Saúde e cuidados pessoais,6,0.31,5.41,6.31,15.4125
2020-10-01,2020,10,3301,Rio de Janeiro - RJ,N7,7660,Saúde e cuidados pessoais,6,-0.17,0.97,,13.5014
2022-03-01,2022,3,4301,Porto Alegre - RS,N7,7170,Alimentação e bebidas,1,3.18,5.02,10.14,20.7606
2025-08-01,2025,8,1501,Belém - PA,N7,7170,Alimentação e bebidas,1,-0.76,2.95,8.17,27.5216
2026-01-01,2026,1,4101,Curitiba - PR,N7,7169,Índice geral,0,0.41,0.41,4.36,100.0
2024-08-01,2024,8,2601,Recife - PE,N7,7786,Comunicação,9,-0.02,2.06,1.32,4.0325
2021-05-01,2021,5,2901,Salvador - BA,N7,7445,Habitação,2,3.05,3.01,9.9,13.9551
2026-02-01,2026,2,3301,Rio de Janeiro - RJ,N7,7170,Alimentação e bebidas,1,-0.21,-0.12,0.1,20.633
2022-03-01,2022,3,3501,São Paulo - SP,N7,7169,Índice geral,0,1.46,3.17,11.04,100.0
2022-05-01,2022,5,4101,Curitiba - PR,N7,7660,Saúde e cuidados pessoais,6,0.89,5.31,8.31,9.6793
2024-06-01,2024,6,3301,Rio de Janeiro - RJ,N7,7169,Índice geral,0,0.11,2.21,4.02,100.0
2020-07-01,2020,7,4101,Curitiba - PR,N7,7625,Transportes,5,1.53,-4.25,,23.5286
2026-04-01,2026,4,4301,Porto Alegre - RS,N7,7625,Transportes,5,0.02,2.54,3.37,21.0029
2024-01-01,2024,1,2901,Salvador - BA,N7,7170,Alimentação e bebidas,1,1.38,1.38,0.1,22.4479
2024-11-01,2024,11,3201,Grande Vitória - ES,N7,7712,Despesas pessoais,7,1.18,4.43,5.39,8.6303
2020-11-01,2020,11,2301,Fortaleza - CE,N7,7486,Artigos de residência,3,0.64,3.44,,4.0692
2024-12-01,2024,12,2901,Salvador - BA,N7,7486,Artigos de residência,3,0.45,0.23,0.23,3.8463
2023-12-01,2023,12,3201,Grande Vitória - ES,N7,7712,Despesas pessoais,7,0.92,5.99,5.99,8.6301
2021-01-01,2021,1,2301,Fortaleza - CE,N7,7660,Saúde e cuidados pessoais,6,0.62,0.62,2.74,13.3117
2021-04-01,2021,4,2901,Salvador - BA,N7,7786,Comunicação,9,-0.06,-0.69,4.16,4.7715
2020-12-01,2020,12,3101,Belo Horizonte - MG,N7,7712,Despesas pessoais,7,0.69,0.5,0.5,10.8207
2025-12-01,2025,12,3501,São Paulo - SP,N7,7169,Índice geral,0,0.27,4.78,4.78,100.0
2023-05-01,2023,5,3301,Rio de Janeiro - RJ,N7,7169,Índice geral,0,0.08,2.68,3.64,100.0
2025-09-01,2025,9,4101,Curitiba - PR,N7,7170,Alimentação e bebidas,1,-0.51,3.47,6.35,21.7315
2025-04-01,2025,4,2301,Fortaleza - CE,N7,7169,Índice geral,0,0.6,2.08,5.35,100.0
2023-10-01,2023,10,4301,Porto Alegre - RS,N7,7169,Índice geral,0,0.04,3.83,4.85,100.0
2024-05-01,2024,5,3301,Rio de Janeiro - RJ,N7,7170,Alimentação e bebidas,1,0.59,3.95,4.2,20.6748
2020-11-01,2020,11,3501,São Paulo - SP,N7,7445,Habitação,2,0.49,3.11,,16.5565
2021-05-01,2021,5,4301,Porto Alegre - RS,N7,7445,Habitação,2,0.87,0.47,7.22,14.6475
2020-11-01,2020,11,3201,Grande Vitória - ES,N7,7660,Saúde e cuidados pessoais,6,0.11,2.37,,16.1161
2022-06-01,2022,6,3101,Belo Horizonte - MG,N7,7170,Alimentação e bebidas,1,1.12,8.17,14.64,21.5678
2023-05-01,2023,5,3501,São Paulo - SP,N7,7766,Educação,8,0.05,7.43,8.6,6.7365
2024-03-01,2024,3,2601,Recife - PE,N7,7766,Educação,8,0.1,5.01,5.48,6.1996
2021-04-01,2021,4,3501,São Paulo - SP,N7,7625,Transportes,5,-0.34,5.25,10.15,20.1086
2025-02-01,2025,2,4101,Curitiba - PR,N7,7170,Alimentação e bebidas,1,1.35,2.04,7.37,21.7584
2023-12-01,2023,12,3101,Belo Horizonte - MG,N7,7625,Transportes,5,0.7,7.68,7.68,20.1551
2023-08-01,2023,8,1501,Belém - PA,N7,7660,Saúde e cuidados pessoais,6,0.86,5.47,9.75,13.0058
2023-11-01,2023,11,2301,Fortaleza - CE,N7,7625,Transportes,5,-0.12,8.0,7.97,19.2743
2026-05-01,2026,5,3201,Grande Vitória - ES,N7,7486,Artigos de residência,3,-0.86,1.97,-0.4,3.5327
2021-11-01,2021,11,3101,Belo Horizonte - MG,N7,7766,Educação,8,-0.08,3.76,3.29,5.1808
2020-09-01,2020,9,1501,Belém - PA,N7,7625,Transportes,5,1.6,-2.2,,17.8781
2020-12-01,2020,12,2901,Salvador - BA,N7,7558,Vestuário,4,1.58,-8.25,-8.25,4.6799
2023-10-01,2023,10,2301,Fortaleza - CE,N7,7558,Vestuário,4,0.89,3.74,6.2,4.9439
2024-11-01,2024,11,1501,Belém - PA,N7,7486,Artigos de residência,3,-1.71,3.58,4.04,3.8176
2022-12-01,2022,12,1501,Belém - PA,N7,7660,Saúde e cuidados pessoais,6,3.09,13.23,13.23,12.5402
2026-03-01,2026,3,4301,Porto Alegre - RS,N7,7486,Artigos de residência,3,0.58,0.06,-0.14,3.9892
2025-10-01,2025,10,3101,Belo Horizonte - MG,N7,7445,Habitação,2,-0.57,8.05,5.79,13.7086
2024-12-01,2024,12,2601,Recife - PE,N7,7786,Comunicação,9,-0.1,2.14,2.14,3.9981
2023-07-01,2023,7,2601,Recife - PE,N7,7170,Alimentação e bebidas,1,0.05,1.3,3.99,24.016
2021-03-01,2021,3,3501,São Paulo - SP,N7,7170,Alimentação e bebidas,1,-0.12,1.32,12.93,19.9853
2024-09-01,2024,9,3101,Belo Horizonte - MG,N7,7558,Vestuário,4,0.17,0.79,3.45,5.0538
2021-01-01,2021,1,4101,Curitiba - PR,N7,7660,Saúde e cuidados pessoais,6,0.24,0.24,1.09,10.3654
2025-12-01,2025,12,3201,Grande Vitória - ES,N7,7170,Alimentação e bebidas,1,0.23,2.9,2.9,17.5778
2025-09-01,2025,9,2601,Recife - PE,N7,7558,Vestuário,4,1.0,3.13,5.47,5.8138
2024-04-01,2024,4,2901,Salvador - BA,N7,7445,Habitação,2,0.28,-1.46,2.01,14.119
2023-08-01,2023,8,2901,Salvador - BA,N7,7486,Artigos de residência,3,-0.13,-1.44,-0.73,4.0601
2021-06-01,2021,6,2601,Recife - PE,N7,7170,Alimentação e bebidas,1,0.69,2.99,10.0,23.1587
2020-07-01,2020,7,1501,Belém - PA,N7,7712,Despesas pessoais,7,-0.24,0.55,,8.2184
2022-11-01,2022,11,2301,Fortaleza - CE,N7,7712,Despesas pessoais,7,-0.42,4.38,4.83,7.6287
2023-11-01,2023,11,2601,Recife - PE,N7,7786,Comunicação,9,-0.12,2.36,3.03,4.0747
2026-05-01,2026,5,2901,Salvador - BA,N7,7625,Transportes,5,-1.81,3.74,5.33,18.8384
2021-06-01,2021,6,3101,Belo Horizonte - MG,N7,7766,Educação,8,0.13,2.84,-1.67,5.3391
2023-06-01,2023,6,1501,Belém - PA,N7,7558,Vestuário,4,-0.17,-0.24,9.14,6.3664
2022-04-01,2022,4,3101,Belo Horizonte - MG,N7,7170,Alimentação e bebidas,1,1.52,7.17,13.67,21.5642
2021-03-01,2021,3,3101,Belo Horizonte - MG,N7,7486,Artigos de residência,3,1.47,3.74,14.63,4.1243
2026-04-01,2026,4,3301,Rio de Janeiro - RJ,N7,7558,Vestuário,4,0.77,0.83,4.75,3.7489
2025-11-01,2025,11,3301,Rio de Janeiro - RJ,N7,7169,Índice geral,0,0.12,2.91,3.51,100.0
2020-04-01,2020,4,3201,Grande Vitória - ES,N7,7170,Alimentação e bebidas,1,2.3,4.84,,16.018
2022-02-01,2022,2,4101,Curitiba - PR,N7,7660,Saúde e cuidados pessoais,6,0.25,0.87,6.07,9.759
2021-06-01,2021,6,2601,Recife - PE,N7,7660,Saúde e cuidados pessoais,6,0.46,3.74,4.7,14.5524
2022-04-01,2022,4,3201,Grande Vitória - ES,N7,7486,Artigos de residência,3,1.2,4.12,12.04,3.8838
2026-06-01,2026,6,1501,Belém - PA,N7,7786,Comunicação,9,0.18,2.53,1.87,3.9743
2022-11-01,2022,11,3201,Grande Vitória - ES,N7,7660,Saúde e cuidados pessoais,6,0.38,8.85,9.59,15.3535
2025-09-01,2025,9,4101,Curitiba - PR,N7,7766,Educação,8,0.12,6.79,7.06,5.6133
2020-03-01,2020,3,3301,Rio de Janeiro - RJ,N7,7558,Vestuário,4,1.01,-0.8,,3.5532
2026-01-01,2026,1,1501,Belém - PA,N7,7660,Saúde e cuidados pessoais,6,1.28,1.28,5.69,13.072
2023-11-01,2023,11,2601,Recife - PE,N7,7766,Educação,8,-0.01,8.94,9.32,5.9815
2023-06-01,2023,6,4301,Porto Alegre - RS,N7,7169,Índice geral,0,-0.02,2.81,2.58,100.0
2021-12-01,2021,12,4301,Porto Alegre - RS,N7,7486,Artigos de residência,3,1.35,11.94,11.94,4.2931
2022-05-01,2022,5,2901,Salvador - BA,N7,7558,Vestuário,4,2.26,10.7,26.17,4.9678
2021-01-01,2021,1,3301,Rio de Janeiro - RJ,N7,7712,Despesas pessoais,7,0.53,0.53,0.36,9.424
2022-09-01,2022,9,2601,Recife - PE,N7,7486,Artigos de residência,3,-0.2,7.67,13.13,4.366
2020-11-01,2020,11,2601,Recife - PE,N7,7486,Artigos de residência,3,0.41,6.74,,4.2028
2025-10-01,2025,10,2601,Recife - PE,N7,7786,Comunicação,9,-0.49,-0.23,-0.28,3.8497
2020-09-01,2020,9,3101,Belo Horizonte - MG,N7,7486,Artigos de residência,3,1.7,4.57,,3.9952
2023-10-01,2023,10,4101,Curitiba - PR,N7,7486,Artigos de residência,3,-0.02,0.44,0.34,4.0587
2022-12-01,2022,12,3101,Belo Horizonte - MG,N7,7486,Artigos de residência,3,0.42,6.16,6.16,4.2846
2026-01-01,2026,1,3201,Grande Vitória - ES,N7,7558,Vestuário,4,-0.84,-0.84,5.51,4.0016
2021-03-01,2021,3,2601,Recife - PE,N7,7445,Habitação,2,-0.08,-0.86,5.83,14.0837
2022-11-01,2022,11,3101,Belo Horizonte - MG,N7,7558,Vestuário,4,1.08,16.34,18.23,5.1143
2023-12-01,2023,12,2301,Fortaleza - CE,N7,7486,Artigos de residência,3,-0.36,-1.17,-1.17,3.99
2021-05-01,2021,5,3101,Belo Horizonte - MG,N7,7766,Educação,8,0.17,2.71,-1.66,5.3719
2021-04-01,2021,4,1501,Belém - PA,N7,7486,Artigos de residência,3,0.79,4.78,8.04,3.8294
2024-01-01,2024,1,3501,São Paulo - SP,N7,7766,Educação,8,0.22,0.22,8.67,6.6896
2026-02-01,2026,2,1501,Belém - PA,N7,7170,Alimentação e bebidas,1,1.75,2.03,1.47,27.2389
2022-04-01,2022,4,2901,Salvador - BA,N7,7486,Artigos de residência,3,0.95,5.45,17.53,4.3126
2026-05-01,2026,5,3301,Rio de Janeiro - RJ,N7,7786,Comunicação,9,0.18,1.62,1.13,5.7422
2022-01-01,2022,1,1501,Belém - PA,N7,7170,Alimentação e bebidas,1,2.03,2.03,4.99,26.5397
2025-09-01,2025,9,3101,Belo Horizonte - MG,N7,7625,Transportes,5,-0.44,1.91,1.68,19.757
2024-02-01,2024,2,3501,São Paulo - SP,N7,7766,Educação,8,5.44,5.67,7.22,6.688
2025-05-01,2025,5,3301,Rio de Janeiro - RJ,N7,7660,Saúde e cuidados pessoais,6,0.23,3.05,5.25,13.6166
2024-09-01,2024,9,2601,Recife - PE,N7,7170,Alimentação e bebidas,1,-0.11,3.3,3.45,23.7037
2022-07-01,2022,7,4301,Porto Alegre - RS,N7,7712,Despesas pessoais,7,1.18,5.01,8.42,9.9405
2025-04-01,2025,4,3301,Rio de Janeiro - RJ,N7,7766,Educação,8,0.15,5.23,5.95,5.5641
2022-08-01,2022,8,1501,Belém - PA,N7,7558,Vestuário,4,2.3,9.24,14.36,6.1542
2022-10-01,2022,10,3201,Grande Vitória - ES,N7,7786,Comunicação,9,-0.87,-1.96,-1.48,5.3876
2026-02-01,2026,2,2601,Recife - PE,N7,7170,Alimentação e bebidas,1,0.57,0.56,2.41,23.7554
2021-02-01,2021,2,3201,Grande Vitória - ES,N7,7486,Artigos de residência,3,0.77,1.72,8.32,3.9261
2024-08-01,2024,8,3501,São Paulo - SP,N7,7170,Alimentação e bebidas,1,-0.13,3.81,5.44,20.28
2021-09-01,2021,9,3501,São Paulo - SP,N7,7169,Índice geral,0,1.01,6.47,9.73,100.0
2024-05-01,2024,5,3201,Grande Vitória - ES,N7,7766,Educação,8,0.03,6.0,6.98,5.5551
2023-12-01,2023,12,2601,Recife - PE,N7,7712,Despesas pessoais,7,0.19,4.51,4.51,8.5077
2023-01-01,2023,1,2601,Recife - PE,N7,7169,Índice geral,0,0.03,0.03,5.4,100.0
2021-10-01,2021,10,3501,São Paulo - SP,N7,7766,Educação,8,0.03,1.59,1.87,6.5862
2021-04-01,2021,4,3501,São Paulo - SP,N7,7558,Vestuário,4,-0.34,2.42,0.98,3.721
2022-01-01,2022,1,3501,São Paulo - SP,N7,7558,Vestuário,4,1.84,1.84,14.3,3.7923
2025-08-01,2025,8,3201,Grande Vitória - ES,N7,7169,Índice geral,0,0.23,3.56,5.3,100.0
2023-03-01,2023,3,1501,Belém - PA,N7,7766,Educação,8,0.01,6.83,9.64,3.6447
2026-01-01,2026,1,1501,Belém - PA,N7,7625,Transportes,5,0.9,0.9,2.13,18.356
2020-10-01,2020,10,4301,Porto Alegre - RS,N7,7445,Habitação,2,0.91,1.79,,14.6501
2024-02-01,2024,2,1501,Belém - PA,N7,7712,Despesas pessoais,7,0.4,1.29,5.09,7.6286
2023-02-01,2023,2,3101,Belo Horizonte - MG,N7,7169,Índice geral,0,0.81,1.64,4.39,100.0
2021-09-01,2021,9,3101,Belo Horizonte - MG,N7,7625,Transportes,5,2.33,15.38,19.59,20.5508
2023-03-01,2023,3,1501,Belém - PA,N7,7660,Saúde e cuidados pessoais,6,1.08,1.86,11.64,12.7313
2025-01-01,2025,1,2301,Fortaleza - CE,N7,7170,Alimentação e bebidas,1,1.25,1.25,6.72,24.4878
2026-03-01,2026,3,2601,Recife - PE,N7,7660,Saúde e cuidados pessoais,6,0.38,2.07,4.93,15.2705
2021-02-01,2021,2,1501,Belém - PA,N7,7660,Saúde e cuidados pessoais,6,1.6,1.4,1.8,12.7321
2020-05-01,2020,5,4101,Curitiba - PR,N7,7786,Comunicação,9,0.34,0.6,,5.2127
2022-04-01,2022,4,3501,São Paulo - SP,N7,7486,Artigos de residência,3,1.5,6.85,17.42,3.7286
2022-07-01,2022,7,3201,Grande Vitória - ES,N7,7786,Comunicação,9,-0.26,1.91,2.96,5.5276
2021-02-01,2021,2,2301,Fortaleza - CE,N7,7169,Índice geral,0,1.48,1.85,6.55,100.0
2022-04-01,2022,4,2601,Recife - PE,N7,7786,Comunicação,9,0.27,0.88,3.05,4.3273
2023-10-01,2023,10,4101,Curitiba - PR,N7,7445,Habitação,2,0.17,9.12,9.4,14.4723
2025-08-01,2025,8,2901,Salvador - BA,N7,7712,Despesas pessoais,7,0.8,4.91,6.99,10.1414
2020-04-01,2020,4,2901,Salvador - BA,N7,7786,Comunicação,9,-0.28,-0.46,,4.8526
2026-02-01,2026,2,1501,Belém - PA,N7,7660,Saúde e cuidados pessoais,6,0.51,1.8,5.19,13.2188
2020-10-01,2020,10,2901,Salvador - BA,N7,7712,Despesas pessoais,7,0.15,0.65,,10.7581
2022-08-01,2022,8,1501,Belém - PA,N7,7712,Despesas pessoais,7,0.84,4.35,6.07,7.5247
2026-05-01,2026,5,2601,Recife - PE,N7,7170,Alimentação e bebidas,1,1.63,4.63,4.35,23.8196
2025-05-01,2025,5,1501,Belém - PA,N7,7625,Transportes,5,0.23,0.52,4.04,18.2562
2020-01-01,2020,1,3101,Belo Horizonte - MG,N7,7786,Comunicação,9,0.24,0.24,,5.9281
2024-03-01,2024,3,3301,Rio de Janeiro - RJ,N7,7170,Alimentação e bebidas,1,0.54,3.31,3.77,20.6254
2025-02-01,2025,2,3101,Belo Horizonte - MG,N7,7786,Comunicação,9,-0.05,-0.16,2.31,4.9817
2022-04-01,2022,4,3301,Rio de Janeiro - RJ,N7,7712,Despesas pessoais,7,0.58,2.87,7.21,8.992
2021-02-01,2021,2,4301,Porto Alegre - RS,N7,7766,Educação,8,-0.91,-0.74,-0.98,5.1128
2020-03-01,2020,3,3301,Rio de Janeiro - RJ,N7,7660,Saúde e cuidados pessoais,6,0.55,1.26,,13.5926
2024-01-01,2024,1,4101,Curitiba - PR,N7,7766,Educação,8,0.3,0.3,6.31,5.3368
2020-12-01,2020,12,3201,Grande Vitória - ES,N7,7558,Vestuário,4,1.13,-1.09,-1.09,3.7939
2024-01-01,2024,1,3301,Rio de Janeiro - RJ,N7,7486,Artigos de residência,3,0.59,0.59,1.46,3.0657
2021-01-01,2021,1,3301,Rio de Janeiro - RJ,N7,7170,Alimentação e bebidas,1,1.18,1.18,14.57,20.5545
2026-06-01,2026,6,2901,Salvador - BA,N7,7625,Transportes,5,1.01,4.79,5.3,18.404
2026-02-01,2026,2,2301,Fortaleza - CE,N7,7625,Transportes,5,1.75,3.59,5.18,18.8844
2023-12-01,2023,12,3501,São Paulo - SP,N7,7660,Saúde e cuidados pessoais,6,0.56,7.07,7.07,12.9757
2022-04-01,2022,4,3101,Belo Horizonte - MG,N7,7660,Saúde e cuidados pessoais,6,2.52,4.22,6.15,13.1467
2020-03-01,2020,3,3101,Belo Horizonte - MG,N7,7486,Artigos de residência,3,-1.47,-0.88,,3.9042
2023-12-01,2023,12,3301,Rio de Janeiro - RJ,N7,7786,Comunicação,9,-0.21,1.85,1.85,6.1769
2022-03-01,2022,3,3501,São Paulo - SP,N7,7786,Comunicação,9,-0.1,1.75,3.24,5.2235
2021-03-01,2021,3,4101,Curitiba - PR,N7,7660,Saúde e cuidados pessoais,6,0.05,0.84,0.68,10.3068
2023-04-01,2023,4,4101,Curitiba - PR,N7,7558,Vestuário,4,0.82,0.27,7.32,4.8686
2025-08-01,2025,8,4101,Curitiba - PR,N7,7766,Educação,8,0.72,6.67,6.98,5.5692
2024-11-01,2024,11,3501,São Paulo - SP,N7,7625,Transportes,5,1.19,2.74,3.33,19.6852
2021-06-01,2021,6,2901,Salvador - BA,N7,7625,Transportes,5,1.46,9.24,15.1,18.8168
2025-08-01,2025,8,4301,Porto Alegre - RS,N7,7170,Alimentação e bebidas,1,-0.41,4.74,6.17,21.5331
2020-05-01,2020,5,3501,São Paulo - SP,N7,7786,Comunicação,9,0.38,0.76,,5.7146
2023-10-01,2023,10,2601,Recife - PE,N7,7766,Educação,8,0.04,8.96,9.38,5.9734
2024-02-01,2024,2,3301,Rio de Janeiro - RJ,N7,7170,Alimentação e bebidas,1,1.56,2.76,3.39,20.4875
2021-10-01,2021,10,3501,São Paulo - SP,N7,7712,Despesas pessoais,7,0.88,3.8,4.57,10.9562
2024-08-01,2024,8,3201,Grande Vitória - ES,N7,7786,Comunicação,9,0.2,3.63,3.66,5.2769
2023-04-01,2023,4,2301,Fortaleza - CE,N7,7660,Saúde e cuidados pessoais,6,1.39,2.8,10.39,13.1254
2025-10-01,2025,10,3301,Rio de Janeiro - RJ,N7,7486,Artigos de residência,3,-0.69,-1.09,-1.61,2.7882
2025-12-01,2025,12,3101,Belo Horizonte - MG,N7,7169,Índice geral,0,0.41,3.97,3.97,100.0
2023-03-01,2023,3,3101,Belo Horizonte - MG,N7,7786,Comunicação,9,0.58,3.91,1.73,5.2971
2025-11-01,2025,11,2601,Recife - PE,N7,7660,Saúde e cuidados pessoais,6,-0.45,3.99,4.12,15.2785
2024-09-01,2024,9,2601,Recife - PE,N7,7486,Artigos de residência,3,0.33,-1.33,-1.9,3.9266
2021-05-01,2021,5,2601,Recife - PE,N7,7169,Índice geral,0,0.76,3.18,8.36,100.0
2022-04-01,2022,4,3101,Belo Horizonte - MG,N7,7486,Artigos de residência,3,1.76,4.84,13.1,4.1979
2025-12-01,2025,12,3101,Belo Horizonte - MG,N7,7558,Vestuário,4,0.46,4.6,4.6,5.115
2021-05-01,2021,5,2901,Salvador - BA,N7,7712,Despesas pessoais,7,0.21,0.97,1.47,10.4198
2026-02-01,2026,2,3301,Rio de Janeiro - RJ,N7,7786,Comunicação,9,0.2,0.82,0.63,5.8246
2021-02-01,2021,2,1501,Belém - PA,N7,7712,Despesas pessoais,7,0.17,0.08,1.41,7.9146
2025-11-01,2025,11,1501,Belém - PA,N7,7558,Vestuário,4,-0.2,1.73,2.93,6.2641
2022-07-01,2022,7,2601,Recife - PE,N7,7766,Educação,8,0.16,6.87,7.46,5.6279
2021-12-01,2021,12,3201,Grande Vitória - ES,N7,7660,Saúde e cuidados pessoais,6,0.68,4.61,4.61,14.77
2023-01-01,2023,1,3501,São Paulo - SP,N7,7445,Habitação,2,0.46,0.46,2.68,16.6362
2020-01-01,2020,1,1501,Belém - PA,N7,7660,Saúde e cuidados pessoais,6,-1.38,-1.38,,13.3124
2020-02-01,2020,2,2301,Fortaleza - CE,N7,7625,Transportes,5,0.05,0.74,,19.2484
2024-07-01,2024,7,3501,São Paulo - SP,N7,7660,Saúde e cuidados pessoais,6,0.21,4.63,6.63,13.2392
2024-01-01,2024,1,1501,Belém - PA,N7,7625,Transportes,5,-1.15,-1.15,9.88,18.9492
2023-10-01,2023,10,3301,Rio de Janeiro - RJ,N7,7169,Índice geral,0,0.38,3.04,3.74,100.0
2020-04-01,2020,4,3201,Grande Vitória - ES,N7,7766,Educação,8,0.08,5.7,,5.8226
2024-12-01,2024,12,3101,Belo Horizonte - MG,N7,7786,Comunicação,9,0.44,3.59,3.59,4.999
2025-02-01,2025,2,3101,Belo Horizonte - MG,N7,7169,Índice geral,0,1.31,1.75,5.77,100.0
2024-08-01,2024,8,3501,São Paulo - SP,N7,7169,Índice geral,0,0.1,2.98,4.61,100.0
2022-10-01,2022,10,3501,São Paulo - SP,N7,7169,Índice geral,0,0.66,5.53,7.18,100.0
2025-04-01,2025,4,2301,Fortaleza - CE,N7,7712,Despesas pessoais,7,0.64,2.16,6.12,7.5473
2022-10-01,2022,10,3501,São Paulo - SP,N7,7445,Habitação,2,0.21,2.61,4.21,16.8106
2025-01-01,2025,1,3501,São Paulo - SP,N7,7170,Alimentação e bebidas,1,0.74,0.74,8.83,20.8022
2025-10-01,2025,10,3101,Belo Horizonte - MG,N7,7486,Artigos de residência,3,0.02,0.99,0.9,3.7455
2020-01-01,2020,1,4301,Porto Alegre - RS,N7,7766,Educação,8,0.0,0.0,,5.2256
2021-10-01,2021,10,4301,Porto Alegre - RS,N7,7169,Índice geral,0,1.14,9.02,11.92,100.0
2025-11-01,2025,11,3201,Grande Vitória - ES,N7,7169,Índice geral,0,0.09,4.77,5.31,100.0
2023-08-01,2023,8,3101,Belo Horizonte - MG,N7,7625,Transportes,5,-0.27,4.32,2.88,19.8918
2025-09-01,2025,9,1501,Belém - PA,N7,7169,Índice geral,0,0.27,3.47,5.42,100.0
2022-08-01,2022,8,2301,Fortaleza - CE,N7,7660,Saúde e cuidados pessoais,6,1.21,7.88,7.74,12.6074
2020-10-01,2020,10,3301,Rio de Janeiro - RJ,N7,7786,Comunicação,9,0.13,4.06,,7.4017
2021-03-01,2021,3,3201,Grande Vitória - ES,N7,7786,Comunicação,9,-0.21,-0.17,2.56,6.182
2020-06-01,2020,6,2601,Recife - PE,N7,7486,Artigos de residência,3,1.07,1.77,,4.0999
2020-03-01,2020,3,3101,Belo Horizonte - MG,N7,7712,Despesas pessoais,7,-0.2,0.33,,11.1919
2024-10-01,2024,10,3501,São Paulo - SP,N7,7786,Comunicação,9,0.69,2.31,2.02,4.7488
2024-12-01,2024,12,4101,Curitiba - PR,N7,7786,Comunicação,9,0.55,3.95,3.95,4.1973
2024-12-01,2024,12,2601,Recife - PE,N7,7766,Educação,8,0.06,5.38,5.38,6.0664
2026-06-01,2026,6,1501,Belém - PA,N7,7486,Artigos de residência,3,-0.13,1.16,0.15,3.4936
2024-02-01,2024,2,3201,Grande Vitória - ES,N7,7786,Comunicação,9,1.38,1.41,3.0,5.2067
2024-09-01,2024,9,4101,Curitiba - PR,N7,7625,Transportes,5,0.94,1.68,0.81,25.7319
2023-12-01,2023,12,2301,Fortaleza - CE,N7,7558,Vestuário,4,1.05,4.26,4.26,4.9488
2026-03-01,2026,3,2601,Recife - PE,N7,7169,Índice geral,0,1.1,2.13,4.58,100.0
2023-03-01,2023,3,2901,Salvador - BA,N7,7766,Educação,8,0.13,6.58,10.05,5.8934
2023-06-01,2023,6,3501,São Paulo - SP,N7,7766,Educação,8,-0.06,7.37,8.47,6.7242
2025-04-01,2025,4,3101,Belo Horizonte - MG,N7,7786,Comunicação,9,0.53,0.83,2.47,4.9166
2026-02-01,2026,2,3501,São Paulo - SP,N7,7486,Artigos de residência,3,-0.28,-0.07,0.01,3.3532
2025-11-01,2025,11,1501,Belém - PA,N7,7445,Habitação,2,0.11,7.19,6.56,16.016
2022-02-01,2022,2,2601,Recife - PE,N7,7766,Educação,8,6.18,6.39,7.26,5.5711
2020-03-01,2020,3,1501,Belém - PA,N7,7660,Saúde e cuidados pessoais,6,0.31,0.14,,13.2104
2020-01-01,2020,1,3201,Grande Vitória - ES,N7,7786,Comunicação,9,0.16,0.16,,6.4173
2024-10-01,2024,10,4101,Curitiba - PR,N7,7660,Saúde e cuidados pessoais,6,0.17,5.11,5.04,10.7422
2022-05-01,2022,5,2301,Fortaleza - CE,N7,7558,Vestuário,4,0.84,3.63,13.06,4.4533
2024-11-01,2024,11,1501,Belém - PA,N7,7169,Índice geral,0,0.46,4.04,4.8,100.0
2020-11-01,2020,11,3301,Rio de Janeiro - RJ,N7,7169,Índice geral,0,0.69,2.43,,100.0
2020-04-01,2020,4,2601,Recife - PE,N7,7445,Habitação,2,0.28,1.27,,14.0907
2022-08-01,2022,8,4101,Curitiba - PR,N7,7558,Vestuário,4,0.21,7.09,12.33,4.8415
2022-09-01,2022,9,1501,Belém - PA,N7,7786,Comunicação,9,-2.66,-2.01,-1.27,4.5048
2021-03-01,2021,3,4301,Porto Alegre - RS,N7,7170,Alimentação e bebidas,1,0.09,1.68,14.48,21.3103
2023-05-01,2023,5,3301,Rio de Janeiro - RJ,N7,7558,Vestuário,4,1.26,1.26,12.06,3.8225
2022-06-01,2022,6,1501,Belém - PA,N7,7766,Educação,8,0.38,6.64,7.21,3.4031
2022-08-01,2022,8,2901,Salvador - BA,N7,7169,Índice geral,0,-0.17,5.3,10.42,100.0
2023-02-01,2023,2,2901,Salvador - BA,N7,7445,Habitação,2,2.22,3.99,6.45,14.0747
2020-07-01,2020,7,3201,Grande Vitória - ES,N7,7766,Educação,8,-0.12,5.56,,5.8269
2025-12-01,2025,12,1501,Belém - PA,N7,7169,Índice geral,0,-0.1,3.75,3.75,100.0
2022-02-01,2022,2,2601,Recife - PE,N7,7712,Despesas pessoais,7,0.55,0.95,6.21,8.4504
2022-04-01,2022,4,3301,Rio de Janeiro - RJ,N7,7486,Artigos de residência,3,2.89,6.23,14.99,3.1012
2022-01-01,2022,1,3201,Grande Vitória - ES,N7,7786,Comunicação,9,0.84,0.84,1.46,5.6458
2020-09-01,2020,9,1501,Belém - PA,N7,7445,Habitação,2,0.17,-0.32,,15.7903
2024-05-01,2024,5,4101,Curitiba - PR,N7,7625,Transportes,5,0.5,1.11,3.05,25.874
2025-06-01,2025,6,2901,Salvador - BA,N7,7170,Alimentação e bebidas,1,-0.05,4.81,5.9,23.128
2020-12-01,2020,12,3501,São Paulo - SP,N7,7712,Despesas pessoais,7,0.8,1.37,1.37,11.3699
2024-01-01,2024,1,3201,Grande Vitória - ES,N7,7660,Saúde e cuidados pessoais,6,0.87,0.87,7.31,15.7897
2025-08-01,2025,8,3301,Rio de Janeiro - RJ,N7,7660,Saúde e cuidados pessoais,6,0.47,4.4,5.76,13.6912
2023-07-01,2023,7,3301,Rio de Janeiro - RJ,N7,7445,Habitação,2,-1.4,0.64,2.0,18.311
2026-06-01,2026,6,2901,Salvador - BA,N7,7786,Comunicação,9,0.05,2.55,1.97,3.8082
2020-01-01,2020,1,2901,Salvador - BA,N7,7558,Vestuário,4,-0.55,-0.55,,5.355
2020-05-01,2020,5,2301,Fortaleza - CE,N7,7169,Índice geral,0,-0.52,0.64,,100.0
2024-07-01,2024,7,1501,Belém - PA,N7,7445,Habitação,2,0.98,2.64,8.35,15.9287
2026-02-01,2026,2,4101,Curitiba - PR,N7,7660,Saúde e cuidados pessoais,6,0.62,1.47,5.56,10.8986
2021-08-01,2021,8,3201,Grande Vitória - ES,N7,7660,Saúde e cuidados pessoais,6,-0.06,4.09,3.24,15.5735
2026-01-01,2026,1,3101,Belo Horizonte - MG,N7,7170,Alimentação e bebidas,1,0.15,0.15,1.72,22.1424
2023-02-01,2023,2,2301,Fortaleza - CE,N7,7712,Despesas pessoais,7,0.2,0.94,4.68,7.5375
2022-07-01,2022,7,2601,Recife - PE,N7,7170,Alimentação e bebidas,1,1.71,8.46,13.73,23.2776
2024-06-01,2024,6,3301,Rio de Janeiro - RJ,N7,7766,Educação,8,0.01,5.9,6.34,5.5061
2022-01-01,2022,1,4101,Curitiba - PR,N7,7786,Comunicação,9,0.76,0.76,2.08,4.541
2021-06-01,2021,6,3301,Rio de Janeiro - RJ,N7,7170,Alimentação e bebidas,1,0.32,2.19,11.3,20.3681
2021-11-01,2021,11,2301,Fortaleza - CE,N7,7170,Alimentação e bebidas,1,0.37,8.31,9.36,23.988
2024-07-01,2024,7,2601,Recife - PE,N7,7486,Artigos de residência,3,0.25,-1.11,-1.57,3.9487
2024-03-01,2024,3,3101,Belo Horizonte - MG,N7,7660,Saúde e cuidados pessoais,6,0.32,1.98,6.0,14.4397
2025-04-01,2025,4,4301,Porto Alegre - RS,N7,7786,Comunicação,9,0.7,1.0,2.05,5.3484
2024-07-01,2024,7,3101,Belo Horizonte - MG,N7,7786,Comunicação,9,0.15,2.91,2.13,5.0795
2021-09-01,2021,9,3101,Belo Horizonte - MG,N7,7766,Educação,8,0.03,3.9,3.61,5.3161
2026-06-01,2026,6,1501,Belém - PA,N7,7169,Índice geral,0,0.07,3.93,4.29,100.0
2020-03-01,2020,3,2301,Fortaleza - CE,N7,7558,Vestuário,4,-0.36,-0.46,,4.5156
2023-06-01,2023,6,4101,Curitiba - PR,N7,7445,Habitação,2,1.02,6.66,2.32,14.1428
2022-08-01,2022,8,2301,Fortaleza - CE,N7,7712,Despesas pessoais,7,0.78,4.21,6.1,7.4669
2020-06-01,2020,6,2901,Salvador - BA,N7,7712,Despesas pessoais,7,-0.06,0.59,,10.9553
2020-08-01,2020,8,3101,Belo Horizonte - MG,N7,7445,Habitação,2,-0.46,0.12,,14.5408
2025-05-01,2025,5,3101,Belo Horizonte - MG,N7,7169,Índice geral,0,0.17,2.83,5.63,100.0
2021-10-01,2021,10,2601,Recife - PE,N7,7169,Índice geral,0,1.09,8.17,10.29,100.0
2026-06-01,2026,6,3301,Rio de Janeiro - RJ,N7,7660,Saúde e cuidados pessoais,6,0.13,3.06,5.17,13.7808
2024-02-01,2024,2,2301,Fortaleza - CE,N7,7486,Artigos de residência,3,0.61,1.47,-1.31,3.9493
2025-10-01,2025,10,3301,Rio de Janeiro - RJ,N7,7712,Despesas pessoais,7,0.42,4.14,6.65,9.4765
2023-02-01,2023,2,4101,Curitiba - PR,N7,7486,Artigos de residência,3,0.39,0.72,4.22,4.2079
2022-04-01,2022,4,3301,Rio de Janeiro - RJ,N7,7169,Índice geral,0,1.39,5.08,11.95,100.0
2024-03-01,2024,3,2601,Recife - PE,N7,7169,Índice geral,0,0.33,1.7,3.23,100.0
2024-09-01,2024,9,4101,Curitiba - PR,N7,7170,Alimentação e bebidas,1,1.23,4.31,6.4,21.1804
2024-04-01,2024,4,2601,Recife - PE,N7,7558,Vestuário,4,-0.06,-1.14,0.33,5.8652
2023-08-01,2023,8,3201,Grande Vitória - ES,N7,7786,Comunicação,9,0.08,4.33,1.45,5.3175
2025-01-01,2025,1,1501,Belém - PA,N7,7558,Vestuário,4,0.18,0.18,4.85,6.3749
2023-03-01,2023,3,2301,Fortaleza - CE,N7,7660,Saúde e cuidados pessoais,6,0.49,1.4,10.24,13.1072
2023-08-01,2023,8,4301,Porto Alegre - RS,N7,7712,Despesas pessoais,7,0.37,3.52,5.99,10.3537
2024-08-01,2024,8,4301,Porto Alegre - RS,N7,7169,Índice geral,0,0.18,2.46,3.47,100.0
2020-10-01,2020,10,4301,Porto Alegre - RS,N7,7786,Comunicação,9,0.52,2.56,,6.3755
2020-09-01,2020,9,1501,Belém - PA,N7,7712,Despesas pessoais,7,0.29,0.78,,8.1377
2021-08-01,2021,8,2301,Fortaleza - CE,N7,7766,Educação,8,-0.41,7.79,11.92,6.3685
2025-11-01,2025,11,1501,Belém - PA,N7,7625,Transportes,5,0.46,2.01,2.51,18.2759
2025-10-01,2025,10,4301,Porto Alegre - RS,N7,7558,Vestuário,4,0.82,3.25,3.88,4.9428
2022-06-01,2022,6,3501,São Paulo - SP,N7,7625,Transportes,5,-0.09,6.18,18.69,21.3883
2024-02-01,2024,2,4301,Porto Alegre - RS,N7,7169,Índice geral,0,0.52,0.65,4.29,100.0
2020-07-01,2020,7,2301,Fortaleza - CE,N7,7486,Artigos de residência,3,0.81,-0.99,,3.981
2021-04-01,2021,4,2301,Fortaleza - CE,N7,7558,Vestuário,4,2.3,2.21,5.14,4.2806
2022-03-01,2022,3,3101,Belo Horizonte - MG,N7,7625,Transportes,5,2.65,3.5,17.81,21.3924
2020-11-01,2020,11,3101,Belo Horizonte - MG,N7,7712,Despesas pessoais,7,0.12,-0.2,,10.9112
2023-07-01,2023,7,1501,Belém - PA,N7,7766,Educação,8,0.11,7.24,9.04,3.6078
2024-08-01,2024,8,2901,Salvador - BA,N7,7625,Transportes,5,1.14,2.92,5.12,18.5449
2021-12-01,2021,12,3501,São Paulo - SP,N7,7445,Habitação,2,0.8,13.31,13.31,17.1957
2025-12-01,2025,12,2901,Salvador - BA,N7,7766,Educação,8,0.07,6.15,6.15,6.1642
2023-08-01,2023,8,3501,São Paulo - SP,N7,7625,Transportes,5,0.27,4.18,3.96,19.7895
2021-03-01,2021,3,3201,Grande Vitória - ES,N7,7660,Saúde e cuidados pessoais,6,0.17,1.62,2.68,15.737
2025-08-01,2025,8,4301,Porto Alegre - RS,N7,7486,Artigos de residência,3,-0.47,0.83,2.15,4.1224
2022-10-01,2022,10,2301,Fortaleza - CE,N7,7486,Artigos de residência,3,0.36,9.24,11.78,4.2408
2023-03-01,2023,3,2901,Salvador - BA,N7,7625,Transportes,5,1.48,3.5,-3.23,18.3297
2025-01-01,2025,1,4301,Porto Alegre - RS,N7,7486,Artigos de residência,3,0.56,0.56,3.23,4.2155
2025-05-01,2025,5,3501,São Paulo - SP,N7,7660,Saúde e cuidados pessoais,6,0.68,3.31,5.82,13.1295
2022-10-01,2022,10,2601,Recife - PE,N7,7766,Educação,8,0.06,7.0,7.2,5.7695
2023-01-01,2023,1,1501,Belém - PA,N7,7786,Comunicação,9,2.46,2.46,-1.66,4.2806
2025-12-01,2025,12,3501,São Paulo - SP,N7,7712,Despesas pessoais,7,0.32,5.9,5.9,11.1922
2022-10-01,2022,10,2601,Recife - PE,N7,7625,Transportes,5,0.81,-3.43,0.36,18.7308
2020-05-01,2020,5,4101,Curitiba - PR,N7,7170,Alimentação e bebidas,1,-0.12,1.72,,20.0435
2024-06-01,2024,6,2901,Salvador - BA,N7,7169,Índice geral,0,-0.04,2.46,3.93,100.0
2024-07-01,2024,7,2901,Salvador - BA,N7,7712,Despesas pessoais,7,1.13,2.59,5.4,9.9178
2025-07-01,2025,7,3501,São Paulo - SP,N7,7558,Vestuário,4,-0.7,2.12,3.96,4.0644
2020-04-01,2020,4,3501,São Paulo - SP,N7,7660,Saúde e cuidados pessoais,6,-0.21,0.49,,13.2238
2022-01-01,2022,1,2301,Fortaleza - CE,N7,7625,Transportes,5,0.12,0.12,19.98,19.8874
2024-11-01,2024,11,3201,Grande Vitória - ES,N7,7786,Comunicação,9,0.01,4.06,4.09,5.2494
2024-07-01,2024,7,2601,Recife - PE,N7,7625,Transportes,5,1.13,2.79,3.14,18.918
2024-03-01,2024,3,1501,Belém - PA,N7,7486,Artigos de residência,3,-0.5,0.44,3.19,3.7336
2026-05-01,2026,5,1501,Belém - PA,N7,7660,Saúde e cuidados pessoais,6,1.06,5.54,6.69,13.2273
2021-01-01,2021,1,3301,Rio de Janeiro - RJ,N7,7660,Saúde e cuidados pessoais,6,0.67,0.67,1.84,13.1078
2021-10-01,2021,10,2301,Fortaleza - CE,N7,7660,Saúde e cuidados pessoais,6,-0.04,4.77,3.92,12.9381
2025-03-01,2025,3,2601,Recife - PE,N7,7660,Saúde e cuidados pessoais,6,0.82,1.37,5.94,15.0417
2025-11-01,2025,11,3501,São Paulo - SP,N7,7660,Saúde e cuidados pessoais,6,0.17,5.08,5.64,13.2133
2024-03-01,2024,3,3201,Grande Vitória - ES,N7,7170,Alimentação e bebidas,1,0.24,3.01,2.6,17.7554
2025-01-01,2025,1,3301,Rio de Janeiro - RJ,N7,7766,Educação,8,0.15,0.15,6.54,5.4017
2022-12-01,2022,12,1501,Belém - PA,N7,7169,Índice geral,0,1.05,5.56,5.56,100.0
2020-02-01,2020,2,2601,Recife - PE,N7,7558,Vestuário,4,0.52,0.2,,5.8601
2022-07-01,2022,7,3201,Grande Vitória - ES,N7,7625,Transportes,5,-4.09,3.82,13.33,25.4751
2020-08-01,2020,8,2601,Recife - PE,N7,7170,Alimentação e bebidas,1,0.45,5.99,,22.5715
2026-01-01,2026,1,4301,Porto Alegre - RS,N7,7486,Artigos de residência,3,-0.69,-0.69,-0.99,4.0329
2020-02-01,2020,2,3501,São Paulo - SP,N7,7712,Despesas pessoais,7,0.18,0.72,,11.7015
2020-04-01,2020,4,3201,Grande Vitória - ES,N7,7786,Comunicação,9,-0.12,-0.15,,6.3678
2024-02-01,2024,2,2601,Recife - PE,N7,7486,Artigos de residência,3,-0.43,-0.38,-1.64,4.0836
2022-12-01,2022,12,3301,Rio de Janeiro - RJ,N7,7766,Educação,8,0.31,8.16,8.16,5.1697
2020-04-01,2020,4,3201,Grande Vitória - ES,N7,7558,Vestuário,4,-0.04,-2.74,,3.8846
2023-08-01,2023,8,3201,Grande Vitória - ES,N7,7169,Índice geral,0,0.31,3.46,5.03,100.0
2026-01-01,2026,1,2301,Fortaleza - CE,N7,7712,Despesas pessoais,7,1.0,1.0,6.35,7.7283
2021-11-01,2021,11,1501,Belém - PA,N7,7766,Educação,8,-0.04,6.6,7.02,3.3897
2020-11-01,2020,11,4101,Curitiba - PR,N7,7486,Artigos de residência,3,0.92,3.34,,4.0969
2025-03-01,2025,3,3201,Grande Vitória - ES,N7,7625,Transportes,5,0.29,3.2,7.05,24.0041
2020-02-01,2020,2,3101,Belo Horizonte - MG,N7,7170,Alimentação e bebidas,1,0.75,1.35,,19.6462
2021-11-01,2021,11,2601,Recife - PE,N7,7660,Saúde e cuidados pessoais,6,-1.27,2.27,2.99,13.9252
2020-08-01,2020,8,2901,Salvador - BA,N7,7712,Despesas pessoais,7,-0.07,0.42,,10.7959
2026-01-01,2026,1,2901,Salvador - BA,N7,7169,Índice geral,0,0.52,0.52,3.94,100.0
2020-08-01,2020,8,1501,Belém - PA,N7,7169,Índice geral,0,-0.04,0.42,,100.0
2021-01-01,2021,1,4101,Curitiba - PR,N7,7766,Educação,8,0.2,0.2,0.84,5.6122
2021-05-01,2021,5,3201,Grande Vitória - ES,N7,7558,Vestuário,4,0.87,2.01,3.7,3.7168
2024-12-01,2024,12,3101,Belo Horizonte - MG,N7,7766,Educação,8,0.05,6.94,6.94,5.4148
2023-03-01,2023,3,4301,Porto Alegre - RS,N7,7712,Despesas pessoais,7,0.51,1.02,6.66,10.3277
2021-12-01,2021,12,3301,Rio de Janeiro - RJ,N7,7786,Comunicação,9,0.47,1.71,1.71,6.8089
2023-07-01,2023,7,2901,Salvador - BA,N7,7625,Transportes,5,3.32,4.29,-2.72,17.9485
2026-05-01,2026,5,1501,Belém - PA,N7,7170,Alimentação e bebidas,1,0.59,7.29,5.01,28.1183
2025-11-01,2025,11,3501,São Paulo - SP,N7,7445,Habitação,2,0.28,7.79,7.0,16.5257
2022-10-01,2022,10,1501,Belém - PA,N7,7766,Educação,8,0.25,8.41,8.3,3.4949
2023-07-01,2023,7,3201,Grande Vitória - ES,N7,7660,Saúde e cuidados pessoais,6,0.09,5.43,10.43,15.8354
2024-11-01,2024,11,4301,Porto Alegre - RS,N7,7170,Alimentação e bebidas,1,0.71,3.19,3.79,21.0424
2024-09-01,2024,9,3501,São Paulo - SP,N7,7625,Transportes,5,0.15,1.77,3.59,19.9087
2021-03-01,2021,3,2301,Fortaleza - CE,N7,7766,Educação,8,0.16,7.74,3.14,6.5926
2025-11-01,2025,11,2901,Salvador - BA,N7,7169,Índice geral,0,0.01,3.19,4.11,100.0
2021-08-01,2021,8,2601,Recife - PE,N7,7170,Alimentação e bebidas,1,1.78,6.01,13.68,23.142
2020-11-01,2020,11,3201,Grande Vitória - ES,N7,7712,Despesas pessoais,7,0.08,1.45,,9.1122
2025-02-01,2025,2,2901,Salvador - BA,N7,7169,Índice geral,0,1.38,1.76,5.37,100.0
2023-11-01,2023,11,2301,Fortaleza - CE,N7,7169,Índice geral,0,0.31,4.01,4.64,100.0
2023-08-01,2023,8,3301,Rio de Janeiro - RJ,N7,7766,Educação,8,0.08,6.83,7.18,5.3821
2024-03-01,2024,3,3501,São Paulo - SP,N7,7660,Saúde e cuidados pessoais,6,0.43,2.05,6.7,13.0332
2020-04-01,2020,4,2301,Fortaleza - CE,N7,7169,Índice geral,0,-0.12,1.17,,100.0
2020-01-01,2020,1,2901,Salvador - BA,N7,7712,Despesas pessoais,7,0.32,0.32,,10.888
2022-09-01,2022,9,3301,Rio de Janeiro - RJ,N7,7625,Transportes,5,-0.64,2.0,8.6,20.1254
2022-07-01,2022,7,3201,Grande Vitória - ES,N7,7660,Saúde e cuidados pessoais,6,0.65,5.28,5.74,14.7971
2024-05-01,2024,5,2601,Recife - PE,N7,7766,Educação,8,-0.03,4.93,5.19,6.1488
2023-09-01,2023,9,3501,São Paulo - SP,N7,7712,Despesas pessoais,7,0.72,4.34,6.47,11.0822
2022-03-01,2022,3,3101,Belo Horizonte - MG,N7,7170,Alimentação e bebidas,1,2.28,5.56,12.29,21.3871
2024-03-01,2024,3,3101,Belo Horizonte - MG,N7,7169,Índice geral,0,0.12,2.06,5.07,100.0
2024-09-01,2024,9,4301,Porto Alegre - RS,N7,7169,Índice geral,0,0.39,2.86,3.69,100.0
2023-02-01,2023,2,1501,Belém - PA,N7,7660,Saúde e cuidados pessoais,6,1.92,0.77,13.08,12.5996
2022-02-01,2022,2,4301,Porto Alegre - RS,N7,7486,Artigos de residência,3,1.71,3.63,14.0,4.4201
2020-11-01,2020,11,2901,Salvador - BA,N7,7486,Artigos de residência,3,0.39,0.69,,4.1237
2024-06-01,2024,6,2301,Fortaleza - CE,N7,7445,Habitação,2,0.66,1.02,3.62,16.2371
2023-09-01,2023,9,3501,São Paulo - SP,N7,7625,Transportes,5,1.7,5.95,7.75,19.7982
2020-07-01,2020,7,3301,Rio de Janeiro - RJ,N7,7445,Habitação,2,0.27,1.22,,18.5876
2022-01-01,2022,1,3101,Belo Horizonte - MG,N7,7660,Saúde e cuidados pessoais,6,0.37,0.37,4.42,13.3642
2022-01-01,2022,1,2901,Salvador - BA,N7,7786,Comunicação,9,0.37,0.37,0.97,4.4354
2020-07-01,2020,7,4301,Porto Alegre - RS,N7,7169,Índice geral,0,0.37,-0.12,,100.0
2023-03-01,2023,3,2601,Recife - PE,N7,7766,Educação,8,0.12,8.56,9.39,6.0843
2025-05-01,2025,5,4101,Curitiba - PR,N7,7660,Saúde e cuidados pessoais,6,0.84,3.11,5.42,10.6799
2023-06-01,2023,6,3501,São Paulo - SP,N7,7660,Saúde e cuidados pessoais,6,-0.12,4.95,10.66,12.9631
2021-12-01,2021,12,2901,Salvador - BA,N7,7786,Comunicação,9,0.07,0.31,0.31,4.4782
2020-11-01,2020,11,4301,Porto Alegre - RS,N7,7445,Habitação,2,0.64,2.44,,14.6907
2022-10-01,2022,10,2901,Salvador - BA,N7,7170,Alimentação e bebidas,1,0.19,10.4,12.98,23.4845
2020-06-01,2020,6,2601,Recife - PE,N7,7786,Comunicação,9,0.77,1.05,,4.8161
2023-01-01,2023,1,3501,São Paulo - SP,N7,7169,Índice geral,0,0.68,0.68,6.67,100.0
2023-07-01,2023,7,3301,Rio de Janeiro - RJ,N7,7660,Saúde e cuidados pessoais,6,0.7,5.93,10.2,13.2578
2026-05-01,2026,5,1501,Belém - PA,N7,7445,Habitação,2,1.81,0.52,2.64,15.2079
2020-03-01,2020,3,3101,Belo Horizonte - MG,N7,7786,Comunicação,9,0.21,1.08,,5.9384
2025-04-01,2025,4,1501,Belém - PA,N7,7766,Educação,8,0.2,5.53,7.19,3.8089
2021-06-01,2021,6,3101,Belo Horizonte - MG,N7,7660,Saúde e cuidados pessoais,6,0.77,4.21,5.06,14.0542
2025-06-01,2025,6,3501,São Paulo - SP,N7,7660,Saúde e cuidados pessoais,6,0.12,3.44,5.22,13.2021
2024-02-01,2024,2,1501,Belém - PA,N7,7445,Habitação,2,0.38,0.55,6.21,15.9841
2022-01-01,2022,1,4101,Curitiba - PR,N7,7445,Habitação,2,-0.18,-0.18,18.6,15.6244
2021-09-01,2021,9,4301,Porto Alegre - RS,N7,7486,Artigos de residência,3,1.69,8.79,14.71,4.311
2026-03-01,2026,3,3501,São Paulo - SP,N7,7786,Comunicação,9,0.22,0.67,1.44,4.5041
2020-07-01,2020,7,3101,Belo Horizonte - MG,N7,7625,Transportes,5,1.07,-4.47,,18.8499
2022-02-01,2022,2,4301,Porto Alegre - RS,N7,7169,Índice geral,0,0.43,-0.1,9.66,100.0
2020-06-01,2020,6,1501,Belém - PA,N7,7169,Índice geral,0,-0.18,-0.27,,100.0
2025-08-01,2025,8,2601,Recife - PE,N7,7712,Despesas pessoais,7,0.33,3.13,5.54,8.4643
2020-02-01,2020,2,4101,Curitiba - PR,N7,7625,Transportes,5,-0.63,-0.52,,24.7966
2023-08-01,2023,8,4301,Porto Alegre - RS,N7,7625,Transportes,5,0.31,6.49,6.04,20.958
2021-02-01,2021,2,3301,Rio de Janeiro - RJ,N7,7625,Transportes,5,0.9,0.76,1.42,19.1985
2025-07-01,2025,7,4301,Porto Alegre - RS,N7,7558,Vestuário,4,-0.49,1.94,3.15,4.9698
2020-09-01,2020,9,2601,Recife - PE,N7,7766,Educação,8,0.04,3.75,,6.1577
2025-07-01,2025,7,2601,Recife - PE,N7,7786,Comunicação,9,-0.02,0.56,0.62,3.8864
2022-01-01,2022,1,3201,Grande Vitória - ES,N7,7558,Vestuário,4,0.01,0.01,10.63,3.7533
2021-03-01,2021,3,3101,Belo Horizonte - MG,N7,7712,Despesas pessoais,7,0.01,0.42,0.59,10.6619
2021-04-01,2021,4,3501,São Paulo - SP,N7,7445,Habitação,2,-0.11,0.25,5.74,16.4085
2024-09-01,2024,9,3201,Grande Vitória - ES,N7,7712,Despesas pessoais,7,0.05,2.56,5.12,8.6566
2021-01-01,2021,1,3101,Belo Horizonte - MG,N7,7486,Artigos de residência,3,1.14,1.14,10.78,4.0771
2022-08-01,2022,8,1501,Belém - PA,N7,7625,Transportes,5,-4.32,-2.28,4.77,19.1454
2021-03-01,2021,3,1501,Belém - PA,N7,7445,Habitação,2,1.66,0.7,5.1,15.3545
2021-12-01,2021,12,3101,Belo Horizonte - MG,N7,7169,Índice geral,0,0.75,9.58,9.58,100.0
2023-02-01,2023,2,3201,Grande Vitória - ES,N7,7660,Saúde e cuidados pessoais,6,0.95,1.6,11.61,15.4567
2024-07-01,2024,7,2301,Fortaleza - CE,N7,7486,Artigos de residência,3,0.22,2.17,-0.2,3.9206
2021-10-01,2021,10,4301,Porto Alegre - RS,N7,7486,Artigos de residência,3,0.6,9.44,13.58,4.3181
2020-04-01,2020,4,1501,Belém - PA,N7,7766,Educação,8,0.08,5.92,,3.8056
2024-11-01,2024,11,4101,Curitiba - PR,N7,7660,Saúde e cuidados pessoais,6,-0.17,4.93,4.71,10.7152
2025-01-01,2025,1,3201,Grande Vitória - ES,N7,7712,Despesas pessoais,7,0.82,0.82,5.33,8.7384
2021-03-01,2021,3,2901,Salvador - BA,N7,7170,Alimentação e bebidas,1,0.59,2.3,14.04,22.6205
2025-12-01,2025,12,3101,Belo Horizonte - MG,N7,7786,Comunicação,9,0.7,1.06,1.06,4.8541
2022-05-01,2022,5,3301,Rio de Janeiro - RJ,N7,7625,Transportes,5,2.41,8.86,20.06,20.9459
2024-03-01,2024,3,2901,Salvador - BA,N7,7445,Habitação,2,0.12,-1.73,2.28,14.1252
2025-10-01,2025,10,1501,Belém - PA,N7,7712,Despesas pessoais,7,0.01,4.88,6.12,7.7608
2024-04-01,2024,4,2901,Salvador - BA,N7,7625,Transportes,5,0.49,0.33,3.08,18.4447
2021-02-01,2021,2,3101,Belo Horizonte - MG,N7,7712,Despesas pessoais,7,0.19,0.41,0.38,10.7198
2021-02-01,2021,2,3501,São Paulo - SP,N7,7170,Alimentação e bebidas,1,0.65,1.44,14.62,20.0228
2024-12-01,2024,12,3501,São Paulo - SP,N7,7786,Comunicação,9,0.26,2.41,2.41,4.7227
2025-04-01,2025,4,1501,Belém - PA,N7,7660,Saúde e cuidados pessoais,6,1.45,4.32,5.71,12.8757
2025-05-01,2025,5,3501,São Paulo - SP,N7,7712,Despesas pessoais,7,0.73,2.34,6.09,10.9732
2022-12-01,2022,12,3201,Grande Vitória - ES,N7,7558,Vestuário,4,1.52,13.69,13.69,4.0278
2024-08-01,2024,8,2301,Fortaleza - CE,N7,7486,Artigos de residência,3,0.07,2.24,0.46,3.9109
2021-06-01,2021,6,2601,Recife - PE,N7,7169,Índice geral,0,0.92,4.13,8.81,100.0
2023-07-01,2023,7,4301,Porto Alegre - RS,N7,7712,Despesas pessoais,7,0.3,3.13,6.15,10.3774
2022-07-01,2022,7,3301,Rio de Janeiro - RJ,N7,7170,Alimentação e bebidas,1,1.27,8.0,13.79,20.564
2020-06-01,2020,6,2901,Salvador - BA,N7,7486,Artigos de residência,3,0.77,-3.26,,4.031
2026-03-01,2026,3,3201,Grande Vitória - ES,N7,7169,Índice geral,0,0.72,1.9,4.47,100.0
2022-04-01,2022,4,3501,São Paulo - SP,N7,7445,Habitação,2,-1.16,1.35,14.56,17.1074
2020-06-01,2020,6,3501,São Paulo - SP,N7,7766,Educação,8,0.02,4.48,,7.4096
2023-03-01,2023,3,4101,Curitiba - PR,N7,7625,Transportes,5,2.27,1.9,-1.24,25.9187
2022-06-01,2022,6,3201,Grande Vitória - ES,N7,7445,Habitação,2,-0.69,-4.39,8.89,15.4532
2023-04-01,2023,4,4101,Curitiba - PR,N7,7786,Comunicação,9,0.41,3.71,1.14,4.296
2021-04-01,2021,4,2601,Recife - PE,N7,7558,Vestuário,4,0.89,0.69,1.26,5.5424
2025-12-01,2025,12,2601,Recife - PE,N7,7625,Transportes,5,1.35,5.56,5.56,19.0028
2025-05-01,2025,5,2601,Recife - PE,N7,7170,Alimentação e bebidas,1,0.81,3.64,5.05,24.21
2025-06-01,2025,6,2601,Recife - PE,N7,7170,Alimentação e bebidas,1,-0.34,3.28,4.69,24.2714
2020-12-01,2020,12,3501,São Paulo - SP,N7,7558,Vestuário,4,-0.52,-1.98,-1.98,3.7468
2023-12-01,2023,12,3501,São Paulo - SP,N7,7170,Alimentação e bebidas,1,0.98,2.41,2.41,19.9863
2025-11-01,2025,11,2601,Recife - PE,N7,7170,Alimentação e bebidas,1,0.23,2.45,3.66,23.6719
2020-01-01,2020,1,4301,Porto Alegre - RS,N7,7170,Alimentação e bebidas,1,0.53,0.53,,19.3255
2020-01-01,2020,1,2301,Fortaleza - CE,N7,7786,Comunicação,9,0.18,0.18,,4.7754
2023-07-01,2023,7,1501,Belém - PA,N7,7712,Despesas pessoais,7,0.49,3.71,6.72,7.6481
2024-06-01,2024,6,3501,São Paulo - SP,N7,7660,Saúde e cuidados pessoais,6,0.7,4.41,6.51,13.1853
2025-08-01,2025,8,3301,Rio de Janeiro - RJ,N7,7625,Transportes,5,-0.21,1.87,3.61,19.5847
2024-03-01,2024,3,3201,Grande Vitória - ES,N7,7558,Vestuário,4,0.43,-0.58,2.39,3.9432
2023-02-01,2023,2,1501,Belém - PA,N7,7169,Índice geral,0,0.86,1.27,5.19,100.0
2023-07-01,2023,7,3101,Belo Horizonte - MG,N7,7660,Saúde e cuidados pessoais,6,0.55,5.2,9.8,14.4647
2022-11-01,2022,11,4301,Porto Alegre - RS,N7,7766,Educação,8,0.01,7.12,7.12,4.8172
2022-04-01,2022,4,4101,Curitiba - PR,N7,7660,Saúde e cuidados pessoais,6,1.96,4.38,8.01,9.574
2025-04-01,2025,4,3301,Rio de Janeiro - RJ,N7,7169,Índice geral,0,0.16,2.17,5.22,100.0
2026-06-01,2026,6,2301,Fortaleza - CE,N7,7712,Despesas pessoais,7,0.76,2.7,6.25,7.586
2021-12-01,2021,12,4101,Curitiba - PR,N7,7558,Vestuário,4,1.93,10.41,10.41,4.676
2023-05-01,2023,5,2601,Recife - PE,N7,7660,Saúde e cuidados pessoais,6,1.05,4.36,11.39,14.68
2024-11-01,2024,11,3501,São Paulo - SP,N7,7445,Habitação,2,-1.47,3.57,3.76,16.5304
2025-06-01,2025,6,3301,Rio de Janeiro - RJ,N7,7445,Habitação,2,0.48,2.58,4.89,18.2556
2023-04-01,2023,4,3101,Belo Horizonte - MG,N7,7169,Índice geral,0,0.6,2.65,2.85,100.0
2021-05-01,2021,5,4101,Curitiba - PR,N7,7660,Saúde e cuidados pessoais,6,0.6,3.04,3.75,10.2895
2020-08-01,2020,8,2601,Recife - PE,N7,7558,Vestuário,4,-0.16,-2.03,,5.6999
2021-08-01,2021,8,4301,Porto Alegre - RS,N7,7445,Habitação,2,1.39,7.51,14.15,15.1259
2023-09-01,2023,9,4101,Curitiba - PR,N7,7712,Despesas pessoais,7,-0.2,3.82,4.49,9.2633
2022-09-01,2022,9,4101,Curitiba - PR,N7,7170,Alimentação e bebidas,1,-0.25,10.48,11.72,21.7884
2020-02-01,2020,2,3101,Belo Horizonte - MG,N7,7169,Índice geral,0,0.5,0.7,,100.0
2020-10-01,2020,10,2601,Recife - PE,N7,7712,Despesas pessoais,7,0.09,0.26,,9.0425
2021-07-01,2021,7,3301,Rio de Janeiro - RJ,N7,7170,Alimentação e bebidas,1,0.36,2.55,12.25,20.3829
2022-05-01,2022,5,1501,Belém - PA,N7,7486,Artigos de residência,3,-0.74,3.28,9.06,3.8977
2024-05-01,2024,5,3101,Belo Horizonte - MG,N7,7558,Vestuário,4,0.46,0.53,4.84,5.1009
2024-11-01,2024,11,2901,Salvador - BA,N7,7766,Educação,8,-0.05,7.45,7.82,6.06
2020-01-01,2020,1,4101,Curitiba - PR,N7,7786,Comunicação,9,0.39,0.39,,5.152
2020-02-01,2020,2,3501,São Paulo - SP,N7,7169,Índice geral,0,0.23,0.56,,100.0
2025-09-01,2025,9,1501,Belém - PA,N7,7766,Educação,8,0.11,6.32,6.71,3.8005
2022-06-01,2022,6,1501,Belém - PA,N7,7786,Comunicação,9,-0.45,1.47,3.63,4.522
2022-01-01,2022,1,3501,São Paulo - SP,N7,7486,Artigos de residência,3,2.57,2.57,14.02,3.6544
2020-01-01,2020,1,3201,Grande Vitória - ES,N7,7712,Despesas pessoais,7,0.74,0.74,,9.2299
2023-07-01,2023,7,2601,Recife - PE,N7,7712,Despesas pessoais,7,0.52,2.39,4.52,8.3436
2022-10-01,2022,10,3101,Belo Horizonte - MG,N7,7170,Alimentação e bebidas,1,1.06,10.28,11.44,22.4141
2025-06-01,2025,6,4301,Porto Alegre - RS,N7,7558,Vestuário,4,0.46,2.44,3.27,4.9495
2020-11-01,2020,11,1501,Belém - PA,N7,7445,Habitação,2,-0.55,0.24,,15.6586
2021-03-01,2021,3,4101,Curitiba - PR,N7,7625,Transportes,5,4.19,7.85,10.08,24.6058
2025-06-01,2025,6,2601,Recife - PE,N7,7712,Despesas pessoais,7,0.04,1.74,5.07,8.4291
2024-04-01,2024,4,3201,Grande Vitória - ES,N7,7625,Transportes,5,0.31,-0.85,1.88,23.6179
2025-05-01,2025,5,3501,São Paulo - SP,N7,7486,Artigos de residência,3,-0.19,-0.05,2.99,3.4388
2026-03-01,2026,3,2301,Fortaleza - CE,N7,7660,Saúde e cuidados pessoais,6,0.54,2.01,7.57,13.9212
2025-08-01,2025,8,3101,Belo Horizonte - MG,N7,7445,Habitação,2,-0.67,5.82,6.6,13.4459
2022-02-01,2022,2,3301,Rio de Janeiro - RJ,N7,7625,Transportes,5,1.19,1.88,18.04,20.7214
2023-03-01,2023,3,3501,São Paulo - SP,N7,7712,Despesas pessoais,7,0.26,1.68,8.22,11.0325
2026-06-01,2026,6,3501,São Paulo - SP,N7,7486,Artigos de residência,3,-0.29,1.09,0.45,3.2954
2024-07-01,2024,7,4301,Porto Alegre - RS,N7,7766,Educação,8,0.32,4.93,7.03,5.1012
2023-03-01,2023,3,4101,Curitiba - PR,N7,7766,Educação,8,0.01,5.29,6.12,5.4383
2024-03-01,2024,3,3301,Rio de Janeiro - RJ,N7,7625,Transportes,5,-0.45,0.1,2.66,20.0022
2026-01-01,2026,1,3301,Rio de Janeiro - RJ,N7,7169,Índice geral,0,0.3,0.3,3.69,100.0
2020-11-01,2020,11,4301,Porto Alegre - RS,N7,7169,Índice geral,0,0.8,2.34,,100.0
2022-05-01,2022,5,3101,Belo Horizonte - MG,N7,7558,Vestuário,4,2.55,9.12,16.38,4.6788
2023-09-01,2023,9,2901,Salvador - BA,N7,7625,Transportes,5,0.86,5.38,5.31,18.4989
2020-06-01,2020,6,3101,Belo Horizonte - MG,N7,7486,Artigos de residência,3,1.51,0.19,,3.8602
2024-08-01,2024,8,3201,Grande Vitória - ES,N7,7558,Vestuário,4,0.77,1.16,3.48,3.9468
2026-06-01,2026,6,3301,Rio de Janeiro - RJ,N7,7766,Educação,8,0.03,5.2,6.16,5.6632
2023-09-01,2023,9,2301,Fortaleza - CE,N7,7170,Alimentação e bebidas,1,-0.68,-0.48,1.11,24.0332
2020-04-01,2020,4,2901,Salvador - BA,N7,7660,Saúde e cuidados pessoais,6,-0.26,0.4,,15.4305
2021-12-01,2021,12,2901,Salvador - BA,N7,7712,Despesas pessoais,7,0.46,3.87,3.87,9.9564
2026-05-01,2026,5,3101,Belo Horizonte - MG,N7,7445,Habitação,2,0.81,3.34,7.31,13.4834
2026-06-01,2026,6,2901,Salvador - BA,N7,7169,Índice geral,0,0.15,3.73,4.53,100.0
2022-04-01,2022,4,3501,São Paulo - SP,N7,7712,Despesas pessoais,7,0.41,2.58,6.93,10.7321
2025-10-01,2025,10,1501,Belém - PA,N7,7486,Artigos de residência,3,0.95,0.5,-0.71,3.5896
2021-02-01,2021,2,2601,Recife - PE,N7,7558,Vestuário,4,-0.24,0.17,1.38,5.6544
2025-05-01,2025,5,3301,Rio de Janeiro - RJ,N7,7786,Comunicação,9,-0.12,0.42,1.99,5.9146
2022-04-01,2022,4,4101,Curitiba - PR,N7,7712,Despesas pessoais,7,0.12,2.19,8.05,8.917
2025-08-01,2025,8,3501,São Paulo - SP,N7,7445,Habitação,2,-0.55,5.05,5.96,16.3537
2025-03-01,2025,3,3301,Rio de Janeiro - RJ,N7,7486,Artigos de residência,3,-0.36,0.37,-0.83,2.858
2026-01-01,2026,1,1501,Belém - PA,N7,7558,Vestuário,4,-1.56,-1.56,0.29,6.2705
2025-03-01,2025,3,3201,Grande Vitória - ES,N7,7766,Educação,8,0.04,5.71,6.45,5.6511
2025-01-01,2025,1,2301,Fortaleza - CE,N7,7558,Vestuário,4,-0.36,-0.36,1.91,4.8054
2025-06-01,2025,6,3501,São Paulo - SP,N7,7766,Educação,8,0.02,5.21,6.35,6.9955
2022-01-01,2022,1,3501,São Paulo - SP,N7,7625,Transportes,5,-0.4,-0.4,17.96,21.0587
2024-04-01,2024,4,3201,Grande Vitória - ES,N7,7660,Saúde e cuidados pessoais,6,0.76,2.46,5.53,15.8766
2021-08-01,2021,8,3201,Grande Vitória - ES,N7,7169,Índice geral,0,1.3,6.61,11.07,100.0
2021-10-01,2021,10,3301,Rio de Janeiro - RJ,N7,7660,Saúde e cuidados pessoais,6,0.32,2.92,3.02,12.7295
2025-02-01,2025,2,3301,Rio de Janeiro - RJ,N7,7170,Alimentação e bebidas,1,0.72,1.52,6.92,21.1773
2023-07-01,2023,7,4101,Curitiba - PR,N7,7170,Alimentação e bebidas,1,0.2,0.98,1.99,21.2402
2022-04-01,2022,4,2901,Salvador - BA,N7,7660,Saúde e cuidados pessoais,6,1.42,2.7,5.05,14.0261
2020-01-01,2020,1,4301,Porto Alegre - RS,N7,7169,Índice geral,0,0.17,0.17,,100.0
2020-05-01,2020,5,4301,Porto Alegre - RS,N7,7766,Educação,8,-0.01,3.62,,5.4173
2021-05-01,2021,5,2601,Recife - PE,N7,7170,Alimentação e bebidas,1,0.19,2.29,9.83,23.2915
2023-05-01,2023,5,1501,Belém - PA,N7,7558,Vestuário,4,0.02,-0.07,9.97,6.3658
2026-03-01,2026,3,3501,São Paulo - SP,N7,7712,Despesas pessoais,7,0.61,1.47,6.33,11.1531
2022-11-01,2022,11,3501,São Paulo - SP,N7,7558,Vestuário,4,1.88,18.27,21.11,4.1714
2026-02-01,2026,2,2601,Recife - PE,N7,7558,Vestuário,4,0.74,-0.59,4.94,5.8521
2020-08-01,2020,8,2301,Fortaleza - CE,N7,7170,Alimentação e bebidas,1,0.2,6.1,,22.9746
2022-03-01,2022,3,2301,Fortaleza - CE,N7,7786,Comunicação,9,0.21,1.36,1.87,4.2196
2020-04-01,2020,4,3501,São Paulo - SP,N7,7625,Transportes,5,-2.81,-3.27,,19.7718
2023-06-01,2023,6,2301,Fortaleza - CE,N7,7712,Despesas pessoais,7,0.17,2.33,4.2,7.4777
2022-11-01,2022,11,4101,Curitiba - PR,N7,7712,Despesas pessoais,7,-0.13,6.41,7.31,9.3056
2022-09-01,2022,9,3201,Grande Vitória - ES,N7,7169,Índice geral,0,0.17,3.64,7.07,100.0
2022-06-01,2022,6,3501,São Paulo - SP,N7,7766,Educação,8,0.06,6.25,6.13,6.5064
2023-12-01,2023,12,4101,Curitiba - PR,N7,7558,Vestuário,4,1.31,3.61,3.61,4.918
2025-02-01,2025,2,4301,Porto Alegre - RS,N7,7766,Educação,8,4.15,4.38,6.16,5.0884
2020-05-01,2020,5,1501,Belém - PA,N7,7712,Despesas pessoais,7,0.25,0.83,,8.1538
2025-09-01,2025,9,4101,Curitiba - PR,N7,7486,Artigos de residência,3,-0.22,3.17,4.43,3.93
2024-08-01,2024,8,2901,Salvador - BA,N7,7170,Alimentação e bebidas,1,-1.44,2.33,2.26,22.707
2024-11-01,2024,11,2601,Recife - PE,N7,7712,Despesas pessoais,7,0.67,3.5,3.7,8.4442
2020-03-01,2020,3,2601,Recife - PE,N7,7170,Alimentação e bebidas,1,1.72,2.85,,21.8102
2021-10-01,2021,10,1501,Belém - PA,N7,7169,Índice geral,0,0.64,7.12,9.27,100.0
2025-05-01,2025,5,4301,Porto Alegre - RS,N7,7766,Educação,8,0.11,5.04,6.17,5.1707
2025-06-01,2025,6,4301,Porto Alegre - RS,N7,7660,Saúde e cuidados pessoais,6,-0.33,3.99,6.76,13.4228
2025-09-01,2025,9,2601,Recife - PE,N7,7486,Artigos de residência,3,0.0,-0.57,-0.53,3.7472
2021-11-01,2021,11,3301,Rio de Janeiro - RJ,N7,7486,Artigos de residência,3,-0.45,8.83,10.2,3.1151
2022-05-01,2022,5,4101,Curitiba - PR,N7,7170,Alimentação e bebidas,1,0.77,8.15,14.4,20.9349
2021-06-01,2021,6,2901,Salvador - BA,N7,7766,Educação,8,0.19,3.11,-2.21,5.7433
2021-11-01,2021,11,1501,Belém - PA,N7,7170,Alimentação e bebidas,1,-0.53,3.67,6.3,26.8739
2024-07-01,2024,7,3201,Grande Vitória - ES,N7,7486,Artigos de residência,3,0.53,3.07,3.62,3.7444
2026-01-01,2026,1,3201,Grande Vitória - ES,N7,7486,Artigos de residência,3,0.78,0.78,0.16,3.5198
2021-05-01,2021,5,2601,Recife - PE,N7,7786,Comunicação,9,0.11,0.2,4.48,4.6739
2021-04-01,2021,4,4301,Porto Alegre - RS,N7,7445,Habitação,2,-0.21,-0.4,5.25,14.7061
2024-10-01,2024,10,2601,Recife - PE,N7,7625,Transportes,5,-0.81,1.07,-0.66,18.8822
2021-10-01,2021,10,2301,Fortaleza - CE,N7,7712,Despesas pessoais,7,0.15,2.91,4.08,7.7229
2022-07-01,2022,7,2601,Recife - PE,N7,7712,Despesas pessoais,7,0.83,2.99,6.72,8.1545
2026-02-01,2026,2,3101,Belo Horizonte - MG,N7,7486,Artigos de residência,3,1.08,1.35,0.33,3.676
2020-05-01,2020,5,2301,Fortaleza - CE,N7,7660,Saúde e cuidados pessoais,6,0.09,0.32,,13.7321
2025-08-01,2025,8,3101,Belo Horizonte - MG,N7,7712,Despesas pessoais,7,-0.06,4.46,7.68,10.7944
2021-10-01,2021,10,4101,Curitiba - PR,N7,7170,Alimentação e bebidas,1,0.93,8.74,12.8,20.8898
2022-04-01,2022,4,3101,Belo Horizonte - MG,N7,7712,Despesas pessoais,7,0.62,3.17,7.54,10.1695
2022-01-01,2022,1,4301,Porto Alegre - RS,N7,7170,Alimentação e bebidas,1,0.35,0.35,6.31,20.3755
2025-11-01,2025,11,2301,Fortaleza - CE,N7,7170,Alimentação e bebidas,1,0.02,2.79,3.99,24.3246
2020-06-01,2020,6,2601,Recife - PE,N7,7625,Transportes,5,1.34,-4.59,,17.7481
2023-01-01,2023,1,4301,Porto Alegre - RS,N7,7766,Educação,8,0.23,0.23,7.09,4.7741
2021-10-01,2021,10,1501,Belém - PA,N7,7786,Comunicação,9,0.23,0.82,1.34,4.6841
2021-02-01,2021,2,2301,Fortaleza - CE,N7,7170,Alimentação e bebidas,1,0.48,1.7,16.06,24.4052
2023-04-01,2023,4,3101,Belo Horizonte - MG,N7,7660,Saúde e cuidados pessoais,6,1.5,3.84,11.58,14.341
2022-10-01,2022,10,3201,Grande Vitória - ES,N7,7625,Transportes,5,-0.01,0.69,5.42,23.8628
2022-04-01,2022,4,3501,São Paulo - SP,N7,7558,Vestuário,4,0.27,4.76,15.29,3.8402
2022-08-01,2022,8,3301,Rio de Janeiro - RJ,N7,7786,Comunicação,9,-1.51,0.66,2.39,6.5747
2020-01-01,2020,1,3501,São Paulo - SP,N7,7169,Índice geral,0,0.33,0.33,,100.0
2020-06-01,2020,6,3301,Rio de Janeiro - RJ,N7,7486,Artigos de residência,3,1.67,-1.26,,2.8821
2023-10-01,2023,10,1501,Belém - PA,N7,7558,Vestuário,4,0.66,0.64,3.63,6.291
2024-12-01,2024,12,3301,Rio de Janeiro - RJ,N7,7170,Alimentação e bebidas,1,1.26,8.22,8.22,20.8811
2026-03-01,2026,3,4301,Porto Alegre - RS,N7,7625,Transportes,5,1.96,2.52,3.36,20.7987
2023-04-01,2023,4,4301,Porto Alegre - RS,N7,7170,Alimentação e bebidas,1,1.17,2.2,7.06,21.88
2024-12-01,2024,12,2601,Recife - PE,N7,7445,Habitação,2,-0.9,2.63,2.63,13.7073
2020-04-01,2020,4,4101,Curitiba - PR,N7,7486,Artigos de residência,3,-2.73,-3.52,,4.0233
2022-05-01,2022,5,4101,Curitiba - PR,N7,7486,Artigos de residência,3,0.63,4.79,13.7,4.1093
2020-05-01,2020,5,2901,Salvador - BA,N7,7169,Índice geral,0,-0.47,0.04,,100.0
2022-12-01,2022,12,3201,Grande Vitória - ES,N7,7445,Habitação,2,0.12,-2.2,-2.2,15.5867
2020-08-01,2020,8,4301,Porto Alegre - RS,N7,7766,Educação,8,-2.25,1.32,,5.4229
2025-05-01,2025,5,2601,Recife - PE,N7,7445,Habitação,2,3.36,3.6,5.92,13.2887
2021-07-01,2021,7,4301,Porto Alegre - RS,N7,7766,Educação,8,0.11,-0.55,-2.09,4.8811
2020-10-01,2020,10,2601,Recife - PE,N7,7625,Transportes,5,1.33,-0.01,,18.2071
2025-09-01,2025,9,1501,Belém - PA,N7,7558,Vestuário,4,-0.49,1.55,3.54,6.3045
2025-09-01,2025,9,3301,Rio de Janeiro - RJ,N7,7486,Artigos de residência,3,-0.17,-0.4,-1.03,2.8064
2022-08-01,2022,8,3101,Belo Horizonte - MG,N7,7712,Despesas pessoais,7,0.75,6.42,9.1,10.3648
2024-07-01,2024,7,1501,Belém - PA,N7,7766,Educação,8,0.08,6.56,8.18,3.7251
2023-11-01,2023,11,3201,Grande Vitória - ES,N7,7445,Habitação,2,0.1,5.69,5.82,15.7297
2020-12-01,2020,12,4101,Curitiba - PR,N7,7786,Comunicação,9,0.67,2.06,2.06,5.0941
2022-03-01,2022,3,3501,São Paulo - SP,N7,7558,Vestuário,4,1.83,4.47,14.59,3.826
2021-08-01,2021,8,1501,Belém - PA,N7,7786,Comunicação,9,0.74,0.36,-0.17,4.723
2023-11-01,2023,11,3201,Grande Vitória - ES,N7,7558,Vestuário,4,0.31,4.16,5.75,4.053
2025-11-01,2025,11,3101,Belo Horizonte - MG,N7,7625,Transportes,5,0.45,1.5,1.27,19.4719
2022-09-01,2022,9,2901,Salvador - BA,N7,7766,Educação,8,0.69,8.55,8.86,5.6
2025-11-01,2025,11,2901,Salvador - BA,N7,7660,Saúde e cuidados pessoais,6,0.2,5.21,5.42,15.5975
2021-04-01,2021,4,3501,São Paulo - SP,N7,7660,Saúde e cuidados pessoais,6,1.05,1.66,3.13,12.7525
2023-05-01,2023,5,3201,Grande Vitória - ES,N7,7558,Vestuário,4,1.46,3.45,12.45,4.0206
2023-08-01,2023,8,3301,Rio de Janeiro - RJ,N7,7660,Saúde e cuidados pessoais,6,0.19,6.13,8.93,13.3467
2024-05-01,2024,5,3201,Grande Vitória - ES,N7,7445,Habitação,2,0.07,1.16,4.13,15.5479
2023-01-01,2023,1,3501,São Paulo - SP,N7,7558,Vestuário,4,0.08,0.08,17.88,4.2668
2023-02-01,2023,2,1501,Belém - PA,N7,7766,Educação,8,6.31,6.81,9.67,3.4578
2024-06-01,2024,6,2601,Recife - PE,N7,7170,Alimentação e bebidas,1,0.0,4.99,3.74,24.1049
2022-11-01,2022,11,1501,Belém - PA,N7,7170,Alimentação e bebidas,1,0.7,10.37,10.59,27.8744
2022-08-01,2022,8,3101,Belo Horizonte - MG,N7,7625,Transportes,5,-4.56,-3.58,5.78,20.9078
2020-04-01,2020,4,4301,Porto Alegre - RS,N7,7766,Educação,8,-0.01,3.63,,5.4152
2024-12-01,2024,12,2901,Salvador - BA,N7,7558,Vestuário,4,0.71,2.05,2.05,5.2748
2022-10-01,2022,10,3301,Rio de Janeiro - RJ,N7,7625,Transportes,5,-0.12,1.88,6.4,20.0199
2023-09-01,2023,9,3501,São Paulo - SP,N7,7558,Vestuário,4,0.78,2.63,7.21,4.2049
2022-04-01,2022,4,4101,Curitiba - PR,N7,7170,Alimentação e bebidas,1,2.09,7.33,14.26,20.6823
2020-06-01,2020,6,3201,Grande Vitória - ES,N7,7660,Saúde e cuidados pessoais,6,0.68,2.22,,16.4002
2023-01-01,2023,1,3201,Grande Vitória - ES,N7,7660,Saúde e cuidados pessoais,6,0.64,0.64,10.88,15.4991
2022-05-01,2022,5,4301,Porto Alegre - RS,N7,7486,Artigos de residência,3,0.54,6.75,15.44,4.4637
2020-06-01,2020,6,3501,São Paulo - SP,N7,7486,Artigos de residência,3,1.88,0.39,,3.4341
2020-02-01,2020,2,4101,Curitiba - PR,N7,7660,Saúde e cuidados pessoais,6,1.11,0.47,,10.6789
2024-12-01,2024,12,4301,Porto Alegre - RS,N7,7712,Despesas pessoais,7,0.83,5.29,5.29,10.569
2021-11-01,2021,11,3501,São Paulo - SP,N7,7786,Comunicação,9,-0.06,1.18,1.49,5.2862
2021-09-01,2021,9,3501,São Paulo - SP,N7,7786,Comunicação,9,0.03,0.85,1.8,5.3885
2026-05-01,2026,5,4101,Curitiba - PR,N7,7558,Vestuário,4,1.79,3.84,5.48,5.031
2022-10-01,2022,10,2901,Salvador - BA,N7,7558,Vestuário,4,2.04,20.06,26.76,5.347
2026-04-01,2026,4,3201,Grande Vitória - ES,N7,7170,Alimentação e bebidas,1,1.24,3.74,2.42,17.6784
2026-04-01,2026,4,3101,Belo Horizonte - MG,N7,7558,Vestuário,4,0.22,1.48,3.59,5.0729
2024-08-01,2024,8,2601,Recife - PE,N7,7625,Transportes,5,0.09,2.89,2.03,19.0689
2020-07-01,2020,7,2601,Recife - PE,N7,7486,Artigos de residência,3,0.75,2.54,,4.1229
2024-01-01,2024,1,4301,Porto Alegre - RS,N7,7766,Educação,8,0.45,0.45,9.16,4.9695
2025-02-01,2025,2,3101,Belo Horizonte - MG,N7,7445,Habitação,2,4.29,2.07,6.22,12.7452
2026-01-01,2026,1,2901,Salvador - BA,N7,7170,Alimentação e bebidas,1,0.26,0.26,2.0,22.6032
2023-04-01,2023,4,3101,Belo Horizonte - MG,N7,7486,Artigos de residência,3,-0.48,-0.21,1.04,4.1982
2022-06-01,2022,6,4101,Curitiba - PR,N7,7445,Habitação,2,0.58,-3.19,8.0,14.2568
2022-05-01,2022,5,4301,Porto Alegre - RS,N7,7170,Alimentação e bebidas,1,1.29,8.89,12.61,21.3388
2023-10-01,2023,10,3101,Belo Horizonte - MG,N7,7660,Saúde e cuidados pessoais,6,0.12,5.72,7.51,14.5974
2024-08-01,2024,8,1501,Belém - PA,N7,7660,Saúde e cuidados pessoais,6,0.03,3.58,3.5,12.9348
2024-07-01,2024,7,2301,Fortaleza - CE,N7,7625,Transportes,5,2.48,1.1,5.05,18.7629
2022-02-01,2022,2,4301,Porto Alegre - RS,N7,7786,Comunicação,9,-0.29,0.85,3.5,5.8814
2021-08-01,2021,8,1501,Belém - PA,N7,7712,Despesas pessoais,7,0.33,1.22,2.63,7.6409
2021-03-01,2021,3,3501,São Paulo - SP,N7,7712,Despesas pessoais,7,-0.07,0.58,1.49,11.2907
2023-09-01,2023,9,3301,Rio de Janeiro - RJ,N7,7766,Educação,8,0.14,6.98,7.29,5.3885
2021-02-01,2021,2,2901,Salvador - BA,N7,7170,Alimentação e bebidas,1,0.62,1.7,14.04,22.6901
2022-06-01,2022,6,3101,Belo Horizonte - MG,N7,7625,Transportes,5,0.55,7.15,20.2,21.9962
2024-10-01,2024,10,4101,Curitiba - PR,N7,7169,Índice geral,0,0.42,3.55,3.78,100.0
2023-08-01,2023,8,2601,Recife - PE,N7,7786,Comunicação,9,-0.01,2.94,0.83,4.1067
2023-12-01,2023,12,3101,Belo Horizonte - MG,N7,7712,Despesas pessoais,7,0.35,5.59,5.59,10.667
2023-12-01,2023,12,4301,Porto Alegre - RS,N7,7558,Vestuário,4,0.41,3.09,3.09,5.0902
2025-04-01,2025,4,4301,Porto Alegre - RS,N7,7486,Artigos de residência,3,1.13,1.59,4.44,4.1501
2023-05-01,2023,5,2301,Fortaleza - CE,N7,7169,Índice geral,0,0.56,3.1,3.16,100.0
2024-02-01,2024,2,4301,Porto Alegre - RS,N7,7712,Despesas pessoais,7,0.09,0.99,5.67,10.5097
2021-10-01,2021,10,4301,Porto Alegre - RS,N7,7786,Comunicação,9,0.72,2.08,2.91,5.8806
2023-06-01,2023,6,2901,Salvador - BA,N7,7486,Artigos de residência,3,-0.23,-0.58,-0.3,4.1012
2023-06-01,2023,6,2301,Fortaleza - CE,N7,7445,Habitação,2,0.31,1.57,-0.71,16.3526
2020-08-01,2020,8,3301,Rio de Janeiro - RJ,N7,7786,Comunicação,9,1.08,3.38,,7.3201
2020-06-01,2020,6,3301,Rio de Janeiro - RJ,N7,7786,Comunicação,9,1.16,1.84,,7.2226
2022-08-01,2022,8,2301,Fortaleza - CE,N7,7625,Transportes,5,-5.12,0.31,9.45,19.9003
2024-01-01,2024,1,3201,Grande Vitória - ES,N7,7558,Vestuário,4,-0.5,-0.5,3.48,4.0258
2025-11-01,2025,11,3301,Rio de Janeiro - RJ,N7,7486,Artigos de residência,3,-1.58,-2.65,-2.31,2.7704
2026-03-01,2026,3,2301,Fortaleza - CE,N7,7625,Transportes,5,1.35,4.99,6.42,19.0283
2022-06-01,2022,6,3101,Belo Horizonte - MG,N7,7486,Artigos de residência,3,0.32,6.18,12.24,4.256
2022-11-01,2022,11,2301,Fortaleza - CE,N7,7169,Índice geral,0,0.28,5.12,5.7,100.0
2021-03-01,2021,3,3301,Rio de Janeiro - RJ,N7,7786,Comunicação,9,0.19,-0.08,3.93,7.1921
2023-12-01,2023,12,2901,Salvador - BA,N7,7486,Artigos de residência,3,0.99,-1.65,-1.65,3.9935
2024-09-01,2024,9,1501,Belém - PA,N7,7786,Comunicação,9,-0.16,2.97,2.09,4.2327
2024-11-01,2024,11,4301,Porto Alegre - RS,N7,7766,Educação,8,-0.05,5.75,6.06,5.1039
2025-01-01,2025,1,1501,Belém - PA,N7,7445,Habitação,2,-4.28,-4.28,-3.44,15.5171
2022-04-01,2022,4,4301,Porto Alegre - RS,N7,7169,Índice geral,0,1.13,2.65,11.42,100.0
2025-08-01,2025,8,3201,Grande Vitória - ES,N7,7625,Transportes,5,-0.32,1.76,3.41,23.4799
2020-11-01,2020,11,3101,Belo Horizonte - MG,N7,7786,Comunicação,9,0.65,4.23,,5.9933
2024-10-01,2024,10,1501,Belém - PA,N7,7170,Alimentação e bebidas,1,1.06,3.46,4.62,26.499
2021-06-01,2021,6,3501,São Paulo - SP,N7,7169,Índice geral,0,0.53,3.31,7.53,100.0
2024-05-01,2024,5,3501,São Paulo - SP,N7,7625,Transportes,5,0.38,-0.26,4.44,19.7154
2024-01-01,2024,1,2601,Recife - PE,N7,7169,Índice geral,0,0.63,0.63,3.79,100.0
2022-11-01,2022,11,1501,Belém - PA,N7,7558,Vestuário,4,1.14,13.55,14.98,6.4269
2022-09-01,2022,9,2601,Recife - PE,N7,7170,Alimentação e bebidas,1,0.21,9.61,12.35,24.3173
2022-03-01,2022,3,4101,Curitiba - PR,N7,7169,Índice geral,0,2.4,4.2,14.37,100.0
2022-06-01,2022,6,2301,Fortaleza - CE,N7,7712,Despesas pessoais,7,0.75,2.74,5.65,7.3609
2022-04-01,2022,4,2301,Fortaleza - CE,N7,7486,Artigos de residência,3,1.08,5.61,13.03,4.109
2026-01-01,2026,1,2601,Recife - PE,N7,7786,Comunicação,9,1.0,1.0,0.79,3.8182
2025-04-01,2025,4,2601,Recife - PE,N7,7766,Educação,8,0.19,5.15,5.56,6.2309
2023-02-01,2023,2,1501,Belém - PA,N7,7170,Alimentação e bebidas,1,0.51,1.63,9.31,28.1161
2025-06-01,2025,6,3301,Rio de Janeiro - RJ,N7,7766,Educação,8,0.02,5.38,6.0,5.5587
2023-10-01,2023,10,3501,São Paulo - SP,N7,7712,Despesas pessoais,7,-0.09,4.25,5.61,11.119
2022-11-01,2022,11,1501,Belém - PA,N7,7660,Saúde e cuidados pessoais,6,-1.24,9.83,11.87,12.7105
2020-05-01,2020,5,3101,Belo Horizonte - MG,N7,7660,Saúde e cuidados pessoais,6,0.36,0.66,,14.4359
2025-05-01,2025,5,4301,Porto Alegre - RS,N7,7445,Habitação,2,1.67,4.52,5.1,14.0121
2023-09-01,2023,9,3101,Belo Horizonte - MG,N7,7486,Artigos de residência,3,-0.48,-1.92,-1.9,4.079
2022-08-01,2022,8,3101,Belo Horizonte - MG,N7,7445,Habitação,2,-2.54,-7.74,-3.83,12.9404
2026-04-01,2026,4,4101,Curitiba - PR,N7,7786,Comunicação,9,0.85,2.93,2.66,4.1062
2021-12-01,2021,12,1501,Belém - PA,N7,7786,Comunicação,9,0.34,1.35,1.35,4.6755
2025-08-01,2025,8,4101,Curitiba - PR,N7,7786,Comunicação,9,-0.31,1.16,2.34,4.1227
2020-07-01,2020,7,3201,Grande Vitória - ES,N7,7558,Vestuário,4,-1.39,-4.84,,3.8528
2024-07-01,2024,7,4301,Porto Alegre - RS,N7,7712,Despesas pessoais,7,0.13,1.89,3.9,10.4143
2020-12-01,2020,12,3201,Grande Vitória - ES,N7,7660,Saúde e cuidados pessoais,6,-0.13,2.24,2.24,15.9781
2021-11-01,2021,11,2901,Salvador - BA,N7,7786,Comunicação,9,0.17,0.24,0.39,4.5338
2021-03-01,2021,3,3301,Rio de Janeiro - RJ,N7,7660,Saúde e cuidados pessoais,6,-0.21,0.84,0.64,13.1719
2025-03-01,2025,3,2601,Recife - PE,N7,7625,Transportes,5,0.32,3.95,5.98,19.3229
2022-10-01,2022,10,2301,Fortaleza - CE,N7,7558,Vestuário,4,2.12,14.12,15.71,4.8441
2020-04-01,2020,4,4101,Curitiba - PR,N7,7170,Alimentação e bebidas,1,0.49,1.84,,19.7139
2024-11-01,2024,11,3301,Rio de Janeiro - RJ,N7,7766,Educação,8,0.03,6.43,6.59,5.4531
2025-03-01,2025,3,1501,Belém - PA,N7,7625,Transportes,5,0.48,1.01,4.82,18.4478
2021-12-01,2021,12,3201,Grande Vitória - ES,N7,7486,Artigos de residência,3,0.29,10.93,10.93,3.9037
2025-05-01,2025,5,2901,Salvador - BA,N7,7170,Alimentação e bebidas,1,0.33,4.87,5.96,23.1337
2022-07-01,2022,7,2901,Salvador - BA,N7,7170,Alimentação e bebidas,1,0.7,9.14,14.6,22.7457
2025-05-01,2025,5,2301,Fortaleza - CE,N7,7170,Alimentação e bebidas,1,0.5,4.16,6.2,24.8633
2021-09-01,2021,9,3101,Belo Horizonte - MG,N7,7170,Alimentação e bebidas,1,1.55,4.01,12.52,21.134
2025-09-01,2025,9,2901,Salvador - BA,N7,7766,Educação,8,0.07,6.04,6.21,6.1727
2021-05-01,2021,5,4301,Porto Alegre - RS,N7,7486,Artigos de residência,3,0.95,3.52,13.42,4.2906
2024-01-01,2024,1,4101,Curitiba - PR,N7,7712,Despesas pessoais,7,0.58,0.58,4.75,9.3232
2022-04-01,2022,4,3101,Belo Horizonte - MG,N7,7786,Comunicação,9,0.16,1.72,3.42,5.3896
2022-04-01,2022,4,3201,Grande Vitória - ES,N7,7169,Índice geral,0,0.83,3.81,12.45,100.0
2025-11-01,2025,11,4101,Curitiba - PR,N7,7625,Transportes,5,0.22,2.34,2.5,25.2014
2025-08-01,2025,8,4301,Porto Alegre - RS,N7,7660,Saúde e cuidados pessoais,6,0.89,5.24,6.85,13.3601
2023-01-01,2023,1,2901,Salvador - BA,N7,7445,Habitação,2,1.73,1.73,3.28,13.9856
2020-01-01,2020,1,4101,Curitiba - PR,N7,7169,Índice geral,0,0.05,0.05,,100.0
2022-04-01,2022,4,3501,São Paulo - SP,N7,7766,Educação,8,0.04,6.2,6.05,6.5963
2024-02-01,2024,2,2901,Salvador - BA,N7,7558,Vestuário,4,-1.45,-1.3,1.82,5.402
2022-06-01,2022,6,3101,Belo Horizonte - MG,N7,7558,Vestuário,4,1.42,10.67,17.31,4.7852
2020-03-01,2020,3,3201,Grande Vitória - ES,N7,7170,Alimentação e bebidas,1,1.78,2.48,,15.7575
2020-12-01,2020,12,4301,Porto Alegre - RS,N7,7169,Índice geral,0,1.85,4.22,4.22,100.0
2022-11-01,2022,11,3501,São Paulo - SP,N7,7169,Índice geral,0,0.4,5.95,6.69,100.0
2020-12-01,2020,12,3301,Rio de Janeiro - RJ,N7,7625,Transportes,5,1.2,0.37,0.37,19.3387
2025-11-01,2025,11,3501,São Paulo - SP,N7,7558,Vestuário,4,0.76,4.71,6.21,4.0595
2020-11-01,2020,11,3301,Rio de Janeiro - RJ,N7,7660,Saúde e cuidados pessoais,6,-0.52,0.44,,13.3996
2021-08-01,2021,8,3301,Rio de Janeiro - RJ,N7,7170,Alimentação e bebidas,1,1.16,3.74,13.5,20.3271
2023-11-01,2023,11,1501,Belém - PA,N7,7712,Despesas pessoais,7,0.03,4.35,4.88,7.6329
2023-06-01,2023,6,3501,São Paulo - SP,N7,7786,Comunicação,9,-0.27,3.82,1.8,4.9533
2023-05-01,2023,5,3101,Belo Horizonte - MG,N7,7786,Comunicação,9,0.39,4.27,0.65,5.273
2024-05-01,2024,5,1501,Belém - PA,N7,7660,Saúde e cuidados pessoais,6,0.81,3.52,4.51,12.9097
2021-12-01,2021,12,4301,Porto Alegre - RS,N7,7786,Comunicação,9,0.37,2.64,2.64,5.8106
2025-08-01,2025,8,3301,Rio de Janeiro - RJ,N7,7786,Comunicação,9,-0.16,0.27,1.49,5.8776
2025-04-01,2025,4,4301,Porto Alegre - RS,N7,7445,Habitação,2,1.13,2.8,4.61,13.9866
2020-02-01,2020,2,3301,Rio de Janeiro - RJ,N7,7786,Comunicação,9,0.57,0.78,,7.2138
2020-08-01,2020,8,3101,Belo Horizonte - MG,N7,7558,Vestuário,4,-0.72,-2.6,,4.7151
2022-05-01,2022,5,3201,Grande Vitória - ES,N7,7558,Vestuário,4,2.24,4.59,13.41,3.6983
2023-09-01,2023,9,2901,Salvador - BA,N7,7445,Habitação,2,0.61,6.86,7.81,14.361
2026-01-01,2026,1,2901,Salvador - BA,N7,7625,Transportes,5,1.46,1.46,1.81,18.3732
2023-09-01,2023,9,2601,Recife - PE,N7,7558,Vestuário,4,0.21,1.01,5.1,5.9503
2020-10-01,2020,10,1501,Belém - PA,N7,7486,Artigos de residência,3,1.01,-0.01,,3.8142
2026-03-01,2026,3,1501,Belém - PA,N7,7169,Índice geral,0,1.31,2.11,3.75,100.0
2022-04-01,2022,4,2301,Fortaleza - CE,N7,7660,Saúde e cuidados pessoais,6,1.25,4.03,4.73,12.4387
2021-04-01,2021,4,3301,Rio de Janeiro - RJ,N7,7445,Habitação,2,1.2,1.12,4.4,18.2658
2026-06-01,2026,6,3101,Belo Horizonte - MG,N7,7170,Alimentação e bebidas,1,-0.89,4.11,3.7,22.5572
2024-07-01,2024,7,2601,Recife - PE,N7,7786,Comunicação,9,0.54,2.08,1.33,4.024
2023-04-01,2023,4,3501,São Paulo - SP,N7,7786,Comunicação,9,-0.09,3.97,2.51,4.9962
2025-05-01,2025,5,3501,São Paulo - SP,N7,7169,Índice geral,0,0.12,2.71,5.69,100.0
2022-07-01,2022,7,3301,Rio de Janeiro - RJ,N7,7169,Índice geral,0,-0.44,5.6,10.58,100.0
2025-08-01,2025,8,2301,Fortaleza - CE,N7,7169,Índice geral,0,-0.07,3.09,5.01,100.0
2022-03-01,2022,3,2901,Salvador - BA,N7,7766,Educação,8,0.18,6.18,8.37,5.7009
2022-06-01,2022,6,2301,Fortaleza - CE,N7,7445,Habitação,2,0.25,5.01,11.89,17.0003
2024-07-01,2024,7,3201,Grande Vitória - ES,N7,7170,Alimentação e bebidas,1,-1.95,4.0,3.93,18.1346
2023-11-01,2023,11,2901,Salvador - BA,N7,7766,Educação,8,0.03,7.63,7.93,5.849
2021-05-01,2021,5,3201,Grande Vitória - ES,N7,7766,Educação,8,-0.01,7.8,2.15,5.5417
2025-11-01,2025,11,1501,Belém - PA,N7,7712,Despesas pessoais,7,4.51,9.61,10.41,7.7417
2022-05-01,2022,5,3101,Belo Horizonte - MG,N7,7712,Despesas pessoais,7,0.7,3.89,7.69,10.1255
2022-05-01,2022,5,3301,Rio de Janeiro - RJ,N7,7445,Habitação,2,-1.43,2.93,10.46,18.7068
2023-08-01,2023,8,1501,Belém - PA,N7,7170,Alimentação e bebidas,1,-0.74,-0.24,1.6,27.2775
2024-06-01,2024,6,1501,Belém - PA,N7,7766,Educação,8,0.17,6.47,8.21,3.7234
2022-10-01,2022,10,2301,Fortaleza - CE,N7,7786,Comunicação,9,-0.12,-2.05,-2.29,3.9852
2020-04-01,2020,4,2601,Recife - PE,N7,7486,Artigos de residência,3,-0.78,-0.49,,4.0686
2020-09-01,2020,9,3201,Grande Vitória - ES,N7,7766,Educação,8,0.13,-3.42,,5.3084
2020-06-01,2020,6,4101,Curitiba - PR,N7,7712,Despesas pessoais,7,0.09,-0.43,,10.1401
2022-09-01,2022,9,4301,Porto Alegre - RS,N7,7660,Saúde e cuidados pessoais,6,0.72,8.03,8.27,12.6109
2025-02-01,2025,2,3301,Rio de Janeiro - RJ,N7,7786,Comunicação,9,0.57,0.11,1.39,5.9794
2021-12-01,2021,12,4301,Porto Alegre - RS,N7,7445,Habitação,2,2.42,16.24,16.24,15.5043
2020-10-01,2020,10,3201,Grande Vitória - ES,N7,7625,Transportes,5,0.56,-2.02,,22.4298
2025-01-01,2025,1,2601,Recife - PE,N7,7625,Transportes,5,2.17,2.17,4.88,18.9329
2021-09-01,2021,9,2301,Fortaleza - CE,N7,7170,Alimentação e bebidas,1,1.15,7.01,13.48,24.0315
2020-03-01,2020,3,4301,Porto Alegre - RS,N7,7660,Saúde e cuidados pessoais,6,0.16,0.3,,13.3461
2022-12-01,2022,12,3101,Belo Horizonte - MG,N7,7766,Educação,8,0.28,7.95,7.95,5.2778
2026-01-01,2026,1,2901,Salvador - BA,N7,7445,Habitação,2,-0.48,-0.48,7.43,14.2343
2023-04-01,2023,4,1501,Belém - PA,N7,7712,Despesas pessoais,7,0.07,1.87,6.58,7.5799
2020-06-01,2020,6,1501,Belém - PA,N7,7766,Educação,8,-0.2,5.64,,3.8259
2021-11-01,2021,11,3101,Belo Horizonte - MG,N7,7170,Alimentação e bebidas,1,-0.01,5.59,7.95,21.243
2023-08-01,2023,8,1501,Belém - PA,N7,7625,Transportes,5,1.03,7.43,6.37,18.4103
2022-01-01,2022,1,2601,Recife - PE,N7,7660,Saúde e cuidados pessoais,6,0.47,0.47,3.96,13.6729
2023-04-01,2023,4,2601,Recife - PE,N7,7786,Comunicação,9,0.32,2.72,-0.1,4.1357
2025-06-01,2025,6,1501,Belém - PA,N7,7766,Educação,8,-0.07,5.64,6.87,3.7811
2020-09-01,2020,9,4101,Curitiba - PR,N7,7558,Vestuário,4,1.3,1.2,,4.8892
2024-06-01,2024,6,3501,São Paulo - SP,N7,7558,Vestuário,4,-0.31,0.61,1.77,4.1108
2022-12-01,2022,12,3301,Rio de Janeiro - RJ,N7,7170,Alimentação e bebidas,1,0.49,9.59,9.59,20.9879
2023-10-01,2023,10,4301,Porto Alegre - RS,N7,7558,Vestuário,4,0.43,3.01,5.73,5.1049
2020-11-01,2020,11,3101,Belo Horizonte - MG,N7,7445,Habitação,2,0.77,0.8,,14.171
2022-05-01,2022,5,4301,Porto Alegre - RS,N7,7625,Transportes,5,1.32,2.33,17.27,22.2043
2023-01-01,2023,1,3201,Grande Vitória - ES,N7,7170,Alimentação e bebidas,1,1.05,1.05,11.68,18.3455
2025-07-01,2025,7,4301,Porto Alegre - RS,N7,7766,Educação,8,-0.15,4.77,5.61,5.1625
2020-09-01,2020,9,2601,Recife - PE,N7,7558,Vestuário,4,0.2,-1.83,,5.6644
2023-04-01,2023,4,1501,Belém - PA,N7,7170,Alimentação e bebidas,1,0.5,2.74,4.61,27.9477
2024-06-01,2024,6,4101,Curitiba - PR,N7,7170,Alimentação e bebidas,1,0.97,4.24,4.44,21.2601
2020-10-01,2020,10,1501,Belém - PA,N7,7169,Índice geral,0,1.18,2.57,,100.0
2023-05-01,2023,5,2901,Salvador - BA,N7,7169,Índice geral,0,0.35,3.23,4.21,100.0
2023-12-01,2023,12,2901,Salvador - BA,N7,7660,Saúde e cuidados pessoais,6,0.52,6.04,6.04,15.0812
2026-04-01,2026,4,3101,Belo Horizonte - MG,N7,7486,Artigos de residência,3,1.17,2.92,0.32,3.6672
2025-04-01,2025,4,3501,São Paulo - SP,N7,7486,Artigos de residência,3,0.47,0.14,2.3,3.4406
2021-05-01,2021,5,2301,Fortaleza - CE,N7,7169,Índice geral,0,1.1,4.5,9.8,100.0
2021-09-01,2021,9,3201,Grande Vitória - ES,N7,7625,Transportes,5,1.25,14.79,18.42,23.8155
2026-03-01,2026,3,1501,Belém - PA,N7,7712,Despesas pessoais,7,1.14,1.79,6.53,7.7814
2023-11-01,2023,11,4101,Curitiba - PR,N7,7786,Comunicação,9,-0.41,3.1,3.34,4.2289
2023-02-01,2023,2,4101,Curitiba - PR,N7,7786,Comunicação,9,0.9,2.62,0.01,4.3204
2021-06-01,2021,6,3301,Rio de Janeiro - RJ,N7,7445,Habitação,2,0.24,3.05,6.49,18.5276
2024-09-01,2024,9,3101,Belo Horizonte - MG,N7,7625,Transportes,5,0.05,5.21,7.18,20.3517
2021-10-01,2021,10,3201,Grande Vitória - ES,N7,7486,Artigos de residência,3,0.53,9.65,11.34,3.9482
2026-02-01,2026,2,3501,São Paulo - SP,N7,7712,Despesas pessoais,7,0.5,0.85,6.48,11.2057
2023-01-01,2023,1,4101,Curitiba - PR,N7,7712,Despesas pessoais,7,1.17,1.17,6.78,9.219
2024-08-01,2024,8,1501,Belém - PA,N7,7445,Habitação,2,-2.22,0.36,2.27,16.0225
2024-06-01,2024,6,3101,Belo Horizonte - MG,N7,7786,Comunicação,9,0.25,2.75,1.64,5.0902
2020-08-01,2020,8,3301,Rio de Janeiro - RJ,N7,7169,Índice geral,0,-0.13,0.51,,100.0
2026-03-01,2026,3,2601,Recife - PE,N7,7712,Despesas pessoais,7,0.96,2.0,6.15,8.5708
2025-03-01,2025,3,3101,Belo Horizonte - MG,N7,7712,Despesas pessoais,7,0.67,1.92,6.97,10.6464
2025-10-01,2025,10,2301,Fortaleza - CE,N7,7558,Vestuário,4,0.54,2.59,3.37,4.7386
2022-10-01,2022,10,2901,Salvador - BA,N7,7445,Habitação,2,0.44,1.76,4.04,14.0367
2021-09-01,2021,9,4301,Porto Alegre - RS,N7,7660,Saúde e cuidados pessoais,6,0.73,3.76,4.32,12.4553
2020-08-01,2020,8,2901,Salvador - BA,N7,7660,Saúde e cuidados pessoais,6,0.62,2.0,,15.4357
2021-04-01,2021,4,3301,Rio de Janeiro - RJ,N7,7486,Artigos de residência,3,0.03,2.53,13.61,3.0802
2024-04-01,2024,4,2301,Fortaleza - CE,N7,7170,Alimentação e bebidas,1,0.47,3.87,3.93,24.3312
2024-12-01,2024,12,3301,Rio de Janeiro - RJ,N7,7712,Despesas pessoais,7,0.66,4.92,4.92,9.3901
2021-10-01,2021,10,2901,Salvador - BA,N7,7486,Artigos de residência,3,1.95,10.25,12.2,4.1616
2026-05-01,2026,5,2601,Recife - PE,N7,7786,Comunicação,9,0.38,2.0,1.41,3.7677
2022-02-01,2022,2,3301,Rio de Janeiro - RJ,N7,7170,Alimentação e bebidas,1,1.44,2.69,9.36,20.5839
2025-10-01,2025,10,4301,Porto Alegre - RS,N7,7786,Comunicação,9,-0.1,0.76,1.23,5.2918
2022-11-01,2022,11,3101,Belo Horizonte - MG,N7,7625,Transportes,5,0.3,-5.04,-4.22,19.8021
2023-09-01,2023,9,4101,Curitiba - PR,N7,7170,Alimentação e bebidas,1,-0.6,-1.01,-0.16,20.8715
2020-09-01,2020,9,2901,Salvador - BA,N7,7558,Vestuário,4,-0.93,-8.27,,4.886
2023-04-01,2023,4,4101,Curitiba - PR,N7,7712,Despesas pessoais,7,-0.17,1.99,6.39,9.2266
2024-08-01,2024,8,3101,Belo Horizonte - MG,N7,7170,Alimentação e bebidas,1,-0.12,2.89,6.12,21.7783
2024-10-01,2024,10,1501,Belém - PA,N7,7712,Despesas pessoais,7,0.76,4.01,4.71,7.6521
2024-08-01,2024,8,3201,Grande Vitória - ES,N7,7660,Saúde e cuidados pessoais,6,0.42,4.51,5.75,16.0494
2022-12-01,2022,12,2301,Fortaleza - CE,N7,7786,Comunicação,9,0.14,-2.47,-2.47,3.9228
2020-03-01,2020,3,2301,Fortaleza - CE,N7,7169,Índice geral,0,0.21,1.29,,100.0
2022-08-01,2022,8,4101,Curitiba - PR,N7,7486,Artigos de residência,3,0.06,4.44,10.94,4.1349
2024-11-01,2024,11,4301,Porto Alegre - RS,N7,7445,Habitação,2,-2.02,2.76,3.36,14.5159
2025-03-01,2025,3,4301,Porto Alegre - RS,N7,7170,Alimentação e bebidas,1,1.72,3.06,5.0,21.2186
2024-07-01,2024,7,2601,Recife - PE,N7,7169,Índice geral,0,0.33,2.95,3.19,100.0
2024-06-01,2024,6,3301,Rio de Janeiro - RJ,N7,7712,Despesas pessoais,7,-0.15,1.05,3.7,9.2944
2023-09-01,2023,9,3101,Belo Horizonte - MG,N7,7445,Habitação,2,0.14,8.63,8.81,13.2956
2026-06-01,2026,6,3301,Rio de Janeiro - RJ,N7,7445,Habitação,2,2.04,6.94,8.1,18.6519
2024-09-01,2024,9,4101,Curitiba - PR,N7,7766,Educação,8,0.05,6.15,6.41,5.5335
2022-08-01,2022,8,2601,Recife - PE,N7,7786,Comunicação,9,-2.08,0.16,1.72,4.2969
2024-05-01,2024,5,2601,Recife - PE,N7,7660,Saúde e cuidados pessoais,6,1.21,4.5,6.05,14.9978
2026-01-01,2026,1,3201,Grande Vitória - ES,N7,7712,Despesas pessoais,7,1.29,1.29,7.21,8.8818
2021-08-01,2021,8,1501,Belém - PA,N7,7766,Educação,8,0.48,6.51,6.9,3.4516
2021-08-01,2021,8,2601,Recife - PE,N7,7486,Artigos de residência,3,0.2,5.48,10.46,4.1785
2026-03-01,2026,3,2901,Salvador - BA,N7,7445,Habitação,2,-0.3,-0.69,1.75,14.0508
2025-06-01,2025,6,3501,São Paulo - SP,N7,7486,Artigos de residência,3,0.49,0.44,2.86,3.4281
2024-10-01,2024,10,3501,São Paulo - SP,N7,7766,Educação,8,0.04,7.19,7.49,6.9351
2026-01-01,2026,1,3301,Rio de Janeiro - RJ,N7,7170,Alimentação e bebidas,1,0.09,0.09,1.03,20.6775
2020-08-01,2020,8,3201,Grande Vitória - ES,N7,7786,Comunicação,9,1.31,2.11,,6.4073
2021-02-01,2021,2,2601,Recife - PE,N7,7712,Despesas pessoais,7,-0.01,0.56,0.29,8.8257
2020-06-01,2020,6,1501,Belém - PA,N7,7558,Vestuário,4,-0.02,-0.64,,6.3368
2026-01-01,2026,1,3201,Grande Vitória - ES,N7,7170,Alimentação e bebidas,1,0.48,0.48,1.72,17.5812
2022-04-01,2022,4,4301,Porto Alegre - RS,N7,7766,Educação,8,-0.05,5.15,6.25,4.7832
2026-04-01,2026,4,1501,Belém - PA,N7,7558,Vestuário,4,0.38,-2.16,-0.77,5.9856
2020-09-01,2020,9,2601,Recife - PE,N7,7786,Comunicação,9,-0.14,3.43,,4.9076
2020-04-01,2020,4,1501,Belém - PA,N7,7558,Vestuário,4,0.22,-0.54,,6.2948
2020-01-01,2020,1,3501,São Paulo - SP,N7,7712,Despesas pessoais,7,0.54,0.54,,11.6766
2021-11-01,2021,11,4101,Curitiba - PR,N7,7445,Habitação,2,1.31,16.71,21.15,15.5768
2021-01-01,2021,1,3301,Rio de Janeiro - RJ,N7,7625,Transportes,5,-0.14,-0.14,-0.07,19.2585
2021-03-01,2021,3,2901,Salvador - BA,N7,7786,Comunicação,9,-0.68,-0.63,3.93,4.8431
2021-11-01,2021,11,2601,Recife - PE,N7,7170,Alimentação e bebidas,1,0.68,8.52,10.32,23.2779
2024-05-01,2024,5,3301,Rio de Janeiro - RJ,N7,7786,Comunicação,9,0.09,1.16,-1.13,6.0894
2023-10-01,2023,10,3101,Belo Horizonte - MG,N7,7445,Habitação,2,-0.01,8.62,9.03,13.282
2023-10-01,2023,10,2301,Fortaleza - CE,N7,7625,Transportes,5,-1.36,8.12,9.17,19.5276
2020-07-01,2020,7,3301,Rio de Janeiro - RJ,N7,7786,Comunicação,9,0.43,2.28,,7.3066
2021-01-01,2021,1,4301,Porto Alegre - RS,N7,7170,Alimentação e bebidas,1,0.65,0.65,14.52,21.2079
2021-10-01,2021,10,3101,Belo Horizonte - MG,N7,7170,Alimentação e bebidas,1,1.54,5.61,10.98,21.1773
2023-08-01,2023,8,3201,Grande Vitória - ES,N7,7170,Alimentação e bebidas,1,-1.31,-1.2,1.03,17.8064
2023-11-01,2023,11,3301,Rio de Janeiro - RJ,N7,7486,Artigos de residência,3,-1.0,0.59,0.21,3.0855
2020-08-01,2020,8,2601,Recife - PE,N7,7660,Saúde e cuidados pessoais,6,-0.06,1.38,,15.0594
2021-04-01,2021,4,2301,Fortaleza - CE,N7,7660,Saúde e cuidados pessoais,6,1.62,3.15,4.51,13.1714
2022-02-01,2022,2,3101,Belo Horizonte - MG,N7,7445,Habitação,2,0.34,0.4,9.85,14.1733
2024-08-01,2024,8,3501,São Paulo - SP,N7,7625,Transportes,5,-0.07,1.63,5.2,19.9432
2020-03-01,2020,3,3101,Belo Horizonte - MG,N7,7170,Alimentação e bebidas,1,0.76,2.13,,19.6945
2026-05-01,2026,5,2301,Fortaleza - CE,N7,7625,Transportes,5,-0.4,5.77,6.2,19.1962
2023-06-01,2023,6,2601,Recife - PE,N7,7170,Alimentação e bebidas,1,0.13,1.25,5.72,24.0531
2021-01-01,2021,1,1501,Belém - PA,N7,7170,Alimentação e bebidas,1,0.95,0.95,14.54,27.6195
2020-06-01,2020,6,4301,Porto Alegre - RS,N7,7169,Índice geral,0,-0.01,-0.49,,100.0
2021-06-01,2021,6,4101,Curitiba - PR,N7,7712,Despesas pessoais,7,0.09,0.42,1.12,9.3334
2022-10-01,2022,10,2901,Salvador - BA,N7,7169,Índice geral,0,0.61,5.61,8.21,100.0
2022-12-01,2022,12,4101,Curitiba - PR,N7,7660,Saúde e cuidados pessoais,6,1.61,11.91,11.91,10.2731
2026-05-01,2026,5,2301,Fortaleza - CE,N7,7169,Índice geral,0,0.72,3.85,5.26,100.0
2020-02-01,2020,2,1501,Belém - PA,N7,7712,Despesas pessoais,7,0.25,0.55,,8.1239
2022-12-01,2022,12,4301,Porto Alegre - RS,N7,7786,Comunicação,9,0.21,-1.08,-1.08,5.5412
2020-03-01,2020,3,3201,Grande Vitória - ES,N7,7712,Despesas pessoais,7,0.03,1.11,,9.2715
2021-10-01,2021,10,4101,Curitiba - PR,N7,7786,Comunicação,9,1.02,0.95,1.77,4.6213
2023-10-01,2023,10,3201,Grande Vitória - ES,N7,7169,Índice geral,0,0.18,4.08,4.85,100.0
2021-10-01,2021,10,2901,Salvador - BA,N7,7786,Comunicação,9,0.61,0.07,0.87,4.5611
2021-06-01,2021,6,2901,Salvador - BA,N7,7170,Alimentação e bebidas,1,1.02,4.22,11.43,22.4907
2022-10-01,2022,10,3201,Grande Vitória - ES,N7,7660,Saúde e cuidados pessoais,6,0.94,8.44,8.41,15.3023
2023-05-01,2023,5,3201,Grande Vitória - ES,N7,7712,Despesas pessoais,7,0.49,1.84,6.07,8.4469
2020-05-01,2020,5,4101,Curitiba - PR,N7,7712,Despesas pessoais,7,-0.06,-0.52,,10.0885
2025-07-01,2025,7,3101,Belo Horizonte - MG,N7,7712,Despesas pessoais,7,1.1,4.53,7.79,10.7009
2021-08-01,2021,8,3501,São Paulo - SP,N7,7660,Saúde e cuidados pessoais,6,0.06,2.03,1.91,12.6167
2022-08-01,2022,8,3101,Belo Horizonte - MG,N7,7786,Comunicação,9,-1.4,1.96,3.68,5.4301
2025-09-01,2025,9,3301,Rio de Janeiro - RJ,N7,7625,Transportes,5,-0.31,1.56,3.28,19.6098
2026-05-01,2026,5,1501,Belém - PA,N7,7766,Educação,8,-0.02,4.58,5.4,3.8429
2021-04-01,2021,4,3301,Rio de Janeiro - RJ,N7,7558,Vestuário,4,1.44,0.2,-0.81,3.344
2020-11-01,2020,11,1501,Belém - PA,N7,7660,Saúde e cuidados pessoais,6,-0.58,0.02,,13.0567
2022-02-01,2022,2,2301,Fortaleza - CE,N7,7660,Saúde e cuidados pessoais,6,0.59,1.68,4.18,12.5401
2023-02-01,2023,2,2301,Fortaleza - CE,N7,7766,Educação,8,5.66,6.05,7.68,6.1584
2024-01-01,2024,1,2901,Salvador - BA,N7,7712,Despesas pessoais,7,1.22,1.22,5.9,10.0169
2025-11-01,2025,11,2901,Salvador - BA,N7,7625,Transportes,5,-0.55,0.54,2.99,18.3967
2025-08-01,2025,8,2901,Salvador - BA,N7,7786,Comunicação,9,-0.12,1.5,1.73,3.8942
2024-08-01,2024,8,4101,Curitiba - PR,N7,7445,Habitação,2,-0.58,1.68,1.4,14.3126
2022-06-01,2022,6,3501,São Paulo - SP,N7,7445,Habitação,2,0.46,-0.18,9.74,16.3474
2022-04-01,2022,4,2601,Recife - PE,N7,7766,Educação,8,0.0,6.6,7.39,5.7822
2021-06-01,2021,6,2901,Salvador - BA,N7,7169,Índice geral,0,0.86,4.13,7.84,100.0
2020-08-01,2020,8,2301,Fortaleza - CE,N7,7766,Educação,8,-7.7,-2.68,,6.7824
2025-08-01,2025,8,1501,Belém - PA,N7,7786,Comunicação,9,-0.2,0.98,1.15,4.0667
2022-06-01,2022,6,3301,Rio de Janeiro - RJ,N7,7169,Índice geral,0,0.39,6.07,11.77,100.0
2022-01-01,2022,1,1501,Belém - PA,N7,7766,Educação,8,-0.2,-0.2,6.18,3.3555
2023-06-01,2023,6,3201,Grande Vitória - ES,N7,7169,Índice geral,0,0.06,3.1,3.76,100.0
2023-05-01,2023,5,3301,Rio de Janeiro - RJ,N7,7170,Alimentação e bebidas,1,-0.22,0.66,3.52,20.6695
2026-01-01,2026,1,2301,Fortaleza - CE,N7,7486,Artigos de residência,3,0.16,0.16,0.37,3.7554
2026-03-01,2026,3,4301,Porto Alegre - RS,N7,7445,Habitação,2,0.66,0.18,8.06,14.5379
2024-12-01,2024,12,3501,São Paulo - SP,N7,7170,Alimentação e bebidas,1,1.37,8.83,8.83,20.6282
2022-04-01,2022,4,1501,Belém - PA,N7,7766,Educação,8,0.14,6.08,6.73,3.4467
2025-05-01,2025,5,4301,Porto Alegre - RS,N7,7558,Vestuário,4,0.53,1.97,2.35,4.9289
2022-06-01,2022,6,2901,Salvador - BA,N7,7445,Habitação,2,0.73,2.84,11.32,14.101
2024-12-01,2024,12,1501,Belém - PA,N7,7660,Saúde e cuidados pessoais,6,-0.11,4.06,4.06,12.88
2024-11-01,2024,11,3101,Belo Horizonte - MG,N7,7786,Comunicação,9,-0.13,3.14,3.27,5.0341
2023-12-01,2023,12,2601,Recife - PE,N7,7766,Educação,8,0.09,9.04,9.04,5.9981
2024-10-01,2024,10,4101,Curitiba - PR,N7,7712,Despesas pessoais,7,0.52,3.39,4.54,9.2998
2024-08-01,2024,8,2601,Recife - PE,N7,7169,Índice geral,0,-0.07,2.88,2.75,100.0
2025-09-01,2025,9,2301,Fortaleza - CE,N7,7786,Comunicação,9,-0.33,-0.07,1.21,3.628
2021-03-01,2021,3,1501,Belém - PA,N7,7170,Alimentação e bebidas,1,0.3,2.25,15.99,27.776
2024-01-01,2024,1,3101,Belo Horizonte - MG,N7,7712,Despesas pessoais,7,0.63,0.63,5.76,10.6196
2025-09-01,2025,9,3201,Grande Vitória - ES,N7,7486,Artigos de residência,3,-0.27,1.04,0.75,3.6148
2021-02-01,2021,2,3301,Rio de Janeiro - RJ,N7,7558,Vestuário,4,-0.73,-1.44,-0.97,3.4006
2020-01-01,2020,1,2601,Recife - PE,N7,7786,Comunicação,9,0.56,0.56,,4.8321
2023-06-01,2023,6,3501,São Paulo - SP,N7,7558,Vestuário,4,0.55,1.09,10.9,4.1599
2022-05-01,2022,5,4301,Porto Alegre - RS,N7,7766,Educação,8,0.08,5.23,6.15,4.7271
2025-07-01,2025,7,3301,Rio de Janeiro - RJ,N7,7660,Saúde e cuidados pessoais,6,0.47,3.92,5.48,13.66
2023-12-01,2023,12,3301,Rio de Janeiro - RJ,N7,7486,Artigos de residência,3,1.58,2.18,2.18,3.0376
2025-11-01,2025,11,2601,Recife - PE,N7,7712,Despesas pessoais,7,0.3,4.14,5.05,8.5083
2026-02-01,2026,2,3101,Belo Horizonte - MG,N7,7766,Educação,8,3.83,4.09,5.5,5.4859
2025-08-01,2025,8,2301,Fortaleza - CE,N7,7445,Habitação,2,-0.87,1.93,3.82,16.2268
2022-05-01,2022,5,3301,Rio de Janeiro - RJ,N7,7170,Alimentação e bebidas,1,-0.08,6.57,13.04,20.7625
2020-08-01,2020,8,3201,Grande Vitória - ES,N7,7625,Transportes,5,0.08,-3.47,,22.3836
2020-04-01,2020,4,2601,Recife - PE,N7,7558,Vestuário,4,0.14,0.85,,5.8797
2021-08-01,2021,8,3101,Belo Horizonte - MG,N7,7169,Índice geral,0,0.43,5.06,9.67,100.0
2020-02-01,2020,2,4101,Curitiba - PR,N7,7766,Educação,8,2.88,3.16,,5.7936
2021-04-01,2021,4,3101,Belo Horizonte - MG,N7,7660,Saúde e cuidados pessoais,6,1.14,2.29,4.03,13.9044
2024-03-01,2024,3,2301,Fortaleza - CE,N7,7486,Artigos de residência,3,-0.33,1.13,-1.31,3.9402
2020-03-01,2020,3,3301,Rio de Janeiro - RJ,N7,7625,Transportes,5,-0.34,-0.61,,19.9094
2025-01-01,2025,1,3501,São Paulo - SP,N7,7445,Habitação,2,-2.42,-2.42,-0.29,16.0192
2024-09-01,2024,9,1501,Belém - PA,N7,7625,Transportes,5,-0.45,1.52,3.42,18.8386
2023-08-01,2023,8,3101,Belo Horizonte - MG,N7,7170,Alimentação e bebidas,1,-0.91,-2.34,1.52,21.8598
2022-05-01,2022,5,3201,Grande Vitória - ES,N7,7486,Artigos de residência,3,0.0,4.12,10.25,3.898
2023-12-01,2023,12,1501,Belém - PA,N7,7486,Artigos de residência,3,0.44,2.82,2.82,3.7625
2021-11-01,2021,11,3501,São Paulo - SP,N7,7486,Artigos de residência,3,1.43,11.19,13.78,3.635
2025-07-01,2025,7,2301,Fortaleza - CE,N7,7625,Transportes,5,0.14,1.75,3.41,18.8278
2024-05-01,2024,5,3301,Rio de Janeiro - RJ,N7,7445,Habitação,2,0.67,1.8,4.95,18.378
2020-08-01,2020,8,2901,Salvador - BA,N7,7558,Vestuário,4,-0.78,-7.41,,4.931
2025-01-01,2025,1,2901,Salvador - BA,N7,7660,Saúde e cuidados pessoais,6,0.64,0.64,6.36,15.3263
2021-01-01,2021,1,2901,Salvador - BA,N7,7558,Vestuário,4,-0.11,-0.11,-7.83,4.7104
2025-06-01,2025,6,3501,São Paulo - SP,N7,7445,Habitação,2,0.74,3.25,4.34,15.9861
2026-04-01,2026,4,2901,Salvador - BA,N7,7766,Educação,8,0.07,5.55,6.69,6.3176
2024-02-01,2024,2,3501,São Paulo - SP,N7,7625,Transportes,5,0.93,-0.31,6.52,19.8771
2022-09-01,2022,9,1501,Belém - PA,N7,7625,Transportes,5,-2.77,-4.99,0.96,18.2848
2023-05-01,2023,5,4301,Porto Alegre - RS,N7,7169,Índice geral,0,0.08,2.83,3.31,100.0
2020-07-01,2020,7,3201,Grande Vitória - ES,N7,7169,Índice geral,0,0.21,0.95,,100.0
2024-02-01,2024,2,2901,Salvador - BA,N7,7625,Transportes,5,1.11,0.45,5.11,18.5592
2021-07-01,2021,7,4101,Curitiba - PR,N7,7712,Despesas pessoais,7,0.79,1.21,1.92,9.286
2021-09-01,2021,9,2901,Salvador - BA,N7,7712,Despesas pessoais,7,0.13,2.29,2.96,10.2104
2020-05-01,2020,5,3101,Belo Horizonte - MG,N7,7558,Vestuário,4,-0.56,-0.45,,4.8033
2025-10-01,2025,10,3501,São Paulo - SP,N7,7486,Artigos de residência,3,-0.73,-0.52,0.43,3.3892
2023-03-01,2023,3,2301,Fortaleza - CE,N7,7486,Artigos de residência,3,-0.33,1.27,5.66,4.1842
2020-03-01,2020,3,3301,Rio de Janeiro - RJ,N7,7170,Alimentação e bebidas,1,1.53,0.64,,18.843
2023-04-01,2023,4,3501,São Paulo - SP,N7,7169,Índice geral,0,0.67,2.88,5.2,100.0
2023-03-01,2023,3,2301,Fortaleza - CE,N7,7625,Transportes,5,1.03,5.6,-0.69,19.0158
2022-10-01,2022,10,2301,Fortaleza - CE,N7,7660,Saúde e cuidados pessoais,6,0.88,9.36,8.4,13.0012
2020-12-01,2020,12,3201,Grande Vitória - ES,N7,7445,Habitação,2,3.8,7.67,7.67,15.5856
2024-06-01,2024,6,1501,Belém - PA,N7,7625,Transportes,5,0.42,0.08,7.84,18.4323
2021-09-01,2021,9,4101,Curitiba - PR,N7,7786,Comunicação,9,-0.01,-0.07,0.31,4.693
2021-12-01,2021,12,2301,Fortaleza - CE,N7,7170,Alimentação e bebidas,1,1.06,9.47,9.47,23.8236
2020-12-01,2020,12,3501,São Paulo - SP,N7,7169,Índice geral,0,1.09,4.4,4.4,100.0
2026-02-01,2026,2,2901,Salvador - BA,N7,7660,Saúde e cuidados pessoais,6,0.74,1.56,6.04,15.6519
2026-02-01,2026,2,1501,Belém - PA,N7,7766,Educação,8,5.33,4.64,5.97,3.7608
2022-06-01,2022,6,1501,Belém - PA,N7,7486,Artigos de residência,3,1.59,4.92,9.46,3.8547
2024-02-01,2024,2,2901,Salvador - BA,N7,7660,Saúde e cuidados pessoais,6,0.86,1.84,6.16,15.1592
2022-09-01,2022,9,3201,Grande Vitória - ES,N7,7660,Saúde e cuidados pessoais,6,0.77,7.43,7.55,15.2114
2024-07-01,2024,7,2301,Fortaleza - CE,N7,7170,Alimentação e bebidas,1,-0.59,4.8,5.13,24.6399
2021-02-01,2021,2,1501,Belém - PA,N7,7170,Alimentação e bebidas,1,0.99,1.95,15.57,27.8905
2022-08-01,2022,8,4101,Curitiba - PR,N7,7712,Despesas pessoais,7,0.71,4.94,8.92,9.0618
2025-01-01,2025,1,3201,Grande Vitória - ES,N7,7445,Habitação,2,-4.47,-4.47,-2.52,15.2728
2023-09-01,2023,9,4301,Porto Alegre - RS,N7,7486,Artigos de residência,3,-0.8,-1.99,-1.96,4.3255
2025-11-01,2025,11,2901,Salvador - BA,N7,7170,Alimentação e bebidas,1,0.31,2.32,3.82,22.3948
2025-05-01,2025,5,3101,Belo Horizonte - MG,N7,7486,Artigos de residência,3,-0.25,1.9,2.66,3.8258
2026-01-01,2026,1,2301,Fortaleza - CE,N7,7558,Vestuário,4,-0.75,-0.75,3.41,4.7936
2026-02-01,2026,2,4301,Porto Alegre - RS,N7,7445,Habitação,2,-0.44,-0.47,7.56,14.6508
2024-10-01,2024,10,3101,Belo Horizonte - MG,N7,7786,Comunicação,9,0.23,3.27,2.87,5.0474
2022-01-01,2022,1,2601,Recife - PE,N7,7486,Artigos de residência,3,1.95,1.95,12.33,4.2062
2026-04-01,2026,4,3101,Belo Horizonte - MG,N7,7766,Educação,8,-0.11,3.86,5.04,5.5945
2025-11-01,2025,11,3501,São Paulo - SP,N7,7625,Transportes,5,0.37,2.95,3.49,19.5299
2024-07-01,2024,7,1501,Belém - PA,N7,7786,Comunicação,9,0.23,2.85,1.5,4.2106
2022-09-01,2022,9,3501,São Paulo - SP,N7,7625,Transportes,5,-1.89,-2.25,4.24,19.9477
2022-09-01,2022,9,2901,Salvador - BA,N7,7169,Índice geral,0,-0.32,4.97,8.87,100.0
2021-08-01,2021,8,3301,Rio de Janeiro - RJ,N7,7766,Educação,8,0.64,2.44,5.64,5.2997
2024-08-01,2024,8,1501,Belém - PA,N7,7170,Alimentação e bebidas,1,-0.6,2.72,2.82,26.689
2020-10-01,2020,10,2901,Salvador - BA,N7,7625,Transportes,5,0.61,-4.62,,17.4982
2023-02-01,2023,2,3101,Belo Horizonte - MG,N7,7170,Alimentação e bebidas,1,-0.34,0.57,10.64,22.9308
2025-09-01,2025,9,4301,Porto Alegre - RS,N7,7486,Artigos de residência,3,-0.81,0.01,1.07,4.1194
2025-12-01,2025,12,3101,Belo Horizonte - MG,N7,7660,Saúde e cuidados pessoais,6,0.65,5.69,5.69,14.7288
2024-11-01,2024,11,2901,Salvador - BA,N7,7625,Transportes,5,0.12,2.56,3.82,18.522
2022-11-01,2022,11,3301,Rio de Janeiro - RJ,N7,7558,Vestuário,4,1.24,19.22,21.26,3.8444
2026-02-01,2026,2,3201,Grande Vitória - ES,N7,7712,Despesas pessoais,7,0.08,1.37,7.47,8.9587
2023-08-01,2023,8,2301,Fortaleza - CE,N7,7558,Vestuário,4,0.74,2.33,9.4,4.9267
2020-03-01,2020,3,3101,Belo Horizonte - MG,N7,7558,Vestuário,4,0.77,-0.04,,4.7513
2020-11-01,2020,11,4301,Porto Alegre - RS,N7,7625,Transportes,5,1.04,-1.89,,20.1475
2023-01-01,2023,1,3101,Belo Horizonte - MG,N7,7786,Comunicação,9,2.45,2.45,0.86,5.2115
2020-08-01,2020,8,4301,Porto Alegre - RS,N7,7445,Habitação,2,0.25,0.75,,14.7419
2020-04-01,2020,4,4301,Porto Alegre - RS,N7,7445,Habitação,2,1.49,1.23,,14.6123
2020-03-01,2020,3,2901,Salvador - BA,N7,7169,Índice geral,0,0.17,0.67,,100.0
2023-09-01,2023,9,3501,São Paulo - SP,N7,7486,Artigos de residência,3,-0.59,0.24,1.94,3.6562
2021-05-01,2021,5,3301,Rio de Janeiro - RJ,N7,7169,Índice geral,0,0.87,2.8,6.57,100.0
2024-11-01,2024,11,3201,Grande Vitória - ES,N7,7445,Habitação,2,-2.23,2.27,2.45,15.7778
2021-08-01,2021,8,1501,Belém - PA,N7,7445,Habitação,2,3.33,8.84,12.84,15.8294
2024-08-01,2024,8,4301,Porto Alegre - RS,N7,7660,Saúde e cuidados pessoais,6,0.45,3.89,4.68,13.1732
2024-01-01,2024,1,4301,Porto Alegre - RS,N7,7660,Saúde e cuidados pessoais,6,0.84,0.84,6.65,13.0262
2020-09-01,2020,9,1501,Belém - PA,N7,7486,Artigos de residência,3,1.25,-1.01,,3.8027
2024-04-01,2024,4,2901,Salvador - BA,N7,7766,Educação,8,0.11,6.63,8.0,6.1343
2025-05-01,2025,5,3101,Belo Horizonte - MG,N7,7445,Habitação,2,1.51,3.5,6.76,12.9874
2023-12-01,2023,12,3301,Rio de Janeiro - RJ,N7,7445,Habitação,2,0.64,4.82,4.82,18.4762
2024-08-01,2024,8,3301,Rio de Janeiro - RJ,N7,7660,Saúde e cuidados pessoais,6,0.2,5.14,6.4,13.6167
2024-06-01,2024,6,4301,Porto Alegre - RS,N7,7486,Artigos de residência,3,0.55,-1.91,-1.99,4.0972
2022-10-01,2022,10,3101,Belo Horizonte - MG,N7,7660,Saúde e cuidados pessoais,6,1.01,10.13,10.13,14.1764
2022-04-01,2022,4,4301,Porto Alegre - RS,N7,7660,Saúde e cuidados pessoais,6,2.32,3.46,4.79,11.9816
2020-09-01,2020,9,3301,Rio de Janeiro - RJ,N7,7445,Habitação,2,-0.1,1.1,,18.6137
2020-07-01,2020,7,4301,Porto Alegre - RS,N7,7786,Comunicação,9,0.19,1.2,,6.3987
2020-01-01,2020,1,2301,Fortaleza - CE,N7,7712,Despesas pessoais,7,0.66,0.66,,8.3649
2026-04-01,2026,4,4101,Curitiba - PR,N7,7558,Vestuário,4,0.99,2.01,4.04,5.0149
2020-05-01,2020,5,3101,Belo Horizonte - MG,N7,7712,Despesas pessoais,7,-0.33,-0.15,,11.1724
2024-03-01,2024,3,3501,São Paulo - SP,N7,7786,Comunicação,9,-0.12,1.56,0.85,4.8545
2025-10-01,2025,10,3201,Grande Vitória - ES,N7,7712,Despesas pessoais,7,0.84,4.91,6.94,8.7121
2024-04-01,2024,4,3101,Belo Horizonte - MG,N7,7712,Despesas pessoais,7,0.1,1.82,6.04,10.5845
2023-03-01,2023,3,4101,Curitiba - PR,N7,7170,Alimentação e bebidas,1,0.39,0.7,6.73,21.5434
2024-06-01,2024,6,4101,Curitiba - PR,N7,7766,Educação,8,0.06,5.17,6.09,5.4927
2020-12-01,2020,12,3501,São Paulo - SP,N7,7786,Comunicação,9,0.3,3.02,3.02,5.6781
2021-04-01,2021,4,2601,Recife - PE,N7,7766,Educação,8,-0.08,2.8,2.93,6.0093
2025-08-01,2025,8,2301,Fortaleza - CE,N7,7486,Artigos de residência,3,0.07,1.44,2.88,3.8287
2025-05-01,2025,5,1501,Belém - PA,N7,7786,Comunicação,9,0.67,1.38,1.89,4.079
2021-07-01,2021,7,4101,Curitiba - PR,N7,7170,Alimentação e bebidas,1,2.16,5.63,15.79,20.9325
2023-11-01,2023,11,3101,Belo Horizonte - MG,N7,7170,Alimentação e bebidas,1,1.04,-1.14,0.09,21.5694
2025-09-01,2025,9,2901,Salvador - BA,N7,7486,Artigos de residência,3,-0.61,-2.53,-1.84,3.648
2022-05-01,2022,5,2301,Fortaleza - CE,N7,7486,Artigos de residência,3,0.2,5.83,12.07,4.1129
2020-08-01,2020,8,4301,Porto Alegre - RS,N7,7558,Vestuário,4,0.08,-2.41,,4.8173
2025-07-01,2025,7,2601,Recife - PE,N7,7558,Vestuário,4,-0.37,0.5,2.87,5.7471
2022-10-01,2022,10,3301,Rio de Janeiro - RJ,N7,7486,Artigos de residência,3,-0.47,8.5,10.15,3.2168
2025-11-01,2025,11,3501,São Paulo - SP,N7,7766,Educação,8,0.01,6.54,6.71,6.9829
2024-09-01,2024,9,1501,Belém - PA,N7,7766,Educação,8,0.14,7.32,7.83,3.75
2024-03-01,2024,3,4301,Porto Alegre - RS,N7,7712,Despesas pessoais,7,0.45,1.44,5.6,10.4644
2025-01-01,2025,1,3201,Grande Vitória - ES,N7,7558,Vestuário,4,0.2,0.2,2.78,3.9409
2023-03-01,2023,3,3501,São Paulo - SP,N7,7486,Artigos de residência,3,-0.39,0.8,4.67,3.7316
2024-01-01,2024,1,4101,Curitiba - PR,N7,7170,Alimentação e bebidas,1,1.5,1.5,2.67,21.032
2022-07-01,2022,7,3101,Belo Horizonte - MG,N7,7558,Vestuário,4,0.03,10.71,15.75,4.8133
2024-08-01,2024,8,3501,São Paulo - SP,N7,7766,Educação,8,0.92,7.1,7.52,6.9001
2025-09-01,2025,9,2901,Salvador - BA,N7,7170,Alimentação e bebidas,1,-0.56,2.49,6.06,22.6766
2026-01-01,2026,1,3501,São Paulo - SP,N7,7660,Saúde e cuidados pessoais,6,0.59,0.59,5.55,13.2501
2025-04-01,2025,4,3301,Rio de Janeiro - RJ,N7,7486,Artigos de residência,3,0.44,0.81,0.39,2.8327
2022-08-01,2022,8,2601,Recife - PE,N7,7486,Artigos de residência,3,0.47,7.88,13.82,4.285
2024-10-01,2024,10,3201,Grande Vitória - ES,N7,7766,Educação,8,-0.01,6.48,6.8,5.5022
2022-02-01,2022,2,3101,Belo Horizonte - MG,N7,7660,Saúde e cuidados pessoais,6,0.37,0.75,3.99,13.3078
2023-09-01,2023,9,3101,Belo Horizonte - MG,N7,7786,Comunicação,9,-0.17,3.85,3.44,5.2521
2024-10-01,2024,10,2601,Recife - PE,N7,7766,Educação,8,0.01,5.28,5.36,6.1195
2020-01-01,2020,1,4301,Porto Alegre - RS,N7,7625,Transportes,5,0.26,0.26,,21.0649
2020-02-01,2020,2,2601,Recife - PE,N7,7445,Habitação,2,-0.76,-0.05,,14.1492
2023-12-01,2023,12,2301,Fortaleza - CE,N7,7625,Transportes,5,2.44,10.63,10.63,19.1918
2025-01-01,2025,1,2601,Recife - PE,N7,7766,Educação,8,0.24,0.24,5.34,6.0492
2026-01-01,2026,1,3101,Belo Horizonte - MG,N7,7445,Habitação,2,0.24,0.24,10.07,13.5175
2020-07-01,2020,7,1501,Belém - PA,N7,7486,Artigos de residência,3,-0.14,-2.72,,3.8155
2023-12-01,2023,12,2601,Recife - PE,N7,7486,Artigos de residência,3,0.52,-1.23,-1.23,4.0949
2024-03-01,2024,3,4101,Curitiba - PR,N7,7625,Transportes,5,-0.39,0.64,2.32,26.0867
2025-06-01,2025,6,1501,Belém - PA,N7,7625,Transportes,5,0.65,1.17,4.28,18.1796
2025-07-01,2025,7,2301,Fortaleza - CE,N7,7558,Vestuário,4,-0.01,-0.18,1.48,4.6554
2021-05-01,2021,5,2901,Salvador - BA,N7,7625,Transportes,5,2.71,7.67,16.18,18.5246
2022-01-01,2022,1,2601,Recife - PE,N7,7712,Despesas pessoais,7,0.4,0.4,5.62,8.4514
2024-05-01,2024,5,2901,Salvador - BA,N7,7445,Habitação,2,1.31,-0.17,0.86,14.0693
2026-03-01,2026,3,1501,Belém - PA,N7,7486,Artigos de residência,3,0.52,1.19,-0.29,3.5782
2020-09-01,2020,9,3301,Rio de Janeiro - RJ,N7,7558,Vestuário,4,-0.04,-3.21,,3.4869
2023-06-01,2023,6,2601,Recife - PE,N7,7558,Vestuário,4,0.7,1.53,8.78,6.0142
2020-09-01,2020,9,4101,Curitiba - PR,N7,7169,Índice geral,0,0.71,0.62,,100.0
2024-02-01,2024,2,4301,Porto Alegre - RS,N7,7486,Artigos de residência,3,0.36,-0.42,-2.16,4.2475
2022-08-01,2022,8,3501,São Paulo - SP,N7,7486,Artigos de residência,3,0.42,8.02,12.64,3.7369
2024-06-01,2024,6,2601,Recife - PE,N7,7712,Despesas pessoais,7,0.04,1.09,3.72,8.3693
2025-04-01,2025,4,2601,Recife - PE,N7,7786,Comunicação,9,0.54,0.52,0.78,3.9059
2023-03-01,2023,3,3201,Grande Vitória - ES,N7,7786,Comunicação,9,0.49,3.26,0.49,5.3082
2023-08-01,2023,8,2901,Salvador - BA,N7,7558,Vestuário,4,0.82,1.46,6.98,5.3538
2022-07-01,2022,7,3301,Rio de Janeiro - RJ,N7,7660,Saúde e cuidados pessoais,6,0.49,6.41,7.16,12.4221
2025-05-01,2025,5,2301,Fortaleza - CE,N7,7169,Índice geral,0,0.57,2.67,5.37,100.0
2021-06-01,2021,6,4101,Curitiba - PR,N7,7169,Índice geral,0,0.61,4.77,9.64,100.0
2024-04-01,2024,4,2301,Fortaleza - CE,N7,7625,Transportes,5,-1.54,-2.16,1.39,19.0312
2025-10-01,2025,10,3301,Rio de Janeiro - RJ,N7,7766,Educação,8,0.02,6.31,6.44,5.5829
2025-11-01,2025,11,2301,Fortaleza - CE,N7,7486,Artigos de residência,3,-0.74,0.25,1.22,3.8037
2023-07-01,2023,7,2301,Fortaleza - CE,N7,7712,Despesas pessoais,7,0.24,2.57,3.78,7.5209
2022-06-01,2022,6,3301,Rio de Janeiro - RJ,N7,7486,Artigos de residência,3,0.93,8.13,14.02,3.1563
2020-11-01,2020,11,2601,Recife - PE,N7,7660,Saúde e cuidados pessoais,6,0.03,1.23,,14.7174
2022-07-01,2022,7,2901,Salvador - BA,N7,7660,Saúde e cuidados pessoais,6,0.74,4.88,6.78,13.9673
2023-07-01,2023,7,3101,Belo Horizonte - MG,N7,7170,Alimentação e bebidas,1,-0.48,-1.44,1.73,21.9323
2020-08-01,2020,8,4101,Curitiba - PR,N7,7558,Vestuário,4,-0.43,-0.1,,4.9203
2023-01-01,2023,1,3501,São Paulo - SP,N7,7486,Artigos de residência,3,1.1,1.1,7.74,3.747
2022-06-01,2022,6,2601,Recife - PE,N7,7625,Transportes,5,2.14,9.04,22.15,20.6365
2022-09-01,2022,9,3201,Grande Vitória - ES,N7,7766,Educação,8,0.07,5.35,5.37,5.2411
2020-09-01,2020,9,2301,Fortaleza - CE,N7,7445,Habitação,2,0.61,2.64,,16.7178
2023-02-01,2023,2,2601,Recife - PE,N7,7625,Transportes,5,1.07,0.23,-1.19,18.7573
2021-08-01,2021,8,3101,Belo Horizonte - MG,N7,7786,Comunicação,9,-0.26,-0.35,1.63,5.6644
2024-09-01,2024,9,3301,Rio de Janeiro - RJ,N7,7712,Despesas pessoais,7,-0.12,1.64,3.3,9.3172
2021-03-01,2021,3,2301,Fortaleza - CE,N7,7712,Despesas pessoais,7,0.21,0.97,2.2,8.0172
2021-11-01,2021,11,4101,Curitiba - PR,N7,7169,Índice geral,0,1.07,12.16,13.71,100.0
2020-01-01,2020,1,3301,Rio de Janeiro - RJ,N7,7445,Habitação,2,0.22,0.22,,18.487
2020-12-01,2020,12,3301,Rio de Janeiro - RJ,N7,7766,Educação,8,3.11,2.84,2.84,5.3212
2021-02-01,2021,2,3201,Grande Vitória - ES,N7,7660,Saúde e cuidados pessoais,6,0.8,1.45,2.58,15.767
2024-02-01,2024,2,4301,Porto Alegre - RS,N7,7660,Saúde e cuidados pessoais,6,0.11,0.95,5.27,13.1193
2020-11-01,2020,11,3501,São Paulo - SP,N7,7169,Índice geral,0,1.04,3.27,,100.0
2022-04-01,2022,4,4101,Curitiba - PR,N7,7625,Transportes,5,1.53,9.69,24.46,27.3947
2022-11-01,2022,11,4101,Curitiba - PR,N7,7486,Artigos de residência,3,-1.07,5.38,7.26,4.238
2024-01-01,2024,1,3101,Belo Horizonte - MG,N7,7170,Alimentação e bebidas,1,2.73,2.73,2.54,21.9674
2025-02-01,2025,2,2301,Fortaleza - CE,N7,7558,Vestuário,4,-0.54,-0.91,2.07,4.7826
2023-04-01,2023,4,3101,Belo Horizonte - MG,N7,7766,Educação,8,0.19,6.15,7.33,5.4568
2025-03-01,2025,3,2601,Recife - PE,N7,7558,Vestuário,4,-0.57,-0.43,2.24,5.7895
2025-11-01,2025,11,4101,Curitiba - PR,N7,7660,Saúde e cuidados pessoais,6,0.0,4.7,5.79,10.82
2020-08-01,2020,8,4101,Curitiba - PR,N7,7786,Comunicação,9,-0.19,1.76,,5.2681
2020-12-01,2020,12,3301,Rio de Janeiro - RJ,N7,7786,Comunicação,9,0.43,4.8,4.8,7.3374
2022-08-01,2022,8,2601,Recife - PE,N7,7625,Transportes,5,-5.78,-0.72,8.49,20.227
2023-11-01,2023,11,3101,Belo Horizonte - MG,N7,7558,Vestuário,4,-0.04,4.34,5.99,5.2081
2025-06-01,2025,6,2301,Fortaleza - CE,N7,7558,Vestuário,4,0.52,-0.17,1.3,4.6487
2022-11-01,2022,11,3501,São Paulo - SP,N7,7786,Comunicação,9,0.01,-0.64,-0.38,4.9098
2022-12-01,2022,12,4101,Curitiba - PR,N7,7445,Habitação,2,0.23,-7.13,-7.13,13.8572
2023-09-01,2023,9,3301,Rio de Janeiro - RJ,N7,7558,Vestuário,4,-0.39,0.67,4.53,3.8679
2026-04-01,2026,4,2301,Fortaleza - CE,N7,7445,Habitação,2,0.82,1.0,6.39,16.2141
2020-08-01,2020,8,3301,Rio de Janeiro - RJ,N7,7766,Educação,8,-4.54,-0.28,,5.6726
2025-09-01,2025,9,2901,Salvador - BA,N7,7169,Índice geral,0,0.17,3.12,4.83,100.0
2022-03-01,2022,3,1501,Belém - PA,N7,7558,Vestuário,4,1.15,3.02,11.63,5.9874
2024-06-01,2024,6,4101,Curitiba - PR,N7,7486,Artigos de residência,3,-0.5,-1.84,-2.03,3.9139
2025-11-01,2025,11,4301,Porto Alegre - RS,N7,7486,Artigos de residência,3,-0.5,-1.2,-0.32,4.0235
2020-11-01,2020,11,3501,São Paulo - SP,N7,7558,Vestuário,4,0.73,-1.47,,3.7583
2022-02-01,2022,2,3201,Grande Vitória - ES,N7,7712,Despesas pessoais,7,0.61,1.74,5.64,8.4546
2024-03-01,2024,3,1501,Belém - PA,N7,7445,Habitação,2,-0.14,0.41,6.45,15.9357
2026-05-01,2026,5,3201,Grande Vitória - ES,N7,7445,Habitação,2,0.46,1.13,7.54,15.632
2020-11-01,2020,11,4101,Curitiba - PR,N7,7712,Despesas pessoais,7,0.39,-0.24,,9.8186
2023-07-01,2023,7,3201,Grande Vitória - ES,N7,7766,Educação,8,0.43,7.56,8.42,5.3793
2021-03-01,2021,3,1501,Belém - PA,N7,7786,Comunicação,9,-0.6,-0.66,1.16,4.8869
2023-05-01,2023,5,3301,Rio de Janeiro - RJ,N7,7786,Comunicação,9,0.12,4.22,0.25,6.3627
2024-05-01,2024,5,4101,Curitiba - PR,N7,7786,Comunicação,9,0.52,2.53,2.25,4.2358
2024-03-01,2024,3,1501,Belém - PA,N7,7786,Comunicação,9,0.03,1.18,0.0,4.1975
2022-09-01,2022,9,3301,Rio de Janeiro - RJ,N7,7170,Alimentação e bebidas,1,-0.36,7.98,10.52,20.9885
2021-08-01,2021,8,2301,Fortaleza - CE,N7,7486,Artigos de residência,3,0.82,6.86,11.03,4.0366
2020-08-01,2020,8,2301,Fortaleza - CE,N7,7712,Despesas pessoais,7,-0.02,1.17,,8.335
2022-05-01,2022,5,2901,Salvador - BA,N7,7625,Transportes,5,2.93,6.22,20.81,19.8009
2021-10-01,2021,10,2301,Fortaleza - CE,N7,7169,Índice geral,0,0.96,8.87,11.34,100.0
2025-10-01,2025,10,2901,Salvador - BA,N7,7170,Alimentação e bebidas,1,-0.47,2.01,5.05,22.5127
2023-02-01,2023,2,1501,Belém - PA,N7,7558,Vestuário,4,-0.38,-0.06,13.44,6.5379
2021-02-01,2021,2,2301,Fortaleza - CE,N7,7712,Despesas pessoais,7,0.0,0.76,2.11,8.1359
2022-07-01,2022,7,3101,Belo Horizonte - MG,N7,7766,Educação,8,0.06,7.2,8.1,5.1687
2023-11-01,2023,11,4301,Porto Alegre - RS,N7,7170,Alimentação e bebidas,1,0.75,-0.62,-1.08,21.0385
2024-10-01,2024,10,3101,Belo Horizonte - MG,N7,7660,Saúde e cuidados pessoais,6,0.38,5.61,6.22,14.5664
2020-11-01,2020,11,2901,Salvador - BA,N7,7169,Índice geral,0,1.17,3.36,,100.0
2022-11-01,2022,11,2901,Salvador - BA,N7,7169,Índice geral,0,0.26,5.88,6.97,100.0
2020-05-01,2020,5,1501,Belém - PA,N7,7786,Comunicação,9,0.26,-0.56,,5.0625
2021-09-01,2021,9,3301,Rio de Janeiro - RJ,N7,7786,Comunicação,9,0.39,0.38,1.23,6.947
2020-11-01,2020,11,4101,Curitiba - PR,N7,7170,Alimentação e bebidas,1,2.07,11.23,,20.9093
2022-11-01,2022,11,3201,Grande Vitória - ES,N7,7169,Índice geral,0,0.09,4.35,5.12,100.0
2022-11-01,2022,11,3301,Rio de Janeiro - RJ,N7,7170,Alimentação e bebidas,1,0.66,9.06,10.16,20.922
2025-05-01,2025,5,2901,Salvador - BA,N7,7486,Artigos de residência,3,-0.31,0.41,2.1,3.7688
2020-06-01,2020,6,2301,Fortaleza - CE,N7,7558,Vestuário,4,-0.28,-1.72,,4.4742
2020-06-01,2020,6,3201,Grande Vitória - ES,N7,7558,Vestuário,4,-0.82,-3.5,,3.9063
2025-02-01,2025,2,3201,Grande Vitória - ES,N7,7625,Transportes,5,0.81,2.9,6.11,24.1719
2022-11-01,2022,11,2901,Salvador - BA,N7,7486,Artigos de residência,3,-0.46,4.94,6.99,4.2553
2022-03-01,2022,3,4101,Curitiba - PR,N7,7766,Educação,8,0.23,5.19,8.52,5.3445
2025-09-01,2025,9,3201,Grande Vitória - ES,N7,7625,Transportes,5,0.28,2.04,3.65,23.3496
2022-12-01,2022,12,2601,Recife - PE,N7,7766,Educação,8,0.35,7.41,7.41,5.6986
2021-07-01,2021,7,3201,Grande Vitória - ES,N7,7625,Transportes,5,1.78,12.02,16.74,23.6277
2025-07-01,2025,7,4101,Curitiba - PR,N7,7169,Índice geral,0,0.33,3.41,5.15,100.0
2026-04-01,2026,4,4301,Porto Alegre - RS,N7,7170,Alimentação e bebidas,1,1.59,2.99,1.97,20.9267
2020-09-01,2020,9,2601,Recife - PE,N7,7445,Habitação,2,0.39,3.49,,14.2442
2022-09-01,2022,9,2301,Fortaleza - CE,N7,7445,Habitação,2,-0.09,1.18,3.8,16.565
2020-12-01,2020,12,2301,Fortaleza - CE,N7,7766,Educação,8,3.75,1.05,1.05,6.1043
2023-01-01,2023,1,3301,Rio de Janeiro - RJ,N7,7486,Artigos de residência,3,1.3,1.3,7.99,3.1292
2025-03-01,2025,3,2901,Salvador - BA,N7,7660,Saúde e cuidados pessoais,6,-0.06,1.15,4.98,15.2442
2024-11-01,2024,11,4101,Curitiba - PR,N7,7712,Despesas pessoais,7,0.8,4.22,4.62,9.3091
2025-06-01,2025,6,3301,Rio de Janeiro - RJ,N7,7558,Vestuário,4,1.24,3.16,4.68,3.7312
2023-04-01,2023,4,3201,Grande Vitória - ES,N7,7486,Artigos de residência,3,-1.0,0.69,1.03,3.8281
2026-03-01,2026,3,3201,Grande Vitória - ES,N7,7712,Despesas pessoais,7,0.18,1.55,6.73,8.899
2024-10-01,2024,10,2901,Salvador - BA,N7,7766,Educação,8,0.05,7.5,7.9,6.0862
2021-07-01,2021,7,3101,Belo Horizonte - MG,N7,7169,Índice geral,0,0.71,4.61,9.43,100.0
2022-01-01,2022,1,3301,Rio de Janeiro - RJ,N7,7660,Saúde e cuidados pessoais,6,-0.19,-0.19,2.19,12.4427
2020-07-01,2020,7,4101,Curitiba - PR,N7,7445,Habitação,2,-0.7,-0.97,,15.0914
2025-02-01,2025,2,3101,Belo Horizonte - MG,N7,7558,Vestuário,4,0.13,0.08,3.75,5.0623
2021-02-01,2021,2,3101,Belo Horizonte - MG,N7,7660,Saúde e cuidados pessoais,6,0.78,0.93,2.48,14.031
2021-04-01,2021,4,3101,Belo Horizonte - MG,N7,7786,Comunicação,9,0.01,-0.34,3.91,5.7803
2023-01-01,2023,1,2901,Salvador - BA,N7,7625,Transportes,5,2.28,2.28,-0.76,18.3145
2021-05-01,2021,5,3201,Grande Vitória - ES,N7,7660,Saúde e cuidados pessoais,6,0.94,4.06,4.8,15.7586
2024-10-01,2024,10,2301,Fortaleza - CE,N7,7766,Educação,8,0.03,7.72,7.86,6.7271
2023-08-01,2023,8,2601,Recife - PE,N7,7445,Habitação,2,0.72,3.35,7.04,13.688
2021-11-01,2021,11,3101,Belo Horizonte - MG,N7,7169,Índice geral,0,0.92,8.77,10.43,100.0
2026-05-01,2026,5,2601,Recife - PE,N7,7486,Artigos de residência,3,0.18,0.64,0.56,3.6174
2023-06-01,2023,6,2901,Salvador - BA,N7,7712,Despesas pessoais,7,0.12,2.27,5.31,9.7999
2023-03-01,2023,3,2601,Recife - PE,N7,7445,Habitação,2,0.03,0.11,-2.07,13.6012
2024-03-01,2024,3,2301,Fortaleza - CE,N7,7660,Saúde e cuidados pessoais,6,0.08,2.17,6.64,13.3911
2025-09-01,2025,9,3201,Grande Vitória - ES,N7,7445,Habitação,2,4.13,10.99,9.73,15.7197
2024-08-01,2024,8,2301,Fortaleza - CE,N7,7660,Saúde e cuidados pessoais,6,0.02,5.16,5.51,13.5955
2020-02-01,2020,2,4301,Porto Alegre - RS,N7,7660,Saúde e cuidados pessoais,6,0.57,0.14,,13.2912
2022-07-01,2022,7,3101,Belo Horizonte - MG,N7,7712,Despesas pessoais,7,1.0,5.63,8.81,10.152
2025-04-01,2025,4,3301,Rio de Janeiro - RJ,N7,7558,Vestuário,4,0.93,1.34,3.89,3.6898
2026-01-01,2026,1,4101,Curitiba - PR,N7,7486,Artigos de residência,3,-0.34,-0.34,1.91,3.8624
2021-04-01,2021,4,1501,Belém - PA,N7,7712,Despesas pessoais,7,0.36,0.3,1.6,7.7451
2022-06-01,2022,6,2301,Fortaleza - CE,N7,7558,Vestuário,4,1.96,5.66,13.05,4.4283
2025-08-01,2025,8,4301,Porto Alegre - RS,N7,7169,Índice geral,0,-0.4,3.18,4.29,100.0
2025-06-01,2025,6,1501,Belém - PA,N7,7169,Índice geral,0,0.16,3.39,5.52,100.0
2020-07-01,2020,7,2901,Salvador - BA,N7,7169,Índice geral,0,0.62,1.34,,100.0
2023-09-01,2023,9,3301,Rio de Janeiro - RJ,N7,7169,Índice geral,0,0.18,2.65,3.77,100.0
2020-08-01,2020,8,2301,Fortaleza - CE,N7,7558,Vestuário,4,0.15,-2.14,,4.3961
2023-09-01,2023,9,4301,Porto Alegre - RS,N7,7712,Despesas pessoais,7,0.37,3.9,5.66,10.3679
2021-03-01,2021,3,3201,Grande Vitória - ES,N7,7558,Vestuário,4,-0.54,0.41,2.07,3.7654
2021-11-01,2021,11,3501,São Paulo - SP,N7,7660,Saúde e cuidados pessoais,6,-0.16,2.73,3.06,12.3085
2024-09-01,2024,9,3501,São Paulo - SP,N7,7712,Despesas pessoais,7,-0.81,1.43,2.57,11.0336
2020-02-01,2020,2,3501,São Paulo - SP,N7,7660,Saúde e cuidados pessoais,6,0.58,0.47,,13.159
2022-03-01,2022,3,3501,São Paulo - SP,N7,7170,Alimentação e bebidas,1,2.59,4.7,11.65,19.7043
2020-04-01,2020,4,2301,Fortaleza - CE,N7,7712,Despesas pessoais,7,-0.07,1.14,,8.3583
2022-05-01,2022,5,2301,Fortaleza - CE,N7,7786,Comunicação,9,1.3,2.29,2.89,4.1022
2022-11-01,2022,11,4301,Porto Alegre - RS,N7,7558,Vestuário,4,0.37,13.34,15.29,5.0817
2023-06-01,2023,6,4301,Porto Alegre - RS,N7,7786,Comunicação,9,0.06,3.73,0.95,5.5667
2021-08-01,2021,8,4101,Curitiba - PR,N7,7712,Despesas pessoais,7,0.83,2.05,3.27,9.2125
2024-05-01,2024,5,4301,Porto Alegre - RS,N7,7558,Vestuário,4,0.53,1.48,2.98,5.0785
2024-02-01,2024,2,3201,Grande Vitória - ES,N7,7169,Índice geral,0,0.7,1.07,4.3,100.0
2023-11-01,2023,11,3101,Belo Horizonte - MG,N7,7625,Transportes,5,0.08,6.94,7.08,20.193
2024-10-01,2024,10,3101,Belo Horizonte - MG,N7,7445,Habitação,2,1.36,8.0,8.19,13.3519
2020-07-01,2020,7,1501,Belém - PA,N7,7169,Índice geral,0,0.72,0.46,,100.0
2023-07-01,2023,7,2601,Recife - PE,N7,7660,Saúde e cuidados pessoais,6,0.18,4.73,10.25,14.7558
2026-01-01,2026,1,3501,São Paulo - SP,N7,7445,Habitação,2,0.04,0.04,10.22,16.4367
2022-07-01,2022,7,2901,Salvador - BA,N7,7625,Transportes,5,-5.26,4.64,15.35,20.663
2021-08-01,2021,8,4301,Porto Alegre - RS,N7,7786,Comunicação,9,0.35,1.51,2.73,6.0015
2024-11-01,2024,11,4301,Porto Alegre - RS,N7,7558,Vestuário,4,-0.38,0.84,1.26,5.001
2021-09-01,2021,9,3501,São Paulo - SP,N7,7766,Educação,8,-0.03,1.56,1.71,6.6544
2023-01-01,2023,1,2301,Fortaleza - CE,N7,7558,Vestuário,4,-0.19,-0.19,15.16,4.989
2021-07-01,2021,7,3101,Belo Horizonte - MG,N7,7712,Despesas pessoais,7,0.35,1.6,2.52,10.4597
2025-01-01,2025,1,2901,Salvador - BA,N7,7486,Artigos de residência,3,-0.06,-0.06,0.48,3.8294
2021-10-01,2021,10,4301,Porto Alegre - RS,N7,7170,Alimentação e bebidas,1,0.01,6.27,11.62,20.9082
2020-05-01,2020,5,3101,Belo Horizonte - MG,N7,7170,Alimentação e bebidas,1,0.02,3.64,,20.1694
2025-03-01,2025,3,3101,Belo Horizonte - MG,N7,7169,Índice geral,0,0.41,2.16,6.07,100.0
2021-06-01,2021,6,4101,Curitiba - PR,N7,7486,Artigos de residência,3,1.1,5.61,14.5,4.1372
2024-04-01,2024,4,4301,Porto Alegre - RS,N7,7558,Vestuário,4,1.23,0.95,3.43,5.0492
2020-01-01,2020,1,3101,Belo Horizonte - MG,N7,7170,Alimentação e bebidas,1,0.6,0.6,,19.5672
2025-03-01,2025,3,4301,Porto Alegre - RS,N7,7625,Transportes,5,1.02,2.25,7.2,21.1349
2024-06-01,2024,6,3501,São Paulo - SP,N7,7625,Transportes,5,-0.36,-0.62,4.4,19.7171
2021-02-01,2021,2,2301,Fortaleza - CE,N7,7625,Transportes,5,2.09,2.33,2.63,18.2927
2022-10-01,2022,10,3301,Rio de Janeiro - RJ,N7,7712,Despesas pessoais,7,0.33,7.54,8.29,9.2572
2022-05-01,2022,5,3201,Grande Vitória - ES,N7,7660,Saúde e cuidados pessoais,6,0.89,3.41,3.95,14.5751
2022-04-01,2022,4,2601,Recife - PE,N7,7170,Alimentação e bebidas,1,2.05,5.47,12.84,23.2021
2023-03-01,2023,3,2601,Recife - PE,N7,7625,Transportes,5,2.62,2.86,-2.33,18.7714
2025-04-01,2025,4,4101,Curitiba - PR,N7,7445,Habitação,2,0.12,0.36,3.28,13.936
2024-08-01,2024,8,3301,Rio de Janeiro - RJ,N7,7445,Habitação,2,-0.56,2.05,4.99,18.4978
2023-12-01,2023,12,1501,Belém - PA,N7,7766,Educação,8,0.08,8.87,8.87,3.6126
2025-05-01,2025,5,1501,Belém - PA,N7,7445,Habitação,2,2.22,4.1,4.72,15.4088
2025-11-01,2025,11,2601,Recife - PE,N7,7445,Habitação,2,0.15,6.76,5.79,13.8966
2023-04-01,2023,4,4301,Porto Alegre - RS,N7,7712,Despesas pessoais,7,0.76,1.79,6.96,10.2524
2022-05-01,2022,5,1501,Belém - PA,N7,7786,Comunicação,9,1.42,1.92,4.07,4.4748
2020-07-01,2020,7,1501,Belém - PA,N7,7558,Vestuário,4,-0.68,-1.32,,6.347
2022-01-01,2022,1,3301,Rio de Janeiro - RJ,N7,7766,Educação,8,0.71,0.71,3.1,5.0961
2025-12-01,2025,12,2301,Fortaleza - CE,N7,7712,Despesas pessoais,7,0.12,6.6,6.6,7.7318
2023-02-01,2023,2,2301,Fortaleza - CE,N7,7786,Comunicação,9,0.0,2.01,-1.65,3.949
2024-06-01,2024,6,2901,Salvador - BA,N7,7558,Vestuário,4,0.26,-0.1,2.16,5.2509
2021-12-01,2021,12,2601,Recife - PE,N7,7558,Vestuário,4,3.14,8.86,8.86,5.4669
2021-08-01,2021,8,3201,Grande Vitória - ES,N7,7625,Transportes,5,1.21,13.37,18.06,23.8382
2023-04-01,2023,4,4101,Curitiba - PR,N7,7445,Habitação,2,0.8,4.52,-1.29,14.0031
2021-04-01,2021,4,3201,Grande Vitória - ES,N7,7625,Transportes,5,0.63,8.54,12.0,23.5524
2020-01-01,2020,1,2901,Salvador - BA,N7,7445,Habitação,2,1.01,1.01,,13.8317
2026-03-01,2026,3,2601,Recife - PE,N7,7170,Alimentação e bebidas,1,1.43,2.0,3.21,23.7177
2026-01-01,2026,1,3101,Belo Horizonte - MG,N7,7558,Vestuário,4,-0.48,-0.48,4.16,5.1173
2020-01-01,2020,1,3101,Belo Horizonte - MG,N7,7660,Saúde e cuidados pessoais,6,-0.15,-0.15,,14.4693
2023-08-01,2023,8,3101,Belo Horizonte - MG,N7,7445,Habitação,2,0.67,8.47,9.01,13.1968
2022-02-01,2022,2,3501,São Paulo - SP,N7,7766,Educação,8,5.71,5.97,4.98,6.3867
2023-07-01,2023,7,3301,Rio de Janeiro - RJ,N7,7169,Índice geral,0,0.03,2.51,3.52,100.0
2021-11-01,2021,11,4301,Porto Alegre - RS,N7,7486,Artigos de residência,3,0.92,10.45,12.81,4.2948
2024-02-01,2024,2,3501,São Paulo - SP,N7,7558,Vestuário,4,-0.43,0.01,2.75,4.1647
2024-07-01,2024,7,3101,Belo Horizonte - MG,N7,7625,Transportes,5,2.1,4.65,7.73,19.9141
2024-01-01,2024,1,2301,Fortaleza - CE,N7,7558,Vestuário,4,-0.61,-0.61,3.82,4.9596
2022-06-01,2022,6,2601,Recife - PE,N7,7558,Vestuário,4,1.85,7.91,15.85,5.6485
2025-12-01,2025,12,3301,Rio de Janeiro - RJ,N7,7558,Vestuário,4,1.01,5.28,5.28,3.7965
2021-09-01,2021,9,2301,Fortaleza - CE,N7,7712,Despesas pessoais,7,0.46,2.76,4.07,7.7808
2025-10-01,2025,10,2901,Salvador - BA,N7,7766,Educação,8,0.07,6.11,6.24,6.1664
2025-07-01,2025,7,3101,Belo Horizonte - MG,N7,7786,Comunicação,9,-0.18,1.58,2.25,4.9302
2022-11-01,2022,11,2601,Recife - PE,N7,7445,Habitação,2,0.5,-1.29,-0.35,13.8553
2025-10-01,2025,10,3101,Belo Horizonte - MG,N7,7766,Educação,8,0.16,5.7,5.74,5.5017
2025-09-01,2025,9,3101,Belo Horizonte - MG,N7,7786,Comunicação,9,-0.26,1.08,1.63,4.9113
2023-06-01,2023,6,2601,Recife - PE,N7,7445,Habitação,2,0.58,3.28,0.37,13.7904
2020-08-01,2020,8,2601,Recife - PE,N7,7445,Habitação,2,1.02,3.09,,14.1658
2026-06-01,2026,6,2601,Recife - PE,N7,7766,Educação,8,0.06,3.96,4.55,6.1284
2020-03-01,2020,3,4301,Porto Alegre - RS,N7,7712,Despesas pessoais,7,-0.36,-0.05,,10.9722
2025-10-01,2025,10,3301,Rio de Janeiro - RJ,N7,7445,Habitação,2,-1.13,3.54,2.04,18.641
2021-05-01,2021,5,2301,Fortaleza - CE,N7,7170,Alimentação e bebidas,1,1.16,3.8,14.35,24.0246
2021-12-01,2021,12,2901,Salvador - BA,N7,7558,Vestuário,4,3.12,12.19,12.19,4.674
2021-04-01,2021,4,4301,Porto Alegre - RS,N7,7712,Despesas pessoais,7,0.47,0.91,0.93,10.3348
2020-03-01,2020,3,3101,Belo Horizonte - MG,N7,7625,Transportes,5,-0.96,-0.36,,19.9219
2025-12-01,2025,12,4101,Curitiba - PR,N7,7625,Transportes,5,0.33,2.69,2.69,25.2162
2026-03-01,2026,3,2301,Fortaleza - CE,N7,7169,Índice geral,0,0.81,2.28,4.89,100.0
2021-07-01,2021,7,3301,Rio de Janeiro - RJ,N7,7712,Despesas pessoais,7,0.7,1.78,1.86,9.2433
2022-12-01,2022,12,2601,Recife - PE,N7,7786,Comunicação,9,0.65,-1.89,-1.89,4.1147
2021-06-01,2021,6,3201,Grande Vitória - ES,N7,7766,Educação,8,0.07,7.88,2.25,5.5008
2025-11-01,2025,11,4301,Porto Alegre - RS,N7,7170,Alimentação e bebidas,1,-0.59,3.55,4.19,21.2345
2023-04-01,2023,4,1501,Belém - PA,N7,7786,Comunicação,9,-0.39,3.9,0.52,4.372
2024-04-01,2024,4,3501,São Paulo - SP,N7,7445,Habitação,2,0.02,0.65,2.33,16.2503
2023-12-01,2023,12,4301,Porto Alegre - RS,N7,7170,Alimentação e bebidas,1,0.58,-0.05,-0.05,21.1234
2024-09-01,2024,9,3101,Belo Horizonte - MG,N7,7170,Alimentação e bebidas,1,0.95,3.87,7.51,21.7248
2025-09-01,2025,9,2901,Salvador - BA,N7,7660,Saúde e cuidados pessoais,6,-0.01,4.71,5.28,15.5918
2025-02-01,2025,2,2601,Recife - PE,N7,7712,Despesas pessoais,7,-0.85,0.08,3.85,8.5798
2020-03-01,2020,3,3101,Belo Horizonte - MG,N7,7660,Saúde e cuidados pessoais,6,0.21,0.66,,14.4342
2022-08-01,2022,8,2901,Salvador - BA,N7,7660,Saúde e cuidados pessoais,6,1.7,6.66,8.48,14.2206
2024-03-01,2024,3,3301,Rio de Janeiro - RJ,N7,7712,Despesas pessoais,7,0.31,0.98,4.47,9.3166
2025-01-01,2025,1,3201,Grande Vitória - ES,N7,7169,Índice geral,0,0.35,0.35,4.24,100.0
2022-12-01,2022,12,2301,Fortaleza - CE,N7,7660,Saúde e cuidados pessoais,6,2.08,11.71,11.71,13.0082
2023-12-01,2023,12,3101,Belo Horizonte - MG,N7,7169,Índice geral,0,0.8,5.05,5.05,100.0
2021-04-01,2021,4,3501,São Paulo - SP,N7,7169,Índice geral,0,0.14,1.97,6.15,100.0
2025-04-01,2025,4,2301,Fortaleza - CE,N7,7766,Educação,8,0.04,5.3,7.38,6.8874
2021-05-01,2021,5,3201,Grande Vitória - ES,N7,7625,Transportes,5,0.26,8.82,14.53,23.6108
2025-07-01,2025,7,3501,São Paulo - SP,N7,7445,Habitação,2,2.3,5.63,6.14,16.0581
2025-06-01,2025,6,3201,Grande Vitória - ES,N7,7445,Habitação,2,0.77,3.67,5.81,15.2609
2022-02-01,2022,2,3101,Belo Horizonte - MG,N7,7169,Índice geral,0,1.07,1.88,10.47,100.0
2020-11-01,2020,11,3101,Belo Horizonte - MG,N7,7625,Transportes,5,1.16,-0.74,,19.1003
2022-12-01,2022,12,4101,Curitiba - PR,N7,7486,Artigos de residência,3,0.98,6.42,6.42,4.1828
2026-05-01,2026,5,4301,Porto Alegre - RS,N7,7625,Transportes,5,-1.08,1.43,3.73,20.8673
2024-01-01,2024,1,2301,Fortaleza - CE,N7,7486,Artigos de residência,3,0.85,0.85,-1.48,3.9426
2025-05-01,2025,5,2301,Fortaleza - CE,N7,7625,Transportes,5,0.27,1.16,5.49,18.8708
2020-01-01,2020,1,4301,Porto Alegre - RS,N7,7558,Vestuário,4,-1.2,-1.2,,4.9344
2023-10-01,2023,10,2601,Recife - PE,N7,7712,Despesas pessoais,7,0.54,3.34,4.13,8.3515
2022-12-01,2022,12,2301,Fortaleza - CE,N7,7170,Alimentação e bebidas,1,0.75,9.76,9.76,24.8183
2020-04-01,2020,4,3301,Rio de Janeiro - RJ,N7,7786,Comunicação,9,-0.51,0.25,,7.2216
2023-10-01,2023,10,3201,Grande Vitória - ES,N7,7445,Habitação,2,-0.4,5.59,5.01,15.8212
2022-09-01,2022,9,2901,Salvador - BA,N7,7558,Vestuário,4,1.36,17.65,27.09,5.2586
2024-08-01,2024,8,4101,Curitiba - PR,N7,7486,Artigos de residência,3,1.4,0.04,-0.46,3.8926
2026-02-01,2026,2,4101,Curitiba - PR,N7,7766,Educação,8,5.5,5.47,6.9,5.5753
2020-07-01,2020,7,3301,Rio de Janeiro - RJ,N7,7170,Alimentação e bebidas,1,-0.49,2.78,,19.5651
2025-12-01,2025,12,2601,Recife - PE,N7,7170,Alimentação e bebidas,1,0.89,3.36,3.36,23.7437
2023-05-01,2023,5,4101,Curitiba - PR,N7,7712,Despesas pessoais,7,0.89,2.9,7.12,9.1585
2020-02-01,2020,2,2301,Fortaleza - CE,N7,7786,Comunicação,9,0.24,0.42,,4.7706
2020-06-01,2020,6,3101,Belo Horizonte - MG,N7,7170,Alimentação e bebidas,1,-0.39,3.24,,20.2952
2021-12-01,2021,12,2301,Fortaleza - CE,N7,7712,Despesas pessoais,7,0.43,4.14,4.14,7.6385
2022-06-01,2022,6,4301,Porto Alegre - RS,N7,7558,Vestuário,4,1.86,8.23,15.25,4.7577
2020-12-01,2020,12,3101,Belo Horizonte - MG,N7,7766,Educação,8,-0.45,0.03,0.03,5.4839
2024-01-01,2024,1,2301,Fortaleza - CE,N7,7625,Transportes,5,-0.47,-0.47,6.08,19.497
2025-01-01,2025,1,2601,Recife - PE,N7,7486,Artigos de residência,3,-0.23,-0.23,-1.57,3.8852
2024-06-01,2024,6,3201,Grande Vitória - ES,N7,7625,Transportes,5,-0.69,-0.99,3.17,23.5984
2025-07-01,2025,7,4101,Curitiba - PR,N7,7660,Saúde e cuidados pessoais,6,0.41,3.44,4.7,10.7136
2026-01-01,2026,1,1501,Belém - PA,N7,7712,Despesas pessoais,7,0.32,0.32,5.31,7.7918
2021-12-01,2021,12,3201,Grande Vitória - ES,N7,7625,Transportes,5,1.37,22.29,22.29,24.4063
2025-10-01,2025,10,4101,Curitiba - PR,N7,7445,Habitação,2,-0.87,4.7,3.56,14.473
2021-11-01,2021,11,3101,Belo Horizonte - MG,N7,7625,Transportes,5,3.67,22.65,24.58,21.0201
2024-07-01,2024,7,3501,São Paulo - SP,N7,7445,Habitação,2,0.57,2.31,3.81,16.2655
2021-10-01,2021,10,2601,Recife - PE,N7,7660,Saúde e cuidados pessoais,6,0.3,3.59,4.35,14.0356
2022-09-01,2022,9,3101,Belo Horizonte - MG,N7,7170,Alimentação e bebidas,1,-0.11,9.12,11.96,22.3597
2020-03-01,2020,3,1501,Belém - PA,N7,7169,Índice geral,0,-0.16,0.44,,100.0
2023-08-01,2023,8,2301,Fortaleza - CE,N7,7445,Habitação,2,0.77,1.32,2.71,16.2748
2023-05-01,2023,5,3101,Belo Horizonte - MG,N7,7766,Educação,8,0.07,6.22,7.23,5.4341
2024-07-01,2024,7,2301,Fortaleza - CE,N7,7660,Saúde e cuidados pessoais,6,0.37,5.14,6.59,13.6095
2021-10-01,2021,10,3301,Rio de Janeiro - RJ,N7,7558,Vestuário,4,1.5,6.86,8.07,3.4188
2025-11-01,2025,11,4301,Porto Alegre - RS,N7,7625,Transportes,5,0.21,1.95,3.02,20.6785
2021-05-01,2021,5,3301,Rio de Janeiro - RJ,N7,7558,Vestuário,4,0.27,0.46,1.09,3.3732
2024-07-01,2024,7,4101,Curitiba - PR,N7,7486,Artigos de residência,3,0.5,-1.34,-1.56,3.8846
2021-09-01,2021,9,4301,Porto Alegre - RS,N7,7558,Vestuário,4,0.91,5.98,6.68,4.5962
2022-03-01,2022,3,4301,Porto Alegre - RS,N7,7660,Saúde e cuidados pessoais,6,0.73,1.11,3.88,12.0861
2025-07-01,2025,7,3201,Grande Vitória - ES,N7,7169,Índice geral,0,0.1,3.32,5.2,100.0
2023-09-01,2023,9,3201,Grande Vitória - ES,N7,7625,Transportes,5,1.43,5.46,6.12,23.8112
2020-12-01,2020,12,3201,Grande Vitória - ES,N7,7169,Índice geral,0,1.41,5.15,5.15,100.0
2023-04-01,2023,4,4301,Porto Alegre - RS,N7,7558,Vestuário,4,0.64,0.62,12.11,5.0511
2024-04-01,2024,4,2301,Fortaleza - CE,N7,7486,Artigos de residência,3,0.71,1.85,-1.07,3.9163
2025-08-01,2025,8,1501,Belém - PA,N7,7712,Despesas pessoais,7,0.49,4.06,6.11,7.6721
2021-08-01,2021,8,3301,Rio de Janeiro - RJ,N7,7660,Saúde e cuidados pessoais,6,0.21,2.57,1.79,12.9375
2020-03-01,2020,3,2301,Fortaleza - CE,N7,7486,Artigos de residência,3,-0.55,-0.11,,4.0675
2024-04-01,2024,4,4301,Porto Alegre - RS,N7,7445,Habitação,2,0.18,0.21,2.25,14.1888
2023-11-01,2023,11,3201,Grande Vitória - ES,N7,7625,Transportes,5,0.51,6.54,7.29,24.1315
2024-08-01,2024,8,3101,Belo Horizonte - MG,N7,7786,Comunicação,9,0.09,3.0,2.26,5.0737
2023-02-01,2023,2,4101,Curitiba - PR,N7,7712,Despesas pessoais,7,0.51,1.68,6.82,9.3311
2025-01-01,2025,1,3301,Rio de Janeiro - RJ,N7,7558,Vestuário,4,-0.36,-0.36,1.63,3.7485
2025-05-01,2025,5,3501,São Paulo - SP,N7,7445,Habitação,2,0.4,2.49,3.8,15.9424
2021-03-01,2021,3,2901,Salvador - BA,N7,7712,Despesas pessoais,7,-0.08,0.6,1.17,10.5053
2025-01-01,2025,1,3101,Belo Horizonte - MG,N7,7169,Índice geral,0,0.43,0.43,5.26,100.0
2023-05-01,2023,5,2601,Recife - PE,N7,7445,Habitação,2,2.77,2.68,0.46,13.4743
2022-03-01,2022,3,3101,Belo Horizonte - MG,N7,7558,Vestuário,4,2.3,4.7,13.85,4.6125
2023-07-01,2023,7,2901,Salvador - BA,N7,7766,Educação,8,0.13,7.2,10.04,5.8644
2023-10-01,2023,10,4101,Curitiba - PR,N7,7766,Educação,8,0.04,6.3,6.52,5.3444
2024-07-01,2024,7,2901,Salvador - BA,N7,7170,Alimentação e bebidas,1,-0.67,3.83,3.06,22.9034
2026-02-01,2026,2,4301,Porto Alegre - RS,N7,7558,Vestuário,4,0.11,-0.04,4.34,4.9929
2024-07-01,2024,7,3101,Belo Horizonte - MG,N7,7712,Despesas pessoais,7,0.57,3.53,5.47,10.5484
2021-07-01,2021,7,3501,São Paulo - SP,N7,7660,Saúde e cuidados pessoais,6,-0.9,1.97,2.5,12.8569
2022-08-01,2022,8,4101,Curitiba - PR,N7,7766,Educação,8,0.2,5.54,5.76,5.2145
2022-07-01,2022,7,3301,Rio de Janeiro - RJ,N7,7786,Comunicação,9,-0.14,2.21,3.89,6.555
2026-03-01,2026,3,3301,Rio de Janeiro - RJ,N7,7766,Educação,8,0.05,5.12,6.39,5.7741
2022-03-01,2022,3,1501,Belém - PA,N7,7445,Habitação,2,-0.66,-0.65,13.2,16.412
2022-07-01,2022,7,4301,Porto Alegre - RS,N7,7625,Transportes,5,-3.9,-1.42,9.62,22.2905
2021-08-01,2021,8,3501,São Paulo - SP,N7,7486,Artigos de residência,3,1.26,7.34,13.82,3.6356
2021-05-01,2021,5,3501,São Paulo - SP,N7,7625,Transportes,5,1.23,6.55,12.97,20.0122
2024-04-01,2024,4,3501,São Paulo - SP,N7,7766,Educação,8,0.04,5.91,7.3,6.9896
2020-06-01,2020,6,3501,São Paulo - SP,N7,7170,Alimentação e bebidas,1,0.59,3.94,,19.0117
2021-04-01,2021,4,3201,Grande Vitória - ES,N7,7445,Habitação,2,-0.14,0.05,7.17,15.5854
2022-05-01,2022,5,2601,Recife - PE,N7,7445,Habitação,2,1.07,0.75,10.37,14.1127
2022-04-01,2022,4,4101,Curitiba - PR,N7,7486,Artigos de residência,3,0.8,4.14,14.18,4.1114
2021-07-01,2021,7,3501,São Paulo - SP,N7,7445,Habitação,2,4.01,7.2,12.05,16.6092
2020-09-01,2020,9,3301,Rio de Janeiro - RJ,N7,7712,Despesas pessoais,7,-0.08,0.29,,9.7419
2024-04-01,2024,4,4301,Porto Alegre - RS,N7,7786,Comunicação,9,0.84,2.46,2.0,5.5022
2024-09-01,2024,9,4301,Porto Alegre - RS,N7,7712,Despesas pessoais,7,-0.2,2.11,3.36,10.415
2025-09-01,2025,9,2301,Fortaleza - CE,N7,7660,Saúde e cuidados pessoais,6,0.09,5.83,6.3,13.8675
2023-03-01,2023,3,1501,Belém - PA,N7,7486,Artigos de residência,3,-0.27,0.08,0.81,3.7901
2025-07-01,2025,7,2601,Recife - PE,N7,7766,Educação,8,0.16,5.32,5.58,6.1748
2025-06-01,2025,6,4101,Curitiba - PR,N7,7660,Saúde e cuidados pessoais,6,-0.09,3.03,4.31,10.738
2024-05-01,2024,5,3301,Rio de Janeiro - RJ,N7,7169,Índice geral,0,0.44,2.1,3.71,100.0
2024-10-01,2024,10,2601,Recife - PE,N7,7786,Comunicação,9,0.43,2.19,1.91,4.0155
2025-11-01,2025,11,4101,Curitiba - PR,N7,7486,Artigos de residência,3,-0.57,2.8,3.59,3.9157
2022-09-01,2022,9,4301,Porto Alegre - RS,N7,7170,Alimentação e bebidas,1,-0.61,11.33,11.71,22.3091
2024-10-01,2024,10,3101,Belo Horizonte - MG,N7,7766,Educação,8,0.13,6.9,7.19,5.4664
2025-12-01,2025,12,4101,Curitiba - PR,N7,7712,Despesas pessoais,7,1.21,5.71,5.71,9.4303
2021-04-01,2021,4,2901,Salvador - BA,N7,7445,Habitação,2,1.1,-0.05,6.44,13.8166
2024-09-01,2024,9,4101,Curitiba - PR,N7,7786,Comunicação,9,0.18,2.93,2.98,4.238
2021-08-01,2021,8,1501,Belém - PA,N7,7170,Alimentação e bebidas,1,0.38,4.06,14.35,27.3846
2026-05-01,2026,5,2601,Recife - PE,N7,7445,Habitação,2,3.08,3.4,5.19,13.3224
2026-01-01,2026,1,3101,Belo Horizonte - MG,N7,7169,Índice geral,0,0.44,0.44,3.98,100.0
2021-11-01,2021,11,4301,Porto Alegre - RS,N7,7712,Despesas pessoais,7,0.77,4.32,4.8,9.9719
2024-05-01,2024,5,2601,Recife - PE,N7,7625,Transportes,5,0.04,2.17,5.6,19.0728
2022-11-01,2022,11,4101,Curitiba - PR,N7,7766,Educação,8,0.02,5.81,5.76,5.2596
2026-05-01,2026,5,3501,São Paulo - SP,N7,7625,Transportes,5,-0.3,3.16,5.03,19.814
2022-12-01,2022,12,2901,Salvador - BA,N7,7170,Alimentação e bebidas,1,0.84,11.87,11.87,23.4405
2020-05-01,2020,5,4301,Porto Alegre - RS,N7,7558,Vestuário,4,0.23,-1.86,,4.8335
2025-09-01,2025,9,2301,Fortaleza - CE,N7,7486,Artigos de residência,3,-0.81,0.62,2.57,3.8341
2026-01-01,2026,1,4101,Curitiba - PR,N7,7712,Despesas pessoais,7,0.18,0.18,5.75,9.5465
2025-10-01,2025,10,1501,Belém - PA,N7,7786,Comunicação,9,-0.44,0.43,0.35,4.0497
2023-03-01,2023,3,4101,Curitiba - PR,N7,7169,Índice geral,0,1.03,2.08,3.12,100.0
2020-04-01,2020,4,4301,Porto Alegre - RS,N7,7660,Saúde e cuidados pessoais,6,-0.23,0.07,,13.4096
2022-10-01,2022,10,2301,Fortaleza - CE,N7,7625,Transportes,5,0.32,-2.65,1.88,18.5234
2025-11-01,2025,11,3301,Rio de Janeiro - RJ,N7,7712,Despesas pessoais,7,0.64,4.81,5.5,9.5218
2025-05-01,2025,5,4301,Porto Alegre - RS,N7,7786,Comunicação,9,0.05,1.05,2.52,5.3353
2021-03-01,2021,3,3201,Grande Vitória - ES,N7,7486,Artigos de residência,3,0.59,2.32,10.14,3.9174
2025-04-01,2025,4,3501,São Paulo - SP,N7,7625,Transportes,5,-0.08,2.54,6.58,19.9521
2024-08-01,2024,8,3301,Rio de Janeiro - RJ,N7,7712,Despesas pessoais,7,0.24,1.76,4.12,9.2879
2022-10-01,2022,10,3301,Rio de Janeiro - RJ,N7,7766,Educação,8,0.06,7.92,7.88,5.2096
2021-06-01,2021,6,3101,Belo Horizonte - MG,N7,7169,Índice geral,0,0.42,3.87,9.08,100.0
2022-07-01,2022,7,2901,Salvador - BA,N7,7169,Índice geral,0,-1.06,5.48,11.38,100.0
2023-07-01,2023,7,4301,Porto Alegre - RS,N7,7766,Educação,8,0.78,6.78,8.23,4.9203
2026-05-01,2026,5,3101,Belo Horizonte - MG,N7,7169,Índice geral,0,0.34,3.12,4.26,100.0
2020-04-01,2020,4,4301,Porto Alegre - RS,N7,7169,Índice geral,0,-0.05,-0.04,,100.0
2025-04-01,2025,4,3201,Grande Vitória - ES,N7,7660,Saúde e cuidados pessoais,6,1.42,2.8,5.84,15.8121
2023-03-01,2023,3,3101,Belo Horizonte - MG,N7,7445,Habitação,2,0.86,4.82,-3.94,12.9371
2024-02-01,2024,2,3301,Rio de Janeiro - RJ,N7,7660,Saúde e cuidados pessoais,6,1.0,1.54,7.5,13.3135
2023-03-01,2023,3,3201,Grande Vitória - ES,N7,7486,Artigos de residência,3,-0.03,1.7,3.27,3.8613
2020-10-01,2020,10,1501,Belém - PA,N7,7558,Vestuário,4,2.41,0.21,,6.15
2020-10-01,2020,10,2601,Recife - PE,N7,7558,Vestuário,4,1.3,-0.55,,5.6322
2021-11-01,2021,11,3201,Grande Vitória - ES,N7,7786,Comunicação,9,0.26,0.2,0.74,5.7168
2026-05-01,2026,5,4301,Porto Alegre - RS,N7,7766,Educação,8,0.07,5.17,5.98,5.2711
2020-11-01,2020,11,2601,Recife - PE,N7,7170,Alimentação e bebidas,1,1.08,11.8,,23.1795
2021-09-01,2021,9,1501,Belém - PA,N7,7486,Artigos de residência,3,0.28,8.72,10.73,3.8736
2021-02-01,2021,2,3101,Belo Horizonte - MG,N7,7170,Alimentação e bebidas,1,-0.86,0.42,15.24,21.8852
2025-07-01,2025,7,3301,Rio de Janeiro - RJ,N7,7169,Índice geral,0,0.24,2.71,4.91,100.0
2022-07-01,2022,7,4101,Curitiba - PR,N7,7558,Vestuário,4,-0.7,6.87,13.66,4.8068
2023-10-01,2023,10,3301,Rio de Janeiro - RJ,N7,7766,Educação,8,-0.02,6.95,7.2,5.3862
2021-03-01,2021,3,2901,Salvador - BA,N7,7169,Índice geral,0,0.81,2.01,5.7,100.0
2023-10-01,2023,10,3501,São Paulo - SP,N7,7169,Índice geral,0,0.23,3.96,5.03,100.0
2022-12-01,2022,12,1501,Belém - PA,N7,7786,Comunicação,9,-0.17,-2.77,-2.77,4.3329
2025-05-01,2025,5,3501,São Paulo - SP,N7,7625,Transportes,5,-0.62,1.91,5.53,19.8335
2022-02-01,2022,2,1501,Belém - PA,N7,7660,Saúde e cuidados pessoais,6,0.35,0.9,0.61,11.9166
2023-10-01,2023,10,3301,Rio de Janeiro - RJ,N7,7170,Alimentação e bebidas,1,0.29,-1.55,-0.42,20.1016
2024-08-01,2024,8,2601,Recife - PE,N7,7558,Vestuário,4,0.72,-0.06,1.16,5.8125
2026-01-01,2026,1,3301,Rio de Janeiro - RJ,N7,7786,Comunicação,9,0.62,0.62,1.01,5.8063
2023-10-01,2023,10,3201,Grande Vitória - ES,N7,7660,Saúde e cuidados pessoais,6,0.29,5.98,7.77,15.7631
2026-02-01,2026,2,4301,Porto Alegre - RS,N7,7169,Índice geral,0,0.33,0.57,4.07,100.0
2020-12-01,2020,12,3101,Belo Horizonte - MG,N7,7786,Comunicação,9,0.79,5.05,5.05,5.9752
2025-11-01,2025,11,2301,Fortaleza - CE,N7,7786,Comunicação,9,-0.2,-0.4,0.21,3.5986
2024-01-01,2024,1,4301,Porto Alegre - RS,N7,7712,Despesas pessoais,7,0.9,0.9,5.51,10.4294
2023-04-01,2023,4,2901,Salvador - BA,N7,7766,Educação,8,0.04,6.62,10.1,5.8749
2025-01-01,2025,1,2301,Fortaleza - CE,N7,7625,Transportes,5,0.9,0.9,4.17,19.0944
2021-09-01,2021,9,4101,Curitiba - PR,N7,7486,Artigos de residência,3,1.25,8.03,12.78,4.0851
2023-06-01,2023,6,3101,Belo Horizonte - MG,N7,7445,Habitação,2,3.49,9.08,3.9,12.9275
2020-05-01,2020,5,2301,Fortaleza - CE,N7,7558,Vestuário,4,-0.34,-1.44,,4.4658
2021-11-01,2021,11,2601,Recife - PE,N7,7625,Transportes,5,3.23,21.05,23.95,19.8732
2020-02-01,2020,2,2301,Fortaleza - CE,N7,7712,Despesas pessoais,7,0.43,1.1,,8.3963
2024-04-01,2024,4,3501,São Paulo - SP,N7,7660,Saúde e cuidados pessoais,6,1.08,3.16,6.06,13.071
2024-11-01,2024,11,2601,Recife - PE,N7,7660,Saúde e cuidados pessoais,6,-0.26,6.57,6.81,15.325
2023-10-01,2023,10,2601,Recife - PE,N7,7786,Comunicação,9,-0.32,2.48,3.12,4.084
2024-10-01,2024,10,3201,Grande Vitória - ES,N7,7170,Alimentação e bebidas,1,0.52,4.07,5.81,17.5473
2022-10-01,2022,10,2601,Recife - PE,N7,7169,Índice geral,0,0.95,4.47,6.64,100.0
2020-08-01,2020,8,4301,Porto Alegre - RS,N7,7169,Índice geral,0,0.33,0.21,,100.0
2020-04-01,2020,4,3501,São Paulo - SP,N7,7486,Artigos de residência,3,-0.69,-2.22,,3.4093
2022-05-01,2022,5,1501,Belém - PA,N7,7766,Educação,8,0.15,6.23,6.74,3.4105
2025-12-01,2025,12,3201,Grande Vitória - ES,N7,7486,Artigos de residência,3,0.86,0.01,0.01,3.4972
2023-08-01,2023,8,3201,Grande Vitória - ES,N7,7766,Educação,8,0.11,7.68,8.01,5.4002
2022-08-01,2022,8,3301,Rio de Janeiro - RJ,N7,7558,Vestuário,4,2.22,14.62,21.54,3.6718
2022-12-01,2022,12,2901,Salvador - BA,N7,7625,Transportes,5,-1.7,-2.4,-2.4,18.7034
2026-06-01,2026,6,4301,Porto Alegre - RS,N7,7660,Saúde e cuidados pessoais,6,0.13,4.23,6.27,13.5911
2021-10-01,2021,10,2301,Fortaleza - CE,N7,7486,Artigos de residência,3,0.23,8.62,10.29,4.06
2020-09-01,2020,9,4101,Curitiba - PR,N7,7660,Saúde e cuidados pessoais,6,-1.03,-0.43,,10.8264
2023-01-01,2023,1,1501,Belém - PA,N7,7170,Alimentação e bebidas,1,1.11,1.11,10.05,27.9198
2021-12-01,2021,12,3501,São Paulo - SP,N7,7558,Vestuário,4,2.4,12.72,12.72,3.7292
2024-01-01,2024,1,3301,Rio de Janeiro - RJ,N7,7625,Transportes,5,0.05,0.05,4.7,20.1554
2025-04-01,2025,4,3101,Belo Horizonte - MG,N7,7766,Educação,8,0.1,4.55,5.56,5.5255
2020-02-01,2020,2,3101,Belo Horizonte - MG,N7,7486,Artigos de residência,3,0.6,0.6,,3.9005
2021-11-01,2021,11,3301,Rio de Janeiro - RJ,N7,7766,Educação,8,-0.02,2.5,5.68,5.1789
2023-12-01,2023,12,2601,Recife - PE,N7,7169,Índice geral,0,0.21,3.18,3.18,100.0
2023-02-01,2023,2,3301,Rio de Janeiro - RJ,N7,7170,Alimentação e bebidas,1,-0.06,0.29,7.03,21.0024
2026-02-01,2026,2,1501,Belém - PA,N7,7486,Artigos de residência,3,-0.29,0.66,-0.35,3.611
2026-02-01,2026,2,2301,Fortaleza - CE,N7,7486,Artigos de residência,3,0.11,0.27,-0.1,3.7438
2026-01-01,2026,1,4301,Porto Alegre - RS,N7,7558,Vestuário,4,-0.15,-0.15,4.76,5.0118
2026-06-01,2026,6,3301,Rio de Janeiro - RJ,N7,7486,Artigos de residência,3,0.43,2.35,-0.15,2.6973
2022-09-01,2022,9,3501,São Paulo - SP,N7,7712,Despesas pessoais,7,1.28,6.56,8.49,10.841
2020-10-01,2020,10,3301,Rio de Janeiro - RJ,N7,7625,Transportes,5,0.58,-1.83,,19.2758
2020-03-01,2020,3,3501,São Paulo - SP,N7,7712,Despesas pessoais,7,-0.26,0.46,,11.6949
2023-02-01,2023,2,2901,Salvador - BA,N7,7558,Vestuário,4,-0.49,-0.43,16.59,5.4376
2023-01-01,2023,1,4301,Porto Alegre - RS,N7,7486,Artigos de residência,3,0.6,0.6,7.53,4.5359
2023-11-01,2023,11,3501,São Paulo - SP,N7,7712,Despesas pessoais,7,0.65,4.93,5.89,11.0843
2020-11-01,2020,11,2301,Fortaleza - CE,N7,7766,Educação,8,0.01,-2.61,,6.1523
2022-11-01,2022,11,3301,Rio de Janeiro - RJ,N7,7786,Comunicação,9,-0.5,-1.8,-1.34,6.3286
2020-01-01,2020,1,3501,São Paulo - SP,N7,7660,Saúde e cuidados pessoais,6,-0.11,-0.11,,13.2176
2020-09-01,2020,9,4101,Curitiba - PR,N7,7486,Artigos de residência,3,0.86,0.98,,4.0756
2022-10-01,2022,10,2601,Recife - PE,N7,7170,Alimentação e bebidas,1,0.36,10.0,11.47,24.475
2021-08-01,2021,8,3301,Rio de Janeiro - RJ,N7,7445,Habitação,2,0.75,5.85,9.12,18.7721
2024-05-01,2024,5,3101,Belo Horizonte - MG,N7,7766,Educação,8,0.2,6.14,6.96,5.533
2024-02-01,2024,2,1501,Belém - PA,N7,7558,Vestuário,4,0.2,0.71,2.41,6.3294
2020-05-01,2020,5,3201,Grande Vitória - ES,N7,7766,Educação,8,0.02,5.72,,5.8323
2020-02-01,2020,2,2901,Salvador - BA,N7,7766,Educação,8,4.0,4.23,,6.0318
2022-09-01,2022,9,3201,Grande Vitória - ES,N7,7558,Vestuário,4,1.02,9.98,15.66,3.9498
2023-05-01,2023,5,3501,São Paulo - SP,N7,7625,Transportes,5,-0.33,2.98,-3.66,19.7224
2024-07-01,2024,7,2601,Recife - PE,N7,7445,Habitação,2,1.66,2.1,2.92,13.4741
2020-04-01,2020,4,2901,Salvador - BA,N7,7445,Habitação,2,0.35,0.95,,13.8225
2026-06-01,2026,6,3201,Grande Vitória - ES,N7,7486,Artigos de residência,3,1.18,3.17,0.88,3.4912
2020-12-01,2020,12,1501,Belém - PA,N7,7445,Habitação,2,2.92,3.17,3.17,15.4976
2024-10-01,2024,10,4101,Curitiba - PR,N7,7625,Transportes,5,-0.41,1.26,0.21,25.7743
2024-08-01,2024,8,3301,Rio de Janeiro - RJ,N7,7170,Alimentação e bebidas,1,-0.41,3.24,5.32,20.5679
2020-11-01,2020,11,3501,São Paulo - SP,N7,7766,Educação,8,-0.1,1.23,,7.0338
2021-02-01,2021,2,3501,São Paulo - SP,N7,7558,Vestuário,4,1.08,1.52,0.71,3.6941
2020-02-01,2020,2,3101,Belo Horizonte - MG,N7,7660,Saúde e cuidados pessoais,6,0.61,0.45,,14.4191
2023-04-01,2023,4,4301,Porto Alegre - RS,N7,7786,Comunicação,9,0.1,3.6,1.5,5.5896
2020-08-01,2020,8,2301,Fortaleza - CE,N7,7169,Índice geral,0,-0.23,1.32,,100.0
2025-10-01,2025,10,1501,Belém - PA,N7,7445,Habitação,2,0.14,7.07,4.23,16.0345
2025-01-01,2025,1,3201,Grande Vitória - ES,N7,7486,Artigos de residência,3,0.63,0.63,3.87,3.6949
2020-03-01,2020,3,1501,Belém - PA,N7,7486,Artigos de residência,3,0.23,-0.17,,3.8668
2023-11-01,2023,11,1501,Belém - PA,N7,7445,Habitação,2,0.07,5.19,6.64,15.9509
2020-11-01,2020,11,4101,Curitiba - PR,N7,7445,Habitação,2,0.11,-0.04,,14.7657
2025-08-01,2025,8,3201,Grande Vitória - ES,N7,7486,Artigos de residência,3,-0.02,1.31,0.29,3.6241
2022-01-01,2022,1,2301,Fortaleza - CE,N7,7486,Artigos de residência,3,1.51,1.51,11.73,4.0589
2026-06-01,2026,6,3201,Grande Vitória - ES,N7,7766,Educação,8,0.02,6.54,7.57,5.7443
2024-06-01,2024,6,4301,Porto Alegre - RS,N7,7170,Alimentação e bebidas,1,-0.52,4.91,3.4,21.8646
2020-12-01,2020,12,3501,São Paulo - SP,N7,7625,Transportes,5,1.22,1.23,1.23,19.3654
2020-11-01,2020,11,2301,Fortaleza - CE,N7,7558,Vestuário,4,1.63,0.43,,4.3667
2024-01-01,2024,1,2601,Recife - PE,N7,7660,Saúde e cuidados pessoais,6,0.84,0.84,6.92,14.8538
2021-07-01,2021,7,3301,Rio de Janeiro - RJ,N7,7486,Artigos de residência,3,0.69,5.98,13.24,3.1106
2025-02-01,2025,2,3201,Grande Vitória - ES,N7,7786,Comunicação,9,0.17,0.16,3.1,5.2123
2023-10-01,2023,10,4101,Curitiba - PR,N7,7712,Despesas pessoais,7,0.36,4.2,4.25,9.2242
2023-07-01,2023,7,3201,Grande Vitória - ES,N7,7486,Artigos de residência,3,0.25,0.88,-0.5,3.773
2026-02-01,2026,2,3101,Belo Horizonte - MG,N7,7712,Despesas pessoais,7,0.49,0.46,5.0,10.8381
2022-03-01,2022,3,2901,Salvador - BA,N7,7445,Habitação,2,1.46,1.3,15.8,14.2791
2022-06-01,2022,6,3201,Grande Vitória - ES,N7,7625,Transportes,5,0.78,8.24,20.27,25.4322
2020-06-01,2020,6,4301,Porto Alegre - RS,N7,7625,Transportes,5,-0.2,-6.6,,19.8078
2021-08-01,2021,8,4101,Curitiba - PR,N7,7445,Habitação,2,0.73,10.29,15.72,15.4337
2022-07-01,2022,7,4101,Curitiba - PR,N7,7712,Despesas pessoais,7,1.31,4.2,9.05,8.8179
2024-03-01,2024,3,3501,São Paulo - SP,N7,7712,Despesas pessoais,7,0.26,0.95,4.75,11.0562
2026-06-01,2026,6,3301,Rio de Janeiro - RJ,N7,7712,Despesas pessoais,7,-0.13,2.15,5.37,9.5014
2020-04-01,2020,4,2601,Recife - PE,N7,7660,Saúde e cuidados pessoais,6,-0.45,0.5,,15.0661
2025-02-01,2025,2,2901,Salvador - BA,N7,7558,Vestuário,4,-0.08,-0.48,2.89,5.2245
2020-09-01,2020,9,2301,Fortaleza - CE,N7,7170,Alimentação e bebidas,1,3.22,9.52,,23.0735
2022-05-01,2022,5,2901,Salvador - BA,N7,7170,Alimentação e bebidas,1,0.94,7.97,15.24,23.0201
2025-02-01,2025,2,3301,Rio de Janeiro - RJ,N7,7660,Saúde e cuidados pessoais,6,0.87,1.34,6.3,13.586
2026-03-01,2026,3,4101,Curitiba - PR,N7,7486,Artigos de residência,3,0.53,0.79,1.75,3.8441
2021-05-01,2021,5,1501,Belém - PA,N7,7170,Alimentação e bebidas,1,0.63,3.51,15.53,27.6109
2023-03-01,2023,3,2601,Recife - PE,N7,7712,Despesas pessoais,7,-0.38,0.55,4.62,8.3896
2023-02-01,2023,2,4301,Porto Alegre - RS,N7,7786,Comunicação,9,0.76,2.98,1.01,5.6311
2023-06-01,2023,6,2301,Fortaleza - CE,N7,7486,Artigos de residência,3,-0.27,0.82,3.51,4.1027
2026-01-01,2026,1,2901,Salvador - BA,N7,7486,Artigos de residência,3,0.48,0.48,-3.22,3.5515
2024-03-01,2024,3,3301,Rio de Janeiro - RJ,N7,7445,Habitação,2,0.46,0.78,5.49,18.2922
2023-11-01,2023,11,2301,Fortaleza - CE,N7,7486,Artigos de residência,3,-0.16,-0.81,-0.69,4.009
2022-08-01,2022,8,1501,Belém - PA,N7,7170,Alimentação e bebidas,1,0.39,9.04,8.85,27.81
2024-11-01,2024,11,2301,Fortaleza - CE,N7,7445,Habitação,2,-1.72,3.68,3.66,16.8135
2021-11-01,2021,11,3501,São Paulo - SP,N7,7558,Vestuário,4,1.64,10.07,9.5,3.7006
2022-01-01,2022,1,2601,Recife - PE,N7,7786,Comunicação,9,0.73,0.73,2.81,4.4276
2022-04-01,2022,4,4101,Curitiba - PR,N7,7445,Habitação,2,-1.97,-1.65,14.62,15.044
2024-02-01,2024,2,3201,Grande Vitória - ES,N7,7170,Alimentação e bebidas,1,0.77,2.77,1.88,17.7422
2022-09-01,2022,9,3301,Rio de Janeiro - RJ,N7,7445,Habitação,2,0.05,3.29,5.74,18.4003
2026-02-01,2026,2,3301,Rio de Janeiro - RJ,N7,7625,Transportes,5,0.77,1.31,2.82,19.7312
2021-03-01,2021,3,1501,Belém - PA,N7,7625,Transportes,5,2.56,5.78,6.34,18.1534
2020-05-01,2020,5,4301,Porto Alegre - RS,N7,7486,Artigos de residência,3,-0.09,-1.89,,4.0756
2025-12-01,2025,12,1501,Belém - PA,N7,7712,Despesas pessoais,7,-3.69,5.57,5.57,8.0824
2022-07-01,2022,7,4101,Curitiba - PR,N7,7486,Artigos de residência,3,-0.38,4.37,11.27,4.0922
2020-11-01,2020,11,2901,Salvador - BA,N7,7558,Vestuário,4,-1.85,-9.67,,4.8238
2025-01-01,2025,1,4301,Porto Alegre - RS,N7,7170,Alimentação e bebidas,1,1.0,1.0,3.77,21.2087
2021-07-01,2021,7,3101,Belo Horizonte - MG,N7,7558,Vestuário,4,1.38,4.31,6.76,4.5699
2021-08-01,2021,8,2901,Salvador - BA,N7,7170,Alimentação e bebidas,1,1.02,5.94,11.99,22.4982
2022-02-01,2022,2,4101,Curitiba - PR,N7,7170,Alimentação e bebidas,1,1.43,2.59,10.26,20.6353
2026-02-01,2026,2,3501,São Paulo - SP,N7,7625,Transportes,5,1.5,1.96,3.7,19.6806
2023-08-01,2023,8,2901,Salvador - BA,N7,7170,Alimentação e bebidas,1,-0.67,-0.32,1.26,22.8835
2024-05-01,2024,5,2301,Fortaleza - CE,N7,7786,Comunicação,9,0.34,2.98,1.93,3.8037
2024-11-01,2024,11,2301,Fortaleza - CE,N7,7170,Alimentação e bebidas,1,1.35,5.99,7.25,24.1435
2025-11-01,2025,11,2301,Fortaleza - CE,N7,7625,Transportes,5,0.0,1.29,3.09,18.6945
2025-09-01,2025,9,2601,Recife - PE,N7,7169,Índice geral,0,0.56,3.67,4.98,100.0
2020-07-01,2020,7,4101,Curitiba - PR,N7,7558,Vestuário,4,0.08,0.34,,4.9353
2025-08-01,2025,8,2601,Recife - PE,N7,7169,Índice geral,0,-0.24,3.09,4.58,100.0
2020-11-01,2020,11,3301,Rio de Janeiro - RJ,N7,7445,Habitação,2,0.32,2.03,,18.4824
2020-06-01,2020,6,2901,Salvador - BA,N7,7766,Educação,8,0.08,4.93,,6.3293
2025-07-01,2025,7,3101,Belo Horizonte - MG,N7,7625,Transportes,5,1.03,3.02,3.33,19.6756
2022-08-01,2022,8,3201,Grande Vitória - ES,N7,7445,Habitação,2,2.94,-6.26,0.78,14.7237
2021-11-01,2021,11,2901,Salvador - BA,N7,7558,Vestuário,4,2.38,8.79,10.51,4.6298
2023-06-01,2023,6,4301,Porto Alegre - RS,N7,7445,Habitação,2,-0.19,3.43,2.58,14.301
2025-08-01,2025,8,3201,Grande Vitória - ES,N7,7170,Alimentação e bebidas,1,-1.14,3.22,7.3,18.1262
2021-04-01,2021,4,3101,Belo Horizonte - MG,N7,7625,Transportes,5,0.16,8.86,12.57,20.3518
2020-04-01,2020,4,2901,Salvador - BA,N7,7169,Índice geral,0,-0.16,0.51,,100.0
2022-04-01,2022,4,1501,Belém - PA,N7,7486,Artigos de residência,3,1.49,4.05,11.5,3.8869
2022-08-01,2022,8,2901,Salvador - BA,N7,7170,Alimentação e bebidas,1,0.9,10.12,14.46,23.1486
2020-04-01,2020,4,2901,Salvador - BA,N7,7486,Artigos de residência,3,-2.81,-4.94,,4.0812
2022-12-01,2022,12,1501,Belém - PA,N7,7558,Vestuário,4,1.82,15.61,15.61,6.4935
2020-10-01,2020,10,4101,Curitiba - PR,N7,7712,Despesas pessoais,7,0.17,-0.63,,9.9023
2021-01-01,2021,1,4301,Porto Alegre - RS,N7,7169,Índice geral,0,0.25,0.25,4.3,100.0
2023-11-01,2023,11,2901,Salvador - BA,N7,7558,Vestuário,4,-0.16,2.42,4.42,5.4295
2024-10-01,2024,10,3201,Grande Vitória - ES,N7,7169,Índice geral,0,0.5,3.56,4.57,100.0
2020-03-01,2020,3,3501,São Paulo - SP,N7,7486,Artigos de residência,3,-0.8,-1.53,,3.4401
2025-01-01,2025,1,3501,São Paulo - SP,N7,7786,Comunicação,9,-0.3,-0.3,2.27,4.7107
2023-04-01,2023,4,1501,Belém - PA,N7,7445,Habitação,2,-0.13,0.69,2.92,15.5662
2020-02-01,2020,2,3301,Rio de Janeiro - RJ,N7,7625,Transportes,5,-0.58,-0.28,,20.0231
2023-12-01,2023,12,3301,Rio de Janeiro - RJ,N7,7660,Saúde e cuidados pessoais,6,0.0,7.4,7.4,13.3864
2023-05-01,2023,5,2601,Recife - PE,N7,7169,Índice geral,0,0.41,2.23,3.34,100.0
2020-06-01,2020,6,3201,Grande Vitória - ES,N7,7170,Alimentação e bebidas,1,0.32,5.73,,16.5659
2020-03-01,2020,3,1501,Belém - PA,N7,7170,Alimentação e bebidas,1,-0.06,2.05,,25.3353
2025-07-01,2025,7,2901,Salvador - BA,N7,7625,Transportes,5,-0.44,0.64,3.91,18.4255
2024-11-01,2024,11,4301,Porto Alegre - RS,N7,7486,Artigos de residência,3,-0.18,0.97,1.42,4.2084
2023-03-01,2023,3,3101,Belo Horizonte - MG,N7,7169,Índice geral,0,0.39,2.04,3.31,100.0
2024-08-01,2024,8,4301,Porto Alegre - RS,N7,7558,Vestuário,4,0.27,0.93,1.23,5.0088
2020-12-01,2020,12,4101,Curitiba - PR,N7,7625,Transportes,5,1.16,1.07,1.07,24.1474
2020-05-01,2020,5,2301,Fortaleza - CE,N7,7766,Educação,8,-0.02,5.49,,6.8123
2023-08-01,2023,8,3201,Grande Vitória - ES,N7,7660,Saúde e cuidados pessoais,6,0.36,5.81,9.45,15.8431
2026-03-01,2026,3,3301,Rio de Janeiro - RJ,N7,7170,Alimentação e bebidas,1,1.35,1.23,0.14,20.4402
2022-10-01,2022,10,2601,Recife - PE,N7,7558,Vestuário,4,1.63,12.93,18.33,5.9921
2022-10-01,2022,10,2901,Salvador - BA,N7,7712,Despesas pessoais,7,0.37,5.73,6.57,9.9343
2020-09-01,2020,9,3301,Rio de Janeiro - RJ,N7,7486,Artigos de residência,3,1.73,2.18,,2.9777
2025-04-01,2025,4,1501,Belém - PA,N7,7445,Habitação,2,0.93,1.84,3.16,15.334
2020-09-01,2020,9,2301,Fortaleza - CE,N7,7786,Comunicação,9,0.18,2.62,,4.8281
2024-12-01,2024,12,3201,Grande Vitória - ES,N7,7660,Saúde e cuidados pessoais,6,0.03,5.48,5.48,16.0518
2025-08-01,2025,8,2901,Salvador - BA,N7,7486,Artigos de residência,3,-0.97,-1.93,-0.72,3.6807
2025-01-01,2025,1,4301,Porto Alegre - RS,N7,7169,Índice geral,0,-0.03,-0.03,3.41,100.0
2022-09-01,2022,9,2601,Recife - PE,N7,7766,Educação,8,0.07,6.93,7.12,5.7405
2024-05-01,2024,5,2301,Fortaleza - CE,N7,7712,Despesas pessoais,7,0.23,1.01,3.9,7.4957
2024-04-01,2024,4,4301,Porto Alegre - RS,N7,7169,Índice geral,0,0.64,1.16,3.02,100.0
2026-06-01,2026,6,1501,Belém - PA,N7,7712,Despesas pessoais,7,0.34,2.69,6.12,7.6777
2024-09-01,2024,9,2901,Salvador - BA,N7,7169,Índice geral,0,0.28,2.96,3.95,100.0
2022-02-01,2022,2,2901,Salvador - BA,N7,7170,Alimentação e bebidas,1,1.54,2.69,11.19,22.4334
2026-01-01,2026,1,3101,Belo Horizonte - MG,N7,7486,Artigos de residência,3,0.27,0.27,-0.25,3.6822
2024-05-01,2024,5,2301,Fortaleza - CE,N7,7558,Vestuário,4,0.1,-0.4,2.3,4.854
2022-01-01,2022,1,3301,Rio de Janeiro - RJ,N7,7169,Índice geral,0,0.6,0.6,9.04,100.0
2021-06-01,2021,6,4101,Curitiba - PR,N7,7625,Transportes,5,0.09,10.37,18.29,25.5159
2023-01-01,2023,1,4301,Porto Alegre - RS,N7,7712,Despesas pessoais,7,0.57,0.57,7.58,10.3765
2022-05-01,2022,5,3101,Belo Horizonte - MG,N7,7170,Alimentação e bebidas,1,-0.18,6.98,13.2,21.6635
2020-12-01,2020,12,4101,Curitiba - PR,N7,7445,Habitação,2,3.81,3.76,3.76,14.6538
2023-04-01,2023,4,3101,Belo Horizonte - MG,N7,7170,Alimentação e bebidas,1,0.5,0.09,6.05,22.3623
2025-01-01,2025,1,3301,Rio de Janeiro - RJ,N7,7445,Habitação,2,-3.13,-3.13,0.29,18.3066
2022-06-01,2022,6,1501,Belém - PA,N7,7169,Índice geral,0,0.26,5.02,9.55,100.0
2020-10-01,2020,10,3501,São Paulo - SP,N7,7766,Educação,8,-0.12,1.34,,7.1053
2021-03-01,2021,3,3101,Belo Horizonte - MG,N7,7660,Saúde e cuidados pessoais,6,0.21,1.14,2.49,14.0383
2025-10-01,2025,10,1501,Belém - PA,N7,7558,Vestuário,4,0.38,1.94,2.5,6.2562
2023-07-01,2023,7,2901,Salvador - BA,N7,7170,Alimentação e bebidas,1,-0.7,0.36,2.86,23.1028
2021-12-01,2021,12,4101,Curitiba - PR,N7,7486,Artigos de residência,3,1.78,13.34,13.34,4.0949
2026-03-01,2026,3,1501,Belém - PA,N7,7660,Saúde e cuidados pessoais,6,1.19,3.02,6.28,13.2044
2021-06-01,2021,6,3501,São Paulo - SP,N7,7660,Saúde e cuidados pessoais,6,0.53,2.9,3.88,12.857
2024-09-01,2024,9,3301,Rio de Janeiro - RJ,N7,7486,Artigos de residência,3,-0.05,-1.05,1.09,2.9634
2023-03-01,2023,3,2901,Salvador - BA,N7,7660,Saúde e cuidados pessoais,6,0.56,2.3,11.2,14.7865
2026-03-01,2026,3,3101,Belo Horizonte - MG,N7,7445,Habitação,2,0.14,1.92,7.2,13.5946
2025-06-01,2025,6,2301,Fortaleza - CE,N7,7445,Habitação,2,0.58,2.99,5.28,16.2366
2025-05-01,2025,5,2601,Recife - PE,N7,7786,Comunicação,9,0.13,0.65,0.63,3.9184
2020-10-01,2020,10,3201,Grande Vitória - ES,N7,7766,Educação,8,0.58,-2.87,,5.2713
2025-12-01,2025,12,1501,Belém - PA,N7,7625,Transportes,5,-0.01,2.0,2.0,18.3394
2022-10-01,2022,10,3501,São Paulo - SP,N7,7170,Alimentação e bebidas,1,0.96,10.7,11.32,20.533
2022-03-01,2022,3,2901,Salvador - BA,N7,7170,Alimentação e bebidas,1,1.89,4.64,12.63,22.5911
2020-07-01,2020,7,3201,Grande Vitória - ES,N7,7170,Alimentação e bebidas,1,-0.55,5.14,,16.5263
2024-12-01,2024,12,2601,Recife - PE,N7,7625,Transportes,5,-0.12,3.46,3.46,19.0197
2022-04-01,2022,4,3501,São Paulo - SP,N7,7660,Saúde e cuidados pessoais,6,1.53,3.09,4.91,11.9908
2024-05-01,2024,5,2601,Recife - PE,N7,7169,Índice geral,0,0.43,2.71,3.65,100.0
2025-12-01,2025,12,2601,Recife - PE,N7,7660,Saúde e cuidados pessoais,6,0.21,4.2,4.2,15.2207
2024-10-01,2024,10,2301,Fortaleza - CE,N7,7170,Alimentação e bebidas,1,0.45,4.58,6.02,24.1468
2021-02-01,2021,2,3201,Grande Vitória - ES,N7,7170,Alimentação e bebidas,1,-0.91,-0.01,17.52,17.8056
2024-07-01,2024,7,3201,Grande Vitória - ES,N7,7558,Vestuário,4,0.04,0.38,2.63,3.9549
2025-10-01,2025,10,3501,São Paulo - SP,N7,7660,Saúde e cuidados pessoais,6,0.34,4.9,5.13,13.1737
2024-06-01,2024,6,1501,Belém - PA,N7,7558,Vestuário,4,-0.37,2.11,4.03,6.3456
2021-08-01,2021,8,2601,Recife - PE,N7,7625,Transportes,5,0.33,11.52,15.9,19.3797
2024-07-01,2024,7,3301,Rio de Janeiro - RJ,N7,7625,Transportes,5,1.12,0.54,2.33,19.6066
2021-09-01,2021,9,1501,Belém - PA,N7,7445,Habitação,2,4.8,14.06,18.05,16.2337
2024-10-01,2024,10,4301,Porto Alegre - RS,N7,7712,Despesas pessoais,7,0.63,2.75,3.19,10.3538
2020-07-01,2020,7,3301,Rio de Janeiro - RJ,N7,7625,Transportes,5,0.53,-3.51,,19.0946
2024-07-01,2024,7,2601,Recife - PE,N7,7170,Alimentação e bebidas,1,-1.01,3.92,2.64,24.1276
2025-01-01,2025,1,2601,Recife - PE,N7,7712,Despesas pessoais,7,0.94,0.94,4.68,8.5101
2022-09-01,2022,9,2601,Recife - PE,N7,7625,Transportes,5,-3.5,-4.2,2.64,19.3267
2021-04-01,2021,4,2901,Salvador - BA,N7,7169,Índice geral,0,0.09,2.1,5.96,100.0
2026-04-01,2026,4,3301,Rio de Janeiro - RJ,N7,7486,Artigos de residência,3,0.77,1.81,-0.96,2.7078
2022-07-01,2022,7,4101,Curitiba - PR,N7,7786,Comunicação,9,-0.36,1.73,3.44,4.3666
2021-07-01,2021,7,2301,Fortaleza - CE,N7,7558,Vestuário,4,1.03,7.35,11.75,4.4426
2023-02-01,2023,2,3201,Grande Vitória - ES,N7,7712,Despesas pessoais,7,0.02,1.06,6.53,8.5968
2021-06-01,2021,6,2901,Salvador - BA,N7,7660,Saúde e cuidados pessoais,6,0.32,2.84,4.36,15.0489
2020-07-01,2020,7,2901,Salvador - BA,N7,7486,Artigos de residência,3,1.11,-2.19,,4.0345
2021-09-01,2021,9,2601,Recife - PE,N7,7786,Comunicação,9,-0.18,0.49,1.59,4.5484
2022-06-01,2022,6,2901,Salvador - BA,N7,7170,Alimentação e bebidas,1,0.39,8.39,14.51,22.9395
2026-06-01,2026,6,4301,Porto Alegre - RS,N7,7169,Índice geral,0,0.36,3.18,4.8,100.0
2020-02-01,2020,2,2301,Fortaleza - CE,N7,7660,Saúde e cuidados pessoais,6,0.93,0.39,,13.7482
2020-01-01,2020,1,3501,São Paulo - SP,N7,7558,Vestuário,4,-0.2,-0.2,,3.9271
2025-03-01,2025,3,2301,Fortaleza - CE,N7,7625,Transportes,5,0.17,0.2,3.61,18.8843
2024-09-01,2024,9,2301,Fortaleza - CE,N7,7766,Educação,8,-0.03,7.69,7.83,6.749
2023-08-01,2023,8,4301,Porto Alegre - RS,N7,7486,Artigos de residência,3,0.01,-1.2,-1.46,4.335
2025-06-01,2025,6,2901,Salvador - BA,N7,7766,Educação,8,0.07,5.16,5.91,6.1351
2020-02-01,2020,2,4301,Porto Alegre - RS,N7,7766,Educação,8,2.3,2.3,,5.2164
2020-05-01,2020,5,1501,Belém - PA,N7,7445,Habitação,2,-0.56,-2.98,,15.4994
2024-11-01,2024,11,3201,Grande Vitória - ES,N7,7660,Saúde e cuidados pessoais,6,0.42,5.45,5.94,16.0117
2022-11-01,2022,11,3501,São Paulo - SP,N7,7712,Despesas pessoais,7,0.39,7.75,8.2,11.0227
2021-08-01,2021,8,3101,Belo Horizonte - MG,N7,7625,Transportes,5,1.23,12.76,18.02,20.3874
2024-11-01,2024,11,2601,Recife - PE,N7,7558,Vestuário,4,-0.06,0.17,1.48,5.8363
2024-11-01,2024,11,3301,Rio de Janeiro - RJ,N7,7486,Artigos de residência,3,-0.87,-2.03,-0.48,2.9253
2020-08-01,2020,8,4301,Porto Alegre - RS,N7,7625,Transportes,5,0.77,-4.75,,19.9331
2023-05-01,2023,5,3201,Grande Vitória - ES,N7,7625,Transportes,5,-1.76,2.47,-3.34,23.9884
2024-10-01,2024,10,4101,Curitiba - PR,N7,7170,Alimentação e bebidas,1,0.97,5.32,7.22,21.2755
2022-03-01,2022,3,4301,Porto Alegre - RS,N7,7712,Despesas pessoais,7,0.73,2.37,7.15,10.1195
2021-05-01,2021,5,2601,Recife - PE,N7,7445,Habitação,2,3.93,3.32,10.65,13.958
2022-06-01,2022,6,4301,Porto Alegre - RS,N7,7445,Habitação,2,0.35,-5.86,7.08,14.3249
2025-11-01,2025,11,3201,Grande Vitória - ES,N7,7486,Artigos de residência,3,-1.75,-0.84,0.12,3.5625
2020-09-01,2020,9,4301,Porto Alegre - RS,N7,7625,Transportes,5,1.64,-3.19,,20.0216
2020-06-01,2020,6,3201,Grande Vitória - ES,N7,7445,Habitação,2,1.58,0.9,,15.4467
2025-03-01,2025,3,2901,Salvador - BA,N7,7712,Despesas pessoais,7,0.3,2.67,6.36,10.0977
2021-01-01,2021,1,4301,Porto Alegre - RS,N7,7660,Saúde e cuidados pessoais,6,0.56,0.56,1.06,12.8385
2020-04-01,2020,4,3201,Grande Vitória - ES,N7,7625,Transportes,5,-1.07,-2.59,,22.8941
2026-02-01,2026,2,3501,São Paulo - SP,N7,7786,Comunicação,9,-0.14,0.45,1.48,4.5539
2026-04-01,2026,4,3201,Grande Vitória - ES,N7,7786,Comunicação,9,0.45,2.34,2.8,5.0642
2026-06-01,2026,6,3501,São Paulo - SP,N7,7660,Saúde e cuidados pessoais,6,0.17,4.08,6.44,13.3368
2024-09-01,2024,9,3301,Rio de Janeiro - RJ,N7,7625,Transportes,5,0.02,0.64,2.3,19.8023
2023-06-01,2023,6,3301,Rio de Janeiro - RJ,N7,7558,Vestuário,4,-0.04,1.22,9.57,3.8678
2023-08-01,2023,8,2601,Recife - PE,N7,7558,Vestuário,4,-0.18,0.8,6.69,5.9824
2020-08-01,2020,8,1501,Belém - PA,N7,7486,Artigos de residência,3,0.49,-2.24,,3.7827
2022-03-01,2022,3,1501,Belém - PA,N7,7766,Educação,8,0.05,5.93,6.87,3.4958
2022-11-01,2022,11,3101,Belo Horizonte - MG,N7,7786,Comunicação,9,-0.1,-0.92,-0.36,5.2641
2021-08-01,2021,8,2601,Recife - PE,N7,7558,Vestuário,4,0.92,1.43,5.0,5.4108
2023-06-01,2023,6,3501,São Paulo - SP,N7,7445,Habitação,2,0.94,3.05,6.36,16.4682
2020-07-01,2020,7,3301,Rio de Janeiro - RJ,N7,7558,Vestuário,4,0.37,-2.89,,3.488
2022-07-01,2022,7,3101,Belo Horizonte - MG,N7,7486,Artigos de residência,3,0.36,6.55,12.26,4.2348
2025-09-01,2025,9,3301,Rio de Janeiro - RJ,N7,7170,Alimentação e bebidas,1,-0.66,1.2,5.42,20.9224
2022-01-01,2022,1,1501,Belém - PA,N7,7558,Vestuário,4,0.69,0.69,8.06,5.9741
2023-02-01,2023,2,3101,Belo Horizonte - MG,N7,7712,Despesas pessoais,7,0.07,0.54,6.48,10.5282
2020-12-01,2020,12,4101,Curitiba - PR,N7,7766,Educação,8,0.18,0.92,0.92,5.6794
2026-04-01,2026,4,4101,Curitiba - PR,N7,7445,Habitação,2,0.2,0.15,4.21,14.0837
2026-04-01,2026,4,2301,Fortaleza - CE,N7,7625,Transportes,5,1.15,6.2,6.92,19.131
2022-10-01,2022,10,2601,Recife - PE,N7,7445,Habitação,2,2.57,-1.78,0.36,13.6364
2022-08-01,2022,8,1501,Belém - PA,N7,7445,Habitação,2,3.14,-3.38,1.86,15.073
2023-05-01,2023,5,2901,Salvador - BA,N7,7486,Artigos de residência,3,0.07,-0.35,-0.83,4.1129
2020-10-01,2020,10,3101,Belo Horizonte - MG,N7,7766,Educação,8,0.06,0.37,,5.5862
2025-05-01,2025,5,3201,Grande Vitória - ES,N7,7445,Habitação,2,0.81,2.87,3.66,15.1683
2020-11-01,2020,11,2601,Recife - PE,N7,7625,Transportes,5,-0.25,-0.26,,18.2991
2021-06-01,2021,6,2601,Recife - PE,N7,7558,Vestuário,4,0.97,1.4,3.55,5.5086
2022-11-01,2022,11,2301,Fortaleza - CE,N7,7486,Artigos de residência,3,-0.33,8.88,10.49,4.2301
2023-05-01,2023,5,3501,São Paulo - SP,N7,7660,Saúde e cuidados pessoais,6,0.9,5.08,12.42,12.8777
2021-07-01,2021,7,4301,Porto Alegre - RS,N7,7558,Vestuário,4,0.57,4.18,4.85,4.6219
2020-08-01,2020,8,2901,Salvador - BA,N7,7169,Índice geral,0,0.13,1.48,,100.0
2020-02-01,2020,2,3501,São Paulo - SP,N7,7766,Educação,8,3.64,3.78,,7.08
2020-12-01,2020,12,2301,Fortaleza - CE,N7,7625,Transportes,5,1.58,1.04,1.04,18.2942
2020-06-01,2020,6,1501,Belém - PA,N7,7170,Alimentação e bebidas,1,0.76,4.51,,25.9111
2022-06-01,2022,6,3101,Belo Horizonte - MG,N7,7169,Índice geral,0,0.83,5.58,11.38,100.0
2026-04-01,2026,4,3501,São Paulo - SP,N7,7786,Comunicação,9,0.47,1.15,1.11,4.4793
2024-04-01,2024,4,3201,Grande Vitória - ES,N7,7558,Vestuário,4,0.22,-0.36,1.78,3.958
2026-03-01,2026,3,3501,São Paulo - SP,N7,7558,Vestuário,4,0.28,0.84,5.81,4.0383
2022-11-01,2022,11,3501,São Paulo - SP,N7,7660,Saúde e cuidados pessoais,6,0.26,9.68,10.44,12.6304
2023-12-01,2023,12,2601,Recife - PE,N7,7445,Habitação,2,0.26,3.44,3.44,13.758
2025-08-01,2025,8,1501,Belém - PA,N7,7625,Transportes,5,-0.47,1.53,2.7,18.4278
2021-08-01,2021,8,3301,Rio de Janeiro - RJ,N7,7712,Despesas pessoais,7,0.83,2.63,2.81,9.2501
2021-01-01,2021,1,3301,Rio de Janeiro - RJ,N7,7786,Comunicação,9,-0.18,-0.18,4.4,7.252
2026-02-01,2026,2,3101,Belo Horizonte - MG,N7,7660,Saúde e cuidados pessoais,6,0.65,1.15,5.82,14.7726
2022-06-01,2022,6,4301,Porto Alegre - RS,N7,7660,Saúde e cuidados pessoais,6,1.04,5.62,5.38,12.1915
2025-04-01,2025,4,3301,Rio de Janeiro - RJ,N7,7712,Despesas pessoais,7,0.43,2.57,6.69,9.409
2022-08-01,2022,8,2901,Salvador - BA,N7,7625,Transportes,5,-4.35,0.08,9.67,19.7859
2025-08-01,2025,8,3201,Grande Vitória - ES,N7,7558,Vestuário,4,1.16,3.23,4.16,3.8927
2021-07-01,2021,7,1501,Belém - PA,N7,7445,Habitação,2,3.69,5.33,9.42,15.4035
2021-07-01,2021,7,3501,São Paulo - SP,N7,7766,Educação,8,0.33,2.2,-0.52,6.8084
2024-01-01,2024,1,2301,Fortaleza - CE,N7,7766,Educação,8,0.38,0.38,9.38,6.4535
2022-06-01,2022,6,4301,Porto Alegre - RS,N7,7786,Comunicação,9,0.17,1.65,3.47,5.6907
2025-02-01,2025,2,2901,Salvador - BA,N7,7660,Saúde e cuidados pessoais,6,0.57,1.22,6.06,15.3662
2021-02-01,2021,2,3301,Rio de Janeiro - RJ,N7,7169,Índice geral,0,0.38,0.56,4.64,100.0
2023-01-01,2023,1,4101,Curitiba - PR,N7,7558,Vestuário,4,-0.44,-0.44,11.68,4.9966
2022-01-01,2022,1,3101,Belo Horizonte - MG,N7,7766,Educação,8,0.26,0.26,3.89,5.0936
2020-01-01,2020,1,4301,Porto Alegre - RS,N7,7445,Habitação,2,0.85,0.85,,14.652
2024-08-01,2024,8,4301,Porto Alegre - RS,N7,7445,Habitação,2,-0.25,1.38,2.06,14.1688
2025-12-01,2025,12,3101,Belo Horizonte - MG,N7,7766,Educação,8,0.07,5.74,5.74,5.5148
2024-04-01,2024,4,3101,Belo Horizonte - MG,N7,7625,Transportes,5,0.69,1.36,5.22,19.8608
2020-04-01,2020,4,3501,São Paulo - SP,N7,7786,Comunicação,9,-0.14,0.38,,5.7016
2026-01-01,2026,1,3501,São Paulo - SP,N7,7486,Artigos de residência,3,0.21,0.21,0.76,3.3556
2021-12-01,2021,12,3101,Belo Horizonte - MG,N7,7625,Transportes,5,0.86,23.71,23.71,21.5909
2024-09-01,2024,9,2301,Fortaleza - CE,N7,7169,Índice geral,0,0.3,3.31,4.42,100.0
2024-07-01,2024,7,3201,Grande Vitória - ES,N7,7660,Saúde e cuidados pessoais,6,0.21,4.08,5.69,16.0555
2024-02-01,2024,2,3501,São Paulo - SP,N7,7445,Habitação,2,0.0,0.6,2.59,16.4218
2021-03-01,2021,3,3301,Rio de Janeiro - RJ,N7,7170,Alimentação e bebidas,1,-0.52,0.94,12.84,20.7399
2020-11-01,2020,11,4301,Porto Alegre - RS,N7,7766,Educação,8,-0.08,0.98,,5.2017
2025-03-01,2025,3,3101,Belo Horizonte - MG,N7,7486,Artigos de residência,3,0.58,1.16,1.56,3.801
2026-03-01,2026,3,3301,Rio de Janeiro - RJ,N7,7558,Vestuário,4,0.79,0.06,4.91,3.7482
2020-01-01,2020,1,3101,Belo Horizonte - MG,N7,7558,Vestuário,4,-0.46,-0.46,,4.8234
2020-12-01,2020,12,1501,Belém - PA,N7,7660,Saúde e cuidados pessoais,6,0.21,0.23,0.23,12.9181
2023-02-01,2023,2,3501,São Paulo - SP,N7,7766,Educação,8,6.86,7.21,8.6,6.4322
2023-08-01,2023,8,4101,Curitiba - PR,N7,7786,Comunicação,9,-0.38,3.37,1.35,4.2675
2020-05-01,2020,5,3301,Rio de Janeiro - RJ,N7,7625,Transportes,5,-1.86,-3.28,,19.5496
2026-05-01,2026,5,4101,Curitiba - PR,N7,7486,Artigos de residência,3,0.25,1.4,1.68,3.8262
2020-05-01,2020,5,4301,Porto Alegre - RS,N7,7625,Transportes,5,-1.6,-6.42,,20.0428
2021-10-01,2021,10,2601,Recife - PE,N7,7786,Comunicação,9,0.16,0.65,1.42,4.491
2023-06-01,2023,6,4301,Porto Alegre - RS,N7,7625,Transportes,5,0.2,2.88,-6.04,20.373
2025-07-01,2025,7,3501,São Paulo - SP,N7,7660,Saúde e cuidados pessoais,6,0.28,3.72,5.28,13.1806
2021-10-01,2021,10,3101,Belo Horizonte - MG,N7,7169,Índice geral,0,1.22,7.77,10.46,100.0
2025-08-01,2025,8,3301,Rio de Janeiro - RJ,N7,7486,Artigos de residência,3,-0.61,-0.22,-0.92,2.8138
2024-12-01,2024,12,3101,Belo Horizonte - MG,N7,7660,Saúde e cuidados pessoais,6,0.43,6.31,6.31,14.4995
2023-01-01,2023,1,4301,Porto Alegre - RS,N7,7625,Transportes,5,-0.09,-0.09,-4.18,20.4056
2021-08-01,2021,8,3501,São Paulo - SP,N7,7445,Habitação,2,0.59,7.84,11.77,17.1072
2025-10-01,2025,10,3301,Rio de Janeiro - RJ,N7,7170,Alimentação e bebidas,1,0.0,1.2,4.19,20.6862
2021-05-01,2021,5,3201,Grande Vitória - ES,N7,7170,Alimentação e bebidas,1,1.2,0.47,12.83,17.0944
2021-02-01,2021,2,4301,Porto Alegre - RS,N7,7170,Alimentação e bebidas,1,0.94,1.59,15.04,21.2923
2025-06-01,2025,6,4101,Curitiba - PR,N7,7486,Artigos de residência,3,0.38,2.24,5.42,3.8866
2020-11-01,2020,11,2301,Fortaleza - CE,N7,7169,Índice geral,0,0.8,4.23,,100.0
2020-12-01,2020,12,2301,Fortaleza - CE,N7,7445,Habitação,2,3.31,6.45,6.45,16.4132
2021-04-01,2021,4,4101,Curitiba - PR,N7,7712,Despesas pessoais,7,0.41,0.18,0.91,9.4107
2025-01-01,2025,1,4101,Curitiba - PR,N7,7558,Vestuário,4,0.8,0.8,3.89,4.9415
2022-07-01,2022,7,3101,Belo Horizonte - MG,N7,7625,Transportes,5,-5.71,1.03,12.2,21.9369
2024-12-01,2024,12,2901,Salvador - BA,N7,7712,Despesas pessoais,7,0.32,4.9,4.9,10.0953
2024-06-01,2024,6,4301,Porto Alegre - RS,N7,7169,Índice geral,0,-0.14,1.91,3.71,100.0
2025-12-01,2025,12,3501,São Paulo - SP,N7,7625,Transportes,5,0.78,3.75,3.75,19.5486
2022-12-01,2022,12,2301,Fortaleza - CE,N7,7766,Educação,8,0.02,7.66,7.66,6.2247
2021-01-01,2021,1,2601,Recife - PE,N7,7558,Vestuário,4,0.41,0.41,2.15,5.6599
2022-11-01,2022,11,3301,Rio de Janeiro - RJ,N7,7486,Artigos de residência,3,-0.82,7.62,9.75,3.1885
2022-10-01,2022,10,1501,Belém - PA,N7,7712,Despesas pessoais,7,0.72,6.19,6.97,7.6537
2022-08-01,2022,8,2301,Fortaleza - CE,N7,7766,Educação,8,1.44,7.51,7.46,6.0987
2025-04-01,2025,4,2301,Fortaleza - CE,N7,7170,Alimentação e bebidas,1,0.55,3.65,7.0,24.8766
2025-12-01,2025,12,2301,Fortaleza - CE,N7,7169,Índice geral,0,0.17,4.06,4.06,100.0
2023-12-01,2023,12,1501,Belém - PA,N7,7169,Índice geral,0,0.73,4.82,4.82,100.0
2022-04-01,2022,4,1501,Belém - PA,N7,7786,Comunicação,9,-0.6,0.49,2.41,4.5563
2021-04-01,2021,4,3301,Rio de Janeiro - RJ,N7,7169,Índice geral,0,0.56,1.91,5.36,100.0
2024-05-01,2024,5,4101,Curitiba - PR,N7,7766,Educação,8,0.14,5.12,6.2,5.512
2021-12-01,2021,12,2301,Fortaleza - CE,N7,7445,Habitação,2,0.42,13.55,13.55,17.1749
2020-05-01,2020,5,4101,Curitiba - PR,N7,7169,Índice geral,0,-0.57,-1.46,,100.0
2024-05-01,2024,5,3101,Belo Horizonte - MG,N7,7169,Índice geral,0,0.63,3.16,5.07,100.0
2022-09-01,2022,9,2901,Salvador - BA,N7,7786,Comunicação,9,-2.55,-1.88,-1.04,4.2411
2021-06-01,2021,6,3101,Belo Horizonte - MG,N7,7625,Transportes,5,0.75,10.27,17.63,20.2617
2022-04-01,2022,4,3301,Rio de Janeiro - RJ,N7,7170,Alimentação e bebidas,1,1.7,6.65,13.95,20.6991
2022-02-01,2022,2,2601,Recife - PE,N7,7445,Habitação,2,0.28,0.55,14.71,14.7164
2023-03-01,2023,3,2601,Recife - PE,N7,7786,Comunicação,9,0.38,2.39,-0.15,4.1454
2023-01-01,2023,1,2901,Salvador - BA,N7,7169,Índice geral,0,1.09,1.09,6.53,100.0
2020-04-01,2020,4,1501,Belém - PA,N7,7486,Artigos de residência,3,-2.05,-2.22,,3.8822
2021-03-01,2021,3,4101,Curitiba - PR,N7,7486,Artigos de residência,3,0.87,2.71,9.17,4.1437
2023-03-01,2023,3,3201,Grande Vitória - ES,N7,7558,Vestuário,4,1.17,1.13,13.86,3.9873
2023-02-01,2023,2,2601,Recife - PE,N7,7660,Saúde e cuidados pessoais,6,1.27,1.15,11.7,14.4491
2026-01-01,2026,1,1501,Belém - PA,N7,7169,Índice geral,0,0.16,0.16,3.69,100.0
2026-06-01,2026,6,1501,Belém - PA,N7,7625,Transportes,5,-0.19,3.49,4.35,18.3258
2026-05-01,2026,5,3201,Grande Vitória - ES,N7,7786,Comunicação,9,-0.04,2.29,2.18,5.0583
2023-01-01,2023,1,1501,Belém - PA,N7,7445,Habitação,2,-0.23,-0.23,0.72,15.7678
2020-09-01,2020,9,1501,Belém - PA,N7,7660,Saúde e cuidados pessoais,6,0.09,0.02,,13.2475
2022-10-01,2022,10,1501,Belém - PA,N7,7660,Saúde e cuidados pessoais,6,1.87,11.2,9.44,12.5407
2021-08-01,2021,8,2301,Fortaleza - CE,N7,7660,Saúde e cuidados pessoais,6,-0.33,3.98,4.36,13.0916
2020-04-01,2020,4,3101,Belo Horizonte - MG,N7,7486,Artigos de residência,3,-0.92,-1.79,,3.8451
2025-04-01,2025,4,3201,Grande Vitória - ES,N7,7486,Artigos de residência,3,0.06,2.17,3.98,3.6842
2024-08-01,2024,8,2601,Recife - PE,N7,7712,Despesas pessoais,7,0.18,2.02,3.35,8.4147
2022-02-01,2022,2,2901,Salvador - BA,N7,7169,Índice geral,0,0.83,1.7,11.33,100.0
2025-10-01,2025,10,2901,Salvador - BA,N7,7558,Vestuário,4,0.64,3.72,5.08,5.2626
2022-05-01,2022,5,2901,Salvador - BA,N7,7486,Artigos de residência,3,0.95,6.45,17.66,4.3243
2024-10-01,2024,10,3501,São Paulo - SP,N7,7169,Índice geral,0,0.67,4.05,5.05,100.0
2023-08-01,2023,8,2301,Fortaleza - CE,N7,7712,Despesas pessoais,7,0.31,2.89,3.29,7.5257
2025-05-01,2025,5,4301,Porto Alegre - RS,N7,7170,Alimentação e bebidas,1,0.19,4.8,3.17,21.5382
2021-02-01,2021,2,4101,Curitiba - PR,N7,7558,Vestuário,4,-0.36,-0.02,3.12,4.8371
2020-12-01,2020,12,1501,Belém - PA,N7,7786,Comunicação,9,-0.16,1.29,1.29,5.0395
2022-10-01,2022,10,3101,Belo Horizonte - MG,N7,7486,Artigos de residência,3,-0.1,6.04,8.75,4.3486
2023-09-01,2023,9,1501,Belém - PA,N7,7766,Educação,8,0.0,8.35,8.92,3.6174
2024-12-01,2024,12,3201,Grande Vitória - ES,N7,7766,Educação,8,0.23,6.68,6.68,5.4628
2021-09-01,2021,9,3501,São Paulo - SP,N7,7170,Alimentação e bebidas,1,1.13,6.12,12.24,19.8221
2020-05-01,2020,5,4101,Curitiba - PR,N7,7486,Artigos de residência,3,0.24,-3.29,,3.9593
2021-08-01,2021,8,4101,Curitiba - PR,N7,7558,Vestuário,4,1.39,5.26,8.45,4.7222
2025-06-01,2025,6,3301,Rio de Janeiro - RJ,N7,7486,Artigos de residência,3,0.19,0.52,0.51,2.8211
2022-06-01,2022,6,1501,Belém - PA,N7,7445,Habitação,2,0.92,-3.84,8.61,15.1716
2025-03-01,2025,3,4301,Porto Alegre - RS,N7,7169,Índice geral,0,0.76,2.03,5.13,100.0
2021-04-01,2021,4,4101,Curitiba - PR,N7,7486,Artigos de residência,3,0.64,3.38,12.96,4.1247
2021-01-01,2021,1,1501,Belém - PA,N7,7558,Vestuário,4,-0.17,-0.17,-1.56,6.0276
2024-10-01,2024,10,3301,Rio de Janeiro - RJ,N7,7766,Educação,8,0.05,6.39,6.57,5.4834
2025-02-01,2025,2,1501,Belém - PA,N7,7445,Habitação,2,5.07,0.57,1.07,14.8203
2024-03-01,2024,3,2601,Recife - PE,N7,7660,Saúde e cuidados pessoais,6,0.35,2.1,6.16,14.9085
2024-06-01,2024,6,3301,Rio de Janeiro - RJ,N7,7786,Comunicação,9,0.02,1.19,-1.06,6.0683
2026-03-01,2026,3,4101,Curitiba - PR,N7,7660,Saúde e cuidados pessoais,6,0.41,1.89,6.13,10.9305
2021-12-01,2021,12,1501,Belém - PA,N7,7170,Alimentação e bebidas,1,0.19,3.87,3.87,26.74
2021-12-01,2021,12,1501,Belém - PA,N7,7766,Educação,8,-0.06,6.54,6.54,3.3895
2024-05-01,2024,5,2301,Fortaleza - CE,N7,7660,Saúde e cuidados pessoais,6,0.89,4.24,6.3,13.5363
2026-02-01,2026,2,3501,São Paulo - SP,N7,7558,Vestuário,4,0.28,0.56,6.14,4.0662
2024-06-01,2024,6,3201,Grande Vitória - ES,N7,7660,Saúde e cuidados pessoais,6,0.38,3.86,5.57,16.0031
2020-07-01,2020,7,3301,Rio de Janeiro - RJ,N7,7660,Saúde e cuidados pessoais,6,0.77,1.87,,13.5939
2022-12-01,2022,12,2901,Salvador - BA,N7,7786,Comunicação,9,0.1,-2.87,-2.87,4.065
2021-02-01,2021,2,3301,Rio de Janeiro - RJ,N7,7170,Alimentação e bebidas,1,0.28,1.47,15.17,20.7604
2022-02-01,2022,2,2601,Recife - PE,N7,7558,Vestuário,4,1.09,1.86,10.71,5.6001
2023-02-01,2023,2,2901,Salvador - BA,N7,7486,Artigos de residência,3,-0.17,-0.56,0.82,4.1865
2025-12-01,2025,12,1501,Belém - PA,N7,7170,Alimentação e bebidas,1,0.58,2.95,2.95,27.0224
2021-10-01,2021,10,1501,Belém - PA,N7,7486,Artigos de residência,3,1.32,10.15,11.07,3.8445
2025-12-01,2025,12,4101,Curitiba - PR,N7,7170,Alimentação e bebidas,1,-0.79,3.03,3.03,21.5887
2020-11-01,2020,11,4301,Porto Alegre - RS,N7,7170,Alimentação e bebidas,1,2.37,11.48,,20.7282
2024-05-01,2024,5,2301,Fortaleza - CE,N7,7170,Alimentação e bebidas,1,1.25,5.16,4.71,24.4804
2020-10-01,2020,10,1501,Belém - PA,N7,7625,Transportes,5,0.88,-1.35,,17.9937
2020-11-01,2020,11,3301,Rio de Janeiro - RJ,N7,7625,Transportes,5,1.03,-0.82,,19.2738
2022-03-01,2022,3,3501,São Paulo - SP,N7,7660,Saúde e cuidados pessoais,6,0.68,1.53,4.41,12.0828
2023-04-01,2023,4,3201,Grande Vitória - ES,N7,7766,Educação,8,0.1,6.99,7.86,5.3892
2021-10-01,2021,10,4301,Porto Alegre - RS,N7,7558,Vestuário,4,1.51,7.58,7.54,4.5682
2020-12-01,2020,12,2901,Salvador - BA,N7,7170,Alimentação e bebidas,1,0.25,14.04,14.04,22.6597
2022-05-01,2022,5,2901,Salvador - BA,N7,7786,Comunicação,9,0.96,2.29,3.1,4.3233
2025-12-01,2025,12,1501,Belém - PA,N7,7766,Educação,8,0.06,6.54,6.54,3.7855
2023-01-01,2023,1,3501,São Paulo - SP,N7,7712,Despesas pessoais,7,0.81,0.81,8.82,11.0542
2024-08-01,2024,8,1501,Belém - PA,N7,7766,Educação,8,0.58,7.18,7.68,3.7137
2023-12-01,2023,12,3501,São Paulo - SP,N7,7445,Habitação,2,0.18,3.24,3.24,16.4223
2026-05-01,2026,5,3101,Belo Horizonte - MG,N7,7170,Alimentação e bebidas,1,0.92,5.05,4.17,22.4273
2021-02-01,2021,2,2901,Salvador - BA,N7,7558,Vestuário,4,-1.28,-1.39,-8.11,4.6931
2024-01-01,2024,1,3301,Rio de Janeiro - RJ,N7,7169,Índice geral,0,0.44,0.44,4.3,100.0
2023-10-01,2023,10,3501,São Paulo - SP,N7,7660,Saúde e cuidados pessoais,6,0.45,6.27,8.14,12.9755
2025-04-01,2025,4,2301,Fortaleza - CE,N7,7486,Artigos de residência,3,0.06,1.22,3.04,3.884
2022-02-01,2022,2,2601,Recife - PE,N7,7786,Comunicação,9,0.23,0.96,3.06,4.4415
2023-01-01,2023,1,3101,Belo Horizonte - MG,N7,7170,Alimentação e bebidas,1,0.91,0.91,12.75,22.9112
2021-05-01,2021,5,2301,Fortaleza - CE,N7,7486,Artigos de residência,3,1.07,4.95,12.04,4.0592
2020-03-01,2020,3,2301,Fortaleza - CE,N7,7766,Educação,8,0.23,5.56,,6.806
2025-10-01,2025,10,2601,Recife - PE,N7,7169,Índice geral,0,0.17,3.84,4.64,100.0
2025-11-01,2025,11,3101,Belo Horizonte - MG,N7,7660,Saúde e cuidados pessoais,6,0.12,5.0,5.45,14.7177
2021-11-01,2021,11,2301,Fortaleza - CE,N7,7786,Comunicação,9,-0.68,-0.28,0.18,4.3131
2025-04-01,2025,4,2601,Recife - PE,N7,7625,Transportes,5,-0.57,3.36,4.7,19.3153
2026-02-01,2026,2,3301,Rio de Janeiro - RJ,N7,7766,Educação,8,4.89,5.06,6.5,5.5454
2024-09-01,2024,9,3301,Rio de Janeiro - RJ,N7,7558,Vestuário,4,0.12,0.39,2.22,3.7735
2023-01-01,2023,1,4101,Curitiba - PR,N7,7170,Alimentação e bebidas,1,-0.18,-0.18,9.97,21.6993
2025-11-01,2025,11,2601,Recife - PE,N7,7486,Artigos de residência,3,-0.34,-1.6,-0.77,3.6942
2021-11-01,2021,11,2901,Salvador - BA,N7,7445,Habitação,2,1.54,12.23,15.96,14.5752
2026-05-01,2026,5,4301,Porto Alegre - RS,N7,7660,Saúde e cuidados pessoais,6,0.93,4.09,5.78,13.5429
2024-11-01,2024,11,3201,Grande Vitória - ES,N7,7558,Vestuário,4,0.02,0.92,0.91,3.9228
2023-09-01,2023,9,3301,Rio de Janeiro - RJ,N7,7170,Alimentação e bebidas,1,-0.75,-1.83,-0.36,20.2892
2024-11-01,2024,11,2601,Recife - PE,N7,7486,Artigos de residência,3,-0.5,-2.11,-1.6,3.902
2023-04-01,2023,4,2601,Recife - PE,N7,7766,Educação,8,0.1,8.67,9.5,6.0541
2026-06-01,2026,6,2301,Fortaleza - CE,N7,7170,Alimentação e bebidas,1,0.45,4.73,3.64,24.3423
2024-03-01,2024,3,4301,Porto Alegre - RS,N7,7766,Educação,8,0.36,4.39,7.7,5.1354
2020-09-01,2020,9,2901,Salvador - BA,N7,7486,Artigos de residência,3,0.88,-0.64,,4.0773
2023-06-01,2023,6,2901,Salvador - BA,N7,7445,Habitação,2,-0.36,7.18,6.53,14.5737
2020-04-01,2020,4,3301,Rio de Janeiro - RJ,N7,7170,Alimentação e bebidas,1,1.57,2.22,,19.0435
2023-10-01,2023,10,3301,Rio de Janeiro - RJ,N7,7712,Despesas pessoais,7,0.54,4.3,5.29,9.3742
2025-03-01,2025,3,3301,Rio de Janeiro - RJ,N7,7169,Índice geral,0,0.53,2.01,5.22,100.0
2024-10-01,2024,10,1501,Belém - PA,N7,7445,Habitação,2,1.97,3.82,5.54,15.9276
2024-11-01,2024,11,3201,Grande Vitória - ES,N7,7170,Alimentação e bebidas,1,1.25,5.37,6.6,17.5504
2020-01-01,2020,1,2601,Recife - PE,N7,7625,Transportes,5,0.3,0.3,,18.9644
2026-05-01,2026,5,2901,Salvador - BA,N7,7558,Vestuário,4,0.4,-0.78,3.74,5.0885
2022-01-01,2022,1,3301,Rio de Janeiro - RJ,N7,7786,Comunicação,9,1.08,1.08,2.99,6.793
2022-10-01,2022,10,4101,Curitiba - PR,N7,7625,Transportes,5,0.69,2.03,5.11,25.7362
2022-01-01,2022,1,2601,Recife - PE,N7,7625,Transportes,5,-0.03,-0.03,21.62,20.2332
2022-07-01,2022,7,4101,Curitiba - PR,N7,7170,Alimentação e bebidas,1,1.26,10.33,13.79,21.035
2023-10-01,2023,10,2901,Salvador - BA,N7,7169,Índice geral,0,0.29,3.79,4.46,100.0
2025-07-01,2025,7,3501,São Paulo - SP,N7,7766,Educação,8,0.01,5.22,6.31,6.9768
2023-04-01,2023,4,3301,Rio de Janeiro - RJ,N7,7169,Índice geral,0,0.85,2.6,4.14,100.0
2026-01-01,2026,1,1501,Belém - PA,N7,7170,Alimentação e bebidas,1,0.28,0.28,1.57,27.2063
2020-11-01,2020,11,3201,Grande Vitória - ES,N7,7558,Vestuário,4,0.31,-2.2,,3.8192
2020-09-01,2020,9,4301,Porto Alegre - RS,N7,7660,Saúde e cuidados pessoais,6,-0.89,-0.47,,13.3992
2020-10-01,2020,10,3501,São Paulo - SP,N7,7558,Vestuário,4,0.95,-2.19,,3.756
2022-10-01,2022,10,3201,Grande Vitória - ES,N7,7445,Habitação,2,1.6,-1.66,-0.48,15.5516
2022-12-01,2022,12,3201,Grande Vitória - ES,N7,7625,Transportes,5,0.71,1.33,1.33,23.6811
2022-09-01,2022,9,2601,Recife - PE,N7,7445,Habitação,2,0.6,-4.25,-2.75,13.4959
2022-05-01,2022,5,4301,Porto Alegre - RS,N7,7660,Saúde e cuidados pessoais,6,1.04,4.54,4.87,12.1225
2024-08-01,2024,8,4101,Curitiba - PR,N7,7169,Índice geral,0,-0.36,2.32,2.96,100.0
2021-01-01,2021,1,4101,Curitiba - PR,N7,7170,Alimentação e bebidas,1,1.53,1.53,15.01,21.2093
2024-04-01,2024,4,2301,Fortaleza - CE,N7,7169,Índice geral,0,-0.15,1.66,3.99,100.0
2026-03-01,2026,3,2301,Fortaleza - CE,N7,7712,Despesas pessoais,7,0.56,1.24,6.32,7.6694
2025-10-01,2025,10,4301,Porto Alegre - RS,N7,7766,Educação,8,-0.07,5.59,5.57,5.1719
2021-06-01,2021,6,4301,Porto Alegre - RS,N7,7169,Índice geral,0,0.79,4.14,9.07,100.0
2020-09-01,2020,9,1501,Belém - PA,N7,7558,Vestuário,4,-0.36,-2.15,,6.2309
2021-02-01,2021,2,3501,São Paulo - SP,N7,7169,Índice geral,0,0.83,1.07,4.93,100.0
2022-03-01,2022,3,3501,São Paulo - SP,N7,7445,Habitação,2,0.94,2.54,15.77,17.1947
2022-09-01,2022,9,3301,Rio de Janeiro - RJ,N7,7558,Vestuário,4,1.61,16.47,21.08,3.7531
2020-07-01,2020,7,3301,Rio de Janeiro - RJ,N7,7169,Índice geral,0,0.24,0.64,,100.0
2020-06-01,2020,6,4301,Porto Alegre - RS,N7,7786,Comunicação,9,1.19,1.01,,6.3231
2022-11-01,2022,11,3501,São Paulo - SP,N7,7170,Alimentação e bebidas,1,0.15,10.86,11.79,20.5951
2025-02-01,2025,2,3501,São Paulo - SP,N7,7170,Alimentação e bebidas,1,0.16,0.9,7.75,20.9247
2021-12-01,2021,12,1501,Belém - PA,N7,7169,Índice geral,0,0.95,8.1,8.1,100.0
2022-06-01,2022,6,2601,Recife - PE,N7,7660,Saúde e cuidados pessoais,6,1.37,6.35,6.44,13.705
2020-12-01,2020,12,4301,Porto Alegre - RS,N7,7625,Transportes,5,1.46,-0.46,-0.46,20.1949
2025-08-01,2025,8,3301,Rio de Janeiro - RJ,N7,7712,Despesas pessoais,7,0.37,3.25,6.45,9.4126
2021-02-01,2021,2,2601,Recife - PE,N7,7660,Saúde e cuidados pessoais,6,1.0,1.33,2.47,14.5163
2021-09-01,2021,9,1501,Belém - PA,N7,7660,Saúde e cuidados pessoais,6,0.2,2.5,2.72,12.384
2025-11-01,2025,11,2301,Fortaleza - CE,N7,7712,Despesas pessoais,7,0.84,6.47,6.84,7.6994
2026-06-01,2026,6,3201,Grande Vitória - ES,N7,7625,Transportes,5,0.85,2.88,4.93,23.266
2026-03-01,2026,3,3201,Grande Vitória - ES,N7,7625,Transportes,5,1.55,2.16,2.54,23.3127
2022-06-01,2022,6,3201,Grande Vitória - ES,N7,7660,Saúde e cuidados pessoais,6,1.16,4.61,4.86,14.7165
2024-01-01,2024,1,3501,São Paulo - SP,N7,7170,Alimentação e bebidas,1,0.74,0.74,2.39,20.0728
2025-02-01,2025,2,3301,Rio de Janeiro - RJ,N7,7625,Transportes,5,0.25,1.83,3.64,20.0011
2020-05-01,2020,5,2901,Salvador - BA,N7,7786,Comunicação,9,0.47,0.0,,4.8466
2023-04-01,2023,4,2301,Fortaleza - CE,N7,7486,Artigos de residência,3,0.47,1.75,5.02,4.1558
2021-03-01,2021,3,2901,Salvador - BA,N7,7558,Vestuário,4,0.25,-1.14,-8.17,4.5904
2021-10-01,2021,10,3501,São Paulo - SP,N7,7445,Habitação,2,1.08,11.57,14.59,17.2575
2024-07-01,2024,7,3501,São Paulo - SP,N7,7786,Comunicação,9,-0.09,1.36,0.7,4.7881
2025-03-01,2025,3,2301,Fortaleza - CE,N7,7766,Educação,8,0.03,5.26,7.36,6.9078
2024-10-01,2024,10,3201,Grande Vitória - ES,N7,7786,Comunicação,9,0.43,4.05,3.95,5.2532
2025-10-01,2025,10,3201,Grande Vitória - ES,N7,7660,Saúde e cuidados pessoais,6,0.43,4.71,5.18,15.9612
2026-01-01,2026,1,1501,Belém - PA,N7,7766,Educação,8,-0.66,-0.66,5.81,3.7917
2021-11-01,2021,11,4301,Porto Alegre - RS,N7,7169,Índice geral,0,0.96,10.07,12.1,100.0
2025-05-01,2025,5,1501,Belém - PA,N7,7486,Artigos de residência,3,-0.42,0.72,3.53,3.6793
2022-01-01,2022,1,1501,Belém - PA,N7,7445,Habitação,2,-1.15,-1.15,15.04,16.678
2020-05-01,2020,5,2601,Recife - PE,N7,7486,Artigos de residência,3,1.18,0.69,,4.0445
2023-03-01,2023,3,2301,Fortaleza - CE,N7,7786,Comunicação,9,-0.08,1.93,-1.93,3.9202
2026-06-01,2026,6,4101,Curitiba - PR,N7,7786,Comunicação,9,0.02,3.06,2.32,4.1065
2025-04-01,2025,4,3501,São Paulo - SP,N7,7445,Habitação,2,0.09,2.09,4.28,16.0105
2025-10-01,2025,10,3501,São Paulo - SP,N7,7170,Alimentação e bebidas,1,-0.03,3.4,6.29,20.6568
2024-01-01,2024,1,3201,Grande Vitória - ES,N7,7766,Educação,8,0.27,0.27,8.08,5.3241
2026-01-01,2026,1,4301,Porto Alegre - RS,N7,7625,Transportes,5,0.01,0.01,2.9,20.8012
2025-03-01,2025,3,3101,Belo Horizonte - MG,N7,7660,Saúde e cuidados pessoais,6,0.59,1.62,5.93,14.4218
2022-08-01,2022,8,3201,Grande Vitória - ES,N7,7712,Despesas pessoais,7,0.35,4.84,7.5,8.5301
2022-05-01,2022,5,3501,São Paulo - SP,N7,7766,Educação,8,0.0,6.19,6.04,6.5296
2023-09-01,2023,9,2901,Salvador - BA,N7,7712,Despesas pessoais,7,0.62,3.62,4.61,9.8603
2025-12-01,2025,12,3201,Grande Vitória - ES,N7,7625,Transportes,5,0.58,3.59,3.59,23.3603
2020-10-01,2020,10,3101,Belo Horizonte - MG,N7,7170,Alimentação e bebidas,1,2.94,10.68,,20.7596
2024-02-01,2024,2,3301,Rio de Janeiro - RJ,N7,7169,Índice geral,0,0.88,1.32,4.54,100.0
2023-04-01,2023,4,3301,Rio de Janeiro - RJ,N7,7486,Artigos de residência,3,0.0,0.39,1.31,3.0879
2023-01-01,2023,1,1501,Belém - PA,N7,7660,Saúde e cuidados pessoais,6,-1.12,-1.12,11.34,12.7943
2026-02-01,2026,2,4101,Curitiba - PR,N7,7445,Habitação,2,-0.09,0.26,4.84,14.2837
2023-01-01,2023,1,3201,Grande Vitória - ES,N7,7169,Índice geral,0,0.92,0.92,5.39,100.0
2024-12-01,2024,12,4301,Porto Alegre - RS,N7,7625,Transportes,5,1.05,2.61,2.61,21.0314
2022-03-01,2022,3,2901,Salvador - BA,N7,7786,Comunicação,9,0.22,1.07,2.03,4.3988
2020-11-01,2020,11,2901,Salvador - BA,N7,7660,Saúde e cuidados pessoais,6,0.45,2.14,,15.3589
2023-02-01,2023,2,1501,Belém - PA,N7,7712,Despesas pessoais,7,0.35,1.22,6.61,7.6386
2024-06-01,2024,6,3501,São Paulo - SP,N7,7169,Índice geral,0,0.29,2.34,4.18,100.0
2026-02-01,2026,2,4301,Porto Alegre - RS,N7,7170,Alimentação e bebidas,1,-0.27,0.27,2.49,21.0242
2023-04-01,2023,4,1501,Belém - PA,N7,7660,Saúde e cuidados pessoais,6,1.11,2.99,10.99,12.7623
2024-01-01,2024,1,2901,Salvador - BA,N7,7660,Saúde e cuidados pessoais,6,0.97,0.97,6.85,15.0336
2023-10-01,2023,10,3201,Grande Vitória - ES,N7,7625,Transportes,5,0.52,6.0,6.68,24.05
2022-08-01,2022,8,2601,Recife - PE,N7,7169,Índice geral,0,-1.4,3.94,8.43,100.0
2021-10-01,2021,10,3101,Belo Horizonte - MG,N7,7786,Comunicação,9,0.77,0.49,1.93,5.5554
2026-03-01,2026,3,4101,Curitiba - PR,N7,7169,Índice geral,0,0.7,1.44,3.03,100.0
2022-10-01,2022,10,4101,Curitiba - PR,N7,7766,Educação,8,0.07,5.79,5.77,5.2666
2023-01-01,2023,1,2901,Salvador - BA,N7,7170,Alimentação e bebidas,1,0.87,0.87,11.58,23.5461
2020-10-01,2020,10,4301,Porto Alegre - RS,N7,7660,Saúde e cuidados pessoais,6,-0.08,-0.55,,13.1905
2026-01-01,2026,1,4301,Porto Alegre - RS,N7,7712,Despesas pessoais,7,0.02,0.02,5.2,10.7013
2026-01-01,2026,1,2901,Salvador - BA,N7,7712,Despesas pessoais,7,1.09,1.09,6.7,10.346
2023-08-01,2023,8,4301,Porto Alegre - RS,N7,7766,Educação,8,1.38,8.26,9.09,4.9324
2025-05-01,2025,5,3301,Rio de Janeiro - RJ,N7,7169,Índice geral,0,0.21,2.38,4.98,100.0
2024-04-01,2024,4,3201,Grande Vitória - ES,N7,7786,Comunicação,9,1.13,2.5,3.36,5.2365
2023-06-01,2023,6,4101,Curitiba - PR,N7,7766,Educação,8,0.16,5.61,6.3,5.3468
2023-07-01,2023,7,3101,Belo Horizonte - MG,N7,7712,Despesas pessoais,7,0.63,3.65,5.84,10.5174
2022-08-01,2022,8,4101,Curitiba - PR,N7,7625,Transportes,5,-2.53,3.33,11.64,26.7568
2025-08-01,2025,8,2301,Fortaleza - CE,N7,7558,Vestuário,4,1.06,0.88,2.53,4.6498
2024-12-01,2024,12,3501,São Paulo - SP,N7,7558,Vestuário,4,1.43,2.85,2.85,4.0342
2022-07-01,2022,7,1501,Belém - PA,N7,7169,Índice geral,0,-1.29,3.66,7.17,100.0
2022-09-01,2022,9,3201,Grande Vitória - ES,N7,7445,Habitação,2,3.25,-3.21,0.93,15.0873
2023-12-01,2023,12,3101,Belo Horizonte - MG,N7,7786,Comunicação,9,0.13,3.27,3.27,5.1572
2020-10-01,2020,10,2301,Fortaleza - CE,N7,7625,Transportes,5,0.82,-0.39,,18.4692
2020-09-01,2020,9,3301,Rio de Janeiro - RJ,N7,7766,Educação,8,0.01,-0.26,,5.4221
2020-08-01,2020,8,2601,Recife - PE,N7,7786,Comunicação,9,1.93,3.58,,4.8367
2022-07-01,2022,7,1501,Belém - PA,N7,7766,Educação,8,0.25,6.91,7.46,3.4074
2022-06-01,2022,6,4101,Curitiba - PR,N7,7660,Saúde e cuidados pessoais,6,0.89,6.24,8.76,9.7284
2025-01-01,2025,1,4301,Porto Alegre - RS,N7,7660,Saúde e cuidados pessoais,6,0.83,0.83,5.47,13.2667
2025-09-01,2025,9,1501,Belém - PA,N7,7486,Artigos de residência,3,-1.51,-0.44,-0.32,3.6545
2020-08-01,2020,8,3301,Rio de Janeiro - RJ,N7,7712,Despesas pessoais,7,-0.1,0.36,,9.7389
2022-11-01,2022,11,3201,Grande Vitória - ES,N7,7445,Habitação,2,-0.67,-2.32,-1.87,15.7054
2025-01-01,2025,1,3101,Belo Horizonte - MG,N7,7712,Despesas pessoais,7,0.44,0.44,6.56,10.6993
2023-07-01,2023,7,3301,Rio de Janeiro - RJ,N7,7712,Despesas pessoais,7,-0.08,2.67,6.08,9.2997
2022-04-01,2022,4,2301,Fortaleza - CE,N7,7169,Índice geral,0,0.98,4.23,11.56,100.0
2026-02-01,2026,2,2901,Salvador - BA,N7,7170,Alimentação e bebidas,1,-0.09,0.17,0.77,22.5461
2025-02-01,2025,2,2901,Salvador - BA,N7,7766,Educação,8,4.64,4.88,6.01,5.9876
2023-05-01,2023,5,2301,Fortaleza - CE,N7,7625,Transportes,5,-0.01,6.75,-3.86,19.2474
2025-04-01,2025,4,3201,Grande Vitória - ES,N7,7170,Alimentação e bebidas,1,0.72,4.22,7.99,18.1244
2023-11-01,2023,11,2901,Salvador - BA,N7,7712,Despesas pessoais,7,0.53,4.62,5.31,9.9305
2023-04-01,2023,4,2901,Salvador - BA,N7,7170,Alimentação e bebidas,1,0.18,1.01,5.64,23.1934
2020-07-01,2020,7,2601,Recife - PE,N7,7766,Educação,8,-0.05,3.78,,6.2181
2025-08-01,2025,8,3101,Belo Horizonte - MG,N7,7766,Educação,8,0.74,5.5,5.76,5.4623
2022-05-01,2022,5,4101,Curitiba - PR,N7,7169,Índice geral,0,0.38,5.49,14.19,100.0
2022-05-01,2022,5,1501,Belém - PA,N7,7660,Saúde e cuidados pessoais,6,1.49,6.63,4.64,12.0078
2020-12-01,2020,12,1501,Belém - PA,N7,7170,Alimentação e bebidas,1,2.53,15.77,15.77,27.3443
2024-10-01,2024,10,2901,Salvador - BA,N7,7786,Comunicação,9,0.29,3.11,2.63,4.0078
2026-04-01,2026,4,4101,Curitiba - PR,N7,7486,Artigos de residência,3,0.36,1.15,1.27,3.8378
2021-10-01,2021,10,3101,Belo Horizonte - MG,N7,7712,Despesas pessoais,7,0.59,3.38,4.22,10.359
2026-06-01,2026,6,3101,Belo Horizonte - MG,N7,7625,Transportes,5,0.36,1.29,1.08,19.1072
2020-09-01,2020,9,1501,Belém - PA,N7,7170,Alimentação e bebidas,1,2.26,7.73,,26.1868
2022-09-01,2022,9,3301,Rio de Janeiro - RJ,N7,7486,Artigos de residência,3,0.11,9.02,12.95,3.2096
2021-12-01,2021,12,3301,Rio de Janeiro - RJ,N7,7445,Habitação,2,0.14,10.32,10.32,18.9304
2025-02-01,2025,2,3101,Belo Horizonte - MG,N7,7766,Educação,8,3.77,4.33,5.35,5.4099
2025-07-01,2025,7,2301,Fortaleza - CE,N7,7169,Índice geral,0,0.11,3.16,5.08,100.0
2022-01-01,2022,1,2901,Salvador - BA,N7,7169,Índice geral,0,0.86,0.86,11.44,100.0
2020-03-01,2020,3,3501,São Paulo - SP,N7,7170,Alimentação e bebidas,1,1.38,1.37,,18.2962
2021-10-01,2021,10,3301,Rio de Janeiro - RJ,N7,7170,Alimentação e bebidas,1,1.49,7.14,12.71,20.5382
2023-08-01,2023,8,2901,Salvador - BA,N7,7445,Habitação,2,0.74,6.22,7.51,14.28
2023-03-01,2023,3,2301,Fortaleza - CE,N7,7170,Alimentação e bebidas,1,0.16,0.85,7.04,24.6299
2021-05-01,2021,5,3201,Grande Vitória - ES,N7,7169,Índice geral,0,0.74,3.7,8.84,100.0
2022-06-01,2022,6,1501,Belém - PA,N7,7660,Saúde e cuidados pessoais,6,0.61,7.29,4.12,12.1428
2021-05-01,2021,5,3201,Grande Vitória - ES,N7,7712,Despesas pessoais,7,0.27,1.33,2.14,8.7792
2025-07-01,2025,7,3101,Belo Horizonte - MG,N7,7170,Alimentação e bebidas,1,-0.62,2.5,7.56,22.3583
2020-08-01,2020,8,4101,Curitiba - PR,N7,7169,Índice geral,0,0.2,-0.09,,100.0
2025-12-01,2025,12,3101,Belo Horizonte - MG,N7,7712,Despesas pessoais,7,0.67,5.82,5.82,10.8611
2026-05-01,2026,5,2901,Salvador - BA,N7,7766,Educação,8,0.09,5.65,6.72,6.2818
2020-01-01,2020,1,4101,Curitiba - PR,N7,7170,Alimentação e bebidas,1,-0.21,-0.21,,19.5031
2021-02-01,2021,2,4101,Curitiba - PR,N7,7445,Habitação,2,1.32,0.1,3.61,14.7595
2022-06-01,2022,6,3101,Belo Horizonte - MG,N7,7712,Despesas pessoais,7,0.66,4.58,8.1,10.1691
2024-03-01,2024,3,4301,Porto Alegre - RS,N7,7558,Vestuário,4,0.31,-0.28,2.82,5.0271
2023-10-01,2023,10,4101,Curitiba - PR,N7,7660,Saúde e cuidados pessoais,6,0.13,6.21,7.55,10.5908
2022-02-01,2022,2,1501,Belém - PA,N7,7786,Comunicação,9,0.31,1.62,3.05,4.6775
2025-02-01,2025,2,3301,Rio de Janeiro - RJ,N7,7486,Artigos de residência,3,0.66,0.73,-0.86,2.8792
2025-05-01,2025,5,3201,Grande Vitória - ES,N7,7712,Despesas pessoais,7,0.2,1.72,5.63,8.6335
2022-01-01,2022,1,2901,Salvador - BA,N7,7445,Habitação,2,0.68,0.68,15.41,14.5437
2020-07-01,2020,7,3101,Belo Horizonte - MG,N7,7445,Habitação,2,0.96,0.58,,14.4582
2024-08-01,2024,8,3101,Belo Horizonte - MG,N7,7558,Vestuário,4,0.43,0.62,3.74,5.0386
2021-03-01,2021,3,2901,Salvador - BA,N7,7766,Educação,8,-1.77,3.05,-2.29,5.9731
2023-03-01,2023,3,3201,Grande Vitória - ES,N7,7169,Índice geral,0,0.84,2.7,4.77,100.0
2023-08-01,2023,8,3101,Belo Horizonte - MG,N7,7486,Artigos de residência,3,-0.95,-1.45,-1.74,4.1148
2024-06-01,2024,6,4101,Curitiba - PR,N7,7169,Índice geral,0,0.25,2.39,3.61,100.0
2026-05-01,2026,5,1501,Belém - PA,N7,7169,Índice geral,0,0.63,3.86,4.38,100.0
2023-04-01,2023,4,3501,São Paulo - SP,N7,7766,Educação,8,0.03,7.37,8.53,6.7792
2020-07-01,2020,7,2301,Fortaleza - CE,N7,7169,Índice geral,0,0.56,1.55,,100.0
2020-04-01,2020,4,1501,Belém - PA,N7,7445,Habitação,2,-1.3,-2.43,,15.683
2020-01-01,2020,1,1501,Belém - PA,N7,7169,Índice geral,0,0.39,0.39,,100.0
2025-01-01,2025,1,3101,Belo Horizonte - MG,N7,7625,Transportes,5,1.45,1.45,6.12,19.9455
2024-12-01,2024,12,1501,Belém - PA,N7,7712,Despesas pessoais,7,0.73,5.24,5.24,7.6502
2024-03-01,2024,3,3301,Rio de Janeiro - RJ,N7,7786,Comunicação,9,-0.31,1.13,-0.94,6.1318
2020-10-01,2020,10,3201,Grande Vitória - ES,N7,7558,Vestuário,4,1.6,-2.5,,3.7932
2023-12-01,2023,12,1501,Belém - PA,N7,7660,Saúde e cuidados pessoais,6,0.2,5.39,5.39,12.9321
2026-05-01,2026,5,4101,Curitiba - PR,N7,7445,Habitação,2,1.37,1.52,4.57,14.0192
2022-02-01,2022,2,3501,São Paulo - SP,N7,7558,Vestuário,4,0.74,2.6,13.92,3.8378
2025-01-01,2025,1,3101,Belo Horizonte - MG,N7,7486,Artigos de residência,3,0.09,0.09,1.39,3.845
2022-03-01,2022,3,2301,Fortaleza - CE,N7,7558,Vestuário,4,0.5,1.28,15.24,4.4844
2024-05-01,2024,5,2901,Salvador - BA,N7,7766,Educação,8,0.13,6.77,7.95,6.1027
2023-05-01,2023,5,1501,Belém - PA,N7,7170,Alimentação e bebidas,1,-0.33,2.4,3.32,27.9318
2026-06-01,2026,6,3201,Grande Vitória - ES,N7,7445,Habitação,2,0.22,1.35,6.95,15.6546
2022-04-01,2022,4,1501,Belém - PA,N7,7558,Vestuário,4,1.26,4.32,11.31,5.9682
2025-11-01,2025,11,4101,Curitiba - PR,N7,7558,Vestuário,4,0.7,6.39,7.47,5.0338
2022-03-01,2022,3,4301,Porto Alegre - RS,N7,7445,Habitação,2,0.91,-1.64,14.54,15.3666
2020-11-01,2020,11,2901,Salvador - BA,N7,7766,Educação,8,-0.06,1.92,,6.0283
2026-05-01,2026,5,3101,Belo Horizonte - MG,N7,7712,Despesas pessoais,7,0.47,2.57,5.28,10.8161
2025-03-01,2025,3,2601,Recife - PE,N7,7786,Comunicação,9,0.0,-0.02,0.74,3.9201
2025-07-01,2025,7,3301,Rio de Janeiro - RJ,N7,7786,Comunicação,9,-0.01,0.43,1.67,5.8925
2025-03-01,2025,3,3101,Belo Horizonte - MG,N7,7170,Alimentação e bebidas,1,0.71,3.0,7.35,22.5244
2025-08-01,2025,8,3201,Grande Vitória - ES,N7,7766,Educação,8,0.86,6.74,6.96,5.5801
2026-06-01,2026,6,4301,Porto Alegre - RS,N7,7558,Vestuário,4,0.32,1.86,4.33,4.9499
2021-07-01,2021,7,3201,Grande Vitória - ES,N7,7786,Comunicação,9,-0.29,-0.6,1.3,5.9908
2021-05-01,2021,5,3301,Rio de Janeiro - RJ,N7,7766,Educação,8,0.07,1.5,-0.08,5.3737
2022-11-01,2022,11,2901,Salvador - BA,N7,7625,Transportes,5,1.02,-0.72,0.32,18.5615
2026-03-01,2026,3,3101,Belo Horizonte - MG,N7,7625,Transportes,5,1.24,2.72,2.4,19.5731
2025-06-01,2025,6,3201,Grande Vitória - ES,N7,7766,Educação,8,0.02,5.82,6.48,5.5981
2026-03-01,2026,3,3101,Belo Horizonte - MG,N7,7169,Índice geral,0,0.93,2.15,3.96,100.0
2021-09-01,2021,9,3301,Rio de Janeiro - RJ,N7,7445,Habitação,2,1.8,7.76,11.19,18.7897
2023-05-01,2023,5,4101,Curitiba - PR,N7,7445,Habitação,2,1.02,5.59,1.88,14.0354
2024-08-01,2024,8,3101,Belo Horizonte - MG,N7,7712,Despesas pessoais,7,0.04,3.57,5.25,10.5804
2021-09-01,2021,9,4301,Porto Alegre - RS,N7,7766,Educação,8,-0.07,-0.25,0.59,4.8106
2024-05-01,2024,5,1501,Belém - PA,N7,7712,Despesas pessoais,7,0.6,1.9,3.76,7.5416
2025-06-01,2025,6,2901,Salvador - BA,N7,7786,Comunicação,9,0.2,1.75,2.58,3.9031
2024-09-01,2024,9,4101,Curitiba - PR,N7,7169,Índice geral,0,0.77,3.12,3.52,100.0
2026-03-01,2026,3,2601,Recife - PE,N7,7486,Artigos de residência,3,0.2,0.8,0.03,3.6928
2023-12-01,2023,12,4301,Porto Alegre - RS,N7,7625,Transportes,5,0.26,9.44,9.44,21.3773
2026-06-01,2026,6,3301,Rio de Janeiro - RJ,N7,7786,Comunicação,9,-0.01,1.61,1.09,5.7223
2023-08-01,2023,8,3201,Grande Vitória - ES,N7,7625,Transportes,5,0.08,3.97,3.06,23.8664
2023-09-01,2023,9,1501,Belém - PA,N7,7170,Alimentação e bebidas,1,-0.82,-1.05,0.5,26.9075
2024-12-01,2024,12,4101,Curitiba - PR,N7,7170,Alimentação e bebidas,1,0.56,7.21,7.21,21.5717
2021-09-01,2021,9,4301,Porto Alegre - RS,N7,7169,Índice geral,0,1.53,7.79,11.35,100.0
2025-03-01,2025,3,2601,Recife - PE,N7,7169,Índice geral,0,0.36,1.89,4.55,100.0
2023-09-01,2023,9,4301,Porto Alegre - RS,N7,7169,Índice geral,0,0.18,3.79,5.6,100.0
2020-12-01,2020,12,3101,Belo Horizonte - MG,N7,7660,Saúde e cuidados pessoais,6,0.26,2.0,2.0,14.2364
2020-10-01,2020,10,3301,Rio de Janeiro - RJ,N7,7170,Alimentação e bebidas,1,1.55,6.94,,19.8017
2026-06-01,2026,6,3201,Grande Vitória - ES,N7,7712,Despesas pessoais,7,0.32,2.41,6.38,8.8194
2024-10-01,2024,10,3101,Belo Horizonte - MG,N7,7712,Despesas pessoais,7,0.54,4.6,5.64,10.5648
2020-09-01,2020,9,3201,Grande Vitória - ES,N7,7625,Transportes,5,0.94,-2.57,,22.4066
2023-02-01,2023,2,3501,São Paulo - SP,N7,7712,Despesas pessoais,7,0.6,1.41,8.74,11.0679
2020-04-01,2020,4,3501,São Paulo - SP,N7,7170,Alimentação e bebidas,1,1.95,3.34,,18.5309
2025-11-01,2025,11,3101,Belo Horizonte - MG,N7,7786,Comunicação,9,-0.37,0.36,0.8,4.8741
2020-11-01,2020,11,2301,Fortaleza - CE,N7,7712,Despesas pessoais,7,0.41,1.72,,8.1949
2022-07-01,2022,7,2301,Fortaleza - CE,N7,7766,Educação,8,-0.06,5.98,5.5,6.0626
2021-09-01,2021,9,3301,Rio de Janeiro - RJ,N7,7486,Artigos de residência,3,0.91,7.12,11.52,3.0971
2021-10-01,2021,10,3201,Grande Vitória - ES,N7,7766,Educação,8,-0.09,8.41,11.81,5.3197
2025-06-01,2025,6,1501,Belém - PA,N7,7712,Despesas pessoais,7,0.51,2.15,4.89,7.5396
2020-05-01,2020,5,2601,Recife - PE,N7,7169,Índice geral,0,-0.18,0.61,,100.0
2024-10-01,2024,10,3501,São Paulo - SP,N7,7558,Vestuário,4,-0.26,1.87,1.7,4.1076
2023-12-01,2023,12,2301,Fortaleza - CE,N7,7169,Índice geral,0,0.83,4.88,4.88,100.0
2020-08-01,2020,8,3201,Grande Vitória - ES,N7,7660,Saúde e cuidados pessoais,6,0.52,3.09,,16.4391
2026-03-01,2026,3,2601,Recife - PE,N7,7766,Educação,8,0.0,3.71,4.49,6.295
2025-12-01,2025,12,4301,Porto Alegre - RS,N7,7786,Comunicação,9,0.39,1.19,1.19,5.2669
2024-04-01,2024,4,1501,Belém - PA,N7,7169,Índice geral,0,0.33,2.32,4.44,100.0
2025-07-01,2025,7,1501,Belém - PA,N7,7558,Vestuário,4,-0.19,1.38,3.82,6.2625
2021-01-01,2021,1,3501,São Paulo - SP,N7,7486,Artigos de residência,3,0.7,0.7,8.42,3.578
2022-06-01,2022,6,3201,Grande Vitória - ES,N7,7486,Artigos de residência,3,1.37,5.54,10.11,3.9013
2020-11-01,2020,11,3201,Grande Vitória - ES,N7,7786,Comunicação,9,0.31,2.16,,6.3648
2025-03-01,2025,3,4101,Curitiba - PR,N7,7445,Habitação,2,0.38,0.25,3.11,13.9889
2023-09-01,2023,9,2601,Recife - PE,N7,7660,Saúde e cuidados pessoais,6,-0.14,5.79,9.24,14.8394
2022-07-01,2022,7,3201,Grande Vitória - ES,N7,7712,Despesas pessoais,7,0.81,4.47,7.3,8.3508
2020-11-01,2020,11,3201,Grande Vitória - ES,N7,7169,Índice geral,0,0.97,3.68,,100.0
2024-02-01,2024,2,2301,Fortaleza - CE,N7,7660,Saúde e cuidados pessoais,6,0.74,2.08,7.07,13.405
2025-05-01,2025,5,3201,Grande Vitória - ES,N7,7625,Transportes,5,-0.76,1.8,4.7,23.7227
2025-03-01,2025,3,4101,Curitiba - PR,N7,7486,Artigos de residência,3,0.5,1.16,2.68,3.8961
2024-03-01,2024,3,2301,Fortaleza - CE,N7,7786,Comunicação,9,0.02,1.89,1.16,3.7803
2020-02-01,2020,2,3201,Grande Vitória - ES,N7,7786,Comunicação,9,0.18,0.34,,6.4086
2022-03-01,2022,3,1501,Belém - PA,N7,7169,Índice geral,0,1.47,3.12,9.1,100.0
2020-01-01,2020,1,2901,Salvador - BA,N7,7169,Índice geral,0,0.34,0.34,,100.0
2026-04-01,2026,4,3501,São Paulo - SP,N7,7445,Habitação,2,0.25,0.62,5.96,16.1669
2020-05-01,2020,5,4301,Porto Alegre - RS,N7,7445,Habitação,2,-0.99,0.23,,14.838
2024-07-01,2024,7,2601,Recife - PE,N7,7766,Educação,8,0.17,5.11,5.23,6.1265
2022-07-01,2022,7,4301,Porto Alegre - RS,N7,7445,Habitação,2,-3.01,-8.69,0.1,14.2761
2023-02-01,2023,2,3501,São Paulo - SP,N7,7625,Transportes,5,0.08,0.92,0.26,19.6675
2021-01-01,2021,1,2301,Fortaleza - CE,N7,7766,Educação,8,0.14,0.14,0.91,6.2424
2021-11-01,2021,11,2901,Salvador - BA,N7,7169,Índice geral,0,1.42,9.64,10.65,100.0
2023-06-01,2023,6,3101,Belo Horizonte - MG,N7,7169,Índice geral,0,0.31,3.46,2.54,100.0
2024-11-01,2024,11,2601,Recife - PE,N7,7625,Transportes,5,2.48,3.58,2.84,18.6373
2026-02-01,2026,2,2301,Fortaleza - CE,N7,7660,Saúde e cuidados pessoais,6,0.74,1.47,7.68,13.9548
2020-09-01,2020,9,3501,São Paulo - SP,N7,7625,Transportes,5,0.2,-3.46,,19.1021
2023-12-01,2023,12,3101,Belo Horizonte - MG,N7,7558,Vestuário,4,1.45,5.85,5.85,5.1921
2025-08-01,2025,8,4301,Porto Alegre - RS,N7,7766,Educação,8,0.61,5.41,5.48,5.1335
2025-08-01,2025,8,3101,Belo Horizonte - MG,N7,7170,Alimentação e bebidas,1,-0.73,1.76,6.9,22.1706
2023-01-01,2023,1,3201,Grande Vitória - ES,N7,7558,Vestuário,4,0.14,0.14,13.84,4.0627
2020-08-01,2020,8,3501,São Paulo - SP,N7,7660,Saúde e cuidados pessoais,6,0.64,2.08,,13.3336
2023-03-01,2023,3,2601,Recife - PE,N7,7486,Artigos de residência,3,-0.1,-0.07,2.46,4.2485
2026-04-01,2026,4,3301,Rio de Janeiro - RJ,N7,7625,Transportes,5,-0.07,2.47,4.37,19.8235
2020-08-01,2020,8,3201,Grande Vitória - ES,N7,7486,Artigos de residência,3,0.41,2.3,,3.8765
2020-05-01,2020,5,3501,São Paulo - SP,N7,7170,Alimentação e bebidas,1,-0.02,3.33,,18.9609
2021-08-01,2021,8,3301,Rio de Janeiro - RJ,N7,7558,Vestuário,4,1.71,3.21,5.17,3.3574
2022-12-01,2022,12,2901,Salvador - BA,N7,7660,Saúde e cuidados pessoais,6,1.84,10.08,10.08,14.6009
2026-05-01,2026,5,4101,Curitiba - PR,N7,7170,Alimentação e bebidas,1,1.1,4.38,2.99,21.6617
2023-01-01,2023,1,1501,Belém - PA,N7,7558,Vestuário,4,0.33,0.33,15.19,6.543
2022-02-01,2022,2,4301,Porto Alegre - RS,N7,7625,Transportes,5,-0.93,-3.22,16.37,22.1624
2021-08-01,2021,8,3501,São Paulo - SP,N7,7786,Comunicação,9,0.38,0.82,1.93,5.4241
2026-05-01,2026,5,3301,Rio de Janeiro - RJ,N7,7169,Índice geral,0,0.53,3.11,4.19,100.0
2020-09-01,2020,9,3501,São Paulo - SP,N7,7660,Saúde e cuidados pessoais,6,-0.73,1.33,,13.3777
2020-02-01,2020,2,3201,Grande Vitória - ES,N7,7486,Artigos de residência,3,-0.21,0.44,,3.8541
2026-02-01,2026,2,2901,Salvador - BA,N7,7712,Despesas pessoais,7,0.23,1.32,5.89,10.4051
2021-01-01,2021,1,4101,Curitiba - PR,N7,7486,Artigos de residência,3,1.07,1.07,6.59,4.1244
2023-08-01,2023,8,2901,Salvador - BA,N7,7660,Saúde e cuidados pessoais,6,0.78,6.19,9.59,15.1142
2020-03-01,2020,3,3101,Belo Horizonte - MG,N7,7169,Índice geral,0,0.05,0.75,,100.0
2024-11-01,2024,11,4301,Porto Alegre - RS,N7,7786,Comunicação,9,-0.17,2.87,3.1,5.4442
2021-04-01,2021,4,4301,Porto Alegre - RS,N7,7660,Saúde e cuidados pessoais,6,1.43,2.66,2.66,12.7314
2026-03-01,2026,3,2601,Recife - PE,N7,7625,Transportes,5,3.22,5.2,6.83,19.3272
2020-06-01,2020,6,3201,Grande Vitória - ES,N7,7169,Índice geral,0,0.56,0.74,,100.0
2026-06-01,2026,6,4301,Porto Alegre - RS,N7,7486,Artigos de residência,3,0.92,1.61,0.82,3.95
2025-11-01,2025,11,4301,Porto Alegre - RS,N7,7660,Saúde e cuidados pessoais,6,-0.27,5.69,6.1,13.5147
2023-06-01,2023,6,3201,Grande Vitória - ES,N7,7558,Vestuário,4,-0.25,3.19,9.84,4.0792
2024-05-01,2024,5,4101,Curitiba - PR,N7,7660,Saúde e cuidados pessoais,6,0.9,3.72,4.84,10.6762
2020-06-01,2020,6,3201,Grande Vitória - ES,N7,7625,Transportes,5,0.31,-4.2,,22.3334
2024-02-01,2024,2,1501,Belém - PA,N7,7169,Índice geral,0,0.69,1.44,4.99,100.0
2021-12-01,2021,12,2301,Fortaleza - CE,N7,7786,Comunicação,9,0.44,0.16,0.16,4.2387
2024-04-01,2024,4,1501,Belém - PA,N7,7170,Alimentação e bebidas,1,0.77,5.83,2.86,27.386
2026-04-01,2026,4,2601,Recife - PE,N7,7445,Habitação,2,1.38,0.31,5.47,13.2493
2023-04-01,2023,4,3301,Rio de Janeiro - RJ,N7,7712,Despesas pessoais,7,0.03,1.95,7.59,9.292
2022-11-01,2022,11,4101,Curitiba - PR,N7,7169,Índice geral,0,0.23,4.47,5.01,100.0
2024-12-01,2024,12,4101,Curitiba - PR,N7,7169,Índice geral,0,0.46,4.43,4.43,100.0
2022-12-01,2022,12,3501,São Paulo - SP,N7,7625,Transportes,5,0.08,-0.58,-0.58,19.7433
2020-11-01,2020,11,1501,Belém - PA,N7,7486,Artigos de residência,3,-0.41,-0.42,,3.8076
2024-02-01,2024,2,3501,São Paulo - SP,N7,7486,Artigos de residência,3,0.02,0.38,0.7,3.6282
2021-08-01,2021,8,2601,Recife - PE,N7,7766,Educação,8,0.36,3.37,3.52,5.8314
2024-12-01,2024,12,3101,Belo Horizonte - MG,N7,7486,Artigos de residência,3,0.21,2.07,2.07,3.8465
2025-09-01,2025,9,3201,Grande Vitória - ES,N7,7170,Alimentação e bebidas,1,-0.49,2.72,6.25,17.8786
2021-11-01,2021,11,2301,Fortaleza - CE,N7,7169,Índice geral,0,1.06,10.03,11.63,100.0
2020-12-01,2020,12,3301,Rio de Janeiro - RJ,N7,7558,Vestuário,4,1.34,-1.34,-1.34,3.4402
2024-09-01,2024,9,3301,Rio de Janeiro - RJ,N7,7660,Saúde e cuidados pessoais,6,0.49,5.66,6.76,13.6545
2026-05-01,2026,5,3501,São Paulo - SP,N7,7445,Habitação,2,1.06,1.69,6.66,16.119
2021-09-01,2021,9,2901,Salvador - BA,N7,7445,Habitação,2,2.71,9.74,13.53,14.4191
2021-01-01,2021,1,3301,Rio de Janeiro - RJ,N7,7766,Educação,8,0.1,0.1,2.76,5.3993
2023-08-01,2023,8,3301,Rio de Janeiro - RJ,N7,7170,Alimentação e bebidas,1,-0.87,-1.09,0.02,20.4584
2023-10-01,2023,10,3201,Grande Vitória - ES,N7,7170,Alimentação e bebidas,1,0.1,-1.59,-0.14,17.3583
2024-01-01,2024,1,3201,Grande Vitória - ES,N7,7170,Alimentação e bebidas,1,1.98,1.98,0.96,17.463
2026-02-01,2026,2,2601,Recife - PE,N7,7486,Artigos de residência,3,0.41,0.6,-0.25,3.7046
2025-03-01,2025,3,3501,São Paulo - SP,N7,7169,Índice geral,0,0.71,2.05,5.77,100.0
2026-02-01,2026,2,3201,Grande Vitória - ES,N7,7445,Habitação,2,0.65,0.62,9.33,15.8426
2021-10-01,2021,10,1501,Belém - PA,N7,7766,Educação,8,-0.04,6.65,7.33,3.4126
2023-06-01,2023,6,1501,Belém - PA,N7,7486,Artigos de residência,3,0.81,1.87,0.26,3.7633
2024-04-01,2024,4,1501,Belém - PA,N7,7445,Habitação,2,-0.65,-0.24,5.89,15.8276
2022-01-01,2022,1,3301,Rio de Janeiro - RJ,N7,7486,Artigos de residência,3,0.57,0.57,10.24,3.1129
2021-12-01,2021,12,3501,São Paulo - SP,N7,7786,Comunicação,9,0.27,1.45,1.45,5.2378
2025-12-01,2025,12,3201,Grande Vitória - ES,N7,7660,Saúde e cuidados pessoais,6,0.38,5.45,5.45,16.0176
2026-03-01,2026,3,3301,Rio de Janeiro - RJ,N7,7169,Índice geral,0,0.78,1.82,3.26,100.0
2022-01-01,2022,1,2601,Recife - PE,N7,7445,Habitação,2,0.27,0.27,13.99,14.7373
2025-10-01,2025,10,3301,Rio de Janeiro - RJ,N7,7625,Transportes,5,0.24,1.8,3.8,19.4569
2023-09-01,2023,9,2601,Recife - PE,N7,7712,Despesas pessoais,7,-0.37,2.79,3.52,8.3865
2020-10-01,2020,10,3201,Grande Vitória - ES,N7,7660,Saúde e cuidados pessoais,6,-0.04,2.26,,16.269
2023-06-01,2023,6,3201,Grande Vitória - ES,N7,7445,Habitação,2,0.45,3.33,5.7,15.4809
2021-11-01,2021,11,4101,Curitiba - PR,N7,7712,Despesas pessoais,7,1.03,5.03,5.57,9.0757
2020-05-01,2020,5,2601,Recife - PE,N7,7712,Despesas pessoais,7,-0.09,0.0,,9.2131
2026-05-01,2026,5,3501,São Paulo - SP,N7,7170,Alimentação e bebidas,1,1.34,4.84,4.7,20.7257
2026-03-01,2026,3,4101,Curitiba - PR,N7,7766,Educação,8,-0.08,5.39,6.62,5.8632
2020-01-01,2020,1,4101,Curitiba - PR,N7,7660,Saúde e cuidados pessoais,6,-0.63,-0.63,,10.752
2021-05-01,2021,5,3501,São Paulo - SP,N7,7445,Habitação,2,1.64,1.89,7.59,16.3668
2025-01-01,2025,1,3201,Grande Vitória - ES,N7,7625,Transportes,5,2.08,2.08,5.33,23.7629
2021-05-01,2021,5,4301,Porto Alegre - RS,N7,7558,Vestuário,4,1.54,2.56,2.56,4.5899
2023-05-01,2023,5,1501,Belém - PA,N7,7786,Comunicação,9,0.35,4.26,-0.54,4.3308
2023-12-01,2023,12,4301,Porto Alegre - RS,N7,7712,Despesas pessoais,7,0.14,5.16,5.16,10.4591
2023-01-01,2023,1,3501,São Paulo - SP,N7,7625,Transportes,5,0.84,0.84,0.65,19.6375
2025-01-01,2025,1,3101,Belo Horizonte - MG,N7,7558,Vestuário,4,-0.06,-0.06,3.09,5.0868
2020-05-01,2020,5,3201,Grande Vitória - ES,N7,7445,Habitação,2,-1.18,-0.68,,15.5554
2026-05-01,2026,5,3201,Grande Vitória - ES,N7,7766,Educação,8,0.01,6.52,7.57,5.7618
2024-12-01,2024,12,3301,Rio de Janeiro - RJ,N7,7558,Vestuário,4,1.39,1.81,1.81,3.7189
2023-04-01,2023,4,4301,Porto Alegre - RS,N7,7169,Índice geral,0,0.49,2.75,3.71,100.0
2021-12-01,2021,12,3201,Grande Vitória - ES,N7,7786,Comunicação,9,0.23,0.43,0.43,5.6744
2023-11-01,2023,11,2901,Salvador - BA,N7,7169,Índice geral,0,-0.17,3.61,4.01,100.0
2025-02-01,2025,2,1501,Belém - PA,N7,7625,Transportes,5,-0.24,0.53,4.98,18.7738
2023-10-01,2023,10,1501,Belém - PA,N7,7170,Alimentação e bebidas,1,-0.2,-1.25,0.05,26.5697
2020-01-01,2020,1,2901,Salvador - BA,N7,7786,Comunicação,9,0.01,0.01,,4.8942
2020-11-01,2020,11,1501,Belém - PA,N7,7625,Transportes,5,0.35,-1.0,,17.939
2022-04-01,2022,4,2901,Salvador - BA,N7,7558,Vestuário,4,2.17,8.25,23.35,4.8947
2025-12-01,2025,12,4301,Porto Alegre - RS,N7,7170,Alimentação e bebidas,1,0.01,3.56,3.56,21.0908
2022-01-01,2022,1,3501,São Paulo - SP,N7,7766,Educação,8,0.25,0.25,1.92,6.4107
2023-11-01,2023,11,2301,Fortaleza - CE,N7,7766,Educação,8,0.05,9.29,9.32,6.5193
2022-03-01,2022,3,2301,Fortaleza - CE,N7,7625,Transportes,5,3.85,4.52,19.18,19.7207
2020-03-01,2020,3,4301,Porto Alegre - RS,N7,7170,Alimentação e bebidas,1,0.58,1.59,,19.4555
2023-07-01,2023,7,2901,Salvador - BA,N7,7786,Comunicação,9,-0.49,4.17,-1.19,4.1193
2025-09-01,2025,9,4301,Porto Alegre - RS,N7,7445,Habitação,2,3.33,7.31,5.65,14.1302
2026-06-01,2026,6,3101,Belo Horizonte - MG,N7,7445,Habitação,2,1.27,4.65,5.77,13.5459
2024-10-01,2024,10,3201,Grande Vitória - ES,N7,7625,Transportes,5,0.49,1.43,2.55,23.6709
2022-11-01,2022,11,2601,Recife - PE,N7,7625,Transportes,5,1.04,-2.43,-1.77,18.7036
2021-02-01,2021,2,3301,Rio de Janeiro - RJ,N7,7786,Comunicação,9,-0.09,-0.27,3.71,7.2264
2020-04-01,2020,4,3101,Belo Horizonte - MG,N7,7169,Índice geral,0,-0.21,0.53,,100.0
2023-07-01,2023,7,2601,Recife - PE,N7,7625,Transportes,5,2.43,3.8,-2.55,18.7003
2020-01-01,2020,1,2301,Fortaleza - CE,N7,7486,Artigos de residência,3,0.45,0.45,,4.0934
2020-11-01,2020,11,4101,Curitiba - PR,N7,7625,Transportes,5,1.29,-0.09,,24.0463
2023-11-01,2023,11,3501,São Paulo - SP,N7,7786,Comunicação,9,-0.29,3.32,4.31,4.891
2025-11-01,2025,11,4101,Curitiba - PR,N7,7786,Comunicação,9,-0.25,0.51,1.06,4.0817
2022-07-01,2022,7,3501,São Paulo - SP,N7,7712,Despesas pessoais,7,1.34,4.82,8.09,10.6496
2025-07-01,2025,7,3201,Grande Vitória - ES,N7,7766,Educação,8,0.01,5.83,6.41,5.5853
2022-05-01,2022,5,3101,Belo Horizonte - MG,N7,7445,Habitação,2,-2.81,-3.42,2.58,13.5857
2020-01-01,2020,1,3301,Rio de Janeiro - RJ,N7,7625,Transportes,5,0.31,0.31,,19.9721
2023-11-01,2023,11,3201,Grande Vitória - ES,N7,7786,Comunicação,9,-0.13,4.33,4.59,5.2804
2021-01-01,2021,1,4301,Porto Alegre - RS,N7,7625,Transportes,5,0.84,0.84,0.12,20.1188
2021-05-01,2021,5,2901,Salvador - BA,N7,7558,Vestuário,4,-0.02,-1.57,-5.36,4.542
2021-10-01,2021,10,2901,Salvador - BA,N7,7712,Despesas pessoais,7,0.73,3.04,3.55,10.1118
2024-09-01,2024,9,3201,Grande Vitória - ES,N7,7486,Artigos de residência,3,-0.72,3.57,4.18,3.7952
2023-05-01,2023,5,1501,Belém - PA,N7,7660,Saúde e cuidados pessoais,6,1.35,4.38,10.83,12.8315
2022-06-01,2022,6,4101,Curitiba - PR,N7,7786,Comunicação,9,0.27,2.09,4.27,4.3833
2025-08-01,2025,8,1501,Belém - PA,N7,7169,Índice geral,0,-0.15,3.19,5.33,100.0
2021-11-01,2021,11,3101,Belo Horizonte - MG,N7,7786,Comunicação,9,0.27,0.76,1.55,5.5306
2023-10-01,2023,10,2901,Salvador - BA,N7,7712,Despesas pessoais,7,0.43,4.06,4.67,9.9167
2023-07-01,2023,7,3201,Grande Vitória - ES,N7,7625,Transportes,5,1.01,3.89,1.4,23.6384
2026-05-01,2026,5,2901,Salvador - BA,N7,7445,Habitação,2,1.97,2.79,4.11,13.9238
2023-04-01,2023,4,3201,Grande Vitória - ES,N7,7712,Despesas pessoais,7,0.02,1.35,5.97,8.4719
2022-12-01,2022,12,2601,Recife - PE,N7,7486,Artigos de residência,3,0.8,7.93,7.93,4.2942
2026-03-01,2026,3,3101,Belo Horizonte - MG,N7,7712,Despesas pessoais,7,0.8,1.27,5.13,10.8093
2021-12-01,2021,12,2601,Recife - PE,N7,7445,Habitação,2,0.95,13.18,13.18,14.7512
2023-12-01,2023,12,4301,Porto Alegre - RS,N7,7660,Saúde e cuidados pessoais,6,0.63,5.8,5.8,13.0002
2024-06-01,2024,6,3501,São Paulo - SP,N7,7712,Despesas pessoais,7,0.6,1.62,4.33,10.9978
2020-08-01,2020,8,3201,Grande Vitória - ES,N7,7558,Vestuário,4,0.01,-4.83,,3.7916
2026-06-01,2026,6,3301,Rio de Janeiro - RJ,N7,7170,Alimentação e bebidas,1,-0.25,2.64,1.67,20.6326
2020-08-01,2020,8,2301,Fortaleza - CE,N7,7486,Artigos de residência,3,1.45,0.44,,3.9909
2021-10-01,2021,10,4301,Porto Alegre - RS,N7,7660,Saúde e cuidados pessoais,6,-0.18,3.57,4.22,12.3582
2025-01-01,2025,1,4301,Porto Alegre - RS,N7,7712,Despesas pessoais,7,0.56,0.56,4.94,10.6033
2026-03-01,2026,3,3501,São Paulo - SP,N7,7625,Transportes,5,1.52,3.51,4.65,19.7842
2021-12-01,2021,12,3301,Rio de Janeiro - RJ,N7,7486,Artigos de residência,3,1.98,10.99,10.99,3.0738
2026-02-01,2026,2,3101,Belo Horizonte - MG,N7,7558,Vestuário,4,0.67,0.19,4.72,5.0707
2022-03-01,2022,3,4101,Curitiba - PR,N7,7170,Alimentação e bebidas,1,2.48,5.14,11.92,20.6659
2025-08-01,2025,8,3501,São Paulo - SP,N7,7712,Despesas pessoais,7,0.44,3.35,5.81,11.017
2024-12-01,2024,12,3301,Rio de Janeiro - RJ,N7,7169,Índice geral,0,0.58,4.69,4.69,100.0
2024-03-01,2024,3,3501,São Paulo - SP,N7,7625,Transportes,5,-0.36,-0.66,4.22,19.8774
2020-07-01,2020,7,3501,São Paulo - SP,N7,7625,Transportes,5,0.19,-4.2,,19.0623
2020-02-01,2020,2,3501,São Paulo - SP,N7,7170,Alimentação e bebidas,1,-0.34,-0.01,,18.4009
2024-10-01,2024,10,2601,Recife - PE,N7,7170,Alimentação e bebidas,1,0.77,4.1,4.82,23.6375
2024-09-01,2024,9,3101,Belo Horizonte - MG,N7,7786,Comunicação,9,0.03,3.03,2.46,5.0719
2022-03-01,2022,3,2301,Fortaleza - CE,N7,7712,Despesas pessoais,7,0.09,0.97,4.15,7.5822
2022-12-01,2022,12,3201,Grande Vitória - ES,N7,7712,Despesas pessoais,7,0.61,7.25,7.25,8.5899
2026-06-01,2026,6,2301,Fortaleza - CE,N7,7486,Artigos de residência,3,1.0,1.75,1.06,3.643
2022-02-01,2022,2,4101,Curitiba - PR,N7,7786,Comunicação,9,0.23,0.99,2.68,4.5544
2022-08-01,2022,8,3501,São Paulo - SP,N7,7170,Alimentação e bebidas,1,0.43,11.06,14.36,20.639
2023-03-01,2023,3,3201,Grande Vitória - ES,N7,7660,Saúde e cuidados pessoais,6,1.08,2.69,12.13,15.4608
2021-07-01,2021,7,3301,Rio de Janeiro - RJ,N7,7660,Saúde e cuidados pessoais,6,-1.06,2.35,1.53,13.1588
2022-03-01,2022,3,3101,Belo Horizonte - MG,N7,7169,Índice geral,0,1.44,3.35,10.75,100.0
2025-07-01,2025,7,3501,São Paulo - SP,N7,7169,Índice geral,0,0.46,3.47,5.62,100.0
2020-06-01,2020,6,3201,Grande Vitória - ES,N7,7486,Artigos de residência,3,2.3,0.62,,3.771
2024-01-01,2024,1,1501,Belém - PA,N7,7712,Despesas pessoais,7,0.88,0.88,5.04,7.6184
2024-06-01,2024,6,2901,Salvador - BA,N7,7170,Alimentação e bebidas,1,0.0,4.54,3.03,22.8943
2024-07-01,2024,7,4301,Porto Alegre - RS,N7,7445,Habitação,2,0.71,1.64,3.88,14.1202
2024-03-01,2024,3,3301,Rio de Janeiro - RJ,N7,7558,Vestuário,4,-0.15,-1.39,2.34,3.7571
2020-10-01,2020,10,1501,Belém - PA,N7,7712,Despesas pessoais,7,-0.14,0.64,,8.0846
2024-10-01,2024,10,3501,São Paulo - SP,N7,7625,Transportes,5,-0.24,1.53,2.86,19.8661
2024-05-01,2024,5,4301,Porto Alegre - RS,N7,7170,Alimentação e bebidas,1,2.63,5.46,3.38,21.4892
2026-03-01,2026,3,4301,Porto Alegre - RS,N7,7712,Despesas pessoais,7,0.51,0.67,4.91,10.6574
2022-01-01,2022,1,2601,Recife - PE,N7,7169,Índice geral,0,0.41,0.41,10.31,100.0
2023-09-01,2023,9,2901,Salvador - BA,N7,7169,Índice geral,0,0.05,3.49,4.79,100.0
2024-05-01,2024,5,3201,Grande Vitória - ES,N7,7486,Artigos de residência,3,0.43,1.91,2.12,3.7268
2025-05-01,2025,5,3301,Rio de Janeiro - RJ,N7,7558,Vestuário,4,0.56,1.91,4.03,3.7182
2022-03-01,2022,3,3201,Grande Vitória - ES,N7,7660,Saúde e cuidados pessoais,6,0.61,0.99,3.95,14.6075
2024-06-01,2024,6,3301,Rio de Janeiro - RJ,N7,7445,Habitação,2,-0.34,1.45,4.18,18.4208
2024-11-01,2024,11,3101,Belo Horizonte - MG,N7,7558,Vestuário,4,0.78,2.2,3.68,5.0419
2020-11-01,2020,11,3101,Belo Horizonte - MG,N7,7766,Educação,8,0.11,0.48,,5.5303
2022-10-01,2022,10,3201,Grande Vitória - ES,N7,7169,Índice geral,0,0.6,4.26,6.09,100.0
2023-02-01,2023,2,4101,Curitiba - PR,N7,7445,Habitação,2,1.92,2.44,-4.12,13.8628
2025-08-01,2025,8,4101,Curitiba - PR,N7,7445,Habitação,2,-0.68,2.57,4.19,14.1947
2024-01-01,2024,1,4301,Porto Alegre - RS,N7,7558,Vestuário,4,-0.29,-0.29,2.88,5.0894
2026-05-01,2026,5,4301,Porto Alegre - RS,N7,7486,Artigos de residência,3,-0.23,0.69,-0.56,3.9818
2026-04-01,2026,4,2301,Fortaleza - CE,N7,7170,Alimentação e bebidas,1,0.85,2.71,2.11,24.1447
2023-11-01,2023,11,3201,Grande Vitória - ES,N7,7170,Alimentação e bebidas,1,0.5,-1.1,-0.34,17.3446
2024-11-01,2024,11,3301,Rio de Janeiro - RJ,N7,7558,Vestuário,4,-0.34,0.42,1.41,3.7497
2020-03-01,2020,3,2601,Recife - PE,N7,7445,Habitação,2,1.04,0.99,,13.9889
2023-07-01,2023,7,4301,Porto Alegre - RS,N7,7170,Alimentação e bebidas,1,-0.44,0.97,0.89,21.845
2021-08-01,2021,8,4101,Curitiba - PR,N7,7169,Índice geral,0,1.21,7.72,12.08,100.0
2020-06-01,2020,6,2901,Salvador - BA,N7,7660,Saúde e cuidados pessoais,6,0.35,0.96,,15.5184
2021-06-01,2021,6,4301,Porto Alegre - RS,N7,7558,Vestuário,4,1.0,3.59,3.8,4.6123
2023-03-01,2023,3,3201,Grande Vitória - ES,N7,7445,Habitação,2,0.93,3.15,-0.82,15.5575
2023-10-01,2023,10,3201,Grande Vitória - ES,N7,7786,Comunicação,9,-0.1,4.46,4.29,5.295
2022-04-01,2022,4,1501,Belém - PA,N7,7712,Despesas pessoais,7,0.2,1.78,4.41,7.4245
2026-01-01,2026,1,2301,Fortaleza - CE,N7,7786,Comunicação,9,1.19,1.19,1.24,3.5859
2020-12-01,2020,12,1501,Belém - PA,N7,7169,Índice geral,0,1.51,4.63,4.63,100.0
2025-10-01,2025,10,2601,Recife - PE,N7,7625,Transportes,5,0.86,4.78,7.25,18.9718
2020-10-01,2020,10,2301,Fortaleza - CE,N7,7170,Alimentação e bebidas,1,1.98,11.69,,23.53
2020-10-01,2020,10,3101,Belo Horizonte - MG,N7,7486,Artigos de residência,3,1.71,6.35,,4.0325
2024-12-01,2024,12,4101,Curitiba - PR,N7,7766,Educação,8,0.06,6.41,6.41,5.4596
2023-09-01,2023,9,2901,Salvador - BA,N7,7786,Comunicação,9,0.08,4.33,3.29,4.0852
2024-11-01,2024,11,2901,Salvador - BA,N7,7786,Comunicação,9,0.13,3.24,3.46,4.0003
2021-10-01,2021,10,3201,Grande Vitória - ES,N7,7558,Vestuário,4,1.76,7.03,8.58,3.687
2021-02-01,2021,2,2901,Salvador - BA,N7,7660,Saúde e cuidados pessoais,6,0.49,0.85,2.99,15.1706
2026-03-01,2026,3,3501,São Paulo - SP,N7,7660,Saúde e cuidados pessoais,6,0.26,1.43,5.53,13.2385
2020-02-01,2020,2,2901,Salvador - BA,N7,7786,Comunicação,9,0.32,0.33,,4.878
2023-10-01,2023,10,4301,Porto Alegre - RS,N7,7170,Alimentação e bebidas,1,-0.38,-1.36,-1.25,21.1286
2024-03-01,2024,3,4301,Porto Alegre - RS,N7,7786,Comunicação,9,-0.15,1.61,1.25,5.5034
2023-09-01,2023,9,3301,Rio de Janeiro - RJ,N7,7445,Habitação,2,0.76,2.65,3.51,18.2779
2024-08-01,2024,8,3101,Belo Horizonte - MG,N7,7486,Artigos de residência,3,0.63,1.65,1.24,3.8805
2022-10-01,2022,10,3501,São Paulo - SP,N7,7712,Despesas pessoais,7,0.73,7.33,8.33,11.015
2024-10-01,2024,10,3201,Grande Vitória - ES,N7,7486,Artigos de residência,3,-0.38,3.18,3.96,3.7495
2022-11-01,2022,11,1501,Belém - PA,N7,7712,Despesas pessoais,7,-0.23,5.95,6.82,7.6696
2022-12-01,2022,12,2601,Recife - PE,N7,7625,Transportes,5,1.39,-1.07,-1.07,18.8237
2026-01-01,2026,1,4101,Curitiba - PR,N7,7786,Comunicação,9,1.18,1.18,2.42,4.0811
2026-06-01,2026,6,2301,Fortaleza - CE,N7,7445,Habitação,2,-0.31,2.52,5.34,16.3937
2021-07-01,2021,7,2901,Salvador - BA,N7,7169,Índice geral,0,0.75,4.91,7.98,100.0
2023-08-01,2023,8,2301,Fortaleza - CE,N7,7170,Alimentação e bebidas,1,-0.59,0.2,1.37,24.3549
2021-12-01,2021,12,4301,Porto Alegre - RS,N7,7660,Saúde e cuidados pessoais,6,0.79,3.98,3.98,12.0334
2025-02-01,2025,2,2601,Recife - PE,N7,7660,Saúde e cuidados pessoais,6,0.3,0.54,5.44,15.2066
2025-03-01,2025,3,2901,Salvador - BA,N7,7625,Transportes,5,0.57,1.45,6.76,18.6135
2024-01-01,2024,1,2601,Recife - PE,N7,7445,Habitação,2,0.53,0.53,4.21,13.7656
2023-12-01,2023,12,2901,Salvador - BA,N7,7558,Vestuário,4,0.3,2.72,2.72,5.4304
2026-04-01,2026,4,2601,Recife - PE,N7,7660,Saúde e cuidados pessoais,6,1.34,3.44,5.64,15.1609
2025-03-01,2025,3,2301,Fortaleza - CE,N7,7558,Vestuário,4,-0.08,-0.98,1.53,4.708
2021-06-01,2021,6,2601,Recife - PE,N7,7712,Despesas pessoais,7,0.32,1.33,1.99,8.6336
2020-01-01,2020,1,3301,Rio de Janeiro - RJ,N7,7170,Alimentação e bebidas,1,-0.65,-0.65,,19.0168
2026-03-01,2026,3,4101,Curitiba - PR,N7,7558,Vestuário,4,0.81,1.01,3.81,5.0093
2025-11-01,2025,11,3301,Rio de Janeiro - RJ,N7,7170,Alimentação e bebidas,1,-0.17,1.03,2.3,20.6975
2024-01-01,2024,1,4101,Curitiba - PR,N7,7445,Habitação,2,0.01,0.01,8.06,14.3712
2025-06-01,2025,6,3201,Grande Vitória - ES,N7,7486,Artigos de residência,3,-0.11,2.28,3.02,3.6747
2023-02-01,2023,2,3301,Rio de Janeiro - RJ,N7,7558,Vestuário,4,-0.72,-1.51,17.85,3.8736
2023-08-01,2023,8,3501,São Paulo - SP,N7,7766,Educação,8,0.88,8.35,8.72,6.7249
2025-10-01,2025,10,4301,Porto Alegre - RS,N7,7486,Artigos de residência,3,-0.71,-0.7,0.0,4.0656
2025-05-01,2025,5,4101,Curitiba - PR,N7,7558,Vestuário,4,0.4,4.18,6.01,4.9967
2024-01-01,2024,1,4301,Porto Alegre - RS,N7,7170,Alimentação e bebidas,1,1.06,1.06,1.03,21.1557
2024-07-01,2024,7,3101,Belo Horizonte - MG,N7,7170,Alimentação e bebidas,1,-1.37,3.01,5.27,22.1393
2023-07-01,2023,7,1501,Belém - PA,N7,7625,Transportes,5,2.74,6.33,0.74,17.9663
2023-02-01,2023,2,2301,Fortaleza - CE,N7,7625,Transportes,5,0.71,4.53,2.08,19.0201
2020-07-01,2020,7,1501,Belém - PA,N7,7445,Habitação,2,2.22,-0.68,,15.5229
2022-07-01,2022,7,4301,Porto Alegre - RS,N7,7766,Educação,8,0.4,5.76,6.45,4.6809
2024-05-01,2024,5,2901,Salvador - BA,N7,7660,Saúde e cuidados pessoais,6,0.76,5.08,5.95,15.3859
2023-06-01,2023,6,3501,São Paulo - SP,N7,7625,Transportes,5,-0.31,2.66,-3.87,19.6099
2022-07-01,2022,7,2301,Fortaleza - CE,N7,7445,Habitação,2,-1.88,3.04,7.72,16.9402
2026-02-01,2026,2,2601,Recife - PE,N7,7660,Saúde e cuidados pessoais,6,0.61,1.69,5.39,15.2883
2025-10-01,2025,10,3101,Belo Horizonte - MG,N7,7660,Saúde e cuidados pessoais,6,0.52,4.88,5.58,14.6198
2021-06-01,2021,6,2901,Salvador - BA,N7,7486,Artigos de residência,3,0.82,4.81,10.58,4.1384
2025-11-01,2025,11,3101,Belo Horizonte - MG,N7,7486,Artigos de residência,3,-1.73,-0.75,-0.54,3.7515
2022-02-01,2022,2,3301,Rio de Janeiro - RJ,N7,7558,Vestuário,4,1.28,1.08,12.24,3.4309
2020-06-01,2020,6,4101,Curitiba - PR,N7,7169,Índice geral,0,0.8,-0.68,,100.0
2022-02-01,2022,2,3201,Grande Vitória - ES,N7,7445,Habitação,2,1.08,-0.17,17.66,16.3498
2021-05-01,2021,5,2301,Fortaleza - CE,N7,7660,Saúde e cuidados pessoais,6,0.81,3.98,5.26,13.2849
2020-12-01,2020,12,2301,Fortaleza - CE,N7,7712,Despesas pessoais,7,0.72,2.45,2.45,8.1635
2025-05-01,2025,5,4101,Curitiba - PR,N7,7625,Transportes,5,-0.15,2.59,3.74,25.6242
2021-03-01,2021,3,1501,Belém - PA,N7,7712,Despesas pessoais,7,-0.14,-0.06,1.25,7.8178
2022-01-01,2022,1,3301,Rio de Janeiro - RJ,N7,7445,Habitação,2,0.14,0.14,11.58,18.8243
2024-03-01,2024,3,4301,Porto Alegre - RS,N7,7486,Artigos de residência,3,-0.17,-0.58,-1.59,4.2405
2021-03-01,2021,3,3101,Belo Horizonte - MG,N7,7558,Vestuário,4,-0.14,0.3,0.77,4.5851
2025-12-01,2025,12,4301,Porto Alegre - RS,N7,7660,Saúde e cuidados pessoais,6,0.31,6.02,6.02,13.4659
2022-02-01,2022,2,2901,Salvador - BA,N7,7625,Transportes,5,0.29,0.87,20.28,19.8914
2022-08-01,2022,8,3501,São Paulo - SP,N7,7660,Saúde e cuidados pessoais,6,1.31,7.72,9.22,12.3167
2021-12-01,2021,12,4101,Curitiba - PR,N7,7786,Comunicação,9,0.02,1.2,1.2,4.563
2024-04-01,2024,4,3201,Grande Vitória - ES,N7,7445,Habitação,2,0.47,1.09,3.94,15.5425
2024-05-01,2024,5,3201,Grande Vitória - ES,N7,7786,Comunicação,9,0.66,3.18,3.02,5.2728
2021-07-01,2021,7,1501,Belém - PA,N7,7625,Transportes,5,1.49,9.0,13.78,18.492
2021-04-01,2021,4,3201,Grande Vitória - ES,N7,7169,Índice geral,0,0.38,2.94,7.53,100.0
2026-04-01,2026,4,1501,Belém - PA,N7,7786,Comunicação,9,0.85,2.49,2.51,4.014
2021-09-01,2021,9,3101,Belo Horizonte - MG,N7,7712,Despesas pessoais,7,0.68,2.77,3.74,10.4273
2024-09-01,2024,9,3101,Belo Horizonte - MG,N7,7660,Saúde e cuidados pessoais,6,0.18,5.21,5.94,14.6151
2022-06-01,2022,6,2301,Fortaleza - CE,N7,7170,Alimentação e bebidas,1,0.94,6.9,12.33,23.9926
2024-09-01,2024,9,2301,Fortaleza - CE,N7,7712,Despesas pessoais,7,-0.67,2.29,3.93,7.5601
2026-06-01,2026,6,3501,São Paulo - SP,N7,7558,Vestuário,4,0.16,1.7,3.5,3.9996
2025-08-01,2025,8,2901,Salvador - BA,N7,7625,Transportes,5,0.28,0.92,3.02,18.3415
2026-06-01,2026,6,3501,São Paulo - SP,N7,7712,Despesas pessoais,7,0.3,2.44,5.86,11.0783
2023-05-01,2023,5,3501,São Paulo - SP,N7,7169,Índice geral,0,0.24,3.13,5.08,100.0
2025-11-01,2025,11,4101,Curitiba - PR,N7,7766,Educação,8,0.01,6.86,6.92,5.6027
2026-04-01,2026,4,2601,Recife - PE,N7,7558,Vestuário,4,1.19,1.51,7.54,5.8418
2024-12-01,2024,12,2901,Salvador - BA,N7,7169,Índice geral,0,0.89,4.68,4.68,100.0
2020-10-01,2020,10,2301,Fortaleza - CE,N7,7712,Despesas pessoais,7,0.13,1.3,,8.2516
2021-05-01,2021,5,2601,Recife - PE,N7,7625,Transportes,5,0.19,6.75,15.8,19.0766
2022-06-01,2022,6,3301,Rio de Janeiro - RJ,N7,7625,Transportes,5,0.68,9.6,20.61,21.3323
2024-08-01,2024,8,1501,Belém - PA,N7,7786,Comunicação,9,0.28,3.14,2.51,4.204
2023-04-01,2023,4,4301,Porto Alegre - RS,N7,7766,Educação,8,0.17,5.74,7.79,4.9292
2026-01-01,2026,1,2901,Salvador - BA,N7,7660,Saúde e cuidados pessoais,6,0.82,0.82,5.87,15.6052
2023-07-01,2023,7,2301,Fortaleza - CE,N7,7486,Artigos de residência,3,0.36,1.18,2.32,4.108
2022-08-01,2022,8,3201,Grande Vitória - ES,N7,7486,Artigos de residência,3,0.96,6.92,9.53,3.9968
2024-10-01,2024,10,3301,Rio de Janeiro - RJ,N7,7660,Saúde e cuidados pessoais,6,0.39,6.07,6.4,13.6501
2026-02-01,2026,2,3201,Grande Vitória - ES,N7,7625,Transportes,5,0.27,0.6,1.27,23.4243
2023-01-01,2023,1,3101,Belo Horizonte - MG,N7,7660,Saúde e cuidados pessoais,6,0.45,0.45,12.08,14.3039
2024-03-01,2024,3,3301,Rio de Janeiro - RJ,N7,7169,Índice geral,0,0.17,1.5,4.05,100.0
2022-08-01,2022,8,2901,Salvador - BA,N7,7786,Comunicação,9,-1.67,0.69,1.77,4.3057
2023-12-01,2023,12,4101,Curitiba - PR,N7,7712,Despesas pessoais,7,0.38,5.35,5.35,9.3123
2022-01-01,2022,1,3501,São Paulo - SP,N7,7786,Comunicação,9,1.43,1.43,2.7,5.2153
2021-06-01,2021,6,2301,Fortaleza - CE,N7,7486,Artigos de residência,3,-0.38,4.55,11.11,4.0577
2020-03-01,2020,3,3501,São Paulo - SP,N7,7558,Vestuário,4,-0.21,-1.4,,3.8584
2025-01-01,2025,1,3301,Rio de Janeiro - RJ,N7,7786,Comunicação,9,-0.46,-0.46,2.57,6.0105
2025-07-01,2025,7,4301,Porto Alegre - RS,N7,7660,Saúde e cuidados pessoais,6,0.32,4.32,6.39,13.372
2022-12-01,2022,12,4301,Porto Alegre - RS,N7,7169,Índice geral,0,0.56,3.61,3.61,100.0
2025-09-01,2025,9,3101,Belo Horizonte - MG,N7,7660,Saúde e cuidados pessoais,6,-0.08,4.33,5.42,14.6771
2020-10-01,2020,10,2601,Recife - PE,N7,7169,Índice geral,0,0.82,3.62,,100.0
2023-08-01,2023,8,2301,Fortaleza - CE,N7,7169,Índice geral,0,0.74,3.62,4.5,100.0
2020-09-01,2020,9,2601,Recife - PE,N7,7625,Transportes,5,0.41,-1.33,,18.274
2021-06-01,2021,6,2901,Salvador - BA,N7,7558,Vestuário,4,1.21,-0.37,-2.97,4.491
2026-01-01,2026,1,3301,Rio de Janeiro - RJ,N7,7766,Educação,8,0.17,0.17,6.36,5.5529
2022-05-01,2022,5,3501,São Paulo - SP,N7,7660,Saúde e cuidados pessoais,6,0.93,4.05,5.15,12.047
2025-07-01,2025,7,3201,Grande Vitória - ES,N7,7486,Artigos de residência,3,-0.92,1.34,1.54,3.6613
2025-01-01,2025,1,3301,Rio de Janeiro - RJ,N7,7169,Índice geral,0,0.06,0.06,4.3,100.0
2024-11-01,2024,11,3201,Grande Vitória - ES,N7,7625,Transportes,5,0.68,2.13,2.73,23.6667
2020-01-01,2020,1,4301,Porto Alegre - RS,N7,7786,Comunicação,9,-0.3,-0.3,,6.3041
2025-12-01,2025,12,3101,Belo Horizonte - MG,N7,7170,Alimentação e bebidas,1,0.92,2.74,2.74,22.0306
2023-09-01,2023,9,4101,Curitiba - PR,N7,7625,Transportes,5,1.34,4.51,7.99,26.1766
2021-09-01,2021,9,4301,Porto Alegre - RS,N7,7170,Alimentação e bebidas,1,0.35,6.27,13.53,21.1534
2024-07-01,2024,7,3301,Rio de Janeiro - RJ,N7,7660,Saúde e cuidados pessoais,6,0.26,4.93,6.39,13.6197
2025-07-01,2025,7,3201,Grande Vitória - ES,N7,7786,Comunicação,9,0.0,2.08,3.04,5.1736
2022-07-01,2022,7,2601,Recife - PE,N7,7625,Transportes,5,-3.36,5.37,15.53,20.8419
2020-01-01,2020,1,3201,Grande Vitória - ES,N7,7558,Vestuário,4,-0.91,-0.91,,4.0222
2025-05-01,2025,5,1501,Belém - PA,N7,7766,Educação,8,0.17,5.71,7.12,3.7996
2020-12-01,2020,12,1501,Belém - PA,N7,7486,Artigos de residência,3,1.25,0.82,0.82,3.7738
2024-12-01,2024,12,4101,Curitiba - PR,N7,7486,Artigos de residência,3,0.76,1.22,1.22,3.9156
2025-07-01,2025,7,2601,Recife - PE,N7,7660,Saúde e cuidados pessoais,6,0.86,3.07,4.73,15.067
2021-12-01,2021,12,3101,Belo Horizonte - MG,N7,7558,Vestuário,4,1.63,9.06,9.06,4.552
2024-02-01,2024,2,3301,Rio de Janeiro - RJ,N7,7625,Transportes,5,0.51,0.55,4.6,20.0771
2021-04-01,2021,4,4101,Curitiba - PR,N7,7660,Saúde e cuidados pessoais,6,1.57,2.42,3.15,10.1767
2020-03-01,2020,3,4301,Porto Alegre - RS,N7,7766,Educação,8,1.31,3.64,,5.3279
2024-03-01,2024,3,4301,Porto Alegre - RS,N7,7169,Índice geral,0,-0.13,0.52,2.86,100.0
2022-04-01,2022,4,2901,Salvador - BA,N7,7170,Alimentação e bebidas,1,2.22,6.96,14.53,22.6708
2020-11-01,2020,11,4301,Porto Alegre - RS,N7,7786,Comunicação,9,0.23,2.8,,6.3685
2021-07-01,2021,7,2601,Recife - PE,N7,7486,Artigos de residência,3,0.09,5.27,10.51,4.2151
2025-04-01,2025,4,1501,Belém - PA,N7,7169,Índice geral,0,0.44,2.55,4.94,100.0
2020-02-01,2020,2,3501,São Paulo - SP,N7,7786,Comunicação,9,0.06,0.24,,5.7007
2022-06-01,2022,6,4101,Curitiba - PR,N7,7558,Vestuário,4,1.21,7.63,16.08,4.7801
2023-08-01,2023,8,3501,São Paulo - SP,N7,7660,Saúde e cuidados pessoais,6,0.62,5.71,9.25,12.9652
2020-06-01,2020,6,3201,Grande Vitória - ES,N7,7712,Despesas pessoais,7,-0.09,1.0,,9.313
2021-07-01,2021,7,4101,Curitiba - PR,N7,7660,Saúde e cuidados pessoais,6,0.03,3.56,3.71,10.2428
2024-10-01,2024,10,2601,Recife - PE,N7,7660,Saúde e cuidados pessoais,6,0.17,6.85,7.02,15.3756
2026-06-01,2026,6,3101,Belo Horizonte - MG,N7,7786,Comunicação,9,0.33,2.21,1.51,4.8092
2024-11-01,2024,11,2601,Recife - PE,N7,7786,Comunicação,9,0.05,2.25,2.08,4.0128
2023-11-01,2023,11,3301,Rio de Janeiro - RJ,N7,7712,Despesas pessoais,7,0.52,4.84,5.31,9.3885
2022-09-01,2022,9,2901,Salvador - BA,N7,7625,Transportes,5,-2.43,-2.35,5.36,18.9568
2021-03-01,2021,3,2301,Fortaleza - CE,N7,7660,Saúde e cuidados pessoais,6,0.15,1.5,2.65,13.2469
2022-09-01,2022,9,1501,Belém - PA,N7,7169,Índice geral,0,-0.01,3.83,5.45,100.0
2021-09-01,2021,9,4101,Curitiba - PR,N7,7169,Índice geral,0,1.54,9.39,13.01,100.0
2025-12-01,2025,12,3201,Grande Vitória - ES,N7,7786,Comunicação,9,0.3,1.66,1.66,5.0608
2020-11-01,2020,11,2601,Recife - PE,N7,7169,Índice geral,0,0.36,4.0,,100.0
2021-05-01,2021,5,3101,Belo Horizonte - MG,N7,7558,Vestuário,4,0.72,2.26,3.15,4.5641
2025-10-01,2025,10,4301,Porto Alegre - RS,N7,7625,Transportes,5,1.01,1.74,2.94,20.5389
2026-04-01,2026,4,3501,São Paulo - SP,N7,7660,Saúde e cuidados pessoais,6,1.36,2.81,5.97,13.171
2024-10-01,2024,10,3301,Rio de Janeiro - RJ,N7,7625,Transportes,5,-0.27,0.37,1.8,19.7024
2024-01-01,2024,1,4101,Curitiba - PR,N7,7786,Comunicação,9,-0.17,-0.17,1.64,4.2207
2025-10-01,2025,10,2601,Recife - PE,N7,7486,Artigos de residência,3,-0.69,-1.26,-0.93,3.7263
2021-01-01,2021,1,3501,São Paulo - SP,N7,7169,Índice geral,0,0.24,0.24,4.3,100.0
2020-01-01,2020,1,2301,Fortaleza - CE,N7,7558,Vestuário,4,-1.31,-1.31,,4.5689
2024-01-01,2024,1,2601,Recife - PE,N7,7712,Despesas pessoais,7,0.68,0.68,4.15,8.5064
2023-01-01,2023,1,3201,Grande Vitória - ES,N7,7625,Transportes,5,1.13,1.13,1.23,23.6953
2021-10-01,2021,10,4101,Curitiba - PR,N7,7169,Índice geral,0,1.45,10.97,13.48,100.0
2022-02-01,2022,2,1501,Belém - PA,N7,7445,Habitação,2,1.16,0.0,15.83,16.3805
2024-03-01,2024,3,2601,Recife - PE,N7,7558,Vestuário,4,-0.33,-1.08,0.31,5.9042
2021-10-01,2021,10,4101,Curitiba - PR,N7,7445,Habitação,2,1.43,15.2,19.72,15.5799
2022-02-01,2022,2,2301,Fortaleza - CE,N7,7625,Transportes,5,0.53,0.65,18.15,19.7683
2025-10-01,2025,10,2601,Recife - PE,N7,7766,Educação,8,0.03,5.63,5.72,6.1618
2021-10-01,2021,10,3201,Grande Vitória - ES,N7,7170,Alimentação e bebidas,1,2.48,7.43,11.78,17.2157
2022-02-01,2022,2,2901,Salvador - BA,N7,7558,Vestuário,4,1.78,4.52,18.92,4.8573
2022-03-01,2022,3,2601,Recife - PE,N7,7558,Vestuário,4,1.53,3.42,12.82,5.6067
2024-03-01,2024,3,3501,São Paulo - SP,N7,7169,Índice geral,0,0.14,1.32,4.07,100.0
2020-05-01,2020,5,2901,Salvador - BA,N7,7766,Educação,8,0.04,4.84,,6.2969
2022-07-01,2022,7,2601,Recife - PE,N7,7169,Índice geral,0,-0.42,5.41,10.69,100.0
2022-08-01,2022,8,3501,São Paulo - SP,N7,7169,Índice geral,0,-0.01,5.18,9.34,100.0
2024-01-01,2024,1,3501,São Paulo - SP,N7,7486,Artigos de residência,3,0.36,0.36,0.78,3.624
2022-08-01,2022,8,2901,Salvador - BA,N7,7558,Vestuário,4,2.0,16.07,28.89,5.1468
2022-11-01,2022,11,3101,Belo Horizonte - MG,N7,7169,Índice geral,0,0.54,3.89,4.67,100.0
2022-12-01,2022,12,4301,Porto Alegre - RS,N7,7660,Saúde e cuidados pessoais,6,1.49,10.97,10.97,12.7639
2025-12-01,2025,12,2901,Salvador - BA,N7,7786,Comunicação,9,0.37,1.18,1.18,3.8566
2026-04-01,2026,4,4301,Porto Alegre - RS,N7,7660,Saúde e cuidados pessoais,6,0.92,3.14,5.64,13.5097
2021-10-01,2021,10,3501,São Paulo - SP,N7,7786,Comunicação,9,0.39,1.24,1.74,5.3364
2024-11-01,2024,11,2301,Fortaleza - CE,N7,7766,Educação,8,-0.02,7.7,7.77,6.6985
2023-02-01,2023,2,2901,Salvador - BA,N7,7712,Despesas pessoais,7,0.26,1.25,6.63,9.8952
2020-12-01,2020,12,3301,Rio de Janeiro - RJ,N7,7486,Artigos de residência,3,1.26,6.38,6.38,3.0562
2024-12-01,2024,12,2601,Recife - PE,N7,7558,Vestuário,4,1.4,1.57,1.57,5.8084
2023-12-01,2023,12,4101,Curitiba - PR,N7,7445,Habitação,2,-0.15,8.6,8.6,14.4298
2025-09-01,2025,9,4101,Curitiba - PR,N7,7445,Habitação,2,2.97,5.62,5.73,14.1081
2022-07-01,2022,7,1501,Belém - PA,N7,7445,Habitação,2,-2.58,-6.32,2.05,15.2717
2021-12-01,2021,12,3501,São Paulo - SP,N7,7170,Alimentação e bebidas,1,0.84,8.05,8.05,19.6067
2021-08-01,2021,8,2301,Fortaleza - CE,N7,7445,Habitação,2,0.08,8.71,13.42,17.1119
2025-02-01,2025,2,4101,Curitiba - PR,N7,7660,Saúde e cuidados pessoais,6,0.32,1.07,6.01,10.8074
2024-03-01,2024,3,4101,Curitiba - PR,N7,7486,Artigos de residência,3,0.32,-0.27,-0.75,3.979
2026-02-01,2026,2,1501,Belém - PA,N7,7445,Habitação,2,-0.26,-1.84,3.73,15.6191
2020-02-01,2020,2,4101,Curitiba - PR,N7,7558,Vestuário,4,0.01,-0.21,,4.8762
2024-09-01,2024,9,3201,Grande Vitória - ES,N7,7766,Educação,8,0.02,6.48,6.82,5.5281
2021-01-01,2021,1,3301,Rio de Janeiro - RJ,N7,7169,Índice geral,0,0.18,0.18,4.22,100.0
2025-04-01,2025,4,2601,Recife - PE,N7,7169,Índice geral,0,0.22,2.11,4.2,100.0
2023-08-01,2023,8,3301,Rio de Janeiro - RJ,N7,7445,Habitação,2,1.23,1.87,2.78,18.0487
2021-03-01,2021,3,1501,Belém - PA,N7,7169,Índice geral,0,0.8,2.18,6.44,100.0
2022-06-01,2022,6,4301,Porto Alegre - RS,N7,7170,Alimentação e bebidas,1,1.28,10.28,12.86,21.5129
2023-01-01,2023,1,2901,Salvador - BA,N7,7558,Vestuário,4,0.06,0.06,19.26,5.4934
2020-03-01,2020,3,2301,Fortaleza - CE,N7,7786,Comunicação,9,0.06,0.48,,4.7441
2023-10-01,2023,10,1501,Belém - PA,N7,7486,Artigos de residência,3,0.14,2.18,0.53,3.7534
2026-04-01,2026,4,2601,Recife - PE,N7,7169,Índice geral,0,0.82,2.97,5.21,100.0
2025-02-01,2025,2,1501,Belém - PA,N7,7712,Despesas pessoais,7,-0.42,0.15,4.05,7.6842
2025-01-01,2025,1,3101,Belo Horizonte - MG,N7,7786,Comunicação,9,-0.1,-0.1,3.46,5.0082
2025-05-01,2025,5,3201,Grande Vitória - ES,N7,7660,Saúde e cuidados pessoais,6,0.38,3.2,5.21,15.9826
2023-07-01,2023,7,3501,São Paulo - SP,N7,7786,Comunicação,9,0.18,4.0,1.71,4.9403
2022-02-01,2022,2,2601,Recife - PE,N7,7625,Transportes,5,0.38,0.35,18.31,20.1442
2022-10-01,2022,10,3301,Rio de Janeiro - RJ,N7,7558,Vestuário,4,1.11,17.77,20.61,3.8179
2021-01-01,2021,1,4101,Curitiba - PR,N7,7625,Transportes,5,0.66,0.66,1.63,24.096
2023-04-01,2023,4,4301,Porto Alegre - RS,N7,7660,Saúde e cuidados pessoais,6,1.27,3.38,10.89,12.8616
2021-07-01,2021,7,2901,Salvador - BA,N7,7660,Saúde e cuidados pessoais,6,-0.16,2.67,3.76,14.9686
2022-07-01,2022,7,3301,Rio de Janeiro - RJ,N7,7712,Despesas pessoais,7,1.35,5.07,8.37,8.9051
2023-10-01,2023,10,4301,Porto Alegre - RS,N7,7786,Comunicação,9,0.02,3.36,3.56,5.4982
2021-11-01,2021,11,2901,Salvador - BA,N7,7766,Educação,8,-0.03,4.91,2.43,5.5926
2020-09-01,2020,9,3501,São Paulo - SP,N7,7766,Educação,8,-0.19,1.47,,7.1502
2024-06-01,2024,6,3301,Rio de Janeiro - RJ,N7,7486,Artigos de residência,3,0.19,-1.68,0.08,2.9465
2020-12-01,2020,12,3101,Belo Horizonte - MG,N7,7170,Alimentação e bebidas,1,2.23,16.32,16.32,21.5294
2021-11-01,2021,11,2301,Fortaleza - CE,N7,7712,Despesas pessoais,7,0.77,3.7,4.45,7.6608
2024-04-01,2024,4,4101,Curitiba - PR,N7,7660,Saúde e cuidados pessoais,6,1.26,2.79,4.83,10.5814
2023-01-01,2023,1,4101,Curitiba - PR,N7,7766,Educação,8,0.5,0.5,6.5,5.2191
2022-12-01,2022,12,2601,Recife - PE,N7,7170,Alimentação e bebidas,1,0.72,11.34,11.34,24.3568
2021-01-01,2021,1,3501,São Paulo - SP,N7,7445,Habitação,2,-1.0,-1.0,3.59,16.6482
2020-03-01,2020,3,2601,Recife - PE,N7,7625,Transportes,5,-1.31,-1.35,,18.8294
2020-02-01,2020,2,1501,Belém - PA,N7,7170,Alimentação e bebidas,1,0.09,2.11,,25.3667
2023-05-01,2023,5,4301,Porto Alegre - RS,N7,7660,Saúde e cuidados pessoais,6,0.56,3.96,10.36,12.9614
2021-07-01,2021,7,4101,Curitiba - PR,N7,7486,Artigos de residência,3,0.67,6.32,12.58,4.1577
2021-02-01,2021,2,4101,Curitiba - PR,N7,7660,Saúde e cuidados pessoais,6,0.55,0.79,0.52,10.3452
2026-05-01,2026,5,2301,Fortaleza - CE,N7,7558,Vestuário,4,0.74,1.53,6.13,4.6862
2023-10-01,2023,10,3501,São Paulo - SP,N7,7625,Transportes,5,0.47,6.44,7.4,20.0571
2020-08-01,2020,8,3101,Belo Horizonte - MG,N7,7660,Saúde e cuidados pessoais,6,0.52,2.17,,14.6521
2022-08-01,2022,8,3501,São Paulo - SP,N7,7766,Educação,8,0.67,6.99,7.16,6.4772
2024-05-01,2024,5,1501,Belém - PA,N7,7766,Educação,8,0.23,6.29,8.08,3.7197
2024-02-01,2024,2,4301,Porto Alegre - RS,N7,7625,Transportes,5,0.27,-1.06,7.36,21.0348
2024-03-01,2024,3,1501,Belém - PA,N7,7169,Índice geral,0,0.54,1.99,4.69,100.0
2025-11-01,2025,11,2301,Fortaleza - CE,N7,7766,Educação,8,0.01,6.14,6.38,6.8114
2022-12-01,2022,12,1501,Belém - PA,N7,7712,Despesas pessoais,7,0.51,6.49,6.49,7.6442
2024-06-01,2024,6,2301,Fortaleza - CE,N7,7486,Artigos de residência,3,-0.51,1.94,-0.07,3.9518
2020-04-01,2020,4,4101,Curitiba - PR,N7,7660,Saúde e cuidados pessoais,6,-0.86,-0.5,,10.7631
2024-09-01,2024,9,1501,Belém - PA,N7,7169,Índice geral,0,0.18,2.76,3.6,100.0
2026-03-01,2026,3,3101,Belo Horizonte - MG,N7,7786,Comunicação,9,0.18,1.54,2.33,4.8759
2026-01-01,2026,1,3201,Grande Vitória - ES,N7,7169,Índice geral,0,0.42,0.42,5.06,100.0
2026-06-01,2026,6,2601,Recife - PE,N7,7558,Vestuário,4,-0.09,3.01,7.95,5.8982
2026-04-01,2026,4,1501,Belém - PA,N7,7486,Artigos de residência,3,0.65,1.84,0.31,3.5501
2022-10-01,2022,10,2601,Recife - PE,N7,7712,Despesas pessoais,7,-0.05,4.33,6.11,8.5246
2022-09-01,2022,9,2601,Recife - PE,N7,7786,Comunicação,9,-2.75,-2.59,-0.9,4.2669
2025-05-01,2025,5,2601,Recife - PE,N7,7660,Saúde e cuidados pessoais,6,0.53,2.58,4.74,15.1764
2023-02-01,2023,2,3201,Grande Vitória - ES,N7,7786,Comunicação,9,1.12,2.75,-0.12,5.2975
2022-07-01,2022,7,4101,Curitiba - PR,N7,7625,Transportes,5,-4.91,6.01,17.17,27.7414
2020-10-01,2020,10,3501,São Paulo - SP,N7,7486,Artigos de residência,3,1.81,3.53,,3.4984
2020-06-01,2020,6,3301,Rio de Janeiro - RJ,N7,7625,Transportes,5,-0.76,-4.01,,19.239
2024-08-01,2024,8,2601,Recife - PE,N7,7660,Saúde e cuidados pessoais,6,0.71,5.76,5.73,15.1518
2021-08-01,2021,8,4301,Porto Alegre - RS,N7,7712,Despesas pessoais,7,0.46,2.29,2.32,10.1434
2021-08-01,2021,8,3501,São Paulo - SP,N7,7169,Índice geral,0,1.04,5.41,9.12,100.0
2020-03-01,2020,3,2601,Recife - PE,N7,7660,Saúde e cuidados pessoais,6,0.14,0.95,,15.0915
2022-05-01,2022,5,2301,Fortaleza - CE,N7,7712,Despesas pessoais,7,0.43,1.98,5.11,7.4325
2021-05-01,2021,5,1501,Belém - PA,N7,7169,Índice geral,0,0.48,3.39,8.26,100.0
2023-02-01,2023,2,2601,Recife - PE,N7,7766,Educação,8,8.03,8.43,9.48,5.6881
2023-09-01,2023,9,4301,Porto Alegre - RS,N7,7170,Alimentação e bebidas,1,-0.83,-0.98,0.17,21.3439
2021-02-01,2021,2,4101,Curitiba - PR,N7,7625,Transportes,5,2.82,3.51,5.16,24.1502
2025-08-01,2025,8,2301,Fortaleza - CE,N7,7170,Alimentação e bebidas,1,-0.59,2.93,6.25,24.5776
2024-01-01,2024,1,2601,Recife - PE,N7,7170,Alimentação e bebidas,1,0.87,0.87,0.4,23.581
2023-09-01,2023,9,2301,Fortaleza - CE,N7,7660,Saúde e cuidados pessoais,6,-0.16,5.32,8.52,13.4352
2026-02-01,2026,2,3201,Grande Vitória - ES,N7,7169,Índice geral,0,0.75,1.17,4.27,100.0
2025-09-01,2025,9,4301,Porto Alegre - RS,N7,7786,Comunicação,9,-0.15,0.86,1.75,5.3263
2022-01-01,2022,1,4101,Curitiba - PR,N7,7169,Índice geral,0,0.47,0.47,12.77,100.0
2021-12-01,2021,12,3301,Rio de Janeiro - RJ,N7,7170,Alimentação e bebidas,1,1.0,8.05,8.05,20.3941
2025-09-01,2025,9,2901,Salvador - BA,N7,7625,Transportes,5,-0.32,0.6,2.93,18.4065
2022-07-01,2022,7,4301,Porto Alegre - RS,N7,7660,Saúde e cuidados pessoais,6,0.4,6.05,6.59,12.2329
2025-08-01,2025,8,2601,Recife - PE,N7,7170,Alimentação e bebidas,1,-0.53,2.59,5.57,23.9989
2020-02-01,2020,2,4301,Porto Alegre - RS,N7,7170,Alimentação e bebidas,1,0.48,1.01,,19.3932
2021-01-01,2021,1,2301,Fortaleza - CE,N7,7486,Artigos de residência,3,0.98,0.98,4.92,4.0402
2024-06-01,2024,6,3501,São Paulo - SP,N7,7786,Comunicação,9,-0.25,1.45,0.97,4.8139
2021-09-01,2021,9,2601,Recife - PE,N7,7766,Educação,8,0.01,3.38,3.5,5.8138
2026-02-01,2026,2,2901,Salvador - BA,N7,7169,Índice geral,0,0.4,0.91,2.93,100.0
2026-03-01,2026,3,3301,Rio de Janeiro - RJ,N7,7486,Artigos de residência,3,0.19,1.03,-1.29,2.7237
2025-04-01,2025,4,4301,Porto Alegre - RS,N7,7170,Alimentação e bebidas,1,1.49,4.6,5.68,21.422
2025-08-01,2025,8,3501,São Paulo - SP,N7,7486,Artigos de residência,3,-0.2,0.33,1.16,3.4224
2023-07-01,2023,7,2301,Fortaleza - CE,N7,7625,Transportes,5,2.52,6.47,-1.0,18.6944
2020-11-01,2020,11,3101,Belo Horizonte - MG,N7,7558,Vestuário,4,-0.29,-1.27,,4.6631
2025-01-01,2025,1,3501,São Paulo - SP,N7,7766,Educação,8,0.28,0.28,7.28,6.83
2025-11-01,2025,11,3101,Belo Horizonte - MG,N7,7170,Alimentação e bebidas,1,-0.15,1.8,2.62,22.0718
2020-10-01,2020,10,4101,Curitiba - PR,N7,7625,Transportes,5,1.31,-1.37,,23.9775
2023-09-01,2023,9,1501,Belém - PA,N7,7625,Transportes,5,1.91,9.47,11.48,18.4835
2021-09-01,2021,9,3201,Grande Vitória - ES,N7,7486,Artigos de residência,3,0.73,9.08,11.84,3.9683
2023-08-01,2023,8,2601,Recife - PE,N7,7766,Educação,8,-0.01,8.9,9.47,5.998
2025-02-01,2025,2,4301,Porto Alegre - RS,N7,7486,Artigos de residência,3,-0.02,0.54,2.84,4.2402
2020-06-01,2020,6,4101,Curitiba - PR,N7,7786,Comunicação,9,1.22,1.83,,5.2603
2020-01-01,2020,1,2301,Fortaleza - CE,N7,7660,Saúde e cuidados pessoais,6,-0.53,-0.53,,13.8603
2025-02-01,2025,2,2301,Fortaleza - CE,N7,7712,Despesas pessoais,7,-0.45,0.78,4.61,7.6293
2024-06-01,2024,6,4301,Porto Alegre - RS,N7,7766,Educação,8,-0.04,4.6,7.52,5.0964
2024-04-01,2024,4,2901,Salvador - BA,N7,7786,Comunicação,9,0.83,1.79,0.92,4.0017
2020-07-01,2020,7,2301,Fortaleza - CE,N7,7558,Vestuário,4,-0.58,-2.29,,4.4465
2020-02-01,2020,2,2601,Recife - PE,N7,7169,Índice geral,0,0.38,0.68,,100.0
2021-07-01,2021,7,2901,Salvador - BA,N7,7766,Educação,8,0.12,3.23,-1.88,5.7052
2020-06-01,2020,6,3301,Rio de Janeiro - RJ,N7,7558,Vestuário,4,-1.33,-3.25,,3.5348
2022-07-01,2022,7,3501,São Paulo - SP,N7,7766,Educação,8,0.03,6.28,5.81,6.4708
2025-02-01,2025,2,3101,Belo Horizonte - MG,N7,7712,Despesas pessoais,7,0.8,1.24,6.63,10.7007
2022-03-01,2022,3,2601,Recife - PE,N7,7625,Transportes,5,3.82,4.19,19.26,20.0276
2025-03-01,2025,3,3501,São Paulo - SP,N7,7445,Habitação,2,0.4,2.0,4.21,16.0606
2024-06-01,2024,6,2301,Fortaleza - CE,N7,7660,Saúde e cuidados pessoais,6,0.49,4.76,5.82,13.5815
2023-08-01,2023,8,3301,Rio de Janeiro - RJ,N7,7486,Artigos de residência,3,-0.32,0.22,-1.33,3.0692
2020-09-01,2020,9,2601,Recife - PE,N7,7660,Saúde e cuidados pessoais,6,-0.37,1.01,,14.9814
2022-05-01,2022,5,3201,Grande Vitória - ES,N7,7445,Habitação,2,-3.09,-3.73,10.52,15.9325
2020-05-01,2020,5,1501,Belém - PA,N7,7486,Artigos de residência,3,-0.61,-2.81,,3.8074
2021-01-01,2021,1,3201,Grande Vitória - ES,N7,7712,Despesas pessoais,7,0.74,0.74,1.89,8.9434
2024-02-01,2024,2,4101,Curitiba - PR,N7,7660,Saúde e cuidados pessoais,6,0.35,1.09,5.48,10.5928
2024-12-01,2024,12,4101,Curitiba - PR,N7,7558,Vestuário,4,1.02,3.84,3.84,4.9139
2021-03-01,2021,3,2301,Fortaleza - CE,N7,7170,Alimentação e bebidas,1,0.63,2.34,15.45,24.1642
2024-09-01,2024,9,3201,Grande Vitória - ES,N7,7170,Alimentação e bebidas,1,0.5,3.54,5.36,17.5454
2022-05-01,2022,5,3301,Rio de Janeiro - RJ,N7,7558,Vestuário,4,2.3,9.3,19.07,3.5163
2025-11-01,2025,11,3301,Rio de Janeiro - RJ,N7,7786,Comunicação,9,-0.34,-0.48,0.19,5.8394
2020-07-01,2020,7,4301,Porto Alegre - RS,N7,7766,Educação,8,-0.1,3.66,,5.4485
2026-02-01,2026,2,4301,Porto Alegre - RS,N7,7486,Artigos de residência,3,0.16,-0.52,-0.8,3.9961
2021-09-01,2021,9,1501,Belém - PA,N7,7712,Despesas pessoais,7,0.53,1.76,2.87,7.6091
2020-01-01,2020,1,3101,Belo Horizonte - MG,N7,7766,Educação,8,0.31,0.31,,5.6436
2023-05-01,2023,5,2601,Recife - PE,N7,7170,Alimentação e bebidas,1,0.18,1.12,6.72,24.1086
2024-04-01,2024,4,1501,Belém - PA,N7,7558,Vestuário,4,0.53,1.35,3.1,6.2707
2023-12-01,2023,12,2301,Fortaleza - CE,N7,7712,Despesas pessoais,7,0.19,5.07,5.07,7.6096
2025-06-01,2025,6,2901,Salvador - BA,N7,7712,Despesas pessoais,7,-0.04,2.86,6.36,10.0574
2021-11-01,2021,11,3501,São Paulo - SP,N7,7712,Despesas pessoais,7,0.51,4.33,5.16,10.9062
2022-11-01,2022,11,3101,Belo Horizonte - MG,N7,7712,Despesas pessoais,7,0.15,7.7,8.18,10.6663
2021-11-01,2021,11,4301,Porto Alegre - RS,N7,7766,Educação,8,-0.04,0.1,1.16,4.7
2026-02-01,2026,2,3101,Belo Horizonte - MG,N7,7170,Alimentação e bebidas,1,0.33,0.48,0.94,22.0799
2023-06-01,2023,6,3301,Rio de Janeiro - RJ,N7,7445,Habitação,2,0.4,2.07,3.64,18.202
2020-05-01,2020,5,4301,Porto Alegre - RS,N7,7170,Alimentação e bebidas,1,0.38,4.73,,20.1713
2024-06-01,2024,6,3101,Belo Horizonte - MG,N7,7169,Índice geral,0,0.46,3.63,5.23,100.0
2026-04-01,2026,4,3201,Grande Vitória - ES,N7,7660,Saúde e cuidados pessoais,6,0.98,2.7,5.35,16.014
2024-06-01,2024,6,3201,Grande Vitória - ES,N7,7486,Artigos de residência,3,0.6,2.53,3.33,3.7239
2025-07-01,2025,7,2301,Fortaleza - CE,N7,7660,Saúde e cuidados pessoais,6,0.88,5.51,6.89,13.7237
2021-08-01,2021,8,3101,Belo Horizonte - MG,N7,7445,Habitação,2,-1.13,4.32,8.47,14.511
2025-06-01,2025,6,2901,Salvador - BA,N7,7486,Artigos de residência,3,-0.86,-0.46,1.35,3.7438
2024-08-01,2024,8,4301,Porto Alegre - RS,N7,7625,Transportes,5,0.95,2.36,5.19,21.158
2024-09-01,2024,9,3301,Rio de Janeiro - RJ,N7,7170,Alimentação e bebidas,1,0.63,3.89,6.79,20.4993
2025-11-01,2025,11,3201,Grande Vitória - ES,N7,7170,Alimentação e bebidas,1,-0.56,2.67,4.34,17.6915
2021-01-01,2021,1,3101,Belo Horizonte - MG,N7,7558,Vestuário,4,-0.38,-0.38,0.5,4.6135
2026-03-01,2026,3,4301,Porto Alegre - RS,N7,7766,Educação,8,0.07,4.93,6.16,5.3455
2022-09-01,2022,9,4101,Curitiba - PR,N7,7486,Artigos de residência,3,1.19,5.68,10.87,4.1563
2023-01-01,2023,1,4301,Porto Alegre - RS,N7,7170,Alimentação e bebidas,1,-0.02,-0.02,12.2,22.1456
2023-11-01,2023,11,1501,Belém - PA,N7,7660,Saúde e cuidados pessoais,6,-0.44,5.18,8.44,13.0067
2024-06-01,2024,6,2901,Salvador - BA,N7,7445,Habitação,2,-0.62,-0.78,0.61,14.1709
2026-05-01,2026,5,2601,Recife - PE,N7,7712,Despesas pessoais,7,0.25,2.63,6.01,8.5191
2020-09-01,2020,9,3301,Rio de Janeiro - RJ,N7,7786,Comunicação,9,0.52,3.92,,7.4088
2023-03-01,2023,3,3101,Belo Horizonte - MG,N7,7170,Alimentação e bebidas,1,-0.97,-0.41,7.13,22.6692
2023-04-01,2023,4,3301,Rio de Janeiro - RJ,N7,7445,Habitação,2,1.66,1.79,1.53,18.0945
2025-11-01,2025,11,4301,Porto Alegre - RS,N7,7445,Habitação,2,1.05,8.21,7.38,14.4512
2021-08-01,2021,8,2901,Salvador - BA,N7,7625,Transportes,5,0.6,11.75,16.55,19.1054
2020-06-01,2020,6,3301,Rio de Janeiro - RJ,N7,7766,Educação,8,-0.02,4.45,,5.686
2020-08-01,2020,8,4101,Curitiba - PR,N7,7660,Saúde e cuidados pessoais,6,0.54,0.6,,10.7895
2023-12-01,2023,12,2301,Fortaleza - CE,N7,7786,Comunicação,9,0.28,1.2,1.2,3.7886
2023-01-01,2023,1,1501,Belém - PA,N7,7766,Educação,8,0.47,0.47,9.44,3.4557
2024-07-01,2024,7,2301,Fortaleza - CE,N7,7445,Habitação,2,0.17,1.19,4.85,16.2986
2023-06-01,2023,6,1501,Belém - PA,N7,7445,Habitação,2,0.95,1.6,5.44,15.4508
2021-09-01,2021,9,1501,Belém - PA,N7,7766,Educação,8,0.17,6.69,7.37,3.4422
2024-11-01,2024,11,1501,Belém - PA,N7,7445,Habitação,2,-2.09,1.65,3.27,16.115
2022-06-01,2022,6,2901,Salvador - BA,N7,7486,Artigos de residência,3,-0.76,5.64,15.81,4.3096
2023-04-01,2023,4,3301,Rio de Janeiro - RJ,N7,7786,Comunicação,9,0.11,4.1,0.77,6.4102
2025-12-01,2025,12,3301,Rio de Janeiro - RJ,N7,7169,Índice geral,0,0.52,3.45,3.45,100.0
2024-11-01,2024,11,4301,Porto Alegre - RS,N7,7625,Transportes,5,0.13,1.54,1.81,21.0105
2025-11-01,2025,11,1501,Belém - PA,N7,7170,Alimentação e bebidas,1,-0.27,2.35,4.16,27.1265
2021-09-01,2021,9,4101,Curitiba - PR,N7,7660,Saúde e cuidados pessoais,6,0.55,4.44,5.11,9.9944
2020-07-01,2020,7,3301,Rio de Janeiro - RJ,N7,7486,Artigos de residência,3,0.83,-0.44,,2.9305
2020-01-01,2020,1,3501,São Paulo - SP,N7,7486,Artigos de residência,3,-0.46,-0.46,,3.4852
2023-11-01,2023,11,3301,Rio de Janeiro - RJ,N7,7625,Transportes,5,0.86,4.97,5.48,20.114
2026-05-01,2026,5,4301,Porto Alegre - RS,N7,7445,Habitação,2,0.92,1.36,6.33,14.4323
2022-02-01,2022,2,4101,Curitiba - PR,N7,7625,Transportes,5,2.27,2.6,22.52,26.3822
2022-01-01,2022,1,2901,Salvador - BA,N7,7660,Saúde e cuidados pessoais,6,0.2,0.2,4.37,14.302
2025-08-01,2025,8,3501,São Paulo - SP,N7,7625,Transportes,5,-0.02,2.59,4.25,19.6756
2024-11-01,2024,11,3301,Rio de Janeiro - RJ,N7,7712,Despesas pessoais,7,1.73,4.23,4.83,9.2758
2024-12-01,2024,12,3301,Rio de Janeiro - RJ,N7,7486,Artigos de residência,3,0.35,-1.69,-1.69,2.8856
2020-09-01,2020,9,3501,São Paulo - SP,N7,7445,Habitação,2,0.65,2.35,,16.6271
2022-04-01,2022,4,4301,Porto Alegre - RS,N7,7786,Comunicação,9,0.24,0.97,3.51,5.7397
2021-10-01,2021,10,2301,Fortaleza - CE,N7,7625,Transportes,5,2.55,14.78,16.42,19.0116
2021-07-01,2021,7,2901,Salvador - BA,N7,7558,Vestuário,4,-0.74,-1.11,-2.76,4.5067
2022-10-01,2022,10,1501,Belém - PA,N7,7169,Índice geral,0,0.51,4.36,5.31,100.0
2025-03-01,2025,3,2601,Recife - PE,N7,7486,Artigos de residência,3,-0.09,0.34,-0.04,3.8433
2020-10-01,2020,10,3301,Rio de Janeiro - RJ,N7,7712,Despesas pessoais,7,-0.16,0.13,,9.6745
2024-06-01,2024,6,4101,Curitiba - PR,N7,7445,Habitação,2,0.01,1.22,3.06,14.2413
2023-07-01,2023,7,4101,Curitiba - PR,N7,7786,Comunicação,9,0.04,3.76,0.39,4.2776
2020-05-01,2020,5,3201,Grande Vitória - ES,N7,7625,Transportes,5,-1.95,-4.49,,22.6684
2023-10-01,2023,10,2901,Salvador - BA,N7,7660,Saúde e cuidados pessoais,6,-0.4,5.87,7.36,15.2137
2021-06-01,2021,6,3301,Rio de Janeiro - RJ,N7,7712,Despesas pessoais,7,0.26,1.07,1.3,9.242
2023-02-01,2023,2,4101,Curitiba - PR,N7,7660,Saúde e cuidados pessoais,6,1.67,1.72,12.86,10.3717
2021-05-01,2021,5,3501,São Paulo - SP,N7,7170,Alimentação e bebidas,1,0.24,2.01,11.54,19.8716
2021-11-01,2021,11,2601,Recife - PE,N7,7445,Habitação,2,1.22,12.11,16.25,14.7225
2025-06-01,2025,6,1501,Belém - PA,N7,7660,Saúde e cuidados pessoais,6,-0.49,4.42,4.69,12.9964
2020-01-01,2020,1,3301,Rio de Janeiro - RJ,N7,7169,Índice geral,0,0.05,0.05,,100.0
2021-09-01,2021,9,3301,Rio de Janeiro - RJ,N7,7766,Educação,8,0.08,2.52,5.71,5.299
2020-09-01,2020,9,4101,Curitiba - PR,N7,7625,Transportes,5,1.09,-2.65,,23.8873
2023-10-01,2023,10,4101,Curitiba - PR,N7,7169,Índice geral,0,0.17,3.94,4.97,100.0
2021-04-01,2021,4,3201,Grande Vitória - ES,N7,7712,Despesas pessoais,7,0.0,1.05,1.98,8.8123
2023-05-01,2023,5,3201,Grande Vitória - ES,N7,7169,Índice geral,0,0.01,3.03,4.32,100.0
2023-01-01,2023,1,3101,Belo Horizonte - MG,N7,7625,Transportes,5,0.74,0.74,-4.73,19.643
2025-11-01,2025,11,3501,São Paulo - SP,N7,7786,Comunicação,9,-0.11,0.76,1.03,4.5602
2021-07-01,2021,7,4301,Porto Alegre - RS,N7,7712,Despesas pessoais,7,0.49,1.82,2.18,10.218
2021-03-01,2021,3,4101,Curitiba - PR,N7,7786,Comunicação,9,0.0,-0.46,1.56,4.9675
2025-10-01,2025,10,4101,Curitiba - PR,N7,7766,Educação,8,0.05,6.84,7.05,5.599
2024-01-01,2024,1,1501,Belém - PA,N7,7169,Índice geral,0,0.75,0.75,5.18,100.0
2024-05-01,2024,5,3101,Belo Horizonte - MG,N7,7170,Alimentação e bebidas,1,0.01,3.96,4.74,22.2745
2021-01-01,2021,1,1501,Belém - PA,N7,7712,Despesas pessoais,7,-0.09,-0.09,1.49,7.9189
2025-04-01,2025,4,3201,Grande Vitória - ES,N7,7625,Transportes,5,-0.61,2.58,6.08,23.9473
2022-09-01,2022,9,4301,Porto Alegre - RS,N7,7766,Educação,8,0.23,6.63,7.0,4.7983
2025-12-01,2025,12,4301,Porto Alegre - RS,N7,7712,Despesas pessoais,7,0.24,5.76,5.76,10.7431
2021-07-01,2021,7,3301,Rio de Janeiro - RJ,N7,7445,Habitação,2,1.96,5.06,8.28,18.5278
2024-06-01,2024,6,4301,Porto Alegre - RS,N7,7445,Habitação,2,-0.48,0.92,2.57,14.169
2025-09-01,2025,9,1501,Belém - PA,N7,7170,Alimentação e bebidas,1,-0.34,2.59,8.15,27.3538
2026-06-01,2026,6,3501,São Paulo - SP,N7,7445,Habitação,2,-0.1,1.58,5.77,16.1909
2020-01-01,2020,1,3501,São Paulo - SP,N7,7786,Comunicação,9,0.18,0.18,,5.7094
2021-05-01,2021,5,4101,Curitiba - PR,N7,7169,Índice geral,0,0.93,4.14,9.86,100.0
2025-11-01,2025,11,3301,Rio de Janeiro - RJ,N7,7558,Vestuário,4,0.06,4.23,5.67,3.7989
2022-03-01,2022,3,1501,Belém - PA,N7,7170,Alimentação e bebidas,1,2.95,6.29,7.98,26.9622
2022-11-01,2022,11,2901,Salvador - BA,N7,7712,Despesas pessoais,7,-0.08,5.64,6.13,9.9105
2023-12-01,2023,12,2901,Salvador - BA,N7,7766,Educação,8,0.34,8.0,8.0,5.8609
2024-08-01,2024,8,3101,Belo Horizonte - MG,N7,7169,Índice geral,0,0.13,4.04,5.89,100.0
2024-12-01,2024,12,3201,Grande Vitória - ES,N7,7712,Despesas pessoais,7,0.75,5.21,5.21,8.7181
2021-04-01,2021,4,4101,Curitiba - PR,N7,7625,Transportes,5,1.01,8.93,16.04,25.302
2023-02-01,2023,2,2601,Recife - PE,N7,7170,Alimentação e bebidas,1,0.15,0.67,10.66,24.4366
2021-08-01,2021,8,3201,Grande Vitória - ES,N7,7445,Habitação,2,4.15,8.25,14.91,15.7561
2020-07-01,2020,7,4301,Porto Alegre - RS,N7,7660,Saúde e cuidados pessoais,6,0.07,-0.47,,13.364
2025-09-01,2025,9,2301,Fortaleza - CE,N7,7712,Despesas pessoais,7,0.29,5.57,8.05,7.7038
2022-07-01,2022,7,1501,Belém - PA,N7,7712,Despesas pessoais,7,0.7,3.49,5.54,7.3759
2026-02-01,2026,2,2601,Recife - PE,N7,7625,Transportes,5,1.25,1.92,3.83,19.2283
2025-01-01,2025,1,4101,Curitiba - PR,N7,7170,Alimentação e bebidas,1,0.68,0.68,6.35,21.5928
2021-10-01,2021,10,2601,Recife - PE,N7,7170,Alimentação e bebidas,1,1.16,7.78,10.76,23.2629
2023-05-01,2023,5,2301,Fortaleza - CE,N7,7712,Despesas pessoais,7,1.14,2.15,4.8,7.4348
2025-07-01,2025,7,1501,Belém - PA,N7,7625,Transportes,5,0.83,2.01,3.26,18.2681
2025-10-01,2025,10,4301,Porto Alegre - RS,N7,7445,Habitação,2,-0.2,7.09,4.12,14.5283
2025-06-01,2025,6,3501,São Paulo - SP,N7,7712,Despesas pessoais,7,0.13,2.48,5.59,11.0393
2022-12-01,2022,12,3301,Rio de Janeiro - RJ,N7,7625,Transportes,5,0.48,2.58,2.58,19.8853
2025-09-01,2025,9,2301,Fortaleza - CE,N7,7558,Vestuário,4,1.15,2.04,3.49,4.7024
2023-07-01,2023,7,1501,Belém - PA,N7,7558,Vestuário,4,0.31,0.07,8.34,6.3615
2025-07-01,2025,7,2601,Recife - PE,N7,7486,Artigos de residência,3,-0.02,-0.5,-0.68,3.7536
2024-11-01,2024,11,2901,Salvador - BA,N7,7486,Artigos de residência,3,-0.54,-0.22,0.77,3.8783
2020-09-01,2020,9,3201,Grande Vitória - ES,N7,7786,Comunicação,9,-0.12,1.99,,6.4928
2025-10-01,2025,10,3101,Belo Horizonte - MG,N7,7786,Comunicação,9,-0.34,0.74,1.05,4.8834
2026-04-01,2026,4,3501,São Paulo - SP,N7,7170,Alimentação e bebidas,1,1.24,3.45,3.33,20.5851
2024-02-01,2024,2,3501,São Paulo - SP,N7,7712,Despesas pessoais,7,-0.14,0.68,4.75,11.1754
2022-03-01,2022,3,2301,Fortaleza - CE,N7,7766,Educação,8,0.09,6.12,6.12,6.3504
2022-03-01,2022,3,2301,Fortaleza - CE,N7,7660,Saúde e cuidados pessoais,6,1.04,2.74,5.11,12.5178
2022-10-01,2022,10,4301,Porto Alegre - RS,N7,7712,Despesas pessoais,7,0.75,7.08,8.74,10.3818
2025-12-01,2025,12,2301,Fortaleza - CE,N7,7660,Saúde e cuidados pessoais,6,0.21,7.12,7.12,13.9137
2021-05-01,2021,5,4301,Porto Alegre - RS,N7,7660,Saúde e cuidados pessoais,6,0.97,3.65,4.16,12.8889
2023-09-01,2023,9,4101,Curitiba - PR,N7,7445,Habitação,2,0.03,8.93,6.84,14.5003
2024-10-01,2024,10,4301,Porto Alegre - RS,N7,7170,Alimentação e bebidas,1,0.16,2.47,3.83,21.0416
2022-06-01,2022,6,3501,São Paulo - SP,N7,7558,Vestuário,4,1.94,9.34,16.18,3.8876
2021-04-01,2021,4,3201,Grande Vitória - ES,N7,7786,Comunicação,9,0.06,-0.11,2.75,6.1021
2020-10-01,2020,10,3501,São Paulo - SP,N7,7169,Índice geral,0,0.89,2.21,,100.0
2022-04-01,2022,4,4101,Curitiba - PR,N7,7786,Comunicação,9,0.06,0.92,2.86,4.3955
2023-05-01,2023,5,2301,Fortaleza - CE,N7,7766,Educação,8,0.04,6.24,7.74,6.4104
2020-02-01,2020,2,2301,Fortaleza - CE,N7,7766,Educação,8,5.02,5.31,,6.5324
2026-04-01,2026,4,2901,Salvador - BA,N7,7445,Habitação,2,1.5,0.8,3.5,13.8059
2021-02-01,2021,2,2601,Recife - PE,N7,7486,Artigos de residência,3,0.05,1.05,8.36,4.1941
2020-06-01,2020,6,1501,Belém - PA,N7,7445,Habitação,2,0.14,-2.84,,15.4729
2024-05-01,2024,5,2601,Recife - PE,N7,7486,Artigos de residência,3,0.0,-0.62,-1.77,3.9918
2023-07-01,2023,7,2301,Fortaleza - CE,N7,7660,Saúde e cuidados pessoais,6,-0.35,4.4,9.41,13.4659
2021-10-01,2021,10,3201,Grande Vitória - ES,N7,7625,Transportes,5,1.75,16.79,19.82,23.8173
2026-01-01,2026,1,1501,Belém - PA,N7,7486,Artigos de residência,3,0.96,0.96,0.29,3.5824
2022-05-01,2022,5,4301,Porto Alegre - RS,N7,7445,Habitação,2,-2.8,-6.19,8.53,14.8076
2023-02-01,2023,2,3101,Belo Horizonte - MG,N7,7786,Comunicação,9,0.84,3.31,0.79,5.2954
2023-05-01,2023,5,4101,Curitiba - PR,N7,7786,Comunicação,9,0.13,3.84,0.37,4.2891
2020-12-01,2020,12,2901,Salvador - BA,N7,7712,Despesas pessoais,7,0.4,1.15,1.15,10.6136
2020-09-01,2020,9,4301,Porto Alegre - RS,N7,7712,Despesas pessoais,7,0.17,-0.12,,10.9193
2024-11-01,2024,11,4101,Curitiba - PR,N7,7625,Transportes,5,0.82,2.09,2.01,25.5603
2021-01-01,2021,1,3101,Belo Horizonte - MG,N7,7169,Índice geral,0,0.33,0.33,5.13,100.0
2024-10-01,2024,10,4301,Porto Alegre - RS,N7,7445,Habitação,2,1.26,4.88,5.49,14.3578
2023-01-01,2023,1,2601,Recife - PE,N7,7170,Alimentação e bebidas,1,0.52,0.52,11.38,24.3185
2023-11-01,2023,11,3101,Belo Horizonte - MG,N7,7766,Educação,8,0.02,6.78,7.07,5.3976
2025-04-01,2025,4,2601,Recife - PE,N7,7712,Despesas pessoais,7,0.62,1.57,5.51,8.4311
2021-09-01,2021,9,2301,Fortaleza - CE,N7,7625,Transportes,5,1.68,11.93,14.46,18.9246
2024-10-01,2024,10,4101,Curitiba - PR,N7,7786,Comunicação,9,0.56,3.51,3.54,4.2132
2025-05-01,2025,5,3201,Grande Vitória - ES,N7,7486,Artigos de residência,3,0.22,2.39,3.76,3.674
2020-08-01,2020,8,3201,Grande Vitória - ES,N7,7170,Alimentação e bebidas,1,1.72,6.95,,16.4014
2022-12-01,2022,12,2301,Fortaleza - CE,N7,7625,Transportes,5,-0.02,-1.7,-1.7,18.6002
2020-03-01,2020,3,3101,Belo Horizonte - MG,N7,7445,Habitação,2,0.45,-0.16,,14.3215
2025-11-01,2025,11,4101,Curitiba - PR,N7,7445,Habitação,2,0.18,4.89,4.95,14.3496
2021-09-01,2021,9,2901,Salvador - BA,N7,7169,Índice geral,0,1.11,6.81,9.54,100.0
2023-04-01,2023,4,2301,Fortaleza - CE,N7,7445,Habitação,2,0.03,0.03,0.57,16.3313
2020-12-01,2020,12,2301,Fortaleza - CE,N7,7558,Vestuário,4,1.28,1.72,1.72,4.4026
2023-05-01,2023,5,2601,Recife - PE,N7,7558,Vestuário,4,0.29,0.83,10.03,6.0216
2022-10-01,2022,10,2901,Salvador - BA,N7,7786,Comunicação,9,-0.81,-2.68,-2.44,4.146
2025-01-01,2025,1,3501,São Paulo - SP,N7,7712,Despesas pessoais,7,0.28,0.28,4.14,11.0788
2020-03-01,2020,3,2901,Salvador - BA,N7,7558,Vestuário,4,0.32,-1.22,,5.2466
2021-01-01,2021,1,2601,Recife - PE,N7,7445,Habitação,2,-0.45,-0.45,6.56,14.3776
2023-11-01,2023,11,2601,Recife - PE,N7,7169,Índice geral,0,-0.29,2.96,3.86,100.0
2021-06-01,2021,6,3501,São Paulo - SP,N7,7625,Transportes,5,-0.07,6.47,12.73,20.1023
2021-10-01,2021,10,2601,Recife - PE,N7,7486,Artigos de residência,3,1.42,7.41,8.75,4.1308
2023-02-01,2023,2,3501,São Paulo - SP,N7,7486,Artigos de residência,3,0.09,1.19,5.8,3.7624
2020-09-01,2020,9,2301,Fortaleza - CE,N7,7660,Saúde e cuidados pessoais,6,0.31,1.51,,13.8437
2021-02-01,2021,2,3201,Grande Vitória - ES,N7,7445,Habitação,2,0.38,-1.26,5.7,15.6236
2025-06-01,2025,6,1501,Belém - PA,N7,7445,Habitação,2,1.01,5.15,4.54,15.6474
2026-03-01,2026,3,3301,Rio de Janeiro - RJ,N7,7625,Transportes,5,1.22,2.54,3.41,19.7375
2024-03-01,2024,3,4101,Curitiba - PR,N7,7766,Educação,8,0.26,5.01,6.24,5.5213
2024-06-01,2024,6,3301,Rio de Janeiro - RJ,N7,7660,Saúde e cuidados pessoais,6,0.37,4.66,6.86,13.5848
2023-06-01,2023,6,2601,Recife - PE,N7,7786,Comunicação,9,-0.24,3.25,-0.89,4.1566
2024-10-01,2024,10,3501,São Paulo - SP,N7,7660,Saúde e cuidados pessoais,6,0.5,5.98,6.77,13.2403
2022-03-01,2022,3,3101,Belo Horizonte - MG,N7,7786,Comunicação,9,-0.34,1.55,3.27,5.486
2024-01-01,2024,1,4101,Curitiba - PR,N7,7169,Índice geral,0,0.39,0.39,4.63,100.0
2020-05-01,2020,5,3101,Belo Horizonte - MG,N7,7445,Habitação,2,-0.41,-0.25,,14.4577
2021-06-01,2021,6,2301,Fortaleza - CE,N7,7558,Vestuário,4,1.97,6.25,9.97,4.3825
2025-06-01,2025,6,4301,Porto Alegre - RS,N7,7169,Índice geral,0,0.05,3.17,4.85,100.0
2023-06-01,2023,6,3201,Grande Vitória - ES,N7,7170,Alimentação e bebidas,1,-0.71,0.74,5.41,18.0649
2025-06-01,2025,6,2901,Salvador - BA,N7,7558,Vestuário,4,1.46,1.5,3.67,5.1285
2020-03-01,2020,3,3201,Grande Vitória - ES,N7,7786,Comunicação,9,-0.36,-0.03,,6.3987
2021-11-01,2021,11,4101,Curitiba - PR,N7,7786,Comunicação,9,0.22,1.17,1.85,4.6017
2021-01-01,2021,1,3101,Belo Horizonte - MG,N7,7660,Saúde e cuidados pessoais,6,0.14,0.14,2.3,14.0576
2020-03-01,2020,3,4301,Porto Alegre - RS,N7,7786,Comunicação,9,-0.19,0.12,,6.3029
2023-09-01,2023,9,4101,Curitiba - PR,N7,7786,Comunicação,9,0.13,3.5,3.3,4.2392
2025-06-01,2025,6,4101,Curitiba - PR,N7,7712,Despesas pessoais,7,0.59,1.75,4.68,9.2167
2025-05-01,2025,5,3301,Rio de Janeiro - RJ,N7,7170,Alimentação e bebidas,1,0.15,3.48,7.73,21.2587
2024-08-01,2024,8,4301,Porto Alegre - RS,N7,7786,Comunicação,9,-0.33,2.59,2.22,5.4776
2026-04-01,2026,4,3101,Belo Horizonte - MG,N7,7170,Alimentação e bebidas,1,1.61,4.09,3.48,22.2054
2025-07-01,2025,7,2601,Recife - PE,N7,7170,Alimentação e bebidas,1,-0.14,3.14,5.61,24.1102
2024-05-01,2024,5,1501,Belém - PA,N7,7786,Comunicação,9,0.49,2.79,1.63,4.2084
2023-08-01,2023,8,2301,Fortaleza - CE,N7,7786,Comunicação,9,0.45,2.45,-1.01,3.8715
2022-09-01,2022,9,2301,Fortaleza - CE,N7,7486,Artigos de residência,3,0.56,8.86,11.64,4.19
2023-01-01,2023,1,1501,Belém - PA,N7,7169,Índice geral,0,0.41,0.41,5.3,100.0
2026-04-01,2026,4,2301,Fortaleza - CE,N7,7786,Comunicação,9,0.72,2.04,2.17,3.5523
2023-03-01,2023,3,3301,Rio de Janeiro - RJ,N7,7625,Transportes,5,1.43,2.92,1.39,19.9911
2021-08-01,2021,8,2301,Fortaleza - CE,N7,7558,Vestuário,4,1.04,8.46,12.74,4.4473
2023-03-01,2023,3,3201,Grande Vitória - ES,N7,7170,Alimentação e bebidas,1,-0.46,0.45,6.89,18.1767
2022-04-01,2022,4,2601,Recife - PE,N7,7169,Índice geral,0,1.12,4.09,12.24,100.0
2021-11-01,2021,11,1501,Belém - PA,N7,7445,Habitação,2,-0.42,13.09,16.39,16.6576
2020-01-01,2020,1,2301,Fortaleza - CE,N7,7625,Transportes,5,0.69,0.69,,19.1697
2020-10-01,2020,10,1501,Belém - PA,N7,7786,Comunicação,9,-0.87,0.77,,5.1342
2021-12-01,2021,12,4101,Curitiba - PR,N7,7766,Educação,8,-0.05,4.09,4.09,5.2112
2025-03-01,2025,3,3201,Grande Vitória - ES,N7,7558,Vestuário,4,0.4,0.59,3.26,3.8763
2026-04-01,2026,4,1501,Belém - PA,N7,7766,Educação,8,-0.15,4.6,5.6,3.8902
2026-06-01,2026,6,4301,Porto Alegre - RS,N7,7170,Alimentação e bebidas,1,0.24,5.64,4.25,21.4854
2025-07-01,2025,7,2301,Fortaleza - CE,N7,7486,Artigos de residência,3,0.38,1.37,2.87,3.8181
2022-10-01,2022,10,4301,Porto Alegre - RS,N7,7660,Saúde e cuidados pessoais,6,1.1,9.23,9.66,12.7607
2022-06-01,2022,6,1501,Belém - PA,N7,7625,Transportes,5,0.56,6.49,16.73,19.6445
2021-06-01,2021,6,2601,Recife - PE,N7,7786,Comunicação,9,0.01,0.2,3.68,4.6436
2023-04-01,2023,4,2601,Recife - PE,N7,7445,Habitação,2,-0.2,-0.09,-1.2,13.5223
2026-06-01,2026,6,3201,Grande Vitória - ES,N7,7558,Vestuário,4,0.65,0.72,4.18,3.8955
2025-02-01,2025,2,2301,Fortaleza - CE,N7,7660,Saúde e cuidados pessoais,6,0.9,0.94,5.33,13.5131
2026-04-01,2026,4,4101,Curitiba - PR,N7,7766,Educação,8,0.08,5.47,6.6,5.818
2022-09-01,2022,9,3101,Belo Horizonte - MG,N7,7712,Despesas pessoais,7,0.45,6.9,8.86,10.5752
2021-03-01,2021,3,3501,São Paulo - SP,N7,7766,Educação,8,-0.88,1.81,-0.88,7.017
2023-02-01,2023,2,3101,Belo Horizonte - MG,N7,7486,Artigos de residência,3,-0.1,0.52,3.37,4.2634
2020-10-01,2020,10,3101,Belo Horizonte - MG,N7,7169,Índice geral,0,1.08,2.43,,100.0
2024-12-01,2024,12,2601,Recife - PE,N7,7169,Índice geral,0,0.34,4.36,4.36,100.0
2026-04-01,2026,4,3201,Grande Vitória - ES,N7,7712,Despesas pessoais,7,0.21,1.76,6.97,8.8513
2023-02-01,2023,2,2901,Salvador - BA,N7,7625,Transportes,5,-0.28,1.99,-1.33,18.5301
2021-02-01,2021,2,2301,Fortaleza - CE,N7,7486,Artigos de residência,3,1.71,2.7,6.72,4.0649
2021-01-01,2021,1,3301,Rio de Janeiro - RJ,N7,7486,Artigos de residência,3,1.26,1.26,7.75,3.0454
2025-07-01,2025,7,3101,Belo Horizonte - MG,N7,7169,Índice geral,0,0.22,3.61,5.66,100.0
2021-03-01,2021,3,2301,Fortaleza - CE,N7,7486,Artigos de residência,3,-0.2,2.49,7.09,4.0739
2021-07-01,2021,7,3101,Belo Horizonte - MG,N7,7766,Educação,8,0.11,2.95,-1.5,5.3234
2026-04-01,2026,4,2601,Recife - PE,N7,7766,Educação,8,0.14,3.85,4.44,6.226
2024-09-01,2024,9,2601,Recife - PE,N7,7660,Saúde e cuidados pessoais,6,0.87,6.67,6.79,15.2697
2023-06-01,2023,6,4101,Curitiba - PR,N7,7170,Alimentação e bebidas,1,-0.86,0.78,3.07,21.4307
2026-05-01,2026,5,2901,Salvador - BA,N7,7786,Comunicação,9,0.04,2.49,2.12,3.826
2025-12-01,2025,12,2301,Fortaleza - CE,N7,7445,Habitação,2,-0.29,5.81,5.81,16.6304
2021-04-01,2021,4,3201,Grande Vitória - ES,N7,7170,Alimentação e bebidas,1,-0.2,-0.72,12.08,17.1933
2023-03-01,2023,3,2901,Salvador - BA,N7,7445,Habitação,2,0.42,4.43,5.36,14.2719
2022-06-01,2022,6,2301,Fortaleza - CE,N7,7660,Saúde e cuidados pessoais,6,1.27,6.32,5.65,12.4119
2025-03-01,2025,3,2901,Salvador - BA,N7,7558,Vestuário,4,0.57,0.09,2.87,5.1492
2022-02-01,2022,2,2301,Fortaleza - CE,N7,7712,Despesas pessoais,7,0.08,0.88,4.27,7.6345
2023-07-01,2023,7,3301,Rio de Janeiro - RJ,N7,7558,Vestuário,4,0.16,1.38,9.36,3.8737
2020-12-01,2020,12,1501,Belém - PA,N7,7766,Educação,8,0.39,-1.37,-1.37,3.4428
2023-02-01,2023,2,1501,Belém - PA,N7,7786,Comunicação,9,0.59,3.06,-1.38,4.3683
2022-05-01,2022,5,4301,Porto Alegre - RS,N7,7169,Índice geral,0,0.47,3.14,10.79,100.0
2021-10-01,2021,10,2901,Salvador - BA,N7,7170,Alimentação e bebidas,1,1.03,7.6,10.14,22.4434
2021-03-01,2021,3,2601,Recife - PE,N7,7169,Índice geral,0,0.62,1.91,6.62,100.0
2021-01-01,2021,1,4101,Curitiba - PR,N7,7169,Índice geral,0,0.44,0.44,4.35,100.0
2022-02-01,2022,2,3301,Rio de Janeiro - RJ,N7,7486,Artigos de residência,3,1.84,2.42,12.05,3.1119
2022-02-01,2022,2,3101,Belo Horizonte - MG,N7,7486,Artigos de residência,3,1.91,3.23,14.28,4.2319
2024-02-01,2024,2,1501,Belém - PA,N7,7625,Transportes,5,-0.07,-1.21,9.77,18.5932
2022-07-01,2022,7,4301,Porto Alegre - RS,N7,7786,Comunicação,9,0.1,1.75,3.25,5.6611
2022-03-01,2022,3,3301,Rio de Janeiro - RJ,N7,7660,Saúde e cuidados pessoais,6,1.27,1.5,3.74,12.2345
2021-06-01,2021,6,4101,Curitiba - PR,N7,7786,Comunicação,9,-0.2,-0.91,-0.69,4.8226
2025-04-01,2025,4,2301,Fortaleza - CE,N7,7445,Habitação,2,0.3,0.45,2.94,16.0688
2021-05-01,2021,5,3101,Belo Horizonte - MG,N7,7660,Saúde e cuidados pessoais,6,1.1,3.41,4.79,14.0109
2025-02-01,2025,2,4101,Curitiba - PR,N7,7625,Transportes,5,1.67,2.28,3.5,25.7667
2023-09-01,2023,9,2601,Recife - PE,N7,7786,Comunicação,9,-0.13,2.81,3.55,4.0913
2024-06-01,2024,6,3501,São Paulo - SP,N7,7486,Artigos de residência,3,0.62,-0.32,0.71,3.5177
2026-01-01,2026,1,2301,Fortaleza - CE,N7,7445,Habitação,2,-0.74,-0.74,8.21,16.5541
2021-12-01,2021,12,3301,Rio de Janeiro - RJ,N7,7766,Educação,8,-0.02,2.48,2.48,5.1327
2024-06-01,2024,6,3301,Rio de Janeiro - RJ,N7,7558,Vestuário,4,0.6,0.34,1.61,3.7653
2022-02-01,2022,2,4101,Curitiba - PR,N7,7766,Educação,8,4.89,4.95,7.84,5.1605
2023-01-01,2023,1,2301,Fortaleza - CE,N7,7445,Habitação,2,-0.7,-0.7,1.28,16.6512
2024-04-01,2024,4,2601,Recife - PE,N7,7786,Comunicação,9,0.5,1.88,1.36,4.0537
2020-02-01,2020,2,3301,Rio de Janeiro - RJ,N7,7486,Artigos de residência,3,-0.4,-0.43,,2.9774
2023-04-01,2023,4,3501,São Paulo - SP,N7,7558,Vestuário,4,0.88,1.0,15.64,4.1796
2025-05-01,2025,5,4301,Porto Alegre - RS,N7,7169,Índice geral,0,0.12,3.12,4.66,100.0
2024-04-01,2024,4,3301,Rio de Janeiro - RJ,N7,7486,Artigos de residência,3,-0.78,-1.27,0.49,3.0055
2026-05-01,2026,5,1501,Belém - PA,N7,7786,Comunicação,9,-0.13,2.35,1.69,4.0048
2023-11-01,2023,11,3301,Rio de Janeiro - RJ,N7,7766,Educação,8,0.01,6.97,7.3,5.3646
2023-09-01,2023,9,2301,Fortaleza - CE,N7,7558,Vestuário,4,0.48,2.82,7.49,4.9266
2020-01-01,2020,1,3501,São Paulo - SP,N7,7445,Habitação,2,0.71,0.71,,16.4923
2023-09-01,2023,9,4101,Curitiba - PR,N7,7486,Artigos de residência,3,-0.72,0.46,1.16,4.0973
2021-01-01,2021,1,1501,Belém - PA,N7,7660,Saúde e cuidados pessoais,6,-0.2,-0.2,1.43,12.7529
2022-02-01,2022,2,3101,Belo Horizonte - MG,N7,7766,Educação,8,6.22,6.49,6.74,5.0661
2024-04-01,2024,4,4101,Curitiba - PR,N7,7169,Índice geral,0,0.37,1.63,3.13,100.0
2024-02-01,2024,2,2601,Recife - PE,N7,7660,Saúde e cuidados pessoais,6,0.9,1.75,6.53,14.8843
2025-01-01,2025,1,3201,Grande Vitória - ES,N7,7786,Comunicação,9,-0.01,-0.01,4.35,5.2311
2020-10-01,2020,10,3201,Grande Vitória - ES,N7,7712,Despesas pessoais,7,0.13,1.37,,9.183
2024-03-01,2024,3,3201,Grande Vitória - ES,N7,7486,Artigos de residência,3,0.48,0.46,0.17,3.6898
2026-05-01,2026,5,3301,Rio de Janeiro - RJ,N7,7625,Transportes,5,0.15,2.63,4.81,19.6662
2025-07-01,2025,7,3201,Grande Vitória - ES,N7,7558,Vestuário,4,-0.99,2.05,3.76,3.9354
2021-08-01,2021,8,3501,São Paulo - SP,N7,7766,Educação,8,-0.6,1.59,1.55,6.7644
2025-12-01,2025,12,4101,Curitiba - PR,N7,7786,Comunicação,9,0.36,0.88,0.88,4.0653
2020-11-01,2020,11,3101,Belo Horizonte - MG,N7,7170,Alimentação e bebidas,1,2.8,13.78,,21.1434
2022-11-01,2022,11,4301,Porto Alegre - RS,N7,7660,Saúde e cuidados pessoais,6,0.11,9.34,10.2,12.8037
2022-03-01,2022,3,3101,Belo Horizonte - MG,N7,7660,Saúde e cuidados pessoais,6,0.91,1.66,4.72,13.2154
2020-10-01,2020,10,3101,Belo Horizonte - MG,N7,7660,Saúde e cuidados pessoais,6,0.64,2.15,,14.4923
2021-08-01,2021,8,4301,Porto Alegre - RS,N7,7169,Índice geral,0,0.71,6.17,10.42,100.0
2022-02-01,2022,2,4301,Porto Alegre - RS,N7,7660,Saúde e cuidados pessoais,6,0.22,0.38,2.9,12.1105
2023-12-01,2023,12,3301,Rio de Janeiro - RJ,N7,7170,Alimentação e bebidas,1,1.38,0.91,0.91,20.1891
2026-05-01,2026,5,3301,Rio de Janeiro - RJ,N7,7170,Alimentação e bebidas,1,0.67,2.89,1.17,20.6048
2024-03-01,2024,3,4101,Curitiba - PR,N7,7169,Índice geral,0,0.03,1.26,3.35,100.0
2023-06-01,2023,6,3301,Rio de Janeiro - RJ,N7,7625,Transportes,5,-1.06,2.27,-4.28,20.0475
2020-09-01,2020,9,3501,São Paulo - SP,N7,7170,Alimentação e bebidas,1,1.76,6.82,,19.1517
2020-07-01,2020,7,4101,Curitiba - PR,N7,7786,Comunicação,9,0.12,1.96,,5.2822
2022-01-01,2022,1,3201,Grande Vitória - ES,N7,7170,Alimentação e bebidas,1,1.47,1.47,8.69,17.1813
2023-03-01,2023,3,2601,Recife - PE,N7,7169,Índice geral,0,0.62,1.65,4.48,100.0
2021-08-01,2021,8,4101,Curitiba - PR,N7,7786,Comunicação,9,0.42,-0.06,0.24,4.7298
2024-03-01,2024,3,2901,Salvador - BA,N7,7558,Vestuário,4,0.59,-0.72,3.23,5.2729
2022-05-01,2022,5,3501,São Paulo - SP,N7,7169,Índice geral,0,0.35,4.63,11.58,100.0
2026-06-01,2026,6,4101,Curitiba - PR,N7,7660,Saúde e cuidados pessoais,6,0.41,3.15,5.27,10.8859
2023-08-01,2023,8,1501,Belém - PA,N7,7486,Artigos de residência,3,0.01,2.45,0.37,3.8088
2023-05-01,2023,5,3301,Rio de Janeiro - RJ,N7,7660,Saúde e cuidados pessoais,6,1.09,4.94,11.01,13.0682
2024-09-01,2024,9,3501,São Paulo - SP,N7,7660,Saúde e cuidados pessoais,6,0.44,5.45,6.72,13.2302
2024-04-01,2024,4,4101,Curitiba - PR,N7,7170,Alimentação e bebidas,1,0.75,2.75,2.53,21.1815
2024-03-01,2024,3,1501,Belém - PA,N7,7558,Vestuário,4,0.1,0.81,2.49,6.2985
2026-06-01,2026,6,3501,São Paulo - SP,N7,7625,Transportes,5,-0.24,2.91,4.49,19.6338
2022-12-01,2022,12,3501,São Paulo - SP,N7,7486,Artigos de residência,3,1.18,9.31,9.31,3.7263
2024-02-01,2024,2,3201,Grande Vitória - ES,N7,7558,Vestuário,4,-0.5,-1.0,3.15,3.9907
2025-10-01,2025,10,4301,Porto Alegre - RS,N7,7169,Índice geral,0,0.33,4.04,4.59,100.0
2025-03-01,2025,3,3101,Belo Horizonte - MG,N7,7766,Educação,8,0.12,4.45,5.51,5.5412
2023-11-01,2023,11,2901,Salvador - BA,N7,7625,Transportes,5,-0.41,5.42,3.63,18.6788
2025-04-01,2025,4,4301,Porto Alegre - RS,N7,7625,Transportes,5,0.01,2.26,6.39,21.1904
2021-08-01,2021,8,3101,Belo Horizonte - MG,N7,7660,Saúde e cuidados pessoais,6,-0.28,3.4,3.24,13.9341
2024-01-01,2024,1,2601,Recife - PE,N7,7625,Transportes,5,0.79,0.79,5.84,19.0977
2023-11-01,2023,11,2301,Fortaleza - CE,N7,7712,Despesas pessoais,7,0.83,4.88,5.12,7.5701
2024-10-01,2024,10,2301,Fortaleza - CE,N7,7660,Saúde e cuidados pessoais,6,0.37,6.43,6.49,13.6712
2024-02-01,2024,2,1501,Belém - PA,N7,7486,Artigos de residência,3,0.07,0.95,3.43,3.7566
2025-01-01,2025,1,3201,Grande Vitória - ES,N7,7766,Educação,8,0.17,0.17,6.58,5.4476
2024-06-01,2024,6,2901,Salvador - BA,N7,7786,Comunicação,9,-0.14,2.12,0.93,4.0049
2025-04-01,2025,4,3201,Grande Vitória - ES,N7,7766,Educação,8,0.05,5.76,6.47,5.6234
2023-11-01,2023,11,1501,Belém - PA,N7,7766,Educação,8,0.2,8.78,8.89,3.6103
2021-07-01,2021,7,2601,Recife - PE,N7,7170,Alimentação e bebidas,1,1.13,4.16,12.2,23.1048
2024-08-01,2024,8,1501,Belém - PA,N7,7625,Transportes,5,0.07,1.98,5.86,18.7505
2026-02-01,2026,2,3101,Belo Horizonte - MG,N7,7786,Comunicação,9,0.32,1.37,2.61,4.8974
2024-11-01,2024,11,3501,São Paulo - SP,N7,7170,Alimentação e bebidas,1,1.41,7.36,8.41,20.4227
2020-08-01,2020,8,1501,Belém - PA,N7,7660,Saúde e cuidados pessoais,6,0.32,-0.07,,13.2
2024-02-01,2024,2,2601,Recife - PE,N7,7766,Educação,8,4.62,4.91,5.49,5.9696
2024-09-01,2024,9,2601,Recife - PE,N7,7712,Despesas pessoais,7,-0.02,2.0,3.71,8.4354
2025-06-01,2025,6,4301,Porto Alegre - RS,N7,7625,Transportes,5,-0.59,0.2,3.44,20.6701
2022-12-01,2022,12,2901,Salvador - BA,N7,7766,Educação,8,0.29,9.64,9.64,5.6478
2022-02-01,2022,2,1501,Belém - PA,N7,7486,Artigos de residência,3,1.07,2.32,12.08,3.9322
2024-05-01,2024,5,3501,São Paulo - SP,N7,7486,Artigos de residência,3,-0.86,-0.94,-0.51,3.5614
2024-04-01,2024,4,2301,Fortaleza - CE,N7,7660,Saúde e cuidados pessoais,6,1.13,3.32,6.37,13.365
2020-04-01,2020,4,2901,Salvador - BA,N7,7766,Educação,8,-0.14,4.8,,6.2961
2021-04-01,2021,4,4301,Porto Alegre - RS,N7,7169,Índice geral,0,0.19,2.25,6.62,100.0
2020-11-01,2020,11,3501,São Paulo - SP,N7,7170,Alimentação e bebidas,1,2.74,11.56,,19.5495
2021-01-01,2021,1,2901,Salvador - BA,N7,7625,Transportes,5,0.52,0.52,0.43,18.0424
2023-02-01,2023,2,4301,Porto Alegre - RS,N7,7766,Educação,8,5.24,5.48,7.73,4.7742
2021-02-01,2021,2,2901,Salvador - BA,N7,7169,Índice geral,0,0.93,1.19,5.03,100.0
2025-12-01,2025,12,4101,Curitiba - PR,N7,7660,Saúde e cuidados pessoais,6,0.42,5.14,5.14,10.8034
2021-09-01,2021,9,1501,Belém - PA,N7,7786,Comunicação,9,0.23,0.59,0.23,4.7222
2024-08-01,2024,8,4301,Porto Alegre - RS,N7,7170,Alimentação e bebidas,1,-0.76,2.43,2.53,21.3494
2024-04-01,2024,4,4301,Porto Alegre - RS,N7,7660,Saúde e cuidados pessoais,6,1.11,2.25,4.64,13.1056
2024-11-01,2024,11,2301,Fortaleza - CE,N7,7486,Artigos de residência,3,0.21,2.69,2.32,3.8929
2023-06-01,2023,6,4101,Curitiba - PR,N7,7660,Saúde e cuidados pessoais,6,0.18,5.19,10.8,10.5698
2023-12-01,2023,12,4101,Curitiba - PR,N7,7625,Transportes,5,-0.08,3.61,3.61,26.2272
2025-10-01,2025,10,2301,Fortaleza - CE,N7,7625,Transportes,5,-0.27,1.29,4.43,18.74
2020-08-01,2020,8,1501,Belém - PA,N7,7786,Comunicação,9,1.61,1.83,,5.1074
2020-08-01,2020,8,2901,Salvador - BA,N7,7445,Habitação,2,0.85,3.02,,13.942
2024-05-01,2024,5,3301,Rio de Janeiro - RJ,N7,7660,Saúde e cuidados pessoais,6,0.8,4.28,6.72,13.5359
2022-01-01,2022,1,3201,Grande Vitória - ES,N7,7445,Habitação,2,-1.25,-1.25,16.84,16.651
2024-06-01,2024,6,3201,Grande Vitória - ES,N7,7766,Educação,8,0.02,6.02,6.97,5.5286
2026-06-01,2026,6,3301,Rio de Janeiro - RJ,N7,7625,Transportes,5,-0.02,2.61,4.51,19.5927
2021-01-01,2021,1,1501,Belém - PA,N7,7445,Habitação,2,-1.41,-1.41,1.24,15.7128
2022-03-01,2022,3,3101,Belo Horizonte - MG,N7,7486,Artigos de residência,3,-0.2,3.03,12.4,4.2668
2024-10-01,2024,10,1501,Belém - PA,N7,7486,Artigos de residência,3,1.34,5.38,6.05,3.7965
2020-12-01,2020,12,2601,Recife - PE,N7,7712,Despesas pessoais,7,0.32,0.44,0.44,8.9325
2024-07-01,2024,7,3501,São Paulo - SP,N7,7170,Alimentação e bebidas,1,-0.72,3.94,4.78,20.5346
2023-03-01,2023,3,4101,Curitiba - PR,N7,7445,Habitação,2,1.21,3.69,-4.01,13.9776
2025-12-01,2025,12,3101,Belo Horizonte - MG,N7,7625,Transportes,5,0.26,1.77,1.77,19.5518
2020-07-01,2020,7,1501,Belém - PA,N7,7766,Educação,8,-0.14,5.49,,3.8254
2026-02-01,2026,2,3101,Belo Horizonte - MG,N7,7169,Índice geral,0,0.76,1.2,3.42,100.0
2024-12-01,2024,12,1501,Belém - PA,N7,7445,Habitação,2,-0.58,1.06,1.06,15.7065
2020-05-01,2020,5,4301,Porto Alegre - RS,N7,7660,Saúde e cuidados pessoais,6,-0.49,-0.42,,13.3862
2024-06-01,2024,6,2601,Recife - PE,N7,7169,Índice geral,0,-0.09,2.61,3.26,100.0
2020-08-01,2020,8,2901,Salvador - BA,N7,7486,Artigos de residência,3,0.7,-1.5,,4.0542
2021-10-01,2021,10,2601,Recife - PE,N7,7712,Despesas pessoais,7,0.97,4.02,4.21,8.4922
2021-04-01,2021,4,2601,Recife - PE,N7,7625,Transportes,5,0.09,6.55,13.88,19.1504
2020-09-01,2020,9,3201,Grande Vitória - ES,N7,7170,Alimentação e bebidas,1,3.17,10.35,,16.6884
2023-04-01,2023,4,4101,Curitiba - PR,N7,7625,Transportes,5,0.54,2.45,-2.2,26.2365
2021-04-01,2021,4,1501,Belém - PA,N7,7786,Comunicação,9,0.12,-0.54,1.57,4.819
2020-10-01,2020,10,4101,Curitiba - PR,N7,7486,Artigos de residência,3,1.4,2.4,,4.0815
2021-10-01,2021,10,3201,Grande Vitória - ES,N7,7712,Despesas pessoais,7,0.63,3.32,3.84,8.5076
2026-01-01,2026,1,1501,Belém - PA,N7,7786,Comunicação,9,1.62,1.62,2.1,4.0329
2024-04-01,2024,4,3101,Belo Horizonte - MG,N7,7786,Comunicação,9,0.92,1.93,1.34,5.0699
2020-04-01,2020,4,4101,Curitiba - PR,N7,7625,Transportes,5,-4.18,-5.12,,24.4747
2024-09-01,2024,9,3501,São Paulo - SP,N7,7445,Habitação,2,1.62,3.57,3.96,16.1942
2021-07-01,2021,7,2301,Fortaleza - CE,N7,7660,Saúde e cuidados pessoais,6,-0.17,4.33,4.82,13.2347
2025-03-01,2025,3,4301,Porto Alegre - RS,N7,7766,Educação,8,0.22,4.62,6.01,5.2319
2023-11-01,2023,11,3201,Grande Vitória - ES,N7,7766,Educação,8,0.08,7.81,7.99,5.36
2024-07-01,2024,7,4101,Curitiba - PR,N7,7766,Educação,8,0.21,5.4,6.36,5.4818
2023-02-01,2023,2,3301,Rio de Janeiro - RJ,N7,7786,Comunicação,9,1.31,3.73,0.97,6.3932
2024-12-01,2024,12,2301,Fortaleza - CE,N7,7170,Alimentação e bebidas,1,1.17,7.22,7.22,24.3628
2025-04-01,2025,4,4101,Curitiba - PR,N7,7170,Alimentação e bebidas,1,0.8,4.24,8.77,21.8408
2024-03-01,2024,3,2901,Salvador - BA,N7,7169,Índice geral,0,0.16,1.26,3.36,100.0
2022-08-01,2022,8,3301,Rio de Janeiro - RJ,N7,7169,Índice geral,0,0.01,5.62,9.87,100.0
2024-10-01,2024,10,3301,Rio de Janeiro - RJ,N7,7170,Alimentação e bebidas,1,1.17,5.11,7.73,20.5213
2024-10-01,2024,10,2301,Fortaleza - CE,N7,7558,Vestuário,4,0.65,0.89,1.4,4.8122
2024-03-01,2024,3,1501,Belém - PA,N7,7660,Saúde e cuidados pessoais,6,0.8,2.15,5.68,12.8509
2024-10-01,2024,10,2901,Salvador - BA,N7,7169,Índice geral,0,0.48,3.46,4.15,100.0
2021-07-01,2021,7,4301,Porto Alegre - RS,N7,7445,Habitação,2,3.77,6.03,12.87,14.7561
2025-04-01,2025,4,3101,Belo Horizonte - MG,N7,7169,Índice geral,0,0.49,2.66,6.12,100.0
2021-08-01,2021,8,3501,São Paulo - SP,N7,7558,Vestuário,4,0.83,7.58,9.96,3.771
2022-09-01,2022,9,3201,Grande Vitória - ES,N7,7486,Artigos de residência,3,-0.89,5.97,7.77,4.0166
2021-03-01,2021,3,1501,Belém - PA,N7,7558,Vestuário,4,-0.52,-1.12,-1.38,5.9099
2020-03-01,2020,3,2301,Fortaleza - CE,N7,7660,Saúde e cuidados pessoais,6,0.03,0.43,,13.7658
2026-04-01,2026,4,3301,Rio de Janeiro - RJ,N7,7169,Índice geral,0,0.73,2.57,3.85,100.0
2025-05-01,2025,5,3201,Grande Vitória - ES,N7,7766,Educação,8,0.03,5.8,6.47,5.6073
2024-07-01,2024,7,4301,Porto Alegre - RS,N7,7170,Alimentação e bebidas,1,-1.62,3.21,2.17,21.7799
2026-03-01,2026,3,2901,Salvador - BA,N7,7169,Índice geral,0,1.47,2.39,4.01,100.0
2025-03-01,2025,3,3201,Grande Vitória - ES,N7,7486,Artigos de residência,3,0.87,2.11,4.97,3.6719
2023-01-01,2023,1,3301,Rio de Janeiro - RJ,N7,7558,Vestuário,4,-0.8,-0.8,20.21,3.9218
2026-01-01,2026,1,3201,Grande Vitória - ES,N7,7766,Educação,8,-0.06,-0.06,6.6,5.5441
2024-11-01,2024,11,3101,Belo Horizonte - MG,N7,7712,Despesas pessoais,7,1.46,6.12,6.5,10.5692
2023-05-01,2023,5,3101,Belo Horizonte - MG,N7,7712,Despesas pessoais,7,0.82,2.22,6.13,10.4353
2025-08-01,2025,8,2601,Recife - PE,N7,7786,Comunicação,9,-0.46,0.1,0.17,3.8733
2021-11-01,2021,11,3301,Rio de Janeiro - RJ,N7,7445,Habitação,2,1.29,10.17,12.64,18.854
2024-05-01,2024,5,4101,Curitiba - PR,N7,7169,Índice geral,0,0.49,2.13,3.38,100.0
2023-02-01,2023,2,2301,Fortaleza - CE,N7,7660,Saúde e cuidados pessoais,6,1.33,0.9,10.85,13.0297
2020-08-01,2020,8,1501,Belém - PA,N7,7445,Habitação,2,0.2,-0.49,,15.7537
2023-03-01,2023,3,3101,Belo Horizonte - MG,N7,7660,Saúde e cuidados pessoais,6,0.66,2.3,12.7,14.3029
2021-06-01,2021,6,3201,Grande Vitória - ES,N7,7445,Habitação,2,0.8,2.18,9.04,15.594
2022-12-01,2022,12,1501,Belém - PA,N7,7170,Alimentação e bebidas,1,0.61,11.05,11.05,28.0409
2020-12-01,2020,12,3301,Rio de Janeiro - RJ,N7,7169,Índice geral,0,1.62,4.09,4.09,100.0
2020-04-01,2020,4,3101,Belo Horizonte - MG,N7,7558,Vestuário,4,0.15,0.11,,4.7857
2026-06-01,2026,6,3501,São Paulo - SP,N7,7170,Alimentação e bebidas,1,-0.09,4.74,4.5,20.8749
2020-07-01,2020,7,2301,Fortaleza - CE,N7,7445,Habitação,2,1.69,2.45,,16.5622
2026-06-01,2026,6,4101,Curitiba - PR,N7,7558,Vestuário,4,0.45,4.31,5.62,5.1063
2022-04-01,2022,4,2601,Recife - PE,N7,7625,Transportes,5,2.09,6.36,21.64,20.4791
2021-01-01,2021,1,4301,Porto Alegre - RS,N7,7766,Educação,8,0.18,0.18,2.23,5.1165
2021-01-01,2021,1,4301,Porto Alegre - RS,N7,7712,Despesas pessoais,7,-0.06,-0.06,-0.29,10.5016
2022-05-01,2022,5,3301,Rio de Janeiro - RJ,N7,7660,Saúde e cuidados pessoais,6,1.25,4.66,4.44,12.2402
2021-07-01,2021,7,3301,Rio de Janeiro - RJ,N7,7169,Índice geral,0,0.63,3.7,7.25,100.0
2023-01-01,2023,1,2301,Fortaleza - CE,N7,7786,Comunicação,9,2.01,2.01,-1.16,3.9048
2022-01-01,2022,1,1501,Belém - PA,N7,7660,Saúde e cuidados pessoais,6,0.55,0.55,1.87,11.9278
2022-03-01,2022,3,3101,Belo Horizonte - MG,N7,7712,Despesas pessoais,7,0.68,2.54,6.87,10.2456
2021-10-01,2021,10,3501,São Paulo - SP,N7,7558,Vestuário,4,2.32,8.3,8.52,3.6652
2024-04-01,2024,4,3101,Belo Horizonte - MG,N7,7660,Saúde e cuidados pessoais,6,1.04,3.05,5.52,14.4673
2023-03-01,2023,3,2301,Fortaleza - CE,N7,7766,Educação,8,0.12,6.18,7.72,6.4593
2020-08-01,2020,8,3101,Belo Horizonte - MG,N7,7170,Alimentação e bebidas,1,1.15,4.36,,20.1157
2020-10-01,2020,10,2901,Salvador - BA,N7,7170,Alimentação e bebidas,1,1.27,11.41,,22.2666
2025-10-01,2025,10,4301,Porto Alegre - RS,N7,7660,Saúde e cuidados pessoais,6,0.63,5.98,6.51,13.4741
2021-05-01,2021,5,3201,Grande Vitória - ES,N7,7445,Habitação,2,1.32,1.37,9.88,15.5039
2024-10-01,2024,10,2301,Fortaleza - CE,N7,7625,Transportes,5,-0.43,-0.34,1.97,18.8903
2024-03-01,2024,3,1501,Belém - PA,N7,7766,Educação,8,0.03,5.9,7.92,3.7456
2023-10-01,2023,10,3101,Belo Horizonte - MG,N7,7486,Artigos de residência,3,0.05,-1.87,-1.76,4.0495
2025-12-01,2025,12,2901,Salvador - BA,N7,7558,Vestuário,4,0.31,4.6,4.6,5.3207
2024-06-01,2024,6,3201,Grande Vitória - ES,N7,7712,Despesas pessoais,7,0.22,1.55,5.43,8.5947
2026-06-01,2026,6,2301,Fortaleza - CE,N7,7786,Comunicação,9,0.18,2.41,2.07,3.5297
2021-02-01,2021,2,3101,Belo Horizonte - MG,N7,7766,Educação,8,3.39,3.57,-0.62,5.3684
2022-09-01,2022,9,4301,Porto Alegre - RS,N7,7486,Artigos de residência,3,-0.3,8.87,12.03,4.6059
2020-03-01,2020,3,3201,Grande Vitória - ES,N7,7445,Habitação,2,1.0,1.58,,15.5717
2021-09-01,2021,9,2301,Fortaleza - CE,N7,7558,Vestuário,4,2.52,11.19,14.89,4.4741
2023-10-01,2023,10,3501,São Paulo - SP,N7,7170,Alimentação e bebidas,1,0.71,0.83,1.75,19.8577
2023-11-01,2023,11,4301,Porto Alegre - RS,N7,7660,Saúde e cuidados pessoais,6,-0.17,5.14,6.71,13.0664
2026-02-01,2026,2,2901,Salvador - BA,N7,7786,Comunicação,9,0.61,1.7,2.98,3.8699
2025-09-01,2025,9,3501,São Paulo - SP,N7,7169,Índice geral,0,0.57,4.16,5.83,100.0
2020-08-01,2020,8,4301,Porto Alegre - RS,N7,7660,Saúde e cuidados pessoais,6,0.9,0.42,,13.3232
2025-03-01,2025,3,4101,Curitiba - PR,N7,7170,Alimentação e bebidas,1,1.34,3.41,8.72,21.7151
2022-04-01,2022,4,2901,Salvador - BA,N7,7445,Habitação,2,0.0,1.31,14.55,14.2689
2025-10-01,2025,10,3501,São Paulo - SP,N7,7786,Comunicação,9,-0.07,0.87,0.97,4.5653
2025-01-01,2025,1,3201,Grande Vitória - ES,N7,7170,Alimentação e bebidas,1,1.64,1.64,6.74,17.9371
2021-01-01,2021,1,3201,Grande Vitória - ES,N7,7445,Habitação,2,-1.63,-1.63,6.18,15.9529
2021-12-01,2021,12,4101,Curitiba - PR,N7,7712,Despesas pessoais,7,0.85,5.92,5.92,9.0723
2023-03-01,2023,3,3501,São Paulo - SP,N7,7625,Transportes,5,1.85,2.79,-0.37,19.5036
2023-01-01,2023,1,4301,Porto Alegre - RS,N7,7169,Índice geral,0,0.23,0.23,4.4,100.0
2021-05-01,2021,5,4101,Curitiba - PR,N7,7445,Habitação,2,2.04,2.77,6.83,14.6474
2022-05-01,2022,5,3501,São Paulo - SP,N7,7558,Vestuário,4,2.39,7.26,16.64,3.8104
2025-12-01,2025,12,4301,Porto Alegre - RS,N7,7625,Transportes,5,1.11,3.08,3.08,20.7022
2024-05-01,2024,5,3101,Belo Horizonte - MG,N7,7712,Despesas pessoais,7,0.59,2.42,5.8,10.5476
2020-08-01,2020,8,4301,Porto Alegre - RS,N7,7712,Despesas pessoais,7,0.33,-0.29,,10.9194
2025-07-01,2025,7,2901,Salvador - BA,N7,7169,Índice geral,0,0.02,3.02,5.06,100.0
2020-03-01,2020,3,3201,Grande Vitória - ES,N7,7169,Índice geral,0,0.12,0.75,,100.0
2022-05-01,2022,5,4101,Curitiba - PR,N7,7558,Vestuário,4,2.61,6.34,15.97,4.6764
2024-11-01,2024,11,3501,São Paulo - SP,N7,7169,Índice geral,0,0.4,4.47,5.04,100.0
2021-03-01,2021,3,4101,Curitiba - PR,N7,7558,Vestuário,4,-0.12,-0.14,2.52,4.7757
2020-01-01,2020,1,4301,Porto Alegre - RS,N7,7660,Saúde e cuidados pessoais,6,-0.42,-0.42,,13.371
2020-03-01,2020,3,2601,Recife - PE,N7,7486,Artigos de residência,3,-0.08,0.3,,4.0844
2021-10-01,2021,10,2901,Salvador - BA,N7,7625,Transportes,5,2.53,16.37,22.31,19.1728
2020-04-01,2020,4,1501,Belém - PA,N7,7786,Comunicação,9,-0.29,-0.81,,5.0703
2021-04-01,2021,4,3301,Rio de Janeiro - RJ,N7,7786,Comunicação,9,0.44,0.36,4.92,7.1503
2023-09-01,2023,9,3201,Grande Vitória - ES,N7,7558,Vestuário,4,1.63,3.48,6.96,3.9978
2026-04-01,2026,4,2901,Salvador - BA,N7,7712,Despesas pessoais,7,0.5,2.09,6.22,10.2639
2022-06-01,2022,6,3101,Belo Horizonte - MG,N7,7766,Educação,8,0.18,7.13,8.14,5.2018
2021-10-01,2021,10,3301,Rio de Janeiro - RJ,N7,7786,Comunicação,9,0.7,1.08,1.8,6.8905
2020-05-01,2020,5,2601,Recife - PE,N7,7170,Alimentação e bebidas,1,0.73,5.86,,22.6428
2020-07-01,2020,7,3301,Rio de Janeiro - RJ,N7,7712,Despesas pessoais,7,0.15,0.46,,9.7483
2022-12-01,2022,12,3501,São Paulo - SP,N7,7170,Alimentação e bebidas,1,0.77,11.72,11.72,20.5442
2024-08-01,2024,8,4301,Porto Alegre - RS,N7,7766,Educação,8,0.73,5.7,6.34,5.0987
2025-11-01,2025,11,3301,Rio de Janeiro - RJ,N7,7625,Transportes,5,0.66,2.47,2.99,19.5149
2023-10-01,2023,10,3301,Rio de Janeiro - RJ,N7,7558,Vestuário,4,1.28,1.95,4.71,3.846
2024-01-01,2024,1,2901,Salvador - BA,N7,7169,Índice geral,0,0.13,0.13,3.49,100.0
2022-01-01,2022,1,2301,Fortaleza - CE,N7,7445,Habitação,2,0.66,0.66,15.29,17.1535
2024-04-01,2024,4,3501,São Paulo - SP,N7,7486,Artigos de residência,3,-0.5,-0.08,0.22,3.5916
2020-06-01,2020,6,4101,Curitiba - PR,N7,7486,Artigos de residência,3,0.55,-2.76,,3.9912
2021-05-01,2021,5,1501,Belém - PA,N7,7660,Saúde e cuidados pessoais,6,0.04,3.03,3.83,12.7643
2025-02-01,2025,2,3201,Grande Vitória - ES,N7,7660,Saúde e cuidados pessoais,6,0.27,1.11,5.06,16.0515
2026-01-01,2026,1,2601,Recife - PE,N7,7558,Vestuário,4,-1.32,-1.32,4.07,5.9471
2020-02-01,2020,2,2601,Recife - PE,N7,7170,Alimentação e bebidas,1,0.61,1.12,,21.7593
2025-07-01,2025,7,2601,Recife - PE,N7,7712,Despesas pessoais,7,1.03,2.79,5.38,8.4048
2024-11-01,2024,11,3501,São Paulo - SP,N7,7660,Saúde e cuidados pessoais,6,-0.31,5.65,6.24,13.2179
2024-12-01,2024,12,3501,São Paulo - SP,N7,7660,Saúde e cuidados pessoais,6,0.53,6.2,6.2,13.1238
2023-04-01,2023,4,3201,Grande Vitória - ES,N7,7445,Habitação,2,-0.16,2.98,1.39,15.5718
2021-10-01,2021,10,2301,Fortaleza - CE,N7,7786,Comunicação,9,0.52,0.41,1.66,4.3317
2026-03-01,2026,3,4301,Porto Alegre - RS,N7,7660,Saúde e cuidados pessoais,6,0.86,2.19,6.47,13.5233
2021-02-01,2021,2,3301,Rio de Janeiro - RJ,N7,7660,Saúde e cuidados pessoais,6,0.38,1.05,1.4,13.1722
2026-02-01,2026,2,4101,Curitiba - PR,N7,7625,Transportes,5,0.03,0.39,0.79,25.2923
2024-01-01,2024,1,1501,Belém - PA,N7,7445,Habitação,2,0.17,0.17,7.3,16.0765
2022-10-01,2022,10,2901,Salvador - BA,N7,7625,Transportes,5,0.64,-1.72,3.42,18.5557
2020-07-01,2020,7,3301,Rio de Janeiro - RJ,N7,7766,Educação,8,0.02,4.47,,5.6854
2024-03-01,2024,3,3101,Belo Horizonte - MG,N7,7170,Alimentação e bebidas,1,-0.04,3.71,4.89,22.3588
2025-06-01,2025,6,3101,Belo Horizonte - MG,N7,7486,Artigos de residência,3,-0.07,1.82,2.74,3.81
2021-09-01,2021,9,4101,Curitiba - PR,N7,7712,Despesas pessoais,7,1.12,3.19,4.3,9.1779
2022-06-01,2022,6,3101,Belo Horizonte - MG,N7,7660,Saúde e cuidados pessoais,6,1.35,6.89,6.86,13.4605
2024-08-01,2024,8,2601,Recife - PE,N7,7486,Artigos de residência,3,-0.55,-1.66,-2.49,3.9456
2026-06-01,2026,6,2601,Recife - PE,N7,7625,Transportes,5,-0.54,4.31,5.7,19.3265
2021-02-01,2021,2,3201,Grande Vitória - ES,N7,7766,Educação,8,7.08,7.12,1.7,5.2699
2023-05-01,2023,5,3101,Belo Horizonte - MG,N7,7169,Índice geral,0,0.48,3.15,3.07,100.0
2023-04-01,2023,4,4101,Curitiba - PR,N7,7170,Alimentação e bebidas,1,0.48,1.19,5.05,21.4062
2024-07-01,2024,7,3301,Rio de Janeiro - RJ,N7,7712,Despesas pessoais,7,0.47,1.52,4.26,9.2703
2022-10-01,2022,10,1501,Belém - PA,N7,7625,Transportes,5,0.85,-4.18,-0.25,17.7809
2022-04-01,2022,4,2901,Salvador - BA,N7,7766,Educação,8,-0.01,6.17,8.54,5.6247
2024-09-01,2024,9,3201,Grande Vitória - ES,N7,7169,Índice geral,0,0.49,3.04,4.23,100.0
2025-12-01,2025,12,1501,Belém - PA,N7,7786,Comunicação,9,0.62,0.72,0.72,4.0042
2026-03-01,2026,3,2601,Recife - PE,N7,7558,Vestuário,4,0.92,0.32,6.51,5.8526
2023-10-01,2023,10,3201,Grande Vitória - ES,N7,7766,Educação,8,0.01,7.73,7.98,5.3688
2020-03-01,2020,3,2601,Recife - PE,N7,7786,Comunicação,9,0.08,0.15,,4.803
2022-05-01,2022,5,2601,Recife - PE,N7,7486,Artigos de residência,3,0.73,6.62,14.22,4.2774
2023-06-01,2023,6,4101,Curitiba - PR,N7,7558,Vestuário,4,0.47,2.1,5.22,4.9334
2020-10-01,2020,10,3101,Belo Horizonte - MG,N7,7786,Comunicação,9,0.27,3.56,,6.0416
2021-03-01,2021,3,2601,Recife - PE,N7,7625,Transportes,5,2.99,6.46,10.22,18.7099
2025-01-01,2025,1,2601,Recife - PE,N7,7558,Vestuário,4,0.24,0.24,2.11,5.8694
2020-05-01,2020,5,3501,São Paulo - SP,N7,7766,Educação,8,0.04,4.45,,7.3859
2022-05-01,2022,5,2601,Recife - PE,N7,7712,Despesas pessoais,7,0.43,2.13,6.99,8.2565
2020-07-01,2020,7,2901,Salvador - BA,N7,7712,Despesas pessoais,7,-0.11,0.49,,10.8745
2025-08-01,2025,8,3501,São Paulo - SP,N7,7170,Alimentação e bebidas,1,-0.13,3.41,8.41,20.8161
2022-01-01,2022,1,3101,Belo Horizonte - MG,N7,7558,Vestuário,4,1.93,1.93,11.6,4.5918
2023-03-01,2023,3,4301,Porto Alegre - RS,N7,7766,Educação,8,0.08,5.56,7.56,4.9867
2023-02-01,2023,2,3501,São Paulo - SP,N7,7170,Alimentação e bebidas,1,0.38,1.14,10.71,20.5894
2022-05-01,2022,5,1501,Belém - PA,N7,7712,Despesas pessoais,7,0.8,2.6,5.01,7.3504
2023-12-01,2023,12,3501,São Paulo - SP,N7,7486,Artigos de residência,3,0.89,1.52,1.52,3.6114
2023-11-01,2023,11,3101,Belo Horizonte - MG,N7,7660,Saúde e cuidados pessoais,6,0.11,5.84,7.4,14.5498
2026-01-01,2026,1,2601,Recife - PE,N7,7660,Saúde e cuidados pessoais,6,1.07,1.07,5.06,15.1695
2021-08-01,2021,8,3101,Belo Horizonte - MG,N7,7486,Artigos de residência,3,0.74,8.22,15.29,4.1866
2020-08-01,2020,8,3201,Grande Vitória - ES,N7,7445,Habitação,2,-0.11,1.42,,15.6712
2025-04-01,2025,4,3501,São Paulo - SP,N7,7712,Despesas pessoais,7,0.54,1.6,5.35,10.9706
2022-01-01,2022,1,3301,Rio de Janeiro - RJ,N7,7170,Alimentação e bebidas,1,1.24,1.24,8.11,20.4552
2025-05-01,2025,5,3301,Rio de Janeiro - RJ,N7,7766,Educação,8,0.12,5.35,5.98,5.5636
2021-02-01,2021,2,4301,Porto Alegre - RS,N7,7625,Transportes,5,2.67,3.53,3.0,20.2376
2025-02-01,2025,2,1501,Belém - PA,N7,7169,Índice geral,0,1.52,1.74,5.01,100.0
2025-03-01,2025,3,2901,Salvador - BA,N7,7169,Índice geral,0,0.41,2.18,5.63,100.0
2026-06-01,2026,6,2601,Recife - PE,N7,7486,Artigos de residência,3,0.45,1.09,1.14,3.5898
2023-04-01,2023,4,1501,Belém - PA,N7,7169,Índice geral,0,0.56,2.69,3.86,100.0
2023-10-01,2023,10,3101,Belo Horizonte - MG,N7,7169,Índice geral,0,0.45,3.94,5.24,100.0
2020-10-01,2020,10,2901,Salvador - BA,N7,7169,Índice geral,0,0.45,2.16,,100.0
2020-09-01,2020,9,3101,Belo Horizonte - MG,N7,7558,Vestuário,4,0.02,-2.58,,4.6712
2022-09-01,2022,9,4101,Curitiba - PR,N7,7660,Saúde e cuidados pessoais,6,0.95,9.08,10.69,10.1049
2020-04-01,2020,4,3301,Rio de Janeiro - RJ,N7,7625,Transportes,5,-0.84,-1.45,,19.751
