serie_id,serie,indicador,unidade,periodicidade,data_referencia,ano,mes,valor
1,dolar_venda,Taxa de câmbio - dólar americano (venda),R$/US$,diaria,2016-01-04,2016,1,4.03870000
1,dolar_venda,Taxa de câmbio - dólar americano (venda),R$/US$,diaria,2016-01-05,2016,1,4.01140000
1,dolar_venda,Taxa de câmbio - dólar americano (venda),R$/US$,diaria,2016-01-06,2016,1,4.03030000
1,dolar_venda,Taxa de câmbio - dólar americano (venda),R$/US$,diaria,2016-01-07,2016,1,4.04750000
1,dolar_venda,Taxa de câmbio - dólar americano (venda),R$/US$,diaria,2016-01-08,2016,1,4.02500000
1,dolar_venda,Taxa de câmbio - dólar americano (venda),R$/US$,diaria,2016-01-11,2016,1,4.01530000
1,dolar_venda,Taxa de câmbio - dólar americano (venda),R$/US$,diaria,2016-01-12,2016,1,4.02990000
1,dolar_venda,Taxa de câmbio - dólar americano (venda),R$/US$,diaria,2016-01-13,2016,1,3.98630000
1,dolar_venda,Taxa de câmbio - dólar americano (venda),R$/US$,diaria,2016-01-14,2016,1,4.02230000
1,dolar_venda,Taxa de câmbio - dólar americano (venda),R$/US$,diaria,2016-01-15,2016,1,4.04020000
1,dolar_venda,Taxa de câmbio - dólar americano (venda),R$/US$,diaria,2016-01-18,2016,1,4.03640000
1,dolar_venda,Taxa de câmbio - dólar americano (venda),R$/US$,diaria,2016-01-19,2016,1,4.03030000
1,dolar_venda,Taxa de câmbio - dólar americano (venda),R$/US$,diaria,2016-01-20,2016,1,4.08610000
1,dolar_venda,Taxa de câmbio - dólar americano (venda),R$/US$,diaria,2016-01-21,2016,1,4.15580000
1,dolar_venda,Taxa de câmbio - dólar americano (venda),R$/US$,diaria,2016-01-22,2016,1,4.12320000
1,dolar_venda,Taxa de câmbio - dólar americano (venda),R$/US$,diaria,2016-01-25,2016,1,4.10020000
1,dolar_venda,Taxa de câmbio - dólar americano (venda),R$/US$,diaria,2016-01-26,2016,1,4.09670000
1,dolar_venda,Taxa de câmbio - dólar americano (venda),R$/US$,diaria,2016-01-27,2016,1,4.04480000
1,dolar_venda,Taxa de câmbio - dólar americano (venda),R$/US$,diaria,2016-01-28,2016,1,4.08380000
1,dolar_venda,Taxa de câmbio - dólar americano (venda),R$/US$,diaria,2016-01-29,2016,1,4.04280000
1,dolar_venda,Taxa de câmbio - dólar americano (venda),R$/US$,diaria,2016-02-01,2016,2,3.99860000
1,dolar_venda,Taxa de câmbio - dólar americano (venda),R$/US$,diaria,2016-02-02,2016,2,3.99190000
1,dolar_venda,Taxa de câmbio - dólar americano (venda),R$/US$,diaria,2016-02-03,2016,2,3.95580000
1,dolar_venda,Taxa de câmbio - dólar americano (venda),R$/US$,diaria,2016-02-04,2016,2,3.86530000
1,dolar_venda,Taxa de câmbio - dólar americano (venda),R$/US$,diaria,2016-02-05,2016,2,3.89750000
1,dolar_venda,Taxa de câmbio - dólar americano (venda),R$/US$,diaria,2016-02-10,2016,2,3.94120000
1,dolar_venda,Taxa de câmbio - dólar americano (venda),R$/US$,diaria,2016-02-11,2016,2,3.96420000
1,dolar_venda,Taxa de câmbio - dólar americano (venda),R$/US$,diaria,2016-02-12,2016,2,3.98910000
1,dolar_venda,Taxa de câmbio - dólar americano (venda),R$/US$,diaria,2016-02-15,2016,2,3.98850000
1,dolar_venda,Taxa de câmbio - dólar americano (venda),R$/US$,diaria,2016-02-16,2016,2,4.02130000
1,dolar_venda,Taxa de câmbio - dólar americano (venda),R$/US$,diaria,2016-02-17,2016,2,4.03180000
1,dolar_venda,Taxa de câmbio - dólar americano (venda),R$/US$,diaria,2016-02-18,2016,2,4.00910000
1,dolar_venda,Taxa de câmbio - dólar americano (venda),R$/US$,diaria,2016-02-19,2016,2,4.04920000
1,dolar_venda,Taxa de câmbio - dólar americano (venda),R$/US$,diaria,2016-02-22,2016,2,3.96180000
1,dolar_venda,Taxa de câmbio - dólar americano (venda),R$/US$,diaria,2016-02-23,2016,2,3.96840000
1,dolar_venda,Taxa de câmbio - dólar americano (venda),R$/US$,diaria,2016-02-24,2016,2,3.99000000
1,dolar_venda,Taxa de câmbio - dólar americano (venda),R$/US$,diaria,2016-02-25,2016,2,3.94000000
1,dolar_venda,Taxa de câmbio - dólar americano (venda),R$/US$,diaria,2016-02-26,2016,2,3.95780000
1,dolar_venda,Taxa de câmbio - dólar americano (venda),R$/US$,diaria,2016-02-29,2016,2,3.97960000
1,dolar_venda,Taxa de câmbio - dólar americano (venda),R$/US$,diaria,2016-03-01,2016,3,3.99130000
1,dolar_venda,Taxa de câmbio - dólar americano (venda),R$/US$,diaria,2016-03-02,2016,3,3.91160000
1,dolar_venda,Taxa de câmbio - dólar americano (venda),R$/US$,diaria,2016-03-03,2016,3,3.85040000
1,dolar_venda,Taxa de câmbio - dólar americano (venda),R$/US$,diaria,2016-03-04,2016,3,3.71880000
1,dolar_venda,Taxa de câmbio - dólar americano (venda),R$/US$,diaria,2016-03-07,2016,3,3.77140000
1,dolar_venda,Taxa de câmbio - dólar americano (venda),R$/US$,diaria,2016-03-08,2016,3,3.78130000
1,dolar_venda,Taxa de câmbio - dólar americano (venda),R$/US$,diaria,2016-03-09,2016,3,3.70370000
1,dolar_venda,Taxa de câmbio - dólar americano (venda),R$/US$,diaria,2016-03-10,2016,3,3.67000000
1,dolar_venda,Taxa de câmbio - dólar americano (venda),R$/US$,diaria,2016-03-11,2016,3,3.62710000
1,dolar_venda,Taxa de câmbio - dólar americano (venda),R$/US$,diaria,2016-03-14,2016,3,3.62390000
1,dolar_venda,Taxa de câmbio - dólar americano (venda),R$/US$,diaria,2016-03-15,2016,3,3.71160000
1,dolar_venda,Taxa de câmbio - dólar americano (venda),R$/US$,diaria,2016-03-16,2016,3,3.80790000
1,dolar_venda,Taxa de câmbio - dólar americano (venda),R$/US$,diaria,2016-03-17,2016,3,3.64450000
1,dolar_venda,Taxa de câmbio - dólar americano (venda),R$/US$,diaria,2016-03-18,2016,3,3.61460000
1,dolar_venda,Taxa de câmbio - dólar americano (venda),R$/US$,diaria,2016-03-21,2016,3,3.62290000
1,dolar_venda,Taxa de câmbio - dólar americano (venda),R$/US$,diaria,2016-03-22,2016,3,3.60730000
1,dolar_venda,Taxa de câmbio - dólar americano (venda),R$/US$,diaria,2016-03-23,2016,3,3.65310000
1,dolar_venda,Taxa de câmbio - dólar americano (venda),R$/US$,diaria,2016-03-24,2016,3,3.69480000
1,dolar_venda,Taxa de câmbio - dólar americano (venda),R$/US$,diaria,2016-03-28,2016,3,3.64080000
1,dolar_venda,Taxa de câmbio - dólar americano (venda),R$/US$,diaria,2016-03-29,2016,3,3.66870000
1,dolar_venda,Taxa de câmbio - dólar americano (venda),R$/US$,diaria,2016-03-30,2016,3,3.61160000
1,dolar_venda,Taxa de câmbio - dólar americano (venda),R$/US$,diaria,2016-03-31,2016,3,3.55890000
1,dolar_venda,Taxa de câmbio - dólar americano (venda),R$/US$,diaria,2016-04-01,2016,4,3.57990000
1,dolar_venda,Taxa de câmbio - dólar americano (venda),R$/US$,diaria,2016-04-04,2016,4,3.58710000
1,dolar_venda,Taxa de câmbio - dólar americano (venda),R$/US$,diaria,2016-04-05,2016,4,3.65810000
1,dolar_venda,Taxa de câmbio - dólar americano (venda),R$/US$,diaria,2016-04-06,2016,4,3.67490000
1,dolar_venda,Taxa de câmbio - dólar americano (venda),R$/US$,diaria,2016-04-07,2016,4,3.69210000
1,dolar_venda,Taxa de câmbio - dólar americano (venda),R$/US$,diaria,2016-04-08,2016,4,3.63850000
1,dolar_venda,Taxa de câmbio - dólar americano (venda),R$/US$,diaria,2016-04-11,2016,4,3.52840000
1,dolar_venda,Taxa de câmbio - dólar americano (venda),R$/US$,diaria,2016-04-12,2016,4,3.54060000
1,dolar_venda,Taxa de câmbio - dólar americano (venda),R$/US$,diaria,2016-04-13,2016,4,3.54290000
1,dolar_venda,Taxa de câmbio - dólar americano (venda),R$/US$,diaria,2016-04-14,2016,4,3.51260000
1,dolar_venda,Taxa de câmbio - dólar americano (venda),R$/US$,diaria,2016-04-15,2016,4,3.52760000
1,dolar_venda,Taxa de câmbio - dólar americano (venda),R$/US$,diaria,2016-04-18,2016,4,3.59040000
1,dolar_venda,Taxa de câmbio - dólar americano (venda),R$/US$,diaria,2016-04-19,2016,4,3.55380000
1,dolar_venda,Taxa de câmbio - dólar americano (venda),R$/US$,diaria,2016-04-20,2016,4,3.55030000
1,dolar_venda,Taxa de câmbio - dólar americano (venda),R$/US$,diaria,2016-04-22,2016,4,3.58290000
1,dolar_venda,Taxa de câmbio - dólar americano (venda),R$/US$,diaria,2016-04-25,2016,4,3.54720000
1,dolar_venda,Taxa de câmbio - dólar americano (venda),R$/US$,diaria,2016-04-26,2016,4,3.53010000
1,dolar_venda,Taxa de câmbio - dólar americano (venda),R$/US$,diaria,2016-04-27,2016,4,3.52950000
1,dolar_venda,Taxa de câmbio - dólar americano (venda),R$/US$,diaria,2016-04-28,2016,4,3.49920000
1,dolar_venda,Taxa de câmbio - dólar americano (venda),R$/US$,diaria,2016-04-29,2016,4,3.45080000
1,dolar_venda,Taxa de câmbio - dólar americano (venda),R$/US$,diaria,2016-05-02,2016,5,3.49910000
1,dolar_venda,Taxa de câmbio - dólar americano (venda),R$/US$,diaria,2016-05-03,2016,5,3.55500000
1,dolar_venda,Taxa de câmbio - dólar americano (venda),R$/US$,diaria,2016-05-04,2016,5,3.53970000
1,dolar_venda,Taxa de câmbio - dólar americano (venda),R$/US$,diaria,2016-05-05,2016,5,3.52960000
1,dolar_venda,Taxa de câmbio - dólar americano (venda),R$/US$,diaria,2016-05-06,2016,5,3.53620000
1,dolar_venda,Taxa de câmbio - dólar americano (venda),R$/US$,diaria,2016-05-09,2016,5,3.53870000
1,dolar_venda,Taxa de câmbio - dólar americano (venda),R$/US$,diaria,2016-05-10,2016,5,3.47720000
1,dolar_venda,Taxa de câmbio - dólar americano (venda),R$/US$,diaria,2016-05-11,2016,5,3.46450000
1,dolar_venda,Taxa de câmbio - dólar americano (venda),R$/US$,diaria,2016-05-12,2016,5,3.48770000
1,dolar_venda,Taxa de câmbio - dólar americano (venda),R$/US$,diaria,2016-05-13,2016,5,3.50410000
1,dolar_venda,Taxa de câmbio - dólar americano (venda),R$/US$,diaria,2016-05-16,2016,5,3.50350000
1,dolar_venda,Taxa de câmbio - dólar americano (venda),R$/US$,diaria,2016-05-17,2016,5,3.50370000
1,dolar_venda,Taxa de câmbio - dólar americano (venda),R$/US$,diaria,2016-05-18,2016,5,3.53680000
1,dolar_venda,Taxa de câmbio - dólar americano (venda),R$/US$,diaria,2016-05-19,2016,5,3.60030000
1,dolar_venda,Taxa de câmbio - dólar americano (venda),R$/US$,diaria,2016-05-20,2016,5,3.54190000
1,dolar_venda,Taxa de câmbio - dólar americano (venda),R$/US$,diaria,2016-05-23,2016,5,3.56600000
1,dolar_venda,Taxa de câmbio - dólar americano (venda),R$/US$,diaria,2016-05-24,2016,5,3.54910000
1,dolar_venda,Taxa de câmbio - dólar americano (venda),R$/US$,diaria,2016-05-25,2016,5,3.58040000
1,dolar_venda,Taxa de câmbio - dólar americano (venda),R$/US$,diaria,2016-05-27,2016,5,3.61680000
1,dolar_venda,Taxa de câmbio - dólar americano (venda),R$/US$,diaria,2016-05-30,2016,5,3.59970000
1,dolar_venda,Taxa de câmbio - dólar americano (venda),R$/US$,diaria,2016-05-31,2016,5,3.59510000
1,dolar_venda,Taxa de câmbio - dólar americano (venda),R$/US$,diaria,2016-06-01,2016,6,3.61260000
1,dolar_venda,Taxa de câmbio - dólar americano (venda),R$/US$,diaria,2016-06-02,2016,6,3.59610000
1,dolar_venda,Taxa de câmbio - dólar americano (venda),R$/US$,diaria,2016-06-03,2016,6,3.54090000
1,dolar_venda,Taxa de câmbio - dólar americano (venda),R$/US$,diaria,2016-06-06,2016,6,3.50980000
1,dolar_venda,Taxa de câmbio - dólar americano (venda),R$/US$,diaria,2016-06-07,2016,6,3.47450000
1,dolar_venda,Taxa de câmbio - dólar americano (venda),R$/US$,diaria,2016-06-08,2016,6,3.38980000
1,dolar_venda,Taxa de câmbio - dólar americano (venda),R$/US$,diaria,2016-06-09,2016,6,3.38170000
1,dolar_venda,Taxa de câmbio - dólar americano (venda),R$/US$,diaria,2016-06-10,2016,6,3.42610000
1,dolar_venda,Taxa de câmbio - dólar americano (venda),R$/US$,diaria,2016-06-13,2016,6,3.45330000
1,dolar_venda,Taxa de câmbio - dólar americano (venda),R$/US$,diaria,2016-06-14,2016,6,3.48390000
1,dolar_venda,Taxa de câmbio - dólar americano (venda),R$/US$,diaria,2016-06-15,2016,6,3.47680000
1,dolar_venda,Taxa de câmbio - dólar americano (venda),R$/US$,diaria,2016-06-16,2016,6,3.49040000
1,dolar_venda,Taxa de câmbio - dólar americano (venda),R$/US$,diaria,2016-06-17,2016,6,3.43720000
1,dolar_venda,Taxa de câmbio - dólar americano (venda),R$/US$,diaria,2016-06-20,2016,6,3.38350000
1,dolar_venda,Taxa de câmbio - dólar americano (venda),R$/US$,diaria,2016-06-21,2016,6,3.38970000
1,dolar_venda,Taxa de câmbio - dólar americano (venda),R$/US$,diaria,2016-06-22,2016,6,3.38830000
1,dolar_venda,Taxa de câmbio - dólar americano (venda),R$/US$,diaria,2016-06-23,2016,6,3.35330000
1,dolar_venda,Taxa de câmbio - dólar americano (venda),R$/US$,diaria,2016-06-24,2016,6,3.37720000
1,dolar_venda,Taxa de câmbio - dólar americano (venda),R$/US$,diaria,2016-06-27,2016,6,3.39340000
1,dolar_venda,Taxa de câmbio - dólar americano (venda),R$/US$,diaria,2016-06-28,2016,6,3.32670000
1,dolar_venda,Taxa de câmbio - dólar americano (venda),R$/US$,diaria,2016-06-29,2016,6,3.24350000
1,dolar_venda,Taxa de câmbio - dólar americano (venda),R$/US$,diaria,2016-06-30,2016,6,3.20980000
1,dolar_venda,Taxa de câmbio - dólar americano (venda),R$/US$,diaria,2016-07-01,2016,7,3.22980000
1,dolar_venda,Taxa de câmbio - dólar americano (venda),R$/US$,diaria,2016-07-04,2016,7,3.24800000
1,dolar_venda,Taxa de câmbio - dólar americano (venda),R$/US$,diaria,2016-07-05,2016,7,3.29040000
1,dolar_venda,Taxa de câmbio - dólar americano (venda),R$/US$,diaria,2016-07-06,2016,7,3.32420000
1,dolar_venda,Taxa de câmbio - dólar americano (venda),R$/US$,diaria,2016-07-07,2016,7,3.33880000
1,dolar_venda,Taxa de câmbio - dólar americano (venda),R$/US$,diaria,2016-07-08,2016,7,3.29680000
1,dolar_venda,Taxa de câmbio - dólar americano (venda),R$/US$,diaria,2016-07-11,2016,7,3.30310000
1,dolar_venda,Taxa de câmbio - dólar americano (venda),R$/US$,diaria,2016-07-12,2016,7,3.27500000
1,dolar_venda,Taxa de câmbio - dólar americano (venda),R$/US$,diaria,2016-07-13,2016,7,3.28960000
1,dolar_venda,Taxa de câmbio - dólar americano (venda),R$/US$,diaria,2016-07-14,2016,7,3.23110000
1,dolar_venda,Taxa de câmbio - dólar americano (venda),R$/US$,diaria,2016-07-15,2016,7,3.26560000
1,dolar_venda,Taxa de câmbio - dólar americano (venda),R$/US$,diaria,2016-07-18,2016,7,3.26340000
1,dolar_venda,Taxa de câmbio - dólar americano (venda),R$/US$,diaria,2016-07-19,2016,7,3.28010000
1,dolar_venda,Taxa de câmbio - dólar americano (venda),R$/US$,diaria,2016-07-20,2016,7,3.25120000
1,dolar_venda,Taxa de câmbio - dólar americano (venda),R$/US$,diaria,2016-07-21,2016,7,3.25850000
1,dolar_venda,Taxa de câmbio - dólar americano (venda),R$/US$,diaria,2016-07-22,2016,7,3.28540000
1,dolar_venda,Taxa de câmbio - dólar americano (venda),R$/US$,diaria,2016-07-25,2016,7,3.28190000
1,dolar_venda,Taxa de câmbio - dólar americano (venda),R$/US$,diaria,2016-07-26,2016,7,3.27900000
1,dolar_venda,Taxa de câmbio - dólar americano (venda),R$/US$,diaria,2016-07-27,2016,7,3.28200000
1,dolar_venda,Taxa de câmbio - dólar americano (venda),R$/US$,diaria,2016-07-28,2016,7,3.27400000
1,dolar_venda,Taxa de câmbio - dólar americano (venda),R$/US$,diaria,2016-07-29,2016,7,3.23900000
1,dolar_venda,Taxa de câmbio - dólar americano (venda),R$/US$,diaria,2016-08-01,2016,8,3.26620000
1,dolar_venda,Taxa de câmbio - dólar americano (venda),R$/US$,diaria,2016-08-02,2016,8,3.24900000
1,dolar_venda,Taxa de câmbio - dólar americano (venda),R$/US$,diaria,2016-08-03,2016,8,3.27330000
1,dolar_venda,Taxa de câmbio - dólar americano (venda),R$/US$,diaria,2016-08-04,2016,8,3.21830000
1,dolar_venda,Taxa de câmbio - dólar americano (venda),R$/US$,diaria,2016-08-05,2016,8,3.18590000
1,dolar_venda,Taxa de câmbio - dólar americano (venda),R$/US$,diaria,2016-08-08,2016,8,3.17710000
1,dolar_venda,Taxa de câmbio - dólar americano (venda),R$/US$,diaria,2016-08-09,2016,8,3.15030000
1,dolar_venda,Taxa de câmbio - dólar americano (venda),R$/US$,diaria,2016-08-10,2016,8,3.13020000
1,dolar_venda,Taxa de câmbio - dólar americano (venda),R$/US$,diaria,2016-08-11,2016,8,3.13640000
1,dolar_venda,Taxa de câmbio - dólar americano (venda),R$/US$,diaria,2016-08-12,2016,8,3.16020000
1,dolar_venda,Taxa de câmbio - dólar americano (venda),R$/US$,diaria,2016-08-15,2016,8,3.16720000
1,dolar_venda,Taxa de câmbio - dólar americano (venda),R$/US$,diaria,2016-08-16,2016,8,3.17490000
1,dolar_venda,Taxa de câmbio - dólar americano (venda),R$/US$,diaria,2016-08-17,2016,8,3.22480000
1,dolar_venda,Taxa de câmbio - dólar americano (venda),R$/US$,diaria,2016-08-18,2016,8,3.22150000
1,dolar_venda,Taxa de câmbio - dólar americano (venda),R$/US$,diaria,2016-08-19,2016,8,3.22670000
1,dolar_venda,Taxa de câmbio - dólar americano (venda),R$/US$,diaria,2016-08-22,2016,8,3.21630000
1,dolar_venda,Taxa de câmbio - dólar americano (venda),R$/US$,diaria,2016-08-23,2016,8,3.20540000
1,dolar_venda,Taxa de câmbio - dólar americano (venda),R$/US$,diaria,2016-08-24,2016,8,3.23720000
1,dolar_venda,Taxa de câmbio - dólar americano (venda),R$/US$,diaria,2016-08-25,2016,8,3.23190000
1,dolar_venda,Taxa de câmbio - dólar americano (venda),R$/US$,diaria,2016-08-26,2016,8,3.21530000
1,dolar_venda,Taxa de câmbio - dólar americano (venda),R$/US$,diaria,2016-08-29,2016,8,3.26130000
1,dolar_venda,Taxa de câmbio - dólar americano (venda),R$/US$,diaria,2016-08-30,2016,8,3.25250000
1,dolar_venda,Taxa de câmbio - dólar americano (venda),R$/US$,diaria,2016-08-31,2016,8,3.24030000
1,dolar_venda,Taxa de câmbio - dólar americano (venda),R$/US$,diaria,2016-09-01,2016,9,3.24720000
1,dolar_venda,Taxa de câmbio - dólar americano (venda),R$/US$,diaria,2016-09-02,2016,9,3.24310000
1,dolar_venda,Taxa de câmbio - dólar americano (venda),R$/US$,diaria,2016-09-05,2016,9,3.27210000
1,dolar_venda,Taxa de câmbio - dólar americano (venda),R$/US$,diaria,2016-09-06,2016,9,3.24520000
1,dolar_venda,Taxa de câmbio - dólar americano (venda),R$/US$,diaria,2016-09-08,2016,9,3.19340000
1,dolar_venda,Taxa de câmbio - dólar americano (venda),R$/US$,diaria,2016-09-09,2016,9,3.26380000
1,dolar_venda,Taxa de câmbio - dólar americano (venda),R$/US$,diaria,2016-09-12,2016,9,3.28540000
1,dolar_venda,Taxa de câmbio - dólar americano (venda),R$/US$,diaria,2016-09-13,2016,9,3.29720000
1,dolar_venda,Taxa de câmbio - dólar americano (venda),R$/US$,diaria,2016-09-14,2016,9,3.32620000
1,dolar_venda,Taxa de câmbio - dólar americano (venda),R$/US$,diaria,2016-09-15,2016,9,3.33260000
1,dolar_venda,Taxa de câmbio - dólar americano (venda),R$/US$,diaria,2016-09-16,2016,9,3.30040000
1,dolar_venda,Taxa de câmbio - dólar americano (venda),R$/US$,diaria,2016-09-19,2016,9,3.26360000
1,dolar_venda,Taxa de câmbio - dólar americano (venda),R$/US$,diaria,2016-09-20,2016,9,3.25400000
1,dolar_venda,Taxa de câmbio - dólar americano (venda),R$/US$,diaria,2016-09-21,2016,9,3.24080000
1,dolar_venda,Taxa de câmbio - dólar americano (venda),R$/US$,diaria,2016-09-22,2016,9,3.20150000
1,dolar_venda,Taxa de câmbio - dólar americano (venda),R$/US$,diaria,2016-09-23,2016,9,3.22420000
1,dolar_venda,Taxa de câmbio - dólar americano (venda),R$/US$,diaria,2016-09-26,2016,9,3.24000000
1,dolar_venda,Taxa de câmbio - dólar americano (venda),R$/US$,diaria,2016-09-27,2016,9,3.23580000
1,dolar_venda,Taxa de câmbio - dólar americano (venda),R$/US$,diaria,2016-09-28,2016,9,3.24760000
1,dolar_venda,Taxa de câmbio - dólar americano (venda),R$/US$,diaria,2016-09-29,2016,9,3.22350000
1,dolar_venda,Taxa de câmbio - dólar americano (venda),R$/US$,diaria,2016-09-30,2016,9,3.24620000
1,dolar_venda,Taxa de câmbio - dólar americano (venda),R$/US$,diaria,2016-10-03,2016,10,3.23380000
1,dolar_venda,Taxa de câmbio - dólar americano (venda),R$/US$,diaria,2016-10-04,2016,10,3.22030000
1,dolar_venda,Taxa de câmbio - dólar americano (venda),R$/US$,diaria,2016-10-05,2016,10,3.23590000
1,dolar_venda,Taxa de câmbio - dólar americano (venda),R$/US$,diaria,2016-10-06,2016,10,3.23100000
1,dolar_venda,Taxa de câmbio - dólar americano (venda),R$/US$,diaria,2016-10-07,2016,10,3.21340000
1,dolar_venda,Taxa de câmbio - dólar americano (venda),R$/US$,diaria,2016-10-10,2016,10,3.21250000
1,dolar_venda,Taxa de câmbio - dólar americano (venda),R$/US$,diaria,2016-10-11,2016,10,3.21360000
1,dolar_venda,Taxa de câmbio - dólar americano (venda),R$/US$,diaria,2016-10-13,2016,10,3.20870000
1,dolar_venda,Taxa de câmbio - dólar americano (venda),R$/US$,diaria,2016-10-14,2016,10,3.18640000
1,dolar_venda,Taxa de câmbio - dólar americano (venda),R$/US$,diaria,2016-10-17,2016,10,3.19630000
1,dolar_venda,Taxa de câmbio - dólar americano (venda),R$/US$,diaria,2016-10-18,2016,10,3.18740000
1,dolar_venda,Taxa de câmbio - dólar americano (venda),R$/US$,diaria,2016-10-19,2016,10,3.18000000
1,dolar_venda,Taxa de câmbio - dólar americano (venda),R$/US$,diaria,2016-10-20,2016,10,3.16050000
1,dolar_venda,Taxa de câmbio - dólar americano (venda),R$/US$,diaria,2016-10-21,2016,10,3.15930000
1,dolar_venda,Taxa de câmbio - dólar americano (venda),R$/US$,diaria,2016-10-24,2016,10,3.13110000
1,dolar_venda,Taxa de câmbio - dólar americano (venda),R$/US$,diaria,2016-10-25,2016,10,3.11930000
1,dolar_venda,Taxa de câmbio - dólar americano (venda),R$/US$,diaria,2016-10-26,2016,10,3.12190000
1,dolar_venda,Taxa de câmbio - dólar americano (venda),R$/US$,diaria,2016-10-27,2016,10,3.14290000
1,dolar_venda,Taxa de câmbio - dólar americano (venda),R$/US$,diaria,2016-10-28,2016,10,3.18150000
1,dolar_venda,Taxa de câmbio - dólar americano (venda),R$/US$,diaria,2016-10-31,2016,10,3.18110000
1,dolar_venda,Taxa de câmbio - dólar americano (venda),R$/US$,diaria,2016-11-01,2016,11,3.20530000
1,dolar_venda,Taxa de câmbio - dólar americano (venda),R$/US$,diaria,2016-11-03,2016,11,3.23100000
1,dolar_venda,Taxa de câmbio - dólar americano (venda),R$/US$,diaria,2016-11-04,2016,11,3.24490000
1,dolar_venda,Taxa de câmbio - dólar americano (venda),R$/US$,diaria,2016-11-07,2016,11,3.20240000
1,dolar_venda,Taxa de câmbio - dólar americano (venda),R$/US$,diaria,2016-11-08,2016,11,3.20240000
1,dolar_venda,Taxa de câmbio - dólar americano (venda),R$/US$,diaria,2016-11-09,2016,11,3.22580000
1,dolar_venda,Taxa de câmbio - dólar americano (venda),R$/US$,diaria,2016-11-10,2016,11,3.31040000
1,dolar_venda,Taxa de câmbio - dólar americano (venda),R$/US$,diaria,2016-11-11,2016,11,3.43770000
1,dolar_venda,Taxa de câmbio - dólar americano (venda),R$/US$,diaria,2016-11-14,2016,11,3.44460000
1,dolar_venda,Taxa de câmbio - dólar americano (venda),R$/US$,diaria,2016-11-16,2016,11,3.41830000
1,dolar_venda,Taxa de câmbio - dólar americano (venda),R$/US$,diaria,2016-11-17,2016,11,3.40520000
1,dolar_venda,Taxa de câmbio - dólar americano (venda),R$/US$,diaria,2016-11-18,2016,11,3.39170000
1,dolar_venda,Taxa de câmbio - dólar americano (venda),R$/US$,diaria,2016-11-21,2016,11,3.35170000
1,dolar_venda,Taxa de câmbio - dólar americano (venda),R$/US$,diaria,2016-11-22,2016,11,3.34760000
1,dolar_venda,Taxa de câmbio - dólar americano (venda),R$/US$,diaria,2016-11-23,2016,11,3.39270000
1,dolar_venda,Taxa de câmbio - dólar americano (venda),R$/US$,diaria,2016-11-24,2016,11,3.39870000
1,dolar_venda,Taxa de câmbio - dólar americano (venda),R$/US$,diaria,2016-11-25,2016,11,3.42790000
1,dolar_venda,Taxa de câmbio - dólar americano (venda),R$/US$,diaria,2016-11-28,2016,11,3.39960000
1,dolar_venda,Taxa de câmbio - dólar americano (venda),R$/US$,diaria,2016-11-29,2016,11,3.40600000
1,dolar_venda,Taxa de câmbio - dólar americano (venda),R$/US$,diaria,2016-11-30,2016,11,3.39670000
1,dolar_venda,Taxa de câmbio - dólar americano (venda),R$/US$,diaria,2016-12-01,2016,12,3.43620000
1,dolar_venda,Taxa de câmbio - dólar americano (venda),R$/US$,diaria,2016-12-02,2016,12,3.46500000
1,dolar_venda,Taxa de câmbio - dólar americano (venda),R$/US$,diaria,2016-12-05,2016,12,3.45980000
1,dolar_venda,Taxa de câmbio - dólar americano (venda),R$/US$,diaria,2016-12-06,2016,12,3.43540000
1,dolar_venda,Taxa de câmbio - dólar americano (venda),R$/US$,diaria,2016-12-07,2016,12,3.38950000
1,dolar_venda,Taxa de câmbio - dólar americano (venda),R$/US$,diaria,2016-12-08,2016,12,3.40080000
1,dolar_venda,Taxa de câmbio - dólar americano (venda),R$/US$,diaria,2016-12-09,2016,12,3.38580000
1,dolar_venda,Taxa de câmbio - dólar americano (venda),R$/US$,diaria,2016-12-12,2016,12,3.36970000
1,dolar_venda,Taxa de câmbio - dólar americano (venda),R$/US$,diaria,2016-12-13,2016,12,3.33400000
1,dolar_venda,Taxa de câmbio - dólar americano (venda),R$/US$,diaria,2016-12-14,2016,12,3.31030000
1,dolar_venda,Taxa de câmbio - dólar americano (venda),R$/US$,diaria,2016-12-15,2016,12,3.38300000
1,dolar_venda,Taxa de câmbio - dólar americano (venda),R$/US$,diaria,2016-12-16,2016,12,3.37120000
1,dolar_venda,Taxa de câmbio - dólar americano (venda),R$/US$,diaria,2016-12-19,2016,12,3.37780000
1,dolar_venda,Taxa de câmbio - dólar americano (venda),R$/US$,diaria,2016-12-20,2016,12,3.35860000
1,dolar_venda,Taxa de câmbio - dólar americano (venda),R$/US$,diaria,2016-12-21,2016,12,3.32970000
1,dolar_venda,Taxa de câmbio - dólar americano (venda),R$/US$,diaria,2016-12-22,2016,12,3.33020000
1,dolar_venda,Taxa de câmbio - dólar americano (venda),R$/US$,diaria,2016-12-23,2016,12,3.26960000
1,dolar_venda,Taxa de câmbio - dólar americano (venda),R$/US$,diaria,2016-12-26,2016,12,3.27010000
1,dolar_venda,Taxa de câmbio - dólar americano (venda),R$/US$,diaria,2016-12-27,2016,12,3.27760000
1,dolar_venda,Taxa de câmbio - dólar americano (venda),R$/US$,diaria,2016-12-28,2016,12,3.27740000
1,dolar_venda,Taxa de câmbio - dólar americano (venda),R$/US$,diaria,2016-12-29,2016,12,3.25910000
1,dolar_venda,Taxa de câmbio - dólar americano (venda),R$/US$,diaria,2016-12-30,2016,12,3.25910000
1,dolar_venda,Taxa de câmbio - dólar americano (venda),R$/US$,diaria,2017-01-02,2017,1,3.27290000
1,dolar_venda,Taxa de câmbio - dólar americano (venda),R$/US$,diaria,2017-01-03,2017,1,3.26320000
1,dolar_venda,Taxa de câmbio - dólar americano (venda),R$/US$,diaria,2017-01-04,2017,1,3.23330000
1,dolar_venda,Taxa de câmbio - dólar americano (venda),R$/US$,diaria,2017-01-05,2017,1,3.21290000
1,dolar_venda,Taxa de câmbio - dólar americano (venda),R$/US$,diaria,2017-01-06,2017,1,3.20570000
1,dolar_venda,Taxa de câmbio - dólar americano (venda),R$/US$,diaria,2017-01-09,2017,1,3.20970000
1,dolar_venda,Taxa de câmbio - dólar americano (venda),R$/US$,diaria,2017-01-10,2017,1,3.19180000
1,dolar_venda,Taxa de câmbio - dólar americano (venda),R$/US$,diaria,2017-01-11,2017,1,3.21540000
1,dolar_venda,Taxa de câmbio - dólar americano (venda),R$/US$,diaria,2017-01-12,2017,1,3.16610000
1,dolar_venda,Taxa de câmbio - dólar americano (venda),R$/US$,diaria,2017-01-13,2017,1,3.20340000
1,dolar_venda,Taxa de câmbio - dólar americano (venda),R$/US$,diaria,2017-01-16,2017,1,3.22340000
1,dolar_venda,Taxa de câmbio - dólar americano (venda),R$/US$,diaria,2017-01-17,2017,1,3.21000000
1,dolar_venda,Taxa de câmbio - dólar americano (venda),R$/US$,diaria,2017-01-18,2017,1,3.22110000
1,dolar_venda,Taxa de câmbio - dólar americano (venda),R$/US$,diaria,2017-01-19,2017,1,3.21130000
1,dolar_venda,Taxa de câmbio - dólar americano (venda),R$/US$,diaria,2017-01-20,2017,1,3.19180000
1,dolar_venda,Taxa de câmbio - dólar americano (venda),R$/US$,diaria,2017-01-23,2017,1,3.16090000
1,dolar_venda,Taxa de câmbio - dólar americano (venda),R$/US$,diaria,2017-01-24,2017,1,3.16490000
1,dolar_venda,Taxa de câmbio - dólar americano (venda),R$/US$,diaria,2017-01-25,2017,1,3.16900000
1,dolar_venda,Taxa de câmbio - dólar americano (venda),R$/US$,diaria,2017-01-26,2017,1,3.18040000
1,dolar_venda,Taxa de câmbio - dólar americano (venda),R$/US$,diaria,2017-01-27,2017,1,3.15960000
1,dolar_venda,Taxa de câmbio - dólar americano (venda),R$/US$,diaria,2017-01-30,2017,1,3.13160000
1,dolar_venda,Taxa de câmbio - dólar americano (venda),R$/US$,diaria,2017-01-31,2017,1,3.12700000
1,dolar_venda,Taxa de câmbio - dólar americano (venda),R$/US$,diaria,2017-02-01,2017,2,3.14790000
1,dolar_venda,Taxa de câmbio - dólar americano (venda),R$/US$,diaria,2017-02-02,2017,2,3.11960000
1,dolar_venda,Taxa de câmbio - dólar americano (venda),R$/US$,diaria,2017-02-03,2017,2,3.12410000
1,dolar_venda,Taxa de câmbio - dólar americano (venda),R$/US$,diaria,2017-02-06,2017,2,3.11790000
1,dolar_venda,Taxa de câmbio - dólar americano (venda),R$/US$,diaria,2017-02-07,2017,2,3.13040000
1,dolar_venda,Taxa de câmbio - dólar americano (venda),R$/US$,diaria,2017-02-08,2017,2,3.12550000
1,dolar_venda,Taxa de câmbio - dólar americano (venda),R$/US$,diaria,2017-02-09,2017,2,3.11850000
1,dolar_venda,Taxa de câmbio - dólar americano (venda),R$/US$,diaria,2017-02-10,2017,2,3.11550000
1,dolar_venda,Taxa de câmbio - dólar americano (venda),R$/US$,diaria,2017-02-13,2017,2,3.11750000
1,dolar_venda,Taxa de câmbio - dólar americano (venda),R$/US$,diaria,2017-02-14,2017,2,3.10040000
1,dolar_venda,Taxa de câmbio - dólar americano (venda),R$/US$,diaria,2017-02-15,2017,2,3.07790000
1,dolar_venda,Taxa de câmbio - dólar americano (venda),R$/US$,diaria,2017-02-16,2017,2,3.05100000
1,dolar_venda,Taxa de câmbio - dólar americano (venda),R$/US$,diaria,2017-02-17,2017,2,3.09500000
1,dolar_venda,Taxa de câmbio - dólar americano (venda),R$/US$,diaria,2017-02-20,2017,2,3.09180000
1,dolar_venda,Taxa de câmbio - dólar americano (venda),R$/US$,diaria,2017-02-21,2017,2,3.09700000
1,dolar_venda,Taxa de câmbio - dólar americano (venda),R$/US$,diaria,2017-02-22,2017,2,3.08240000
1,dolar_venda,Taxa de câmbio - dólar americano (venda),R$/US$,diaria,2017-02-23,2017,2,3.06380000
1,dolar_venda,Taxa de câmbio - dólar americano (venda),R$/US$,diaria,2017-02-24,2017,2,3.09930000
1,dolar_venda,Taxa de câmbio - dólar americano (venda),R$/US$,diaria,2017-03-01,2017,3,3.09760000
1,dolar_venda,Taxa de câmbio - dólar americano (venda),R$/US$,diaria,2017-03-02,2017,3,3.11380000
1,dolar_venda,Taxa de câmbio - dólar americano (venda),R$/US$,diaria,2017-03-03,2017,3,3.13640000
1,dolar_venda,Taxa de câmbio - dólar americano (venda),R$/US$,diaria,2017-03-06,2017,3,3.11110000
1,dolar_venda,Taxa de câmbio - dólar americano (venda),R$/US$,diaria,2017-03-07,2017,3,3.11850000
1,dolar_venda,Taxa de câmbio - dólar americano (venda),R$/US$,diaria,2017-03-08,2017,3,3.14770000
1,dolar_venda,Taxa de câmbio - dólar americano (venda),R$/US$,diaria,2017-03-09,2017,3,3.17350000
1,dolar_venda,Taxa de câmbio - dólar americano (venda),R$/US$,diaria,2017-03-10,2017,3,3.16230000
1,dolar_venda,Taxa de câmbio - dólar americano (venda),R$/US$,diaria,2017-03-13,2017,3,3.15410000
1,dolar_venda,Taxa de câmbio - dólar americano (venda),R$/US$,diaria,2017-03-14,2017,3,3.16390000
1,dolar_venda,Taxa de câmbio - dólar americano (venda),R$/US$,diaria,2017-03-15,2017,3,3.16290000
1,dolar_venda,Taxa de câmbio - dólar americano (venda),R$/US$,diaria,2017-03-16,2017,3,3.10800000
1,dolar_venda,Taxa de câmbio - dólar americano (venda),R$/US$,diaria,2017-03-17,2017,3,3.10750000
1,dolar_venda,Taxa de câmbio - dólar americano (venda),R$/US$,diaria,2017-03-20,2017,3,3.08980000
1,dolar_venda,Taxa de câmbio - dólar americano (venda),R$/US$,diaria,2017-03-21,2017,3,3.07650000
1,dolar_venda,Taxa de câmbio - dólar americano (venda),R$/US$,diaria,2017-03-22,2017,3,3.09390000
1,dolar_venda,Taxa de câmbio - dólar americano (venda),R$/US$,diaria,2017-03-23,2017,3,3.12480000
1,dolar_venda,Taxa de câmbio - dólar americano (venda),R$/US$,diaria,2017-03-24,2017,3,3.12820000
1,dolar_venda,Taxa de câmbio - dólar americano (venda),R$/US$,diaria,2017-03-27,2017,3,3.12560000
1,dolar_venda,Taxa de câmbio - dólar americano (venda),R$/US$,diaria,2017-03-28,2017,3,3.13030000
1,dolar_venda,Taxa de câmbio - dólar americano (venda),R$/US$,diaria,2017-03-29,2017,3,3.12290000
1,dolar_venda,Taxa de câmbio - dólar americano (venda),R$/US$,diaria,2017-03-30,2017,3,3.12470000
1,dolar_venda,Taxa de câmbio - dólar americano (venda),R$/US$,diaria,2017-03-31,2017,3,3.16840000
1,dolar_venda,Taxa de câmbio - dólar americano (venda),R$/US$,diaria,2017-04-03,2017,4,3.11670000
1,dolar_venda,Taxa de câmbio - dólar americano (venda),R$/US$,diaria,2017-04-04,2017,4,3.12310000
1,dolar_venda,Taxa de câmbio - dólar americano (venda),R$/US$,diaria,2017-04-05,2017,4,3.09230000
1,dolar_venda,Taxa de câmbio - dólar americano (venda),R$/US$,diaria,2017-04-06,2017,4,3.11600000
1,dolar_venda,Taxa de câmbio - dólar americano (venda),R$/US$,diaria,2017-04-07,2017,4,3.13020000
1,dolar_venda,Taxa de câmbio - dólar americano (venda),R$/US$,diaria,2017-04-10,2017,4,3.14090000
1,dolar_venda,Taxa de câmbio - dólar americano (venda),R$/US$,diaria,2017-04-11,2017,4,3.14240000
1,dolar_venda,Taxa de câmbio - dólar americano (venda),R$/US$,diaria,2017-04-12,2017,4,3.14630000
1,dolar_venda,Taxa de câmbio - dólar americano (venda),R$/US$,diaria,2017-04-13,2017,4,3.12690000
1,dolar_venda,Taxa de câmbio - dólar americano (venda),R$/US$,diaria,2017-04-17,2017,4,3.10360000
1,dolar_venda,Taxa de câmbio - dólar americano (venda),R$/US$,diaria,2017-04-18,2017,4,3.09580000
1,dolar_venda,Taxa de câmbio - dólar americano (venda),R$/US$,diaria,2017-04-19,2017,4,3.12940000
1,dolar_venda,Taxa de câmbio - dólar americano (venda),R$/US$,diaria,2017-04-20,2017,4,3.14530000
1,dolar_venda,Taxa de câmbio - dólar americano (venda),R$/US$,diaria,2017-04-24,2017,4,3.12510000
1,dolar_venda,Taxa de câmbio - dólar americano (venda),R$/US$,diaria,2017-04-25,2017,4,3.15770000
1,dolar_venda,Taxa de câmbio - dólar americano (venda),R$/US$,diaria,2017-04-26,2017,4,3.18470000
1,dolar_venda,Taxa de câmbio - dólar americano (venda),R$/US$,diaria,2017-04-27,2017,4,3.17630000
1,dolar_venda,Taxa de câmbio - dólar americano (venda),R$/US$,diaria,2017-04-28,2017,4,3.19840000
1,dolar_venda,Taxa de câmbio - dólar americano (venda),R$/US$,diaria,2017-05-02,2017,5,3.17240000
1,dolar_venda,Taxa de câmbio - dólar americano (venda),R$/US$,diaria,2017-05-03,2017,5,3.14890000
1,dolar_venda,Taxa de câmbio - dólar americano (venda),R$/US$,diaria,2017-05-04,2017,5,3.17800000
1,dolar_venda,Taxa de câmbio - dólar americano (venda),R$/US$,diaria,2017-05-05,2017,5,3.17640000
1,dolar_venda,Taxa de câmbio - dólar americano (venda),R$/US$,diaria,2017-05-08,2017,5,3.19380000
1,dolar_venda,Taxa de câmbio - dólar americano (venda),R$/US$,diaria,2017-05-09,2017,5,3.18570000
1,dolar_venda,Taxa de câmbio - dólar americano (venda),R$/US$,diaria,2017-05-10,2017,5,3.16060000
1,dolar_venda,Taxa de câmbio - dólar americano (venda),R$/US$,diaria,2017-05-11,2017,5,3.15590000
1,dolar_venda,Taxa de câmbio - dólar americano (venda),R$/US$,diaria,2017-05-12,2017,5,3.12900000
1,dolar_venda,Taxa de câmbio - dólar americano (venda),R$/US$,diaria,2017-05-15,2017,5,3.10110000
1,dolar_venda,Taxa de câmbio - dólar americano (venda),R$/US$,diaria,2017-05-16,2017,5,3.09240000
1,dolar_venda,Taxa de câmbio - dólar americano (venda),R$/US$,diaria,2017-05-17,2017,5,3.10760000
1,dolar_venda,Taxa de câmbio - dólar americano (venda),R$/US$,diaria,2017-05-18,2017,5,3.38070000
1,dolar_venda,Taxa de câmbio - dólar americano (venda),R$/US$,diaria,2017-05-19,2017,5,3.28780000
1,dolar_venda,Taxa de câmbio - dólar americano (venda),R$/US$,diaria,2017-05-22,2017,5,3.28630000
1,dolar_venda,Taxa de câmbio - dólar americano (venda),R$/US$,diaria,2017-05-23,2017,5,3.26540000
1,dolar_venda,Taxa de câmbio - dólar americano (venda),R$/US$,diaria,2017-05-24,2017,5,3.26290000
1,dolar_venda,Taxa de câmbio - dólar americano (venda),R$/US$,diaria,2017-05-25,2017,5,3.28240000
1,dolar_venda,Taxa de câmbio - dólar americano (venda),R$/US$,diaria,2017-05-26,2017,5,3.26140000
1,dolar_venda,Taxa de câmbio - dólar americano (venda),R$/US$,diaria,2017-05-29,2017,5,3.27090000
1,dolar_venda,Taxa de câmbio - dólar americano (venda),R$/US$,diaria,2017-05-30,2017,5,3.26590000
1,dolar_venda,Taxa de câmbio - dólar americano (venda),R$/US$,diaria,2017-05-31,2017,5,3.24370000
1,dolar_venda,Taxa de câmbio - dólar americano (venda),R$/US$,diaria,2017-06-01,2017,6,3.23070000
1,dolar_venda,Taxa de câmbio - dólar americano (venda),R$/US$,diaria,2017-06-02,2017,6,3.24010000
1,dolar_venda,Taxa de câmbio - dólar americano (venda),R$/US$,diaria,2017-06-05,2017,6,3.28200000
1,dolar_venda,Taxa de câmbio - dólar americano (venda),R$/US$,diaria,2017-06-06,2017,6,3.28170000
1,dolar_venda,Taxa de câmbio - dólar americano (venda),R$/US$,diaria,2017-06-07,2017,6,3.27470000
1,dolar_venda,Taxa de câmbio - dólar americano (venda),R$/US$,diaria,2017-06-08,2017,6,3.28380000
1,dolar_venda,Taxa de câmbio - dólar americano (venda),R$/US$,diaria,2017-06-09,2017,6,3.27400000
1,dolar_venda,Taxa de câmbio - dólar americano (venda),R$/US$,diaria,2017-06-12,2017,6,3.29860000
1,dolar_venda,Taxa de câmbio - dólar americano (venda),R$/US$,diaria,2017-06-13,2017,6,3.32080000
1,dolar_venda,Taxa de câmbio - dólar americano (venda),R$/US$,diaria,2017-06-14,2017,6,3.28360000
1,dolar_venda,Taxa de câmbio - dólar americano (venda),R$/US$,diaria,2017-06-16,2017,6,3.28920000
1,dolar_venda,Taxa de câmbio - dólar americano (venda),R$/US$,diaria,2017-06-19,2017,6,3.29750000
1,dolar_venda,Taxa de câmbio - dólar americano (venda),R$/US$,diaria,2017-06-20,2017,6,3.31450000
1,dolar_venda,Taxa de câmbio - dólar americano (venda),R$/US$,diaria,2017-06-21,2017,6,3.32470000
1,dolar_venda,Taxa de câmbio - dólar americano (venda),R$/US$,diaria,2017-06-22,2017,6,3.33620000
1,dolar_venda,Taxa de câmbio - dólar americano (venda),R$/US$,diaria,2017-06-23,2017,6,3.33420000
1,dolar_venda,Taxa de câmbio - dólar americano (venda),R$/US$,diaria,2017-06-26,2017,6,3.31280000
1,dolar_venda,Taxa de câmbio - dólar americano (venda),R$/US$,diaria,2017-06-27,2017,6,3.31720000
1,dolar_venda,Taxa de câmbio - dólar americano (venda),R$/US$,diaria,2017-06-28,2017,6,3.30300000
1,dolar_venda,Taxa de câmbio - dólar americano (venda),R$/US$,diaria,2017-06-29,2017,6,3.29520000
1,dolar_venda,Taxa de câmbio - dólar americano (venda),R$/US$,diaria,2017-06-30,2017,6,3.30820000
1,dolar_venda,Taxa de câmbio - dólar americano (venda),R$/US$,diaria,2017-07-03,2017,7,3.30150000
1,dolar_venda,Taxa de câmbio - dólar americano (venda),R$/US$,diaria,2017-07-04,2017,7,3.30500000
1,dolar_venda,Taxa de câmbio - dólar americano (venda),R$/US$,diaria,2017-07-05,2017,7,3.31930000
1,dolar_venda,Taxa de câmbio - dólar americano (venda),R$/US$,diaria,2017-07-06,2017,7,3.30640000
1,dolar_venda,Taxa de câmbio - dólar americano (venda),R$/US$,diaria,2017-07-07,2017,7,3.28950000
1,dolar_venda,Taxa de câmbio - dólar americano (venda),R$/US$,diaria,2017-07-10,2017,7,3.26500000
1,dolar_venda,Taxa de câmbio - dólar americano (venda),R$/US$,diaria,2017-07-11,2017,7,3.25220000
1,dolar_venda,Taxa de câmbio - dólar americano (venda),R$/US$,diaria,2017-07-12,2017,7,3.22640000
1,dolar_venda,Taxa de câmbio - dólar americano (venda),R$/US$,diaria,2017-07-13,2017,7,3.21080000
1,dolar_venda,Taxa de câmbio - dólar americano (venda),R$/US$,diaria,2017-07-14,2017,7,3.18990000
1,dolar_venda,Taxa de câmbio - dólar americano (venda),R$/US$,diaria,2017-07-17,2017,7,3.18210000
1,dolar_venda,Taxa de câmbio - dólar americano (venda),R$/US$,diaria,2017-07-18,2017,7,3.16680000
1,dolar_venda,Taxa de câmbio - dólar americano (venda),R$/US$,diaria,2017-07-19,2017,7,3.15330000
1,dolar_venda,Taxa de câmbio - dólar americano (venda),R$/US$,diaria,2017-07-20,2017,7,3.14020000
1,dolar_venda,Taxa de câmbio - dólar americano (venda),R$/US$,diaria,2017-07-21,2017,7,3.12560000
1,dolar_venda,Taxa de câmbio - dólar americano (venda),R$/US$,diaria,2017-07-24,2017,7,3.14590000
1,dolar_venda,Taxa de câmbio - dólar americano (venda),R$/US$,diaria,2017-07-25,2017,7,3.15560000
1,dolar_venda,Taxa de câmbio - dólar americano (venda),R$/US$,diaria,2017-07-26,2017,7,3.16570000
1,dolar_venda,Taxa de câmbio - dólar americano (venda),R$/US$,diaria,2017-07-27,2017,7,3.15130000
1,dolar_venda,Taxa de câmbio - dólar americano (venda),R$/US$,diaria,2017-07-28,2017,7,3.14570000
1,dolar_venda,Taxa de câmbio - dólar americano (venda),R$/US$,diaria,2017-07-31,2017,7,3.13070000
1,dolar_venda,Taxa de câmbio - dólar americano (venda),R$/US$,diaria,2017-08-01,2017,8,3.11610000
1,dolar_venda,Taxa de câmbio - dólar americano (venda),R$/US$,diaria,2017-08-02,2017,8,3.12680000
1,dolar_venda,Taxa de câmbio - dólar americano (venda),R$/US$,diaria,2017-08-03,2017,8,3.11940000
1,dolar_venda,Taxa de câmbio - dólar americano (venda),R$/US$,diaria,2017-08-04,2017,8,3.12240000
1,dolar_venda,Taxa de câmbio - dólar americano (venda),R$/US$,diaria,2017-08-07,2017,8,3.12670000
1,dolar_venda,Taxa de câmbio - dólar americano (venda),R$/US$,diaria,2017-08-08,2017,8,3.13200000
1,dolar_venda,Taxa de câmbio - dólar americano (venda),R$/US$,diaria,2017-08-09,2017,8,3.14640000
1,dolar_venda,Taxa de câmbio - dólar americano (venda),R$/US$,diaria,2017-08-10,2017,8,3.15430000
1,dolar_venda,Taxa de câmbio - dólar americano (venda),R$/US$,diaria,2017-08-11,2017,8,3.16950000
1,dolar_venda,Taxa de câmbio - dólar americano (venda),R$/US$,diaria,2017-08-14,2017,8,3.18880000
1,dolar_venda,Taxa de câmbio - dólar americano (venda),R$/US$,diaria,2017-08-15,2017,8,3.19760000
1,dolar_venda,Taxa de câmbio - dólar americano (venda),R$/US$,diaria,2017-08-16,2017,8,3.16700000
1,dolar_venda,Taxa de câmbio - dólar americano (venda),R$/US$,diaria,2017-08-17,2017,8,3.16030000
1,dolar_venda,Taxa de câmbio - dólar americano (venda),R$/US$,diaria,2017-08-18,2017,8,3.16540000
1,dolar_venda,Taxa de câmbio - dólar americano (venda),R$/US$,diaria,2017-08-21,2017,8,3.14430000
1,dolar_venda,Taxa de câmbio - dólar americano (venda),R$/US$,diaria,2017-08-22,2017,8,3.15390000
1,dolar_venda,Taxa de câmbio - dólar americano (venda),R$/US$,diaria,2017-08-23,2017,8,3.15690000
1,dolar_venda,Taxa de câmbio - dólar americano (venda),R$/US$,diaria,2017-08-24,2017,8,3.14040000
1,dolar_venda,Taxa de câmbio - dólar americano (venda),R$/US$,diaria,2017-08-25,2017,8,3.14620000
1,dolar_venda,Taxa de câmbio - dólar americano (venda),R$/US$,diaria,2017-08-28,2017,8,3.15630000
1,dolar_venda,Taxa de câmbio - dólar americano (venda),R$/US$,diaria,2017-08-29,2017,8,3.16950000
1,dolar_venda,Taxa de câmbio - dólar americano (venda),R$/US$,diaria,2017-08-30,2017,8,3.16380000
1,dolar_venda,Taxa de câmbio - dólar americano (venda),R$/US$,diaria,2017-08-31,2017,8,3.14710000
1,dolar_venda,Taxa de câmbio - dólar americano (venda),R$/US$,diaria,2017-09-01,2017,9,3.13330000
1,dolar_venda,Taxa de câmbio - dólar americano (venda),R$/US$,diaria,2017-09-04,2017,9,3.13890000
1,dolar_venda,Taxa de câmbio - dólar americano (venda),R$/US$,diaria,2017-09-05,2017,9,3.12030000
1,dolar_venda,Taxa de câmbio - dólar americano (venda),R$/US$,diaria,2017-09-06,2017,9,3.11330000
1,dolar_venda,Taxa de câmbio - dólar americano (venda),R$/US$,diaria,2017-09-08,2017,9,3.09080000
1,dolar_venda,Taxa de câmbio - dólar americano (venda),R$/US$,diaria,2017-09-11,2017,9,3.08520000
1,dolar_venda,Taxa de câmbio - dólar americano (venda),R$/US$,diaria,2017-09-12,2017,9,3.11440000
1,dolar_venda,Taxa de câmbio - dólar americano (venda),R$/US$,diaria,2017-09-13,2017,9,3.13430000
1,dolar_venda,Taxa de câmbio - dólar americano (venda),R$/US$,diaria,2017-09-14,2017,9,3.13540000
1,dolar_venda,Taxa de câmbio - dólar americano (venda),R$/US$,diaria,2017-09-15,2017,9,3.12550000
1,dolar_venda,Taxa de câmbio - dólar americano (venda),R$/US$,diaria,2017-09-18,2017,9,3.12390000
1,dolar_venda,Taxa de câmbio - dólar americano (venda),R$/US$,diaria,2017-09-19,2017,9,3.13230000
1,dolar_venda,Taxa de câmbio - dólar americano (venda),R$/US$,diaria,2017-09-20,2017,9,3.12810000
1,dolar_venda,Taxa de câmbio - dólar americano (venda),R$/US$,diaria,2017-09-21,2017,9,3.13470000
1,dolar_venda,Taxa de câmbio - dólar americano (venda),R$/US$,diaria,2017-09-22,2017,9,3.12850000
1,dolar_venda,Taxa de câmbio - dólar americano (venda),R$/US$,diaria,2017-09-25,2017,9,3.14120000
1,dolar_venda,Taxa de câmbio - dólar americano (venda),R$/US$,diaria,2017-09-26,2017,9,3.16740000
1,dolar_venda,Taxa de câmbio - dólar americano (venda),R$/US$,diaria,2017-09-27,2017,9,3.19320000
1,dolar_venda,Taxa de câmbio - dólar americano (venda),R$/US$,diaria,2017-09-28,2017,9,3.18710000
1,dolar_venda,Taxa de câmbio - dólar americano (venda),R$/US$,diaria,2017-09-29,2017,9,3.16800000
1,dolar_venda,Taxa de câmbio - dólar americano (venda),R$/US$,diaria,2017-10-02,2017,10,3.16420000
1,dolar_venda,Taxa de câmbio - dólar americano (venda),R$/US$,diaria,2017-10-03,2017,10,3.15020000
1,dolar_venda,Taxa de câmbio - dólar americano (venda),R$/US$,diaria,2017-10-04,2017,10,3.13150000
1,dolar_venda,Taxa de câmbio - dólar americano (venda),R$/US$,diaria,2017-10-05,2017,10,3.13470000
1,dolar_venda,Taxa de câmbio - dólar americano (venda),R$/US$,diaria,2017-10-06,2017,10,3.16480000
1,dolar_venda,Taxa de câmbio - dólar americano (venda),R$/US$,diaria,2017-10-09,2017,10,3.17700000
1,dolar_venda,Taxa de câmbio - dólar americano (venda),R$/US$,diaria,2017-10-10,2017,10,3.16880000
1,dolar_venda,Taxa de câmbio - dólar americano (venda),R$/US$,diaria,2017-10-11,2017,10,3.16390000
1,dolar_venda,Taxa de câmbio - dólar americano (venda),R$/US$,diaria,2017-10-13,2017,10,3.15720000
1,dolar_venda,Taxa de câmbio - dólar americano (venda),R$/US$,diaria,2017-10-16,2017,10,3.16070000
1,dolar_venda,Taxa de câmbio - dólar americano (venda),R$/US$,diaria,2017-10-17,2017,10,3.17690000
1,dolar_venda,Taxa de câmbio - dólar americano (venda),R$/US$,diaria,2017-10-18,2017,10,3.16730000
1,dolar_venda,Taxa de câmbio - dólar americano (venda),R$/US$,diaria,2017-10-19,2017,10,3.17320000
1,dolar_venda,Taxa de câmbio - dólar americano (venda),R$/US$,diaria,2017-10-20,2017,10,3.18330000
1,dolar_venda,Taxa de câmbio - dólar americano (venda),R$/US$,diaria,2017-10-23,2017,10,3.20030000
1,dolar_venda,Taxa de câmbio - dólar americano (venda),R$/US$,diaria,2017-10-24,2017,10,3.24700000
1,dolar_venda,Taxa de câmbio - dólar americano (venda),R$/US$,diaria,2017-10-25,2017,10,3.23870000
1,dolar_venda,Taxa de câmbio - dólar americano (venda),R$/US$,diaria,2017-10-26,2017,10,3.24440000
1,dolar_venda,Taxa de câmbio - dólar americano (venda),R$/US$,diaria,2017-10-27,2017,10,3.28010000
1,dolar_venda,Taxa de câmbio - dólar americano (venda),R$/US$,diaria,2017-10-30,2017,10,3.25470000
1,dolar_venda,Taxa de câmbio - dólar americano (venda),R$/US$,diaria,2017-10-31,2017,10,3.27690000
1,dolar_venda,Taxa de câmbio - dólar americano (venda),R$/US$,diaria,2017-11-01,2017,11,3.27360000
1,dolar_venda,Taxa de câmbio - dólar americano (venda),R$/US$,diaria,2017-11-03,2017,11,3.29200000
1,dolar_venda,Taxa de câmbio - dólar americano (venda),R$/US$,diaria,2017-11-06,2017,11,3.28510000
1,dolar_venda,Taxa de câmbio - dólar americano (venda),R$/US$,diaria,2017-11-07,2017,11,3.27330000
1,dolar_venda,Taxa de câmbio - dólar americano (venda),R$/US$,diaria,2017-11-08,2017,11,3.25090000
1,dolar_venda,Taxa de câmbio - dólar americano (venda),R$/US$,diaria,2017-11-09,2017,11,3.25150000
1,dolar_venda,Taxa de câmbio - dólar americano (venda),R$/US$,diaria,2017-11-10,2017,11,3.26610000
1,dolar_venda,Taxa de câmbio - dólar americano (venda),R$/US$,diaria,2017-11-13,2017,11,3.28730000
1,dolar_venda,Taxa de câmbio - dólar americano (venda),R$/US$,diaria,2017-11-14,2017,11,3.28340000
1,dolar_venda,Taxa de câmbio - dólar americano (venda),R$/US$,diaria,2017-11-16,2017,11,3.28080000
1,dolar_venda,Taxa de câmbio - dólar americano (venda),R$/US$,diaria,2017-11-17,2017,11,3.27880000
1,dolar_venda,Taxa de câmbio - dólar americano (venda),R$/US$,diaria,2017-11-20,2017,11,3.26230000
1,dolar_venda,Taxa de câmbio - dólar americano (venda),R$/US$,diaria,2017-11-21,2017,11,3.25910000
1,dolar_venda,Taxa de câmbio - dólar americano (venda),R$/US$,diaria,2017-11-22,2017,11,3.25610000
1,dolar_venda,Taxa de câmbio - dólar americano (venda),R$/US$,diaria,2017-11-23,2017,11,3.23710000
1,dolar_venda,Taxa de câmbio - dólar americano (venda),R$/US$,diaria,2017-11-24,2017,11,3.23000000
1,dolar_venda,Taxa de câmbio - dólar americano (venda),R$/US$,diaria,2017-11-27,2017,11,3.22180000
1,dolar_venda,Taxa de câmbio - dólar americano (venda),R$/US$,diaria,2017-11-28,2017,11,3.22320000
1,dolar_venda,Taxa de câmbio - dólar americano (venda),R$/US$,diaria,2017-11-29,2017,11,3.21360000
1,dolar_venda,Taxa de câmbio - dólar americano (venda),R$/US$,diaria,2017-11-30,2017,11,3.26160000
1,dolar_venda,Taxa de câmbio - dólar americano (venda),R$/US$,diaria,2017-12-01,2017,12,3.26360000
1,dolar_venda,Taxa de câmbio - dólar americano (venda),R$/US$,diaria,2017-12-04,2017,12,3.25060000
1,dolar_venda,Taxa de câmbio - dólar americano (venda),R$/US$,diaria,2017-12-05,2017,12,3.23220000
1,dolar_venda,Taxa de câmbio - dólar americano (venda),R$/US$,diaria,2017-12-06,2017,12,3.23540000
1,dolar_venda,Taxa de câmbio - dólar americano (venda),R$/US$,diaria,2017-12-07,2017,12,3.28920000
1,dolar_venda,Taxa de câmbio - dólar americano (venda),R$/US$,diaria,2017-12-08,2017,12,3.28110000
1,dolar_venda,Taxa de câmbio - dólar americano (venda),R$/US$,diaria,2017-12-11,2017,12,3.28450000
1,dolar_venda,Taxa de câmbio - dólar americano (venda),R$/US$,diaria,2017-12-12,2017,12,3.31490000
1,dolar_venda,Taxa de câmbio - dólar americano (venda),R$/US$,diaria,2017-12-13,2017,12,3.30360000
1,dolar_venda,Taxa de câmbio - dólar americano (venda),R$/US$,diaria,2017-12-14,2017,12,3.33320000
1,dolar_venda,Taxa de câmbio - dólar americano (venda),R$/US$,diaria,2017-12-15,2017,12,3.31820000
1,dolar_venda,Taxa de câmbio - dólar americano (venda),R$/US$,diaria,2017-12-18,2017,12,3.28810000
1,dolar_venda,Taxa de câmbio - dólar americano (venda),R$/US$,diaria,2017-12-19,2017,12,3.28830000
1,dolar_venda,Taxa de câmbio - dólar americano (venda),R$/US$,diaria,2017-12-20,2017,12,3.29090000
1,dolar_venda,Taxa de câmbio - dólar americano (venda),R$/US$,diaria,2017-12-21,2017,12,3.30450000
1,dolar_venda,Taxa de câmbio - dólar americano (venda),R$/US$,diaria,2017-12-22,2017,12,3.32090000
1,dolar_venda,Taxa de câmbio - dólar americano (venda),R$/US$,diaria,2017-12-26,2017,12,3.32000000
1,dolar_venda,Taxa de câmbio - dólar americano (venda),R$/US$,diaria,2017-12-27,2017,12,3.30310000
1,dolar_venda,Taxa de câmbio - dólar americano (venda),R$/US$,diaria,2017-12-28,2017,12,3.30800000
1,dolar_venda,Taxa de câmbio - dólar americano (venda),R$/US$,diaria,2017-12-29,2017,12,3.30800000
1,dolar_venda,Taxa de câmbio - dólar americano (venda),R$/US$,diaria,2018-01-02,2018,1,3.26970000
1,dolar_venda,Taxa de câmbio - dólar americano (venda),R$/US$,diaria,2018-01-03,2018,1,3.25350000
1,dolar_venda,Taxa de câmbio - dólar americano (venda),R$/US$,diaria,2018-01-04,2018,1,3.23180000
1,dolar_venda,Taxa de câmbio - dólar americano (venda),R$/US$,diaria,2018-01-05,2018,1,3.24090000
1,dolar_venda,Taxa de câmbio - dólar americano (venda),R$/US$,diaria,2018-01-08,2018,1,3.23570000
1,dolar_venda,Taxa de câmbio - dólar americano (venda),R$/US$,diaria,2018-01-09,2018,1,3.23970000
1,dolar_venda,Taxa de câmbio - dólar americano (venda),R$/US$,diaria,2018-01-10,2018,1,3.24670000
1,dolar_venda,Taxa de câmbio - dólar americano (venda),R$/US$,diaria,2018-01-11,2018,1,3.23010000
1,dolar_venda,Taxa de câmbio - dólar americano (venda),R$/US$,diaria,2018-01-12,2018,1,3.21970000
1,dolar_venda,Taxa de câmbio - dólar americano (venda),R$/US$,diaria,2018-01-15,2018,1,3.19630000
1,dolar_venda,Taxa de câmbio - dólar americano (venda),R$/US$,diaria,2018-01-16,2018,1,3.22190000
1,dolar_venda,Taxa de câmbio - dólar americano (venda),R$/US$,diaria,2018-01-17,2018,1,3.23240000
1,dolar_venda,Taxa de câmbio - dólar americano (venda),R$/US$,diaria,2018-01-18,2018,1,3.21290000
1,dolar_venda,Taxa de câmbio - dólar americano (venda),R$/US$,diaria,2018-01-19,2018,1,3.20870000
1,dolar_venda,Taxa de câmbio - dólar americano (venda),R$/US$,diaria,2018-01-22,2018,1,3.19340000
1,dolar_venda,Taxa de câmbio - dólar americano (venda),R$/US$,diaria,2018-01-23,2018,1,3.22490000
1,dolar_venda,Taxa de câmbio - dólar americano (venda),R$/US$,diaria,2018-01-24,2018,1,3.19700000
1,dolar_venda,Taxa de câmbio - dólar americano (venda),R$/US$,diaria,2018-01-25,2018,1,3.13910000
1,dolar_venda,Taxa de câmbio - dólar americano (venda),R$/US$,diaria,2018-01-26,2018,1,3.14500000
1,dolar_venda,Taxa de câmbio - dólar americano (venda),R$/US$,diaria,2018-01-29,2018,1,3.16550000
1,dolar_venda,Taxa de câmbio - dólar americano (venda),R$/US$,diaria,2018-01-30,2018,1,3.16610000
1,dolar_venda,Taxa de câmbio - dólar americano (venda),R$/US$,diaria,2018-01-31,2018,1,3.16240000
1,dolar_venda,Taxa de câmbio - dólar americano (venda),R$/US$,diaria,2018-02-01,2018,2,3.17300000
1,dolar_venda,Taxa de câmbio - dólar americano (venda),R$/US$,diaria,2018-02-02,2018,2,3.20600000
1,dolar_venda,Taxa de câmbio - dólar americano (venda),R$/US$,diaria,2018-02-05,2018,2,3.23550000
1,dolar_venda,Taxa de câmbio - dólar americano (venda),R$/US$,diaria,2018-02-06,2018,2,3.26130000
1,dolar_venda,Taxa de câmbio - dólar americano (venda),R$/US$,diaria,2018-02-07,2018,2,3.24670000
1,dolar_venda,Taxa de câmbio - dólar americano (venda),R$/US$,diaria,2018-02-08,2018,2,3.26920000
1,dolar_venda,Taxa de câmbio - dólar americano (venda),R$/US$,diaria,2018-02-09,2018,2,3.28210000
1,dolar_venda,Taxa de câmbio - dólar americano (venda),R$/US$,diaria,2018-02-14,2018,2,3.25360000
1,dolar_venda,Taxa de câmbio - dólar americano (venda),R$/US$,diaria,2018-02-15,2018,2,3.22080000
1,dolar_venda,Taxa de câmbio - dólar americano (venda),R$/US$,diaria,2018-02-16,2018,2,3.23810000
1,dolar_venda,Taxa de câmbio - dólar americano (venda),R$/US$,diaria,2018-02-19,2018,2,3.23470000
1,dolar_venda,Taxa de câmbio - dólar americano (venda),R$/US$,diaria,2018-02-20,2018,2,3.25070000
1,dolar_venda,Taxa de câmbio - dólar americano (venda),R$/US$,diaria,2018-02-21,2018,2,3.25550000
1,dolar_venda,Taxa de câmbio - dólar americano (venda),R$/US$,diaria,2018-02-22,2018,2,3.25980000
1,dolar_venda,Taxa de câmbio - dólar americano (venda),R$/US$,diaria,2018-02-23,2018,2,3.24170000
1,dolar_venda,Taxa de câmbio - dólar americano (venda),R$/US$,diaria,2018-02-26,2018,2,3.23510000
1,dolar_venda,Taxa de câmbio - dólar americano (venda),R$/US$,diaria,2018-02-27,2018,2,3.23830000
1,dolar_venda,Taxa de câmbio - dólar americano (venda),R$/US$,diaria,2018-02-28,2018,2,3.24490000
1,dolar_venda,Taxa de câmbio - dólar americano (venda),R$/US$,diaria,2018-03-01,2018,3,3.26200000
1,dolar_venda,Taxa de câmbio - dólar americano (venda),R$/US$,diaria,2018-03-02,2018,3,3.26140000
1,dolar_venda,Taxa de câmbio - dólar americano (venda),R$/US$,diaria,2018-03-05,2018,3,3.25820000
1,dolar_venda,Taxa de câmbio - dólar americano (venda),R$/US$,diaria,2018-03-06,2018,3,3.22460000
1,dolar_venda,Taxa de câmbio - dólar americano (venda),R$/US$,diaria,2018-03-07,2018,3,3.23180000
1,dolar_venda,Taxa de câmbio - dólar americano (venda),R$/US$,diaria,2018-03-08,2018,3,3.25180000
1,dolar_venda,Taxa de câmbio - dólar americano (venda),R$/US$,diaria,2018-03-09,2018,3,3.24960000
1,dolar_venda,Taxa de câmbio - dólar americano (venda),R$/US$,diaria,2018-03-12,2018,3,3.26060000
1,dolar_venda,Taxa de câmbio - dólar americano (venda),R$/US$,diaria,2018-03-13,2018,3,3.24920000
1,dolar_venda,Taxa de câmbio - dólar americano (venda),R$/US$,diaria,2018-03-14,2018,3,3.25840000
1,dolar_venda,Taxa de câmbio - dólar americano (venda),R$/US$,diaria,2018-03-15,2018,3,3.28590000
1,dolar_venda,Taxa de câmbio - dólar americano (venda),R$/US$,diaria,2018-03-16,2018,3,3.29050000
1,dolar_venda,Taxa de câmbio - dólar americano (venda),R$/US$,diaria,2018-03-19,2018,3,3.29110000
1,dolar_venda,Taxa de câmbio - dólar americano (venda),R$/US$,diaria,2018-03-20,2018,3,3.29810000
1,dolar_venda,Taxa de câmbio - dólar americano (venda),R$/US$,diaria,2018-03-21,2018,3,3.29210000
1,dolar_venda,Taxa de câmbio - dólar americano (venda),R$/US$,diaria,2018-03-22,2018,3,3.30330000
1,dolar_venda,Taxa de câmbio - dólar americano (venda),R$/US$,diaria,2018-03-23,2018,3,3.30410000
1,dolar_venda,Taxa de câmbio - dólar americano (venda),R$/US$,diaria,2018-03-26,2018,3,3.30340000
1,dolar_venda,Taxa de câmbio - dólar americano (venda),R$/US$,diaria,2018-03-27,2018,3,3.32560000
1,dolar_venda,Taxa de câmbio - dólar americano (venda),R$/US$,diaria,2018-03-28,2018,3,3.33800000
1,dolar_venda,Taxa de câmbio - dólar americano (venda),R$/US$,diaria,2018-03-29,2018,3,3.32380000
1,dolar_venda,Taxa de câmbio - dólar americano (venda),R$/US$,diaria,2018-04-02,2018,4,3.31040000
1,dolar_venda,Taxa de câmbio - dólar americano (venda),R$/US$,diaria,2018-04-03,2018,4,3.31390000
1,dolar_venda,Taxa de câmbio - dólar americano (venda),R$/US$,diaria,2018-04-04,2018,4,3.35380000
1,dolar_venda,Taxa de câmbio - dólar americano (venda),R$/US$,diaria,2018-04-05,2018,4,3.31960000
1,dolar_venda,Taxa de câmbio - dólar americano (venda),R$/US$,diaria,2018-04-06,2018,4,3.36660000
1,dolar_venda,Taxa de câmbio - dólar americano (venda),R$/US$,diaria,2018-04-09,2018,4,3.39030000
1,dolar_venda,Taxa de câmbio - dólar americano (venda),R$/US$,diaria,2018-04-10,2018,4,3.41950000
1,dolar_venda,Taxa de câmbio - dólar americano (venda),R$/US$,diaria,2018-04-11,2018,4,3.40520000
1,dolar_venda,Taxa de câmbio - dólar americano (venda),R$/US$,diaria,2018-04-12,2018,4,3.38580000
1,dolar_venda,Taxa de câmbio - dólar americano (venda),R$/US$,diaria,2018-04-13,2018,4,3.41050000
1,dolar_venda,Taxa de câmbio - dólar americano (venda),R$/US$,diaria,2018-04-16,2018,4,3.42630000
1,dolar_venda,Taxa de câmbio - dólar americano (venda),R$/US$,diaria,2018-04-17,2018,4,3.40410000
1,dolar_venda,Taxa de câmbio - dólar americano (venda),R$/US$,diaria,2018-04-18,2018,4,3.38440000
1,dolar_venda,Taxa de câmbio - dólar americano (venda),R$/US$,diaria,2018-04-19,2018,4,3.39770000
1,dolar_venda,Taxa de câmbio - dólar americano (venda),R$/US$,diaria,2018-04-20,2018,4,3.41010000
1,dolar_venda,Taxa de câmbio - dólar americano (venda),R$/US$,diaria,2018-04-23,2018,4,3.44210000
1,dolar_venda,Taxa de câmbio - dólar americano (venda),R$/US$,diaria,2018-04-24,2018,4,3.46670000
1,dolar_venda,Taxa de câmbio - dólar americano (venda),R$/US$,diaria,2018-04-25,2018,4,3.50400000
1,dolar_venda,Taxa de câmbio - dólar americano (venda),R$/US$,diaria,2018-04-26,2018,4,3.49770000
1,dolar_venda,Taxa de câmbio - dólar americano (venda),R$/US$,diaria,2018-04-27,2018,4,3.46760000
1,dolar_venda,Taxa de câmbio - dólar americano (venda),R$/US$,diaria,2018-04-30,2018,4,3.48110000
1,dolar_venda,Taxa de câmbio - dólar americano (venda),R$/US$,diaria,2018-05-02,2018,5,3.54240000
1,dolar_venda,Taxa de câmbio - dólar americano (venda),R$/US$,diaria,2018-05-03,2018,5,3.54840000
1,dolar_venda,Taxa de câmbio - dólar americano (venda),R$/US$,diaria,2018-05-04,2018,5,3.53080000
1,dolar_venda,Taxa de câmbio - dólar americano (venda),R$/US$,diaria,2018-05-07,2018,5,3.54580000
1,dolar_venda,Taxa de câmbio - dólar americano (venda),R$/US$,diaria,2018-05-08,2018,5,3.57880000
1,dolar_venda,Taxa de câmbio - dólar americano (venda),R$/US$,diaria,2018-05-09,2018,5,3.59430000
1,dolar_venda,Taxa de câmbio - dólar americano (venda),R$/US$,diaria,2018-05-10,2018,5,3.55660000
1,dolar_venda,Taxa de câmbio - dólar americano (venda),R$/US$,diaria,2018-05-11,2018,5,3.57160000
1,dolar_venda,Taxa de câmbio - dólar americano (venda),R$/US$,diaria,2018-05-14,2018,5,3.60970000
1,dolar_venda,Taxa de câmbio - dólar americano (venda),R$/US$,diaria,2018-05-15,2018,5,3.67530000
1,dolar_venda,Taxa de câmbio - dólar americano (venda),R$/US$,diaria,2018-05-16,2018,5,3.68030000
1,dolar_venda,Taxa de câmbio - dólar americano (venda),R$/US$,diaria,2018-05-17,2018,5,3.68740000
1,dolar_venda,Taxa de câmbio - dólar americano (venda),R$/US$,diaria,2018-05-18,2018,5,3.75030000
1,dolar_venda,Taxa de câmbio - dólar americano (venda),R$/US$,diaria,2018-05-21,2018,5,3.70720000
1,dolar_venda,Taxa de câmbio - dólar americano (venda),R$/US$,diaria,2018-05-22,2018,5,3.65020000
1,dolar_venda,Taxa de câmbio - dólar americano (venda),R$/US$,diaria,2018-05-23,2018,5,3.65070000
1,dolar_venda,Taxa de câmbio - dólar americano (venda),R$/US$,diaria,2018-05-24,2018,5,3.64360000
1,dolar_venda,Taxa de câmbio - dólar americano (venda),R$/US$,diaria,2018-05-25,2018,5,3.65870000
1,dolar_venda,Taxa de câmbio - dólar americano (venda),R$/US$,diaria,2018-05-28,2018,5,3.70920000
1,dolar_venda,Taxa de câmbio - dólar americano (venda),R$/US$,diaria,2018-05-29,2018,5,3.72890000
1,dolar_venda,Taxa de câmbio - dólar americano (venda),R$/US$,diaria,2018-05-30,2018,5,3.73700000
1,dolar_venda,Taxa de câmbio - dólar americano (venda),R$/US$,diaria,2018-06-01,2018,6,3.74130000
1,dolar_venda,Taxa de câmbio - dólar americano (venda),R$/US$,diaria,2018-06-04,2018,6,3.74240000
1,dolar_venda,Taxa de câmbio - dólar americano (venda),R$/US$,diaria,2018-06-05,2018,6,3.77520000
1,dolar_venda,Taxa de câmbio - dólar americano (venda),R$/US$,diaria,2018-06-06,2018,6,3.81930000
1,dolar_venda,Taxa de câmbio - dólar americano (venda),R$/US$,diaria,2018-06-07,2018,6,3.90000000
1,dolar_venda,Taxa de câmbio - dólar americano (venda),R$/US$,diaria,2018-06-08,2018,6,3.78590000
1,dolar_venda,Taxa de câmbio - dólar americano (venda),R$/US$,diaria,2018-06-11,2018,6,3.69130000
1,dolar_venda,Taxa de câmbio - dólar americano (venda),R$/US$,diaria,2018-06-12,2018,6,3.70440000
1,dolar_venda,Taxa de câmbio - dólar americano (venda),R$/US$,diaria,2018-06-13,2018,6,3.70540000
1,dolar_venda,Taxa de câmbio - dólar americano (venda),R$/US$,diaria,2018-06-14,2018,6,3.70570000
1,dolar_venda,Taxa de câmbio - dólar americano (venda),R$/US$,diaria,2018-06-15,2018,6,3.77380000
1,dolar_venda,Taxa de câmbio - dólar americano (venda),R$/US$,diaria,2018-06-18,2018,6,3.75430000
1,dolar_venda,Taxa de câmbio - dólar americano (venda),R$/US$,diaria,2018-06-19,2018,6,3.75660000
1,dolar_venda,Taxa de câmbio - dólar americano (venda),R$/US$,diaria,2018-06-20,2018,6,3.73350000
1,dolar_venda,Taxa de câmbio - dólar americano (venda),R$/US$,diaria,2018-06-21,2018,6,3.78940000
1,dolar_venda,Taxa de câmbio - dólar americano (venda),R$/US$,diaria,2018-06-22,2018,6,3.76630000
1,dolar_venda,Taxa de câmbio - dólar americano (venda),R$/US$,diaria,2018-06-25,2018,6,3.77600000
1,dolar_venda,Taxa de câmbio - dólar americano (venda),R$/US$,diaria,2018-06-26,2018,6,3.77210000
1,dolar_venda,Taxa de câmbio - dólar americano (venda),R$/US$,diaria,2018-06-27,2018,6,3.83580000
1,dolar_venda,Taxa de câmbio - dólar americano (venda),R$/US$,diaria,2018-06-28,2018,6,3.85210000
1,dolar_venda,Taxa de câmbio - dólar americano (venda),R$/US$,diaria,2018-06-29,2018,6,3.85580000
1,dolar_venda,Taxa de câmbio - dólar americano (venda),R$/US$,diaria,2018-07-02,2018,7,3.90550000
1,dolar_venda,Taxa de câmbio - dólar americano (venda),R$/US$,diaria,2018-07-03,2018,7,3.89200000
1,dolar_venda,Taxa de câmbio - dólar americano (venda),R$/US$,diaria,2018-07-04,2018,7,3.90580000
1,dolar_venda,Taxa de câmbio - dólar americano (venda),R$/US$,diaria,2018-07-05,2018,7,3.91920000
1,dolar_venda,Taxa de câmbio - dólar americano (venda),R$/US$,diaria,2018-07-06,2018,7,3.92640000
1,dolar_venda,Taxa de câmbio - dólar americano (venda),R$/US$,diaria,2018-07-09,2018,7,3.86920000
1,dolar_venda,Taxa de câmbio - dólar americano (venda),R$/US$,diaria,2018-07-10,2018,7,3.84520000
1,dolar_venda,Taxa de câmbio - dólar americano (venda),R$/US$,diaria,2018-07-11,2018,7,3.84170000
1,dolar_venda,Taxa de câmbio - dólar americano (venda),R$/US$,diaria,2018-07-12,2018,7,3.85640000
1,dolar_venda,Taxa de câmbio - dólar americano (venda),R$/US$,diaria,2018-07-13,2018,7,3.87450000
1,dolar_venda,Taxa de câmbio - dólar americano (venda),R$/US$,diaria,2018-07-16,2018,7,3.85790000
1,dolar_venda,Taxa de câmbio - dólar americano (venda),R$/US$,diaria,2018-07-17,2018,7,3.86710000
1,dolar_venda,Taxa de câmbio - dólar americano (venda),R$/US$,diaria,2018-07-18,2018,7,3.84740000
1,dolar_venda,Taxa de câmbio - dólar americano (venda),R$/US$,diaria,2018-07-19,2018,7,3.88470000
1,dolar_venda,Taxa de câmbio - dólar americano (venda),R$/US$,diaria,2018-07-20,2018,7,3.77930000
1,dolar_venda,Taxa de câmbio - dólar americano (venda),R$/US$,diaria,2018-07-23,2018,7,3.79150000
1,dolar_venda,Taxa de câmbio - dólar americano (venda),R$/US$,diaria,2018-07-24,2018,7,3.74590000
1,dolar_venda,Taxa de câmbio - dólar americano (venda),R$/US$,diaria,2018-07-25,2018,7,3.71200000
1,dolar_venda,Taxa de câmbio - dólar americano (venda),R$/US$,diaria,2018-07-26,2018,7,3.72430000
1,dolar_venda,Taxa de câmbio - dólar americano (venda),R$/US$,diaria,2018-07-27,2018,7,3.71640000
1,dolar_venda,Taxa de câmbio - dólar americano (venda),R$/US$,diaria,2018-07-30,2018,7,3.71550000
1,dolar_venda,Taxa de câmbio - dólar americano (venda),R$/US$,diaria,2018-07-31,2018,7,3.75490000
1,dolar_venda,Taxa de câmbio - dólar americano (venda),R$/US$,diaria,2018-08-01,2018,8,3.74910000
1,dolar_venda,Taxa de câmbio - dólar americano (venda),R$/US$,diaria,2018-08-02,2018,8,3.76450000
1,dolar_venda,Taxa de câmbio - dólar americano (venda),R$/US$,diaria,2018-08-03,2018,8,3.72010000
1,dolar_venda,Taxa de câmbio - dólar americano (venda),R$/US$,diaria,2018-08-06,2018,8,3.72140000
1,dolar_venda,Taxa de câmbio - dólar americano (venda),R$/US$,diaria,2018-08-07,2018,8,3.71180000
1,dolar_venda,Taxa de câmbio - dólar americano (venda),R$/US$,diaria,2018-08-08,2018,8,3.75190000
1,dolar_venda,Taxa de câmbio - dólar americano (venda),R$/US$,diaria,2018-08-09,2018,8,3.80300000
1,dolar_venda,Taxa de câmbio - dólar americano (venda),R$/US$,diaria,2018-08-10,2018,8,3.84720000
1,dolar_venda,Taxa de câmbio - dólar americano (venda),R$/US$,diaria,2018-08-13,2018,8,3.89880000
1,dolar_venda,Taxa de câmbio - dólar americano (venda),R$/US$,diaria,2018-08-14,2018,8,3.88120000
1,dolar_venda,Taxa de câmbio - dólar americano (venda),R$/US$,diaria,2018-08-15,2018,8,3.91340000
1,dolar_venda,Taxa de câmbio - dólar americano (venda),R$/US$,diaria,2018-08-16,2018,8,3.88100000
1,dolar_venda,Taxa de câmbio - dólar americano (venda),R$/US$,diaria,2018-08-17,2018,8,3.93890000
1,dolar_venda,Taxa de câmbio - dólar americano (venda),R$/US$,diaria,2018-08-20,2018,8,3.94300000
1,dolar_venda,Taxa de câmbio - dólar americano (venda),R$/US$,diaria,2018-08-21,2018,8,3.98730000
1,dolar_venda,Taxa de câmbio - dólar americano (venda),R$/US$,diaria,2018-08-22,2018,8,4.07400000
1,dolar_venda,Taxa de câmbio - dólar americano (venda),R$/US$,diaria,2018-08-23,2018,8,4.07270000
1,dolar_venda,Taxa de câmbio - dólar americano (venda),R$/US$,diaria,2018-08-24,2018,8,4.08540000
1,dolar_venda,Taxa de câmbio - dólar americano (venda),R$/US$,diaria,2018-08-27,2018,8,4.06870000
1,dolar_venda,Taxa de câmbio - dólar americano (venda),R$/US$,diaria,2018-08-28,2018,8,4.11920000
1,dolar_venda,Taxa de câmbio - dólar americano (venda),R$/US$,diaria,2018-08-29,2018,8,4.13530000
1,dolar_venda,Taxa de câmbio - dólar americano (venda),R$/US$,diaria,2018-08-30,2018,8,4.18120000
1,dolar_venda,Taxa de câmbio - dólar americano (venda),R$/US$,diaria,2018-08-31,2018,8,4.13530000
1,dolar_venda,Taxa de câmbio - dólar americano (venda),R$/US$,diaria,2018-09-03,2018,9,4.12790000
1,dolar_venda,Taxa de câmbio - dólar americano (venda),R$/US$,diaria,2018-09-04,2018,9,4.16520000
1,dolar_venda,Taxa de câmbio - dólar americano (venda),R$/US$,diaria,2018-09-05,2018,9,4.16090000
1,dolar_venda,Taxa de câmbio - dólar americano (venda),R$/US$,diaria,2018-09-06,2018,9,4.14600000
1,dolar_venda,Taxa de câmbio - dólar americano (venda),R$/US$,diaria,2018-09-10,2018,9,4.10070000
1,dolar_venda,Taxa de câmbio - dólar americano (venda),R$/US$,diaria,2018-09-11,2018,9,4.16410000
1,dolar_venda,Taxa de câmbio - dólar americano (venda),R$/US$,diaria,2018-09-12,2018,9,4.12590000
1,dolar_venda,Taxa de câmbio - dólar americano (venda),R$/US$,diaria,2018-09-13,2018,9,4.16370000
1,dolar_venda,Taxa de câmbio - dólar americano (venda),R$/US$,diaria,2018-09-14,2018,9,4.18790000
1,dolar_venda,Taxa de câmbio - dólar americano (venda),R$/US$,diaria,2018-09-17,2018,9,4.16950000
1,dolar_venda,Taxa de câmbio - dólar americano (venda),R$/US$,diaria,2018-09-18,2018,9,4.13690000
1,dolar_venda,Taxa de câmbio - dólar americano (venda),R$/US$,diaria,2018-09-19,2018,9,4.13510000
1,dolar_venda,Taxa de câmbio - dólar americano (venda),R$/US$,diaria,2018-09-20,2018,9,4.09970000
1,dolar_venda,Taxa de câmbio - dólar americano (venda),R$/US$,diaria,2018-09-21,2018,9,4.07280000
1,dolar_venda,Taxa de câmbio - dólar americano (venda),R$/US$,diaria,2018-09-24,2018,9,4.05940000
1,dolar_venda,Taxa de câmbio - dólar americano (venda),R$/US$,diaria,2018-09-25,2018,9,4.12860000
1,dolar_venda,Taxa de câmbio - dólar americano (venda),R$/US$,diaria,2018-09-26,2018,9,4.05700000
1,dolar_venda,Taxa de câmbio - dólar americano (venda),R$/US$,diaria,2018-09-27,2018,9,4.00920000
1,dolar_venda,Taxa de câmbio - dólar americano (venda),R$/US$,diaria,2018-09-28,2018,9,4.00390000
1,dolar_venda,Taxa de câmbio - dólar americano (venda),R$/US$,diaria,2018-10-01,2018,10,4.02730000
1,dolar_venda,Taxa de câmbio - dólar americano (venda),R$/US$,diaria,2018-10-02,2018,10,3.95050000
1,dolar_venda,Taxa de câmbio - dólar americano (venda),R$/US$,diaria,2018-10-03,2018,10,3.85420000
1,dolar_venda,Taxa de câmbio - dólar americano (venda),R$/US$,diaria,2018-10-04,2018,10,3.90470000
1,dolar_venda,Taxa de câmbio - dólar americano (venda),R$/US$,diaria,2018-10-05,2018,10,3.86990000
1,dolar_venda,Taxa de câmbio - dólar americano (venda),R$/US$,diaria,2018-10-08,2018,10,3.75880000
1,dolar_venda,Taxa de câmbio - dólar americano (venda),R$/US$,diaria,2018-10-09,2018,10,3.73910000
1,dolar_venda,Taxa de câmbio - dólar americano (venda),R$/US$,diaria,2018-10-10,2018,10,3.75100000
1,dolar_venda,Taxa de câmbio - dólar americano (venda),R$/US$,diaria,2018-10-11,2018,10,3.74600000
1,dolar_venda,Taxa de câmbio - dólar americano (venda),R$/US$,diaria,2018-10-15,2018,10,3.73320000
1,dolar_venda,Taxa de câmbio - dólar americano (venda),R$/US$,diaria,2018-10-16,2018,10,3.70790000
1,dolar_venda,Taxa de câmbio - dólar americano (venda),R$/US$,diaria,2018-10-17,2018,10,3.70080000
1,dolar_venda,Taxa de câmbio - dólar americano (venda),R$/US$,diaria,2018-10-18,2018,10,3.69630000
1,dolar_venda,Taxa de câmbio - dólar americano (venda),R$/US$,diaria,2018-10-19,2018,10,3.70790000
1,dolar_venda,Taxa de câmbio - dólar americano (venda),R$/US$,diaria,2018-10-22,2018,10,3.69030000
1,dolar_venda,Taxa de câmbio - dólar americano (venda),R$/US$,diaria,2018-10-23,2018,10,3.70800000
1,dolar_venda,Taxa de câmbio - dólar americano (venda),R$/US$,diaria,2018-10-24,2018,10,3.70600000
1,dolar_venda,Taxa de câmbio - dólar americano (venda),R$/US$,diaria,2018-10-25,2018,10,3.70140000
1,dolar_venda,Taxa de câmbio - dólar americano (venda),R$/US$,diaria,2018-10-26,2018,10,3.67530000
1,dolar_venda,Taxa de câmbio - dólar americano (venda),R$/US$,diaria,2018-10-29,2018,10,3.63680000
1,dolar_venda,Taxa de câmbio - dólar americano (venda),R$/US$,diaria,2018-10-30,2018,10,3.70190000
1,dolar_venda,Taxa de câmbio - dólar americano (venda),R$/US$,diaria,2018-10-31,2018,10,3.71770000
1,dolar_venda,Taxa de câmbio - dólar americano (venda),R$/US$,diaria,2018-11-01,2018,11,3.69730000
1,dolar_venda,Taxa de câmbio - dólar americano (venda),R$/US$,diaria,2018-11-05,2018,11,3.70480000
1,dolar_venda,Taxa de câmbio - dólar americano (venda),R$/US$,diaria,2018-11-06,2018,11,3.74920000
1,dolar_venda,Taxa de câmbio - dólar americano (venda),R$/US$,diaria,2018-11-07,2018,11,3.75920000
1,dolar_venda,Taxa de câmbio - dólar americano (venda),R$/US$,diaria,2018-11-08,2018,11,3.73910000
1,dolar_venda,Taxa de câmbio - dólar americano (venda),R$/US$,diaria,2018-11-09,2018,11,3.75060000
1,dolar_venda,Taxa de câmbio - dólar americano (venda),R$/US$,diaria,2018-11-12,2018,11,3.74780000
1,dolar_venda,Taxa de câmbio - dólar americano (venda),R$/US$,diaria,2018-11-13,2018,11,3.77920000
1,dolar_venda,Taxa de câmbio - dólar americano (venda),R$/US$,diaria,2018-11-14,2018,11,3.79240000
1,dolar_venda,Taxa de câmbio - dólar americano (venda),R$/US$,diaria,2018-11-16,2018,11,3.75250000
1,dolar_venda,Taxa de câmbio - dólar americano (venda),R$/US$,diaria,2018-11-19,2018,11,3.75530000
1,dolar_venda,Taxa de câmbio - dólar americano (venda),R$/US$,diaria,2018-11-20,2018,11,3.75910000
1,dolar_venda,Taxa de câmbio - dólar americano (venda),R$/US$,diaria,2018-11-21,2018,11,3.78720000
1,dolar_venda,Taxa de câmbio - dólar americano (venda),R$/US$,diaria,2018-11-22,2018,11,3.81030000
1,dolar_venda,Taxa de câmbio - dólar americano (venda),R$/US$,diaria,2018-11-23,2018,11,3.80810000
1,dolar_venda,Taxa de câmbio - dólar americano (venda),R$/US$,diaria,2018-11-26,2018,11,3.86550000
1,dolar_venda,Taxa de câmbio - dólar americano (venda),R$/US$,diaria,2018-11-27,2018,11,3.89250000
1,dolar_venda,Taxa de câmbio - dólar americano (venda),R$/US$,diaria,2018-11-28,2018,11,3.86310000
1,dolar_venda,Taxa de câmbio - dólar americano (venda),R$/US$,diaria,2018-11-29,2018,11,3.85680000
1,dolar_venda,Taxa de câmbio - dólar americano (venda),R$/US$,diaria,2018-11-30,2018,11,3.86330000
1,dolar_venda,Taxa de câmbio - dólar americano (venda),R$/US$,diaria,2018-12-03,2018,12,3.82850000
1,dolar_venda,Taxa de câmbio - dólar americano (venda),R$/US$,diaria,2018-12-04,2018,12,3.83130000
1,dolar_venda,Taxa de câmbio - dólar americano (venda),R$/US$,diaria,2018-12-05,2018,12,3.85610000
1,dolar_venda,Taxa de câmbio - dólar americano (venda),R$/US$,diaria,2018-12-06,2018,12,3.91780000
1,dolar_venda,Taxa de câmbio - dólar americano (venda),R$/US$,diaria,2018-12-07,2018,12,3.89640000
1,dolar_venda,Taxa de câmbio - dólar americano (venda),R$/US$,diaria,2018-12-10,2018,12,3.91100000
1,dolar_venda,Taxa de câmbio - dólar americano (venda),R$/US$,diaria,2018-12-11,2018,12,3.90130000
1,dolar_venda,Taxa de câmbio - dólar americano (venda),R$/US$,diaria,2018-12-12,2018,12,3.86290000
1,dolar_venda,Taxa de câmbio - dólar americano (venda),R$/US$,diaria,2018-12-13,2018,12,3.87900000
1,dolar_venda,Taxa de câmbio - dólar americano (venda),R$/US$,diaria,2018-12-14,2018,12,3.90900000
1,dolar_venda,Taxa de câmbio - dólar americano (venda),R$/US$,diaria,2018-12-17,2018,12,3.91210000
1,dolar_venda,Taxa de câmbio - dólar americano (venda),R$/US$,diaria,2018-12-18,2018,12,3.89970000
1,dolar_venda,Taxa de câmbio - dólar americano (venda),R$/US$,diaria,2018-12-19,2018,12,3.89070000
1,dolar_venda,Taxa de câmbio - dólar americano (venda),R$/US$,diaria,2018-12-20,2018,12,3.84430000
1,dolar_venda,Taxa de câmbio - dólar americano (venda),R$/US$,diaria,2018-12-21,2018,12,3.86710000
1,dolar_venda,Taxa de câmbio - dólar americano (venda),R$/US$,diaria,2018-12-24,2018,12,3.88550000
1,dolar_venda,Taxa de câmbio - dólar americano (venda),R$/US$,diaria,2018-12-26,2018,12,3.92580000
1,dolar_venda,Taxa de câmbio - dólar americano (venda),R$/US$,diaria,2018-12-27,2018,12,3.93300000
1,dolar_venda,Taxa de câmbio - dólar americano (venda),R$/US$,diaria,2018-12-28,2018,12,3.87480000
1,dolar_venda,Taxa de câmbio - dólar americano (venda),R$/US$,diaria,2018-12-31,2018,12,3.87480000
1,dolar_venda,Taxa de câmbio - dólar americano (venda),R$/US$,diaria,2019-01-02,2019,1,3.85950000
1,dolar_venda,Taxa de câmbio - dólar americano (venda),R$/US$,diaria,2019-01-03,2019,1,3.76830000
1,dolar_venda,Taxa de câmbio - dólar americano (venda),R$/US$,diaria,2019-01-04,2019,1,3.76270000
1,dolar_venda,Taxa de câmbio - dólar americano (venda),R$/US$,diaria,2019-01-07,2019,1,3.70620000
1,dolar_venda,Taxa de câmbio - dólar americano (venda),R$/US$,diaria,2019-01-08,2019,1,3.72080000
1,dolar_venda,Taxa de câmbio - dólar americano (venda),R$/US$,diaria,2019-01-09,2019,1,3.69310000
1,dolar_venda,Taxa de câmbio - dólar americano (venda),R$/US$,diaria,2019-01-10,2019,1,3.68690000
1,dolar_venda,Taxa de câmbio - dólar americano (venda),R$/US$,diaria,2019-01-11,2019,1,3.71410000
1,dolar_venda,Taxa de câmbio - dólar americano (venda),R$/US$,diaria,2019-01-14,2019,1,3.72600000
1,dolar_venda,Taxa de câmbio - dólar americano (venda),R$/US$,diaria,2019-01-15,2019,1,3.70490000
1,dolar_venda,Taxa de câmbio - dólar americano (venda),R$/US$,diaria,2019-01-16,2019,1,3.71970000
1,dolar_venda,Taxa de câmbio - dólar americano (venda),R$/US$,diaria,2019-01-17,2019,1,3.75910000
1,dolar_venda,Taxa de câmbio - dólar americano (venda),R$/US$,diaria,2019-01-18,2019,1,3.74860000
1,dolar_venda,Taxa de câmbio - dólar americano (venda),R$/US$,diaria,2019-01-21,2019,1,3.77050000
1,dolar_venda,Taxa de câmbio - dólar americano (venda),R$/US$,diaria,2019-01-22,2019,1,3.76150000
1,dolar_venda,Taxa de câmbio - dólar americano (venda),R$/US$,diaria,2019-01-23,2019,1,3.79940000
1,dolar_venda,Taxa de câmbio - dólar americano (venda),R$/US$,diaria,2019-01-24,2019,1,3.78150000
1,dolar_venda,Taxa de câmbio - dólar americano (venda),R$/US$,diaria,2019-01-25,2019,1,3.76260000
1,dolar_venda,Taxa de câmbio - dólar americano (venda),R$/US$,diaria,2019-01-28,2019,1,3.76760000
1,dolar_venda,Taxa de câmbio - dólar americano (venda),R$/US$,diaria,2019-01-29,2019,1,3.73700000
1,dolar_venda,Taxa de câmbio - dólar americano (venda),R$/US$,diaria,2019-01-30,2019,1,3.71510000
1,dolar_venda,Taxa de câmbio - dólar americano (venda),R$/US$,diaria,2019-01-31,2019,1,3.65190000
1,dolar_venda,Taxa de câmbio - dólar americano (venda),R$/US$,diaria,2019-02-01,2019,2,3.66940000
1,dolar_venda,Taxa de câmbio - dólar americano (venda),R$/US$,diaria,2019-02-04,2019,2,3.67560000
1,dolar_venda,Taxa de câmbio - dólar americano (venda),R$/US$,diaria,2019-02-05,2019,2,3.67410000
1,dolar_venda,Taxa de câmbio - dólar americano (venda),R$/US$,diaria,2019-02-06,2019,2,3.70190000
1,dolar_venda,Taxa de câmbio - dólar americano (venda),R$/US$,diaria,2019-02-07,2019,2,3.71930000
1,dolar_venda,Taxa de câmbio - dólar americano (venda),R$/US$,diaria,2019-02-08,2019,2,3.71840000
1,dolar_venda,Taxa de câmbio - dólar americano (venda),R$/US$,diaria,2019-02-11,2019,2,3.73910000
1,dolar_venda,Taxa de câmbio - dólar americano (venda),R$/US$,diaria,2019-02-12,2019,2,3.72960000
1,dolar_venda,Taxa de câmbio - dólar americano (venda),R$/US$,diaria,2019-02-13,2019,2,3.72770000
1,dolar_venda,Taxa de câmbio - dólar americano (venda),R$/US$,diaria,2019-02-14,2019,2,3.77560000
1,dolar_venda,Taxa de câmbio - dólar americano (venda),R$/US$,diaria,2019-02-15,2019,2,3.71550000
1,dolar_venda,Taxa de câmbio - dólar americano (venda),R$/US$,diaria,2019-02-18,2019,2,3.73160000
1,dolar_venda,Taxa de câmbio - dólar americano (venda),R$/US$,diaria,2019-02-19,2019,2,3.72060000
1,dolar_venda,Taxa de câmbio - dólar americano (venda),R$/US$,diaria,2019-02-20,2019,2,3.71000000
1,dolar_venda,Taxa de câmbio - dólar americano (venda),R$/US$,diaria,2019-02-21,2019,2,3.75950000
1,dolar_venda,Taxa de câmbio - dólar americano (venda),R$/US$,diaria,2019-02-22,2019,2,3.74300000
1,dolar_venda,Taxa de câmbio - dólar americano (venda),R$/US$,diaria,2019-02-25,2019,2,3.72850000
1,dolar_venda,Taxa de câmbio - dólar americano (venda),R$/US$,diaria,2019-02-26,2019,2,3.75950000
1,dolar_venda,Taxa de câmbio - dólar americano (venda),R$/US$,diaria,2019-02-27,2019,2,3.73510000
1,dolar_venda,Taxa de câmbio - dólar americano (venda),R$/US$,diaria,2019-02-28,2019,2,3.73850000
1,dolar_venda,Taxa de câmbio - dólar americano (venda),R$/US$,diaria,2019-03-01,2019,3,3.78320000
1,dolar_venda,Taxa de câmbio - dólar americano (venda),R$/US$,diaria,2019-03-06,2019,3,3.83030000
1,dolar_venda,Taxa de câmbio - dólar americano (venda),R$/US$,diaria,2019-03-07,2019,3,3.84870000
1,dolar_venda,Taxa de câmbio - dólar americano (venda),R$/US$,diaria,2019-03-08,2019,3,3.86780000
1,dolar_venda,Taxa de câmbio - dólar americano (venda),R$/US$,diaria,2019-03-11,2019,3,3.84610000
1,dolar_venda,Taxa de câmbio - dólar americano (venda),R$/US$,diaria,2019-03-12,2019,3,3.81290000
1,dolar_venda,Taxa de câmbio - dólar americano (venda),R$/US$,diaria,2019-03-13,2019,3,3.82650000
1,dolar_venda,Taxa de câmbio - dólar americano (venda),R$/US$,diaria,2019-03-14,2019,3,3.83270000
1,dolar_venda,Taxa de câmbio - dólar americano (venda),R$/US$,diaria,2019-03-15,2019,3,3.83440000
1,dolar_venda,Taxa de câmbio - dólar americano (venda),R$/US$,diaria,2019-03-18,2019,3,3.81110000
1,dolar_venda,Taxa de câmbio - dólar americano (venda),R$/US$,diaria,2019-03-19,2019,3,3.77620000
1,dolar_venda,Taxa de câmbio - dólar americano (venda),R$/US$,diaria,2019-03-20,2019,3,3.78970000
1,dolar_venda,Taxa de câmbio - dólar americano (venda),R$/US$,diaria,2019-03-21,2019,3,3.79670000
1,dolar_venda,Taxa de câmbio - dólar americano (venda),R$/US$,diaria,2019-03-22,2019,3,3.88150000
1,dolar_venda,Taxa de câmbio - dólar americano (venda),R$/US$,diaria,2019-03-25,2019,3,3.87700000
1,dolar_venda,Taxa de câmbio - dólar americano (venda),R$/US$,diaria,2019-03-26,2019,3,3.86460000
1,dolar_venda,Taxa de câmbio - dólar americano (venda),R$/US$,diaria,2019-03-27,2019,3,3.93890000
1,dolar_venda,Taxa de câmbio - dólar americano (venda),R$/US$,diaria,2019-03-28,2019,3,3.96820000
1,dolar_venda,Taxa de câmbio - dólar americano (venda),R$/US$,diaria,2019-03-29,2019,3,3.89670000
1,dolar_venda,Taxa de câmbio - dólar americano (venda),R$/US$,diaria,2019-04-01,2019,4,3.86820000
1,dolar_venda,Taxa de câmbio - dólar americano (venda),R$/US$,diaria,2019-04-02,2019,4,3.86610000
1,dolar_venda,Taxa de câmbio - dólar americano (venda),R$/US$,diaria,2019-04-03,2019,4,3.84360000
1,dolar_venda,Taxa de câmbio - dólar americano (venda),R$/US$,diaria,2019-04-04,2019,4,3.87130000
1,dolar_venda,Taxa de câmbio - dólar americano (venda),R$/US$,diaria,2019-04-05,2019,4,3.86220000
1,dolar_venda,Taxa de câmbio - dólar americano (venda),R$/US$,diaria,2019-04-08,2019,4,3.86580000
1,dolar_venda,Taxa de câmbio - dólar americano (venda),R$/US$,diaria,2019-04-09,2019,4,3.85630000
1,dolar_venda,Taxa de câmbio - dólar americano (venda),R$/US$,diaria,2019-04-10,2019,4,3.83450000
1,dolar_venda,Taxa de câmbio - dólar americano (venda),R$/US$,diaria,2019-04-11,2019,4,3.83990000
1,dolar_venda,Taxa de câmbio - dólar americano (venda),R$/US$,diaria,2019-04-12,2019,4,3.86850000
1,dolar_venda,Taxa de câmbio - dólar americano (venda),R$/US$,diaria,2019-04-15,2019,4,3.87300000
1,dolar_venda,Taxa de câmbio - dólar americano (venda),R$/US$,diaria,2019-04-16,2019,4,3.89130000
1,dolar_venda,Taxa de câmbio - dólar americano (venda),R$/US$,diaria,2019-04-17,2019,4,3.92250000
1,dolar_venda,Taxa de câmbio - dólar americano (venda),R$/US$,diaria,2019-04-18,2019,4,3.93700000
1,dolar_venda,Taxa de câmbio - dólar americano (venda),R$/US$,diaria,2019-04-22,2019,4,3.92300000
1,dolar_venda,Taxa de câmbio - dólar americano (venda),R$/US$,diaria,2019-04-23,2019,4,3.94360000
1,dolar_venda,Taxa de câmbio - dólar americano (venda),R$/US$,diaria,2019-04-24,2019,4,3.96300000
1,dolar_venda,Taxa de câmbio - dólar americano (venda),R$/US$,diaria,2019-04-25,2019,4,3.97250000
1,dolar_venda,Taxa de câmbio - dólar americano (venda),R$/US$,diaria,2019-04-26,2019,4,3.93530000
1,dolar_venda,Taxa de câmbio - dólar americano (venda),R$/US$,diaria,2019-04-29,2019,4,3.93640000
1,dolar_venda,Taxa de câmbio - dólar americano (venda),R$/US$,diaria,2019-04-30,2019,4,3.94530000
1,dolar_venda,Taxa de câmbio - dólar americano (venda),R$/US$,diaria,2019-05-02,2019,5,3.96500000
1,dolar_venda,Taxa de câmbio - dólar americano (venda),R$/US$,diaria,2019-05-03,2019,5,3.93880000
1,dolar_venda,Taxa de câmbio - dólar americano (venda),R$/US$,diaria,2019-05-06,2019,5,3.96240000
1,dolar_venda,Taxa de câmbio - dólar americano (venda),R$/US$,diaria,2019-05-07,2019,5,3.98800000
1,dolar_venda,Taxa de câmbio - dólar americano (venda),R$/US$,diaria,2019-05-08,2019,5,3.93440000
1,dolar_venda,Taxa de câmbio - dólar americano (venda),R$/US$,diaria,2019-05-09,2019,5,3.96730000
1,dolar_venda,Taxa de câmbio - dólar americano (venda),R$/US$,diaria,2019-05-10,2019,5,3.95780000
1,dolar_venda,Taxa de câmbio - dólar americano (venda),R$/US$,diaria,2019-05-13,2019,5,3.98900000
1,dolar_venda,Taxa de câmbio - dólar americano (venda),R$/US$,diaria,2019-05-14,2019,5,3.97880000
1,dolar_venda,Taxa de câmbio - dólar americano (venda),R$/US$,diaria,2019-05-15,2019,5,4.00310000
1,dolar_venda,Taxa de câmbio - dólar americano (venda),R$/US$,diaria,2019-05-16,2019,5,4.01380000
1,dolar_venda,Taxa de câmbio - dólar americano (venda),R$/US$,diaria,2019-05-17,2019,5,4.08440000
1,dolar_venda,Taxa de câmbio - dólar americano (venda),R$/US$,diaria,2019-05-20,2019,5,4.10560000
1,dolar_venda,Taxa de câmbio - dólar americano (venda),R$/US$,diaria,2019-05-21,2019,5,4.08100000
1,dolar_venda,Taxa de câmbio - dólar americano (venda),R$/US$,diaria,2019-05-22,2019,5,4.02280000
1,dolar_venda,Taxa de câmbio - dólar americano (venda),R$/US$,diaria,2019-05-23,2019,5,4.05130000
1,dolar_venda,Taxa de câmbio - dólar americano (venda),R$/US$,diaria,2019-05-24,2019,5,4.03220000
1,dolar_venda,Taxa de câmbio - dólar americano (venda),R$/US$,diaria,2019-05-27,2019,5,4.02100000
1,dolar_venda,Taxa de câmbio - dólar americano (venda),R$/US$,diaria,2019-05-28,2019,5,4.02750000
1,dolar_venda,Taxa de câmbio - dólar americano (venda),R$/US$,diaria,2019-05-29,2019,5,3.99650000
1,dolar_venda,Taxa de câmbio - dólar americano (venda),R$/US$,diaria,2019-05-30,2019,5,3.97200000
1,dolar_venda,Taxa de câmbio - dólar americano (venda),R$/US$,diaria,2019-05-31,2019,5,3.94070000
1,dolar_venda,Taxa de câmbio - dólar americano (venda),R$/US$,diaria,2019-06-03,2019,6,3.90030000
1,dolar_venda,Taxa de câmbio - dólar americano (venda),R$/US$,diaria,2019-06-04,2019,6,3.87100000
1,dolar_venda,Taxa de câmbio - dólar americano (venda),R$/US$,diaria,2019-06-05,2019,6,3.86110000
1,dolar_venda,Taxa de câmbio - dólar americano (venda),R$/US$,diaria,2019-06-06,2019,6,3.87260000
1,dolar_venda,Taxa de câmbio - dólar americano (venda),R$/US$,diaria,2019-06-07,2019,6,3.85710000
1,dolar_venda,Taxa de câmbio - dólar americano (venda),R$/US$,diaria,2019-06-10,2019,6,3.87900000
1,dolar_venda,Taxa de câmbio - dólar americano (venda),R$/US$,diaria,2019-06-11,2019,6,3.86640000
1,dolar_venda,Taxa de câmbio - dólar americano (venda),R$/US$,diaria,2019-06-12,2019,6,3.84370000
1,dolar_venda,Taxa de câmbio - dólar americano (venda),R$/US$,diaria,2019-06-13,2019,6,3.84290000
1,dolar_venda,Taxa de câmbio - dólar americano (venda),R$/US$,diaria,2019-06-14,2019,6,3.88130000
1,dolar_venda,Taxa de câmbio - dólar americano (venda),R$/US$,diaria,2019-06-17,2019,6,3.88950000
1,dolar_venda,Taxa de câmbio - dólar americano (venda),R$/US$,diaria,2019-06-18,2019,6,3.86080000
1,dolar_venda,Taxa de câmbio - dólar americano (venda),R$/US$,diaria,2019-06-19,2019,6,3.87230000
1,dolar_venda,Taxa de câmbio - dólar americano (venda),R$/US$,diaria,2019-06-21,2019,6,3.82550000
1,dolar_venda,Taxa de câmbio - dólar americano (venda),R$/US$,diaria,2019-06-24,2019,6,3.82340000
1,dolar_venda,Taxa de câmbio - dólar americano (venda),R$/US$,diaria,2019-06-25,2019,6,3.83030000
1,dolar_venda,Taxa de câmbio - dólar americano (venda),R$/US$,diaria,2019-06-26,2019,6,3.84410000
1,dolar_venda,Taxa de câmbio - dólar americano (venda),R$/US$,diaria,2019-06-27,2019,6,3.86420000
1,dolar_venda,Taxa de câmbio - dólar americano (venda),R$/US$,diaria,2019-06-28,2019,6,3.83220000
1,dolar_venda,Taxa de câmbio - dólar americano (venda),R$/US$,diaria,2019-07-01,2019,7,3.81930000
1,dolar_venda,Taxa de câmbio - dólar americano (venda),R$/US$,diaria,2019-07-02,2019,7,3.85640000
1,dolar_venda,Taxa de câmbio - dólar americano (venda),R$/US$,diaria,2019-07-03,2019,7,3.84750000
1,dolar_venda,Taxa de câmbio - dólar americano (venda),R$/US$,diaria,2019-07-04,2019,7,3.79400000
1,dolar_venda,Taxa de câmbio - dólar americano (venda),R$/US$,diaria,2019-07-05,2019,7,3.82040000
1,dolar_venda,Taxa de câmbio - dólar americano (venda),R$/US$,diaria,2019-07-08,2019,7,3.80650000
1,dolar_venda,Taxa de câmbio - dólar americano (venda),R$/US$,diaria,2019-07-09,2019,7,3.78580000
1,dolar_venda,Taxa de câmbio - dólar americano (venda),R$/US$,diaria,2019-07-10,2019,7,3.76970000
1,dolar_venda,Taxa de câmbio - dólar americano (venda),R$/US$,diaria,2019-07-11,2019,7,3.75330000
1,dolar_venda,Taxa de câmbio - dólar americano (venda),R$/US$,diaria,2019-07-12,2019,7,3.74520000
1,dolar_venda,Taxa de câmbio - dólar americano (venda),R$/US$,diaria,2019-07-15,2019,7,3.74630000
1,dolar_venda,Taxa de câmbio - dólar americano (venda),R$/US$,diaria,2019-07-16,2019,7,3.76240000
1,dolar_venda,Taxa de câmbio - dólar americano (venda),R$/US$,diaria,2019-07-17,2019,7,3.76180000
1,dolar_venda,Taxa de câmbio - dólar americano (venda),R$/US$,diaria,2019-07-18,2019,7,3.74890000
1,dolar_venda,Taxa de câmbio - dólar americano (venda),R$/US$,diaria,2019-07-19,2019,7,3.74080000
1,dolar_venda,Taxa de câmbio - dólar americano (venda),R$/US$,diaria,2019-07-22,2019,7,3.74000000
1,dolar_venda,Taxa de câmbio - dólar americano (venda),R$/US$,diaria,2019-07-23,2019,7,3.76210000
1,dolar_venda,Taxa de câmbio - dólar americano (venda),R$/US$,diaria,2019-07-24,2019,7,3.75960000
1,dolar_venda,Taxa de câmbio - dólar americano (venda),R$/US$,diaria,2019-07-25,2019,7,3.78490000
1,dolar_venda,Taxa de câmbio - dólar americano (venda),R$/US$,diaria,2019-07-26,2019,7,3.77410000
1,dolar_venda,Taxa de câmbio - dólar americano (venda),R$/US$,diaria,2019-07-29,2019,7,3.79090000
1,dolar_venda,Taxa de câmbio - dólar americano (venda),R$/US$,diaria,2019-07-30,2019,7,3.79000000
1,dolar_venda,Taxa de câmbio - dólar americano (venda),R$/US$,diaria,2019-07-31,2019,7,3.76490000
1,dolar_venda,Taxa de câmbio - dólar americano (venda),R$/US$,diaria,2019-08-01,2019,8,3.82960000
1,dolar_venda,Taxa de câmbio - dólar americano (venda),R$/US$,diaria,2019-08-02,2019,8,3.87390000
1,dolar_venda,Taxa de câmbio - dólar americano (venda),R$/US$,diaria,2019-08-05,2019,8,3.94040000
1,dolar_venda,Taxa de câmbio - dólar americano (venda),R$/US$,diaria,2019-08-06,2019,8,3.96430000
1,dolar_venda,Taxa de câmbio - dólar americano (venda),R$/US$,diaria,2019-08-07,2019,8,3.98500000
1,dolar_venda,Taxa de câmbio - dólar americano (venda),R$/US$,diaria,2019-08-08,2019,8,3.94090000
1,dolar_venda,Taxa de câmbio - dólar americano (venda),R$/US$,diaria,2019-08-09,2019,8,3.93620000
1,dolar_venda,Taxa de câmbio - dólar americano (venda),R$/US$,diaria,2019-08-12,2019,8,3.99660000
1,dolar_venda,Taxa de câmbio - dólar americano (venda),R$/US$,diaria,2019-08-13,2019,8,3.97360000
1,dolar_venda,Taxa de câmbio - dólar americano (venda),R$/US$,diaria,2019-08-14,2019,8,4.00740000
1,dolar_venda,Taxa de câmbio - dólar americano (venda),R$/US$,diaria,2019-08-15,2019,8,4.01880000
1,dolar_venda,Taxa de câmbio - dólar americano (venda),R$/US$,diaria,2019-08-16,2019,8,3.99330000
1,dolar_venda,Taxa de câmbio - dólar americano (venda),R$/US$,diaria,2019-08-19,2019,8,4.02740000
1,dolar_venda,Taxa de câmbio - dólar americano (venda),R$/US$,diaria,2019-08-20,2019,8,4.04250000
1,dolar_venda,Taxa de câmbio - dólar americano (venda),R$/US$,diaria,2019-08-21,2019,8,4.02540000
1,dolar_venda,Taxa de câmbio - dólar americano (venda),R$/US$,diaria,2019-08-22,2019,8,4.04440000
1,dolar_venda,Taxa de câmbio - dólar americano (venda),R$/US$,diaria,2019-08-23,2019,8,4.08510000
1,dolar_venda,Taxa de câmbio - dólar americano (venda),R$/US$,diaria,2019-08-26,2019,8,4.13670000
1,dolar_venda,Taxa de câmbio - dólar americano (venda),R$/US$,diaria,2019-08-27,2019,8,4.15570000
1,dolar_venda,Taxa de câmbio - dólar americano (venda),R$/US$,diaria,2019-08-28,2019,8,4.15590000
1,dolar_venda,Taxa de câmbio - dólar americano (venda),R$/US$,diaria,2019-08-29,2019,8,4.16800000
1,dolar_venda,Taxa de câmbio - dólar americano (venda),R$/US$,diaria,2019-08-30,2019,8,4.13850000
1,dolar_venda,Taxa de câmbio - dólar americano (venda),R$/US$,diaria,2019-09-02,2019,9,4.15810000
1,dolar_venda,Taxa de câmbio - dólar americano (venda),R$/US$,diaria,2019-09-03,2019,9,4.16570000
1,dolar_venda,Taxa de câmbio - dólar americano (venda),R$/US$,diaria,2019-09-04,2019,9,4.12490000
1,dolar_venda,Taxa de câmbio - dólar americano (venda),R$/US$,diaria,2019-09-05,2019,9,4.08590000
1,dolar_venda,Taxa de câmbio - dólar americano (venda),R$/US$,diaria,2019-09-06,2019,9,4.06500000
1,dolar_venda,Taxa de câmbio - dólar americano (venda),R$/US$,diaria,2019-09-09,2019,9,4.07660000
1,dolar_venda,Taxa de câmbio - dólar americano (venda),R$/US$,diaria,2019-09-10,2019,9,4.11080000
1,dolar_venda,Taxa de câmbio - dólar americano (venda),R$/US$,diaria,2019-09-11,2019,9,4.06310000
1,dolar_venda,Taxa de câmbio - dólar americano (venda),R$/US$,diaria,2019-09-12,2019,9,4.04940000
1,dolar_venda,Taxa de câmbio - dólar americano (venda),R$/US$,diaria,2019-09-13,2019,9,4.06160000
1,dolar_venda,Taxa de câmbio - dólar americano (venda),R$/US$,diaria,2019-09-16,2019,9,4.08720000
1,dolar_venda,Taxa de câmbio - dólar americano (venda),R$/US$,diaria,2019-09-17,2019,9,4.09980000
1,dolar_venda,Taxa de câmbio - dólar americano (venda),R$/US$,diaria,2019-09-18,2019,9,4.09720000
1,dolar_venda,Taxa de câmbio - dólar americano (venda),R$/US$,diaria,2019-09-19,2019,9,4.13930000
1,dolar_venda,Taxa de câmbio - dólar americano (venda),R$/US$,diaria,2019-09-20,2019,9,4.16870000
1,dolar_venda,Taxa de câmbio - dólar americano (venda),R$/US$,diaria,2019-09-23,2019,9,4.17340000
1,dolar_venda,Taxa de câmbio - dólar americano (venda),R$/US$,diaria,2019-09-24,2019,9,4.17210000
1,dolar_venda,Taxa de câmbio - dólar americano (venda),R$/US$,diaria,2019-09-25,2019,9,4.18270000
1,dolar_venda,Taxa de câmbio - dólar americano (venda),R$/US$,diaria,2019-09-26,2019,9,4.14690000
1,dolar_venda,Taxa de câmbio - dólar americano (venda),R$/US$,diaria,2019-09-27,2019,9,4.15870000
1,dolar_venda,Taxa de câmbio - dólar americano (venda),R$/US$,diaria,2019-09-30,2019,9,4.16440000
1,dolar_venda,Taxa de câmbio - dólar americano (venda),R$/US$,diaria,2019-10-01,2019,10,4.17400000
1,dolar_venda,Taxa de câmbio - dólar americano (venda),R$/US$,diaria,2019-10-02,2019,10,4.15460000
1,dolar_venda,Taxa de câmbio - dólar americano (venda),R$/US$,diaria,2019-10-03,2019,10,4.10120000
1,dolar_venda,Taxa de câmbio - dólar americano (venda),R$/US$,diaria,2019-10-04,2019,10,4.06100000
1,dolar_venda,Taxa de câmbio - dólar americano (venda),R$/US$,diaria,2019-10-07,2019,10,4.06880000
1,dolar_venda,Taxa de câmbio - dólar americano (venda),R$/US$,diaria,2019-10-08,2019,10,4.08680000
1,dolar_venda,Taxa de câmbio - dólar americano (venda),R$/US$,diaria,2019-10-09,2019,10,4.09540000
1,dolar_venda,Taxa de câmbio - dólar americano (venda),R$/US$,diaria,2019-10-10,2019,10,4.11450000
1,dolar_venda,Taxa de câmbio - dólar americano (venda),R$/US$,diaria,2019-10-11,2019,10,4.10600000
1,dolar_venda,Taxa de câmbio - dólar americano (venda),R$/US$,diaria,2019-10-14,2019,10,4.12630000
1,dolar_venda,Taxa de câmbio - dólar americano (venda),R$/US$,diaria,2019-10-15,2019,10,4.14880000
1,dolar_venda,Taxa de câmbio - dólar americano (venda),R$/US$,diaria,2019-10-16,2019,10,4.17140000
1,dolar_venda,Taxa de câmbio - dólar americano (venda),R$/US$,diaria,2019-10-17,2019,10,4.14570000
1,dolar_venda,Taxa de câmbio - dólar americano (venda),R$/US$,diaria,2019-10-18,2019,10,4.13760000
1,dolar_venda,Taxa de câmbio - dólar americano (venda),R$/US$,diaria,2019-10-21,2019,10,4.13190000
1,dolar_venda,Taxa de câmbio - dólar americano (venda),R$/US$,diaria,2019-10-22,2019,10,4.08580000
1,dolar_venda,Taxa de câmbio - dólar americano (venda),R$/US$,diaria,2019-10-23,2019,10,4.07210000
1,dolar_venda,Taxa de câmbio - dólar americano (venda),R$/US$,diaria,2019-10-24,2019,10,4.00890000
1,dolar_venda,Taxa de câmbio - dólar americano (venda),R$/US$,diaria,2019-10-25,2019,10,4.01330000
1,dolar_venda,Taxa de câmbio - dólar americano (venda),R$/US$,diaria,2019-10-28,2019,10,3.97930000
1,dolar_venda,Taxa de câmbio - dólar americano (venda),R$/US$,diaria,2019-10-29,2019,10,3.99460000
1,dolar_venda,Taxa de câmbio - dólar americano (venda),R$/US$,diaria,2019-10-30,2019,10,4.01860000
1,dolar_venda,Taxa de câmbio - dólar americano (venda),R$/US$,diaria,2019-10-31,2019,10,4.00410000
1,dolar_venda,Taxa de câmbio - dólar americano (venda),R$/US$,diaria,2019-11-01,2019,11,3.97860000
1,dolar_venda,Taxa de câmbio - dólar americano (venda),R$/US$,diaria,2019-11-04,2019,11,3.99220000
1,dolar_venda,Taxa de câmbio - dólar americano (venda),R$/US$,diaria,2019-11-05,2019,11,4.00430000
1,dolar_venda,Taxa de câmbio - dólar americano (venda),R$/US$,diaria,2019-11-06,2019,11,4.03510000
1,dolar_venda,Taxa de câmbio - dólar americano (venda),R$/US$,diaria,2019-11-07,2019,11,4.09270000
1,dolar_venda,Taxa de câmbio - dólar americano (venda),R$/US$,diaria,2019-11-08,2019,11,4.13650000
1,dolar_venda,Taxa de câmbio - dólar americano (venda),R$/US$,diaria,2019-11-11,2019,11,4.15590000
1,dolar_venda,Taxa de câmbio - dólar americano (venda),R$/US$,diaria,2019-11-12,2019,11,4.17560000
1,dolar_venda,Taxa de câmbio - dólar americano (venda),R$/US$,diaria,2019-11-13,2019,11,4.17670000
1,dolar_venda,Taxa de câmbio - dólar americano (venda),R$/US$,diaria,2019-11-14,2019,11,4.18310000
1,dolar_venda,Taxa de câmbio - dólar americano (venda),R$/US$,diaria,2019-11-18,2019,11,4.18270000
1,dolar_venda,Taxa de câmbio - dólar americano (venda),R$/US$,diaria,2019-11-19,2019,11,4.20840000
1,dolar_venda,Taxa de câmbio - dólar americano (venda),R$/US$,diaria,2019-11-20,2019,11,4.20370000
1,dolar_venda,Taxa de câmbio - dólar americano (venda),R$/US$,diaria,2019-11-21,2019,11,4.20120000
1,dolar_venda,Taxa de câmbio - dólar americano (venda),R$/US$,diaria,2019-11-22,2019,11,4.18320000
1,dolar_venda,Taxa de câmbio - dólar americano (venda),R$/US$,diaria,2019-11-25,2019,11,4.20890000
1,dolar_venda,Taxa de câmbio - dólar americano (venda),R$/US$,diaria,2019-11-26,2019,11,4.25590000
1,dolar_venda,Taxa de câmbio - dólar americano (venda),R$/US$,diaria,2019-11-27,2019,11,4.26020000
1,dolar_venda,Taxa de câmbio - dólar americano (venda),R$/US$,diaria,2019-11-28,2019,11,4.24800000
1,dolar_venda,Taxa de câmbio - dólar americano (venda),R$/US$,diaria,2019-11-29,2019,11,4.22400000
1,dolar_venda,Taxa de câmbio - dólar americano (venda),R$/US$,diaria,2019-12-02,2019,12,4.22610000
1,dolar_venda,Taxa de câmbio - dólar americano (venda),R$/US$,diaria,2019-12-03,2019,12,4.20080000
1,dolar_venda,Taxa de câmbio - dólar americano (venda),R$/US$,diaria,2019-12-04,2019,12,4.19260000
1,dolar_venda,Taxa de câmbio - dólar americano (venda),R$/US$,diaria,2019-12-05,2019,12,4.21360000
1,dolar_venda,Taxa de câmbio - dólar americano (venda),R$/US$,diaria,2019-12-06,2019,12,4.17830000
1,dolar_venda,Taxa de câmbio - dólar americano (venda),R$/US$,diaria,2019-12-09,2019,12,4.15030000
1,dolar_venda,Taxa de câmbio - dólar americano (venda),R$/US$,diaria,2019-12-10,2019,12,4.14270000
1,dolar_venda,Taxa de câmbio - dólar americano (venda),R$/US$,diaria,2019-12-11,2019,12,4.11530000
1,dolar_venda,Taxa de câmbio - dólar americano (venda),R$/US$,diaria,2019-12-12,2019,12,4.10920000
1,dolar_venda,Taxa de câmbio - dólar americano (venda),R$/US$,diaria,2019-12-13,2019,12,4.09490000
1,dolar_venda,Taxa de câmbio - dólar americano (venda),R$/US$,diaria,2019-12-16,2019,12,4.08010000
1,dolar_venda,Taxa de câmbio - dólar americano (venda),R$/US$,diaria,2019-12-17,2019,12,4.06870000
1,dolar_venda,Taxa de câmbio - dólar americano (venda),R$/US$,diaria,2019-12-18,2019,12,4.05480000
1,dolar_venda,Taxa de câmbio - dólar americano (venda),R$/US$,diaria,2019-12-19,2019,12,4.06330000
1,dolar_venda,Taxa de câmbio - dólar americano (venda),R$/US$,diaria,2019-12-20,2019,12,4.07770000
1,dolar_venda,Taxa de câmbio - dólar americano (venda),R$/US$,diaria,2019-12-23,2019,12,4.07570000
1,dolar_venda,Taxa de câmbio - dólar americano (venda),R$/US$,diaria,2019-12-24,2019,12,4.08130000
1,dolar_venda,Taxa de câmbio - dólar americano (venda),R$/US$,diaria,2019-12-26,2019,12,4.06010000
1,dolar_venda,Taxa de câmbio - dólar americano (venda),R$/US$,diaria,2019-12-27,2019,12,4.05450000
1,dolar_venda,Taxa de câmbio - dólar americano (venda),R$/US$,diaria,2019-12-30,2019,12,4.03070000
1,dolar_venda,Taxa de câmbio - dólar americano (venda),R$/US$,diaria,2019-12-31,2019,12,4.03070000
1,dolar_venda,Taxa de câmbio - dólar americano (venda),R$/US$,diaria,2020-01-02,2020,1,4.02130000
1,dolar_venda,Taxa de câmbio - dólar americano (venda),R$/US$,diaria,2020-01-03,2020,1,4.05220000
1,dolar_venda,Taxa de câmbio - dólar americano (venda),R$/US$,diaria,2020-01-06,2020,1,4.05540000
1,dolar_venda,Taxa de câmbio - dólar americano (venda),R$/US$,diaria,2020-01-07,2020,1,4.08410000
1,dolar_venda,Taxa de câmbio - dólar americano (venda),R$/US$,diaria,2020-01-08,2020,1,4.06720000
1,dolar_venda,Taxa de câmbio - dólar americano (venda),R$/US$,diaria,2020-01-09,2020,1,4.07440000
1,dolar_venda,Taxa de câmbio - dólar americano (venda),R$/US$,diaria,2020-01-10,2020,1,4.07450000
1,dolar_venda,Taxa de câmbio - dólar americano (venda),R$/US$,diaria,2020-01-13,2020,1,4.13090000
1,dolar_venda,Taxa de câmbio - dólar americano (venda),R$/US$,diaria,2020-01-14,2020,1,4.14430000
1,dolar_venda,Taxa de câmbio - dólar americano (venda),R$/US$,diaria,2020-01-15,2020,1,4.16220000
1,dolar_venda,Taxa de câmbio - dólar americano (venda),R$/US$,diaria,2020-01-16,2020,1,4.17260000
1,dolar_venda,Taxa de câmbio - dólar americano (venda),R$/US$,diaria,2020-01-17,2020,1,4.18370000
1,dolar_venda,Taxa de câmbio - dólar americano (venda),R$/US$,diaria,2020-01-20,2020,1,4.18290000
1,dolar_venda,Taxa de câmbio - dólar americano (venda),R$/US$,diaria,2020-01-21,2020,1,4.20140000
1,dolar_venda,Taxa de câmbio - dólar americano (venda),R$/US$,diaria,2020-01-22,2020,1,4.18890000
1,dolar_venda,Taxa de câmbio - dólar americano (venda),R$/US$,diaria,2020-01-23,2020,1,4.16620000
1,dolar_venda,Taxa de câmbio - dólar americano (venda),R$/US$,diaria,2020-01-24,2020,1,4.17690000
1,dolar_venda,Taxa de câmbio - dólar americano (venda),R$/US$,diaria,2020-01-27,2020,1,4.21960000
1,dolar_venda,Taxa de câmbio - dólar americano (venda),R$/US$,diaria,2020-01-28,2020,1,4.20640000
1,dolar_venda,Taxa de câmbio - dólar americano (venda),R$/US$,diaria,2020-01-29,2020,1,4.20130000
1,dolar_venda,Taxa de câmbio - dólar americano (venda),R$/US$,diaria,2020-01-30,2020,1,4.25230000
1,dolar_venda,Taxa de câmbio - dólar americano (venda),R$/US$,diaria,2020-01-31,2020,1,4.26950000
1,dolar_venda,Taxa de câmbio - dólar americano (venda),R$/US$,diaria,2020-02-03,2020,2,4.24750000
1,dolar_venda,Taxa de câmbio - dólar americano (venda),R$/US$,diaria,2020-02-04,2020,2,4.23810000
1,dolar_venda,Taxa de câmbio - dólar americano (venda),R$/US$,diaria,2020-02-05,2020,2,4.24490000
1,dolar_venda,Taxa de câmbio - dólar americano (venda),R$/US$,diaria,2020-02-06,2020,2,4.24770000
1,dolar_venda,Taxa de câmbio - dólar americano (venda),R$/US$,diaria,2020-02-07,2020,2,4.30760000
1,dolar_venda,Taxa de câmbio - dólar americano (venda),R$/US$,diaria,2020-02-10,2020,2,4.31950000
1,dolar_venda,Taxa de câmbio - dólar americano (venda),R$/US$,diaria,2020-02-11,2020,2,4.31480000
1,dolar_venda,Taxa de câmbio - dólar americano (venda),R$/US$,diaria,2020-02-12,2020,2,4.33660000
1,dolar_venda,Taxa de câmbio - dólar americano (venda),R$/US$,diaria,2020-02-13,2020,2,4.33890000
1,dolar_venda,Taxa de câmbio - dólar americano (venda),R$/US$,diaria,2020-02-14,2020,2,4.31630000
1,dolar_venda,Taxa de câmbio - dólar americano (venda),R$/US$,diaria,2020-02-17,2020,2,4.31570000
1,dolar_venda,Taxa de câmbio - dólar americano (venda),R$/US$,diaria,2020-02-18,2020,2,4.34710000
1,dolar_venda,Taxa de câmbio - dólar americano (venda),R$/US$,diaria,2020-02-19,2020,2,4.37280000
1,dolar_venda,Taxa de câmbio - dólar americano (venda),R$/US$,diaria,2020-02-20,2020,2,4.38730000
1,dolar_venda,Taxa de câmbio - dólar americano (venda),R$/US$,diaria,2020-02-21,2020,2,4.39240000
1,dolar_venda,Taxa de câmbio - dólar americano (venda),R$/US$,diaria,2020-02-26,2020,2,4.43590000
1,dolar_venda,Taxa de câmbio - dólar americano (venda),R$/US$,diaria,2020-02-27,2020,2,4.47640000
1,dolar_venda,Taxa de câmbio - dólar americano (venda),R$/US$,diaria,2020-02-28,2020,2,4.49870000
1,dolar_venda,Taxa de câmbio - dólar americano (venda),R$/US$,diaria,2020-03-02,2020,3,4.49460000
1,dolar_venda,Taxa de câmbio - dólar americano (venda),R$/US$,diaria,2020-03-03,2020,3,4.48830000
1,dolar_venda,Taxa de câmbio - dólar americano (venda),R$/US$,diaria,2020-03-04,2020,3,4.52580000
1,dolar_venda,Taxa de câmbio - dólar americano (venda),R$/US$,diaria,2020-03-05,2020,3,4.62070000
1,dolar_venda,Taxa de câmbio - dólar americano (venda),R$/US$,diaria,2020-03-06,2020,3,4.64590000
1,dolar_venda,Taxa de câmbio - dólar americano (venda),R$/US$,diaria,2020-03-09,2020,3,4.73790000
1,dolar_venda,Taxa de câmbio - dólar americano (venda),R$/US$,diaria,2020-03-10,2020,3,4.66930000
1,dolar_venda,Taxa de câmbio - dólar americano (venda),R$/US$,diaria,2020-03-11,2020,3,4.67380000
1,dolar_venda,Taxa de câmbio - dólar americano (venda),R$/US$,diaria,2020-03-12,2020,3,4.88330000
1,dolar_venda,Taxa de câmbio - dólar americano (venda),R$/US$,diaria,2020-03-13,2020,3,4.73620000
1,dolar_venda,Taxa de câmbio - dólar americano (venda),R$/US$,diaria,2020-03-16,2020,3,4.94710000
1,dolar_venda,Taxa de câmbio - dólar americano (venda),R$/US$,diaria,2020-03-17,2020,3,5.04960000
1,dolar_venda,Taxa de câmbio - dólar americano (venda),R$/US$,diaria,2020-03-18,2020,3,5.11070000
1,dolar_venda,Taxa de câmbio - dólar americano (venda),R$/US$,diaria,2020-03-19,2020,3,5.14440000
1,dolar_venda,Taxa de câmbio - dólar americano (venda),R$/US$,diaria,2020-03-20,2020,3,5.02480000
1,dolar_venda,Taxa de câmbio - dólar americano (venda),R$/US$,diaria,2020-03-23,2020,3,5.08050000
1,dolar_venda,Taxa de câmbio - dólar americano (venda),R$/US$,diaria,2020-03-24,2020,3,5.07130000
1,dolar_venda,Taxa de câmbio - dólar americano (venda),R$/US$,diaria,2020-03-25,2020,3,5.07060000
1,dolar_venda,Taxa de câmbio - dólar americano (venda),R$/US$,diaria,2020-03-26,2020,3,5.00100000
1,dolar_venda,Taxa de câmbio - dólar americano (venda),R$/US$,diaria,2020-03-27,2020,3,5.11090000
1,dolar_venda,Taxa de câmbio - dólar americano (venda),R$/US$,diaria,2020-03-30,2020,3,5.15940000
1,dolar_venda,Taxa de câmbio - dólar americano (venda),R$/US$,diaria,2020-03-31,2020,3,5.19870000
1,dolar_venda,Taxa de câmbio - dólar americano (venda),R$/US$,diaria,2020-04-01,2020,4,5.24040000
1,dolar_venda,Taxa de câmbio - dólar americano (venda),R$/US$,diaria,2020-04-02,2020,4,5.26510000
1,dolar_venda,Taxa de câmbio - dólar americano (venda),R$/US$,diaria,2020-04-03,2020,4,5.29970000
1,dolar_venda,Taxa de câmbio - dólar americano (venda),R$/US$,diaria,2020-04-06,2020,4,5.24710000
1,dolar_venda,Taxa de câmbio - dólar americano (venda),R$/US$,diaria,2020-04-07,2020,4,5.22170000
1,dolar_venda,Taxa de câmbio - dólar americano (venda),R$/US$,diaria,2020-04-08,2020,4,5.21230000
1,dolar_venda,Taxa de câmbio - dólar americano (venda),R$/US$,diaria,2020-04-09,2020,4,5.07790000
1,dolar_venda,Taxa de câmbio - dólar americano (venda),R$/US$,diaria,2020-04-13,2020,4,5.18240000
1,dolar_venda,Taxa de câmbio - dólar americano (venda),R$/US$,diaria,2020-04-14,2020,4,5.18580000
1,dolar_venda,Taxa de câmbio - dólar americano (venda),R$/US$,diaria,2020-04-15,2020,4,5.25790000
1,dolar_venda,Taxa de câmbio - dólar americano (venda),R$/US$,diaria,2020-04-16,2020,4,5.23770000
1,dolar_venda,Taxa de câmbio - dólar americano (venda),R$/US$,diaria,2020-04-17,2020,4,5.25730000
1,dolar_venda,Taxa de câmbio - dólar americano (venda),R$/US$,diaria,2020-04-20,2020,4,5.28370000
1,dolar_venda,Taxa de câmbio - dólar americano (venda),R$/US$,diaria,2020-04-22,2020,4,5.38470000
1,dolar_venda,Taxa de câmbio - dólar americano (venda),R$/US$,diaria,2020-04-23,2020,4,5.44670000
1,dolar_venda,Taxa de câmbio - dólar americano (venda),R$/US$,diaria,2020-04-24,2020,4,5.65100000
1,dolar_venda,Taxa de câmbio - dólar americano (venda),R$/US$,diaria,2020-04-27,2020,4,5.63580000
1,dolar_venda,Taxa de câmbio - dólar americano (venda),R$/US$,diaria,2020-04-28,2020,4,5.56830000
1,dolar_venda,Taxa de câmbio - dólar americano (venda),R$/US$,diaria,2020-04-29,2020,4,5.42910000
1,dolar_venda,Taxa de câmbio - dólar americano (venda),R$/US$,diaria,2020-04-30,2020,4,5.42700000
1,dolar_venda,Taxa de câmbio - dólar americano (venda),R$/US$,diaria,2020-05-04,2020,5,5.58160000
1,dolar_venda,Taxa de câmbio - dólar americano (venda),R$/US$,diaria,2020-05-05,2020,5,5.53540000
1,dolar_venda,Taxa de câmbio - dólar americano (venda),R$/US$,diaria,2020-05-06,2020,5,5.66760000
1,dolar_venda,Taxa de câmbio - dólar americano (venda),R$/US$,diaria,2020-05-07,2020,5,5.83650000
1,dolar_venda,Taxa de câmbio - dólar americano (venda),R$/US$,diaria,2020-05-08,2020,5,5.76530000
1,dolar_venda,Taxa de câmbio - dólar americano (venda),R$/US$,diaria,2020-05-11,2020,5,5.79540000
1,dolar_venda,Taxa de câmbio - dólar americano (venda),R$/US$,diaria,2020-05-12,2020,5,5.77230000
1,dolar_venda,Taxa de câmbio - dólar americano (venda),R$/US$,diaria,2020-05-13,2020,5,5.90220000
1,dolar_venda,Taxa de câmbio - dólar americano (venda),R$/US$,diaria,2020-05-14,2020,5,5.93720000
1,dolar_venda,Taxa de câmbio - dólar americano (venda),R$/US$,diaria,2020-05-15,2020,5,5.82290000
1,dolar_venda,Taxa de câmbio - dólar americano (venda),R$/US$,diaria,2020-05-18,2020,5,5.73750000
1,dolar_venda,Taxa de câmbio - dólar americano (venda),R$/US$,diaria,2020-05-19,2020,5,5.72160000
1,dolar_venda,Taxa de câmbio - dólar americano (venda),R$/US$,diaria,2020-05-20,2020,5,5.69680000
1,dolar_venda,Taxa de câmbio - dólar americano (venda),R$/US$,diaria,2020-05-21,2020,5,5.60190000
1,dolar_venda,Taxa de câmbio - dólar americano (venda),R$/US$,diaria,2020-05-22,2020,5,5.58080000
1,dolar_venda,Taxa de câmbio - dólar americano (venda),R$/US$,diaria,2020-05-25,2020,5,5.47720000
1,dolar_venda,Taxa de câmbio - dólar americano (venda),R$/US$,diaria,2020-05-26,2020,5,5.37070000
1,dolar_venda,Taxa de câmbio - dólar americano (venda),R$/US$,diaria,2020-05-27,2020,5,5.29920000
1,dolar_venda,Taxa de câmbio - dólar americano (venda),R$/US$,diaria,2020-05-28,2020,5,5.34050000
1,dolar_venda,Taxa de câmbio - dólar americano (venda),R$/US$,diaria,2020-05-29,2020,5,5.42630000
1,dolar_venda,Taxa de câmbio - dólar americano (venda),R$/US$,diaria,2020-06-01,2020,6,5.36390000
1,dolar_venda,Taxa de câmbio - dólar americano (venda),R$/US$,diaria,2020-06-02,2020,6,5.26010000
1,dolar_venda,Taxa de câmbio - dólar americano (venda),R$/US$,diaria,2020-06-03,2020,6,5.05160000
1,dolar_venda,Taxa de câmbio - dólar americano (venda),R$/US$,diaria,2020-06-04,2020,6,5.10410000
1,dolar_venda,Taxa de câmbio - dólar americano (venda),R$/US$,diaria,2020-06-05,2020,6,4.97750000
1,dolar_venda,Taxa de câmbio - dólar americano (venda),R$/US$,diaria,2020-06-08,2020,6,4.93310000
1,dolar_venda,Taxa de câmbio - dólar americano (venda),R$/US$,diaria,2020-06-09,2020,6,4.90570000
1,dolar_venda,Taxa de câmbio - dólar americano (venda),R$/US$,diaria,2020-06-10,2020,6,4.88940000
1,dolar_venda,Taxa de câmbio - dólar americano (venda),R$/US$,diaria,2020-06-12,2020,6,5.03730000
1,dolar_venda,Taxa de câmbio - dólar americano (venda),R$/US$,diaria,2020-06-15,2020,6,5.18830000
1,dolar_venda,Taxa de câmbio - dólar americano (venda),R$/US$,diaria,2020-06-16,2020,6,5.12850000
1,dolar_venda,Taxa de câmbio - dólar americano (venda),R$/US$,diaria,2020-06-17,2020,6,5.24990000
1,dolar_venda,Taxa de câmbio - dólar americano (venda),R$/US$,diaria,2020-06-18,2020,6,5.34680000
1,dolar_venda,Taxa de câmbio - dólar americano (venda),R$/US$,diaria,2020-06-19,2020,6,5.34660000
1,dolar_venda,Taxa de câmbio - dólar americano (venda),R$/US$,diaria,2020-06-22,2020,6,5.22260000
1,dolar_venda,Taxa de câmbio - dólar americano (venda),R$/US$,diaria,2020-06-23,2020,6,5.17050000
1,dolar_venda,Taxa de câmbio - dólar americano (venda),R$/US$,diaria,2020-06-24,2020,6,5.24350000
1,dolar_venda,Taxa de câmbio - dólar americano (venda),R$/US$,diaria,2020-06-25,2020,6,5.32870000
1,dolar_venda,Taxa de câmbio - dólar americano (venda),R$/US$,diaria,2020-06-26,2020,6,5.46290000
1,dolar_venda,Taxa de câmbio - dólar americano (venda),R$/US$,diaria,2020-06-29,2020,6,5.44160000
1,dolar_venda,Taxa de câmbio - dólar americano (venda),R$/US$,diaria,2020-06-30,2020,6,5.47600000
1,dolar_venda,Taxa de câmbio - dólar americano (venda),R$/US$,diaria,2020-07-01,2020,7,5.36510000
1,dolar_venda,Taxa de câmbio - dólar americano (venda),R$/US$,diaria,2020-07-02,2020,7,5.30280000
1,dolar_venda,Taxa de câmbio - dólar americano (venda),R$/US$,diaria,2020-07-03,2020,7,5.33740000
1,dolar_venda,Taxa de câmbio - dólar americano (venda),R$/US$,diaria,2020-07-06,2020,7,5.30850000
1,dolar_venda,Taxa de câmbio - dólar americano (venda),R$/US$,diaria,2020-07-07,2020,7,5.33180000
1,dolar_venda,Taxa de câmbio - dólar americano (venda),R$/US$,diaria,2020-07-08,2020,7,5.34820000
1,dolar_venda,Taxa de câmbio - dólar americano (venda),R$/US$,diaria,2020-07-09,2020,7,5.29780000
1,dolar_venda,Taxa de câmbio - dólar americano (venda),R$/US$,diaria,2020-07-10,2020,7,5.34400000
1,dolar_venda,Taxa de câmbio - dólar americano (venda),R$/US$,diaria,2020-07-13,2020,7,5.34860000
1,dolar_venda,Taxa de câmbio - dólar americano (venda),R$/US$,diaria,2020-07-14,2020,7,5.42880000
1,dolar_venda,Taxa de câmbio - dólar americano (venda),R$/US$,diaria,2020-07-15,2020,7,5.34910000
1,dolar_venda,Taxa de câmbio - dólar americano (venda),R$/US$,diaria,2020-07-16,2020,7,5.35600000
1,dolar_venda,Taxa de câmbio - dólar americano (venda),R$/US$,diaria,2020-07-17,2020,7,5.35100000
1,dolar_venda,Taxa de câmbio - dólar americano (venda),R$/US$,diaria,2020-07-20,2020,7,5.36350000
1,dolar_venda,Taxa de câmbio - dólar americano (venda),R$/US$,diaria,2020-07-21,2020,7,5.22830000
1,dolar_venda,Taxa de câmbio - dólar americano (venda),R$/US$,diaria,2020-07-22,2020,7,5.11110000
1,dolar_venda,Taxa de câmbio - dólar americano (venda),R$/US$,diaria,2020-07-23,2020,7,5.16470000
1,dolar_venda,Taxa de câmbio - dólar americano (venda),R$/US$,diaria,2020-07-24,2020,7,5.21460000
1,dolar_venda,Taxa de câmbio - dólar americano (venda),R$/US$,diaria,2020-07-27,2020,7,5.18890000
1,dolar_venda,Taxa de câmbio - dólar americano (venda),R$/US$,diaria,2020-07-28,2020,7,5.17770000
1,dolar_venda,Taxa de câmbio - dólar americano (venda),R$/US$,diaria,2020-07-29,2020,7,5.13950000
1,dolar_venda,Taxa de câmbio - dólar americano (venda),R$/US$,diaria,2020-07-30,2020,7,5.18370000
1,dolar_venda,Taxa de câmbio - dólar americano (venda),R$/US$,diaria,2020-07-31,2020,7,5.20330000
1,dolar_venda,Taxa de câmbio - dólar americano (venda),R$/US$,diaria,2020-08-03,2020,8,5.30750000
1,dolar_venda,Taxa de câmbio - dólar americano (venda),R$/US$,diaria,2020-08-04,2020,8,5.33290000
1,dolar_venda,Taxa de câmbio - dólar americano (venda),R$/US$,diaria,2020-08-05,2020,8,5.27600000
1,dolar_venda,Taxa de câmbio - dólar americano (venda),R$/US$,diaria,2020-08-06,2020,8,5.34310000
1,dolar_venda,Taxa de câmbio - dólar americano (venda),R$/US$,diaria,2020-08-07,2020,8,5.42270000
1,dolar_venda,Taxa de câmbio - dólar americano (venda),R$/US$,diaria,2020-08-10,2020,8,5.39330000
1,dolar_venda,Taxa de câmbio - dólar americano (venda),R$/US$,diaria,2020-08-11,2020,8,5.42850000
1,dolar_venda,Taxa de câmbio - dólar americano (venda),R$/US$,diaria,2020-08-12,2020,8,5.45510000
1,dolar_venda,Taxa de câmbio - dólar americano (venda),R$/US$,diaria,2020-08-13,2020,8,5.38010000
1,dolar_venda,Taxa de câmbio - dólar americano (venda),R$/US$,diaria,2020-08-14,2020,8,5.38520000
1,dolar_venda,Taxa de câmbio - dólar americano (venda),R$/US$,diaria,2020-08-17,2020,8,5.44970000
1,dolar_venda,Taxa de câmbio - dólar americano (venda),R$/US$,diaria,2020-08-18,2020,8,5.46590000
1,dolar_venda,Taxa de câmbio - dólar americano (venda),R$/US$,diaria,2020-08-19,2020,8,5.49060000
1,dolar_venda,Taxa de câmbio - dólar americano (venda),R$/US$,diaria,2020-08-20,2020,8,5.65100000
1,dolar_venda,Taxa de câmbio - dólar americano (venda),R$/US$,diaria,2020-08-21,2020,8,5.60640000
1,dolar_venda,Taxa de câmbio - dólar americano (venda),R$/US$,diaria,2020-08-24,2020,8,5.59540000
1,dolar_venda,Taxa de câmbio - dólar americano (venda),R$/US$,diaria,2020-08-25,2020,8,5.59970000
1,dolar_venda,Taxa de câmbio - dólar americano (venda),R$/US$,diaria,2020-08-26,2020,8,5.56800000
1,dolar_venda,Taxa de câmbio - dólar americano (venda),R$/US$,diaria,2020-08-27,2020,8,5.59560000
1,dolar_venda,Taxa de câmbio - dólar americano (venda),R$/US$,diaria,2020-08-28,2020,8,5.46790000
1,dolar_venda,Taxa de câmbio - dólar americano (venda),R$/US$,diaria,2020-08-31,2020,8,5.47130000
1,dolar_venda,Taxa de câmbio - dólar americano (venda),R$/US$,diaria,2020-09-01,2020,9,5.37320000
1,dolar_venda,Taxa de câmbio - dólar americano (venda),R$/US$,diaria,2020-09-02,2020,9,5.37410000
1,dolar_venda,Taxa de câmbio - dólar americano (venda),R$/US$,diaria,2020-09-03,2020,9,5.30790000
1,dolar_venda,Taxa de câmbio - dólar americano (venda),R$/US$,diaria,2020-09-04,2020,9,5.28480000
1,dolar_venda,Taxa de câmbio - dólar americano (venda),R$/US$,diaria,2020-09-08,2020,9,5.36980000
1,dolar_venda,Taxa de câmbio - dólar americano (venda),R$/US$,diaria,2020-09-09,2020,9,5.30240000
1,dolar_venda,Taxa de câmbio - dólar americano (venda),R$/US$,diaria,2020-09-10,2020,9,5.29360000
1,dolar_venda,Taxa de câmbio - dólar americano (venda),R$/US$,diaria,2020-09-11,2020,9,5.28540000
1,dolar_venda,Taxa de câmbio - dólar americano (venda),R$/US$,diaria,2020-09-14,2020,9,5.29840000
1,dolar_venda,Taxa de câmbio - dólar americano (venda),R$/US$,diaria,2020-09-15,2020,9,5.27280000
1,dolar_venda,Taxa de câmbio - dólar americano (venda),R$/US$,diaria,2020-09-16,2020,9,5.25320000
1,dolar_venda,Taxa de câmbio - dólar americano (venda),R$/US$,diaria,2020-09-17,2020,9,5.25930000
1,dolar_venda,Taxa de câmbio - dólar americano (venda),R$/US$,diaria,2020-09-18,2020,9,5.28890000
1,dolar_venda,Taxa de câmbio - dólar americano (venda),R$/US$,diaria,2020-09-21,2020,9,5.44400000
1,dolar_venda,Taxa de câmbio - dólar americano (venda),R$/US$,diaria,2020-09-22,2020,9,5.43290000
1,dolar_venda,Taxa de câmbio - dólar americano (venda),R$/US$,diaria,2020-09-23,2020,9,5.53110000
1,dolar_venda,Taxa de câmbio - dólar americano (venda),R$/US$,diaria,2020-09-24,2020,9,5.57140000
1,dolar_venda,Taxa de câmbio - dólar americano (venda),R$/US$,diaria,2020-09-25,2020,9,5.56670000
1,dolar_venda,Taxa de câmbio - dólar americano (venda),R$/US$,diaria,2020-09-28,2020,9,5.58580000
1,dolar_venda,Taxa de câmbio - dólar americano (venda),R$/US$,diaria,2020-09-29,2020,9,5.65280000
1,dolar_venda,Taxa de câmbio - dólar americano (venda),R$/US$,diaria,2020-09-30,2020,9,5.64070000
1,dolar_venda,Taxa de câmbio - dólar americano (venda),R$/US$,diaria,2020-10-01,2020,10,5.64410000
1,dolar_venda,Taxa de câmbio - dólar americano (venda),R$/US$,diaria,2020-10-02,2020,10,5.64640000
1,dolar_venda,Taxa de câmbio - dólar americano (venda),R$/US$,diaria,2020-10-05,2020,10,5.62990000
1,dolar_venda,Taxa de câmbio - dólar americano (venda),R$/US$,diaria,2020-10-06,2020,10,5.52050000
1,dolar_venda,Taxa de câmbio - dólar americano (venda),R$/US$,diaria,2020-10-07,2020,10,5.60180000
1,dolar_venda,Taxa de câmbio - dólar americano (venda),R$/US$,diaria,2020-10-08,2020,10,5.62000000
1,dolar_venda,Taxa de câmbio - dólar americano (venda),R$/US$,diaria,2020-10-09,2020,10,5.53930000
1,dolar_venda,Taxa de câmbio - dólar americano (venda),R$/US$,diaria,2020-10-13,2020,10,5.58590000
1,dolar_venda,Taxa de câmbio - dólar americano (venda),R$/US$,diaria,2020-10-14,2020,10,5.56750000
1,dolar_venda,Taxa de câmbio - dólar americano (venda),R$/US$,diaria,2020-10-15,2020,10,5.61720000
1,dolar_venda,Taxa de câmbio - dólar americano (venda),R$/US$,diaria,2020-10-16,2020,10,5.62260000
1,dolar_venda,Taxa de câmbio - dólar americano (venda),R$/US$,diaria,2020-10-19,2020,10,5.60230000
1,dolar_venda,Taxa de câmbio - dólar americano (venda),R$/US$,diaria,2020-10-20,2020,10,5.58300000
1,dolar_venda,Taxa de câmbio - dólar americano (venda),R$/US$,diaria,2020-10-21,2020,10,5.60060000
1,dolar_venda,Taxa de câmbio - dólar americano (venda),R$/US$,diaria,2020-10-22,2020,10,5.58200000
1,dolar_venda,Taxa de câmbio - dólar americano (venda),R$/US$,diaria,2020-10-23,2020,10,5.61200000
1,dolar_venda,Taxa de câmbio - dólar americano (venda),R$/US$,diaria,2020-10-26,2020,10,5.63280000
1,dolar_venda,Taxa de câmbio - dólar americano (venda),R$/US$,diaria,2020-10-27,2020,10,5.64910000
1,dolar_venda,Taxa de câmbio - dólar americano (venda),R$/US$,diaria,2020-10-28,2020,10,5.73250000
1,dolar_venda,Taxa de câmbio - dólar americano (venda),R$/US$,diaria,2020-10-29,2020,10,5.78030000
1,dolar_venda,Taxa de câmbio - dólar americano (venda),R$/US$,diaria,2020-10-30,2020,10,5.77180000
1,dolar_venda,Taxa de câmbio - dólar americano (venda),R$/US$,diaria,2020-11-03,2020,11,5.68950000
1,dolar_venda,Taxa de câmbio - dólar americano (venda),R$/US$,diaria,2020-11-04,2020,11,5.69320000
1,dolar_venda,Taxa de câmbio - dólar americano (venda),R$/US$,diaria,2020-11-05,2020,11,5.56240000
1,dolar_venda,Taxa de câmbio - dólar americano (venda),R$/US$,diaria,2020-11-06,2020,11,5.53130000
1,dolar_venda,Taxa de câmbio - dólar americano (venda),R$/US$,diaria,2020-11-09,2020,11,5.28210000
1,dolar_venda,Taxa de câmbio - dólar americano (venda),R$/US$,diaria,2020-11-10,2020,11,5.36960000
1,dolar_venda,Taxa de câmbio - dólar americano (venda),R$/US$,diaria,2020-11-11,2020,11,5.40200000
1,dolar_venda,Taxa de câmbio - dólar americano (venda),R$/US$,diaria,2020-11-12,2020,11,5.40940000
1,dolar_venda,Taxa de câmbio - dólar americano (venda),R$/US$,diaria,2020-11-13,2020,11,5.48540000
1,dolar_venda,Taxa de câmbio - dólar americano (venda),R$/US$,diaria,2020-11-16,2020,11,5.41980000
1,dolar_venda,Taxa de câmbio - dólar americano (venda),R$/US$,diaria,2020-11-17,2020,11,5.39680000
1,dolar_venda,Taxa de câmbio - dólar americano (venda),R$/US$,diaria,2020-11-18,2020,11,5.29320000
1,dolar_venda,Taxa de câmbio - dólar americano (venda),R$/US$,diaria,2020-11-19,2020,11,5.33300000
1,dolar_venda,Taxa de câmbio - dólar americano (venda),R$/US$,diaria,2020-11-20,2020,11,5.35050000
1,dolar_venda,Taxa de câmbio - dólar americano (venda),R$/US$,diaria,2020-11-23,2020,11,5.38280000
1,dolar_venda,Taxa de câmbio - dólar americano (venda),R$/US$,diaria,2020-11-24,2020,11,5.40370000
1,dolar_venda,Taxa de câmbio - dólar americano (venda),R$/US$,diaria,2020-11-25,2020,11,5.35080000
1,dolar_venda,Taxa de câmbio - dólar americano (venda),R$/US$,diaria,2020-11-26,2020,11,5.32010000
1,dolar_venda,Taxa de câmbio - dólar americano (venda),R$/US$,diaria,2020-11-27,2020,11,5.34940000
1,dolar_venda,Taxa de câmbio - dólar americano (venda),R$/US$,diaria,2020-11-30,2020,11,5.33170000
1,dolar_venda,Taxa de câmbio - dólar americano (venda),R$/US$,diaria,2020-12-01,2020,12,5.27890000
1,dolar_venda,Taxa de câmbio - dólar americano (venda),R$/US$,diaria,2020-12-02,2020,12,5.22670000
1,dolar_venda,Taxa de câmbio - dólar americano (venda),R$/US$,diaria,2020-12-03,2020,12,5.16250000
1,dolar_venda,Taxa de câmbio - dólar americano (venda),R$/US$,diaria,2020-12-04,2020,12,5.17060000
1,dolar_venda,Taxa de câmbio - dólar americano (venda),R$/US$,diaria,2020-12-07,2020,12,5.10180000
1,dolar_venda,Taxa de câmbio - dólar americano (venda),R$/US$,diaria,2020-12-08,2020,12,5.09200000
1,dolar_venda,Taxa de câmbio - dólar americano (venda),R$/US$,diaria,2020-12-09,2020,12,5.11090000
1,dolar_venda,Taxa de câmbio - dólar americano (venda),R$/US$,diaria,2020-12-10,2020,12,5.08520000
1,dolar_venda,Taxa de câmbio - dólar americano (venda),R$/US$,diaria,2020-12-11,2020,12,5.06910000
1,dolar_venda,Taxa de câmbio - dólar americano (venda),R$/US$,diaria,2020-12-14,2020,12,5.05780000
1,dolar_venda,Taxa de câmbio - dólar americano (venda),R$/US$,diaria,2020-12-15,2020,12,5.09680000
1,dolar_venda,Taxa de câmbio - dólar americano (venda),R$/US$,diaria,2020-12-16,2020,12,5.10570000
1,dolar_venda,Taxa de câmbio - dólar americano (venda),R$/US$,diaria,2020-12-17,2020,12,5.06120000
1,dolar_venda,Taxa de câmbio - dólar americano (venda),R$/US$,diaria,2020-12-18,2020,12,5.09860000
1,dolar_venda,Taxa de câmbio - dólar americano (venda),R$/US$,diaria,2020-12-21,2020,12,5.15720000
1,dolar_venda,Taxa de câmbio - dólar americano (venda),R$/US$,diaria,2020-12-22,2020,12,5.14730000
1,dolar_venda,Taxa de câmbio - dólar americano (venda),R$/US$,diaria,2020-12-23,2020,12,5.17400000
1,dolar_venda,Taxa de câmbio - dólar americano (venda),R$/US$,diaria,2020-12-24,2020,12,5.18000000
1,dolar_venda,Taxa de câmbio - dólar americano (venda),R$/US$,diaria,2020-12-28,2020,12,5.23900000
1,dolar_venda,Taxa de câmbio - dólar americano (venda),R$/US$,diaria,2020-12-29,2020,12,5.19420000
1,dolar_venda,Taxa de câmbio - dólar americano (venda),R$/US$,diaria,2020-12-30,2020,12,5.19670000
1,dolar_venda,Taxa de câmbio - dólar americano (venda),R$/US$,diaria,2020-12-31,2020,12,5.19670000
1,dolar_venda,Taxa de câmbio - dólar americano (venda),R$/US$,diaria,2021-01-04,2021,1,5.16260000
1,dolar_venda,Taxa de câmbio - dólar americano (venda),R$/US$,diaria,2021-01-05,2021,1,5.32690000
1,dolar_venda,Taxa de câmbio - dólar americano (venda),R$/US$,diaria,2021-01-06,2021,1,5.31820000
1,dolar_venda,Taxa de câmbio - dólar americano (venda),R$/US$,diaria,2021-01-07,2021,1,5.34330000
1,dolar_venda,Taxa de câmbio - dólar americano (venda),R$/US$,diaria,2021-01-08,2021,1,5.36830000
1,dolar_venda,Taxa de câmbio - dólar americano (venda),R$/US$,diaria,2021-01-11,2021,1,5.49660000
1,dolar_venda,Taxa de câmbio - dólar americano (venda),R$/US$,diaria,2021-01-12,2021,1,5.46370000
1,dolar_venda,Taxa de câmbio - dólar americano (venda),R$/US$,diaria,2021-01-13,2021,1,5.30700000
1,dolar_venda,Taxa de câmbio - dólar americano (venda),R$/US$,diaria,2021-01-14,2021,1,5.26170000
1,dolar_venda,Taxa de câmbio - dólar americano (venda),R$/US$,diaria,2021-01-15,2021,1,5.27140000
1,dolar_venda,Taxa de câmbio - dólar americano (venda),R$/US$,diaria,2021-01-18,2021,1,5.27880000
1,dolar_venda,Taxa de câmbio - dólar americano (venda),R$/US$,diaria,2021-01-19,2021,1,5.29450000
1,dolar_venda,Taxa de câmbio - dólar americano (venda),R$/US$,diaria,2021-01-20,2021,1,5.30330000
1,dolar_venda,Taxa de câmbio - dólar americano (venda),R$/US$,diaria,2021-01-21,2021,1,5.31660000
1,dolar_venda,Taxa de câmbio - dólar americano (venda),R$/US$,diaria,2021-01-22,2021,1,5.43010000
1,dolar_venda,Taxa de câmbio - dólar americano (venda),R$/US$,diaria,2021-01-25,2021,1,5.50890000
1,dolar_venda,Taxa de câmbio - dólar americano (venda),R$/US$,diaria,2021-01-26,2021,1,5.38650000
1,dolar_venda,Taxa de câmbio - dólar americano (venda),R$/US$,diaria,2021-01-27,2021,1,5.38240000
1,dolar_venda,Taxa de câmbio - dólar americano (venda),R$/US$,diaria,2021-01-28,2021,1,5.42820000
1,dolar_venda,Taxa de câmbio - dólar americano (venda),R$/US$,diaria,2021-01-29,2021,1,5.47590000
1,dolar_venda,Taxa de câmbio - dólar americano (venda),R$/US$,diaria,2021-02-01,2021,2,5.46080000
1,dolar_venda,Taxa de câmbio - dólar americano (venda),R$/US$,diaria,2021-02-02,2021,2,5.38750000
1,dolar_venda,Taxa de câmbio - dólar americano (venda),R$/US$,diaria,2021-02-03,2021,2,5.34230000
1,dolar_venda,Taxa de câmbio - dólar americano (venda),R$/US$,diaria,2021-02-04,2021,2,5.39100000
1,dolar_venda,Taxa de câmbio - dólar americano (venda),R$/US$,diaria,2021-02-05,2021,2,5.38840000
1,dolar_venda,Taxa de câmbio - dólar americano (venda),R$/US$,diaria,2021-02-08,2021,2,5.36700000
1,dolar_venda,Taxa de câmbio - dólar americano (venda),R$/US$,diaria,2021-02-09,2021,2,5.42160000
1,dolar_venda,Taxa de câmbio - dólar americano (venda),R$/US$,diaria,2021-02-10,2021,2,5.40240000
1,dolar_venda,Taxa de câmbio - dólar americano (venda),R$/US$,diaria,2021-02-11,2021,2,5.36260000
1,dolar_venda,Taxa de câmbio - dólar americano (venda),R$/US$,diaria,2021-02-12,2021,2,5.38150000
1,dolar_venda,Taxa de câmbio - dólar americano (venda),R$/US$,diaria,2021-02-17,2021,2,5.41380000
1,dolar_venda,Taxa de câmbio - dólar americano (venda),R$/US$,diaria,2021-02-18,2021,2,5.42380000
1,dolar_venda,Taxa de câmbio - dólar americano (venda),R$/US$,diaria,2021-02-19,2021,2,5.39240000
1,dolar_venda,Taxa de câmbio - dólar americano (venda),R$/US$,diaria,2021-02-22,2021,2,5.50440000
1,dolar_venda,Taxa de câmbio - dólar americano (venda),R$/US$,diaria,2021-02-23,2021,2,5.44900000
1,dolar_venda,Taxa de câmbio - dólar americano (venda),R$/US$,diaria,2021-02-24,2021,2,5.41820000
1,dolar_venda,Taxa de câmbio - dólar americano (venda),R$/US$,diaria,2021-02-25,2021,2,5.46000000
1,dolar_venda,Taxa de câmbio - dólar americano (venda),R$/US$,diaria,2021-02-26,2021,2,5.53020000
1,dolar_venda,Taxa de câmbio - dólar americano (venda),R$/US$,diaria,2021-03-01,2021,3,5.58320000
1,dolar_venda,Taxa de câmbio - dólar americano (venda),R$/US$,diaria,2021-03-02,2021,3,5.68440000
1,dolar_venda,Taxa de câmbio - dólar americano (venda),R$/US$,diaria,2021-03-03,2021,3,5.73420000
1,dolar_venda,Taxa de câmbio - dólar americano (venda),R$/US$,diaria,2021-03-04,2021,3,5.60080000
1,dolar_venda,Taxa de câmbio - dólar americano (venda),R$/US$,diaria,2021-03-05,2021,3,5.68700000
1,dolar_venda,Taxa de câmbio - dólar americano (venda),R$/US$,diaria,2021-03-08,2021,3,5.73430000
1,dolar_venda,Taxa de câmbio - dólar americano (venda),R$/US$,diaria,2021-03-09,2021,3,5.83970000
1,dolar_venda,Taxa de câmbio - dólar americano (venda),R$/US$,diaria,2021-03-10,2021,3,5.74490000
1,dolar_venda,Taxa de câmbio - dólar americano (venda),R$/US$,diaria,2021-03-11,2021,3,5.58900000
1,dolar_venda,Taxa de câmbio - dólar americano (venda),R$/US$,diaria,2021-03-12,2021,3,5.56400000
1,dolar_venda,Taxa de câmbio - dólar americano (venda),R$/US$,diaria,2021-03-15,2021,3,5.62960000
1,dolar_venda,Taxa de câmbio - dólar americano (venda),R$/US$,diaria,2021-03-16,2021,3,5.58510000
1,dolar_venda,Taxa de câmbio - dólar americano (venda),R$/US$,diaria,2021-03-17,2021,3,5.65790000
1,dolar_venda,Taxa de câmbio - dólar americano (venda),R$/US$,diaria,2021-03-18,2021,3,5.54740000
1,dolar_venda,Taxa de câmbio - dólar americano (venda),R$/US$,diaria,2021-03-19,2021,3,5.50820000
1,dolar_venda,Taxa de câmbio - dólar americano (venda),R$/US$,diaria,2021-03-22,2021,3,5.52690000
1,dolar_venda,Taxa de câmbio - dólar americano (venda),R$/US$,diaria,2021-03-23,2021,3,5.49510000
1,dolar_venda,Taxa de câmbio - dólar americano (venda),R$/US$,diaria,2021-03-24,2021,3,5.53300000
1,dolar_venda,Taxa de câmbio - dólar americano (venda),R$/US$,diaria,2021-03-25,2021,3,5.65850000
1,dolar_venda,Taxa de câmbio - dólar americano (venda),R$/US$,diaria,2021-03-26,2021,3,5.70420000
1,dolar_venda,Taxa de câmbio - dólar americano (venda),R$/US$,diaria,2021-03-29,2021,3,5.79250000
1,dolar_venda,Taxa de câmbio - dólar americano (venda),R$/US$,diaria,2021-03-30,2021,3,5.76420000
1,dolar_venda,Taxa de câmbio - dólar americano (venda),R$/US$,diaria,2021-03-31,2021,3,5.69730000
1,dolar_venda,Taxa de câmbio - dólar americano (venda),R$/US$,diaria,2021-04-01,2021,4,5.68490000
1,dolar_venda,Taxa de câmbio - dólar americano (venda),R$/US$,diaria,2021-04-05,2021,4,5.65790000
1,dolar_venda,Taxa de câmbio - dólar americano (venda),R$/US$,diaria,2021-04-06,2021,4,5.62630000
1,dolar_venda,Taxa de câmbio - dólar americano (venda),R$/US$,diaria,2021-04-07,2021,4,5.58640000
1,dolar_venda,Taxa de câmbio - dólar americano (venda),R$/US$,diaria,2021-04-08,2021,4,5.58170000
1,dolar_venda,Taxa de câmbio - dólar americano (venda),R$/US$,diaria,2021-04-09,2021,4,5.64450000
1,dolar_venda,Taxa de câmbio - dólar americano (venda),R$/US$,diaria,2021-04-12,2021,4,5.65820000
1,dolar_venda,Taxa de câmbio - dólar americano (venda),R$/US$,diaria,2021-04-13,2021,4,5.70640000
1,dolar_venda,Taxa de câmbio - dólar americano (venda),R$/US$,diaria,2021-04-14,2021,4,5.69360000
1,dolar_venda,Taxa de câmbio - dólar americano (venda),R$/US$,diaria,2021-04-15,2021,4,5.62340000
1,dolar_venda,Taxa de câmbio - dólar americano (venda),R$/US$,diaria,2021-04-16,2021,4,5.63280000
1,dolar_venda,Taxa de câmbio - dólar americano (venda),R$/US$,diaria,2021-04-19,2021,4,5.57500000
1,dolar_venda,Taxa de câmbio - dólar americano (venda),R$/US$,diaria,2021-04-20,2021,4,5.52660000
1,dolar_venda,Taxa de câmbio - dólar americano (venda),R$/US$,diaria,2021-04-22,2021,4,5.49700000
1,dolar_venda,Taxa de câmbio - dólar americano (venda),R$/US$,diaria,2021-04-23,2021,4,5.47870000
1,dolar_venda,Taxa de câmbio - dólar americano (venda),R$/US$,diaria,2021-04-26,2021,4,5.45660000
1,dolar_venda,Taxa de câmbio - dólar americano (venda),R$/US$,diaria,2021-04-27,2021,4,5.44240000
1,dolar_venda,Taxa de câmbio - dólar americano (venda),R$/US$,diaria,2021-04-28,2021,4,5.40050000
1,dolar_venda,Taxa de câmbio - dólar americano (venda),R$/US$,diaria,2021-04-29,2021,4,5.36620000
1,dolar_venda,Taxa de câmbio - dólar americano (venda),R$/US$,diaria,2021-04-30,2021,4,5.40360000
1,dolar_venda,Taxa de câmbio - dólar americano (venda),R$/US$,diaria,2021-05-03,2021,5,5.40870000
1,dolar_venda,Taxa de câmbio - dólar americano (venda),R$/US$,diaria,2021-05-04,2021,5,5.45050000
1,dolar_venda,Taxa de câmbio - dólar americano (venda),R$/US$,diaria,2021-05-05,2021,5,5.38720000
1,dolar_venda,Taxa de câmbio - dólar americano (venda),R$/US$,diaria,2021-05-06,2021,5,5.28970000
1,dolar_venda,Taxa de câmbio - dólar americano (venda),R$/US$,diaria,2021-05-07,2021,5,5.22170000
1,dolar_venda,Taxa de câmbio - dólar americano (venda),R$/US$,diaria,2021-05-10,2021,5,5.22270000
1,dolar_venda,Taxa de câmbio - dólar americano (venda),R$/US$,diaria,2021-05-11,2021,5,5.24030000
1,dolar_venda,Taxa de câmbio - dólar americano (venda),R$/US$,diaria,2021-05-12,2021,5,5.23530000
1,dolar_venda,Taxa de câmbio - dólar americano (venda),R$/US$,diaria,2021-05-13,2021,5,5.28150000
1,dolar_venda,Taxa de câmbio - dólar americano (venda),R$/US$,diaria,2021-05-14,2021,5,5.27010000
1,dolar_venda,Taxa de câmbio - dólar americano (venda),R$/US$,diaria,2021-05-17,2021,5,5.27550000
1,dolar_venda,Taxa de câmbio - dólar americano (venda),R$/US$,diaria,2021-05-18,2021,5,5.25880000
1,dolar_venda,Taxa de câmbio - dólar americano (venda),R$/US$,diaria,2021-05-19,2021,5,5.28220000
1,dolar_venda,Taxa de câmbio - dólar americano (venda),R$/US$,diaria,2021-05-20,2021,5,5.29050000
1,dolar_venda,Taxa de câmbio - dólar americano (venda),R$/US$,diaria,2021-05-21,2021,5,5.30270000
1,dolar_venda,Taxa de câmbio - dólar americano (venda),R$/US$,diaria,2021-05-24,2021,5,5.31980000
1,dolar_venda,Taxa de câmbio - dólar americano (venda),R$/US$,diaria,2021-05-25,2021,5,5.31430000
1,dolar_venda,Taxa de câmbio - dólar americano (venda),R$/US$,diaria,2021-05-26,2021,5,5.31640000
1,dolar_venda,Taxa de câmbio - dólar americano (venda),R$/US$,diaria,2021-05-27,2021,5,5.28400000
1,dolar_venda,Taxa de câmbio - dólar americano (venda),R$/US$,diaria,2021-05-28,2021,5,5.22810000
1,dolar_venda,Taxa de câmbio - dólar americano (venda),R$/US$,diaria,2021-05-31,2021,5,5.23220000
1,dolar_venda,Taxa de câmbio - dólar americano (venda),R$/US$,diaria,2021-06-01,2021,6,5.16360000
1,dolar_venda,Taxa de câmbio - dólar americano (venda),R$/US$,diaria,2021-06-02,2021,6,5.11470000
1,dolar_venda,Taxa de câmbio - dólar americano (venda),R$/US$,diaria,2021-06-04,2021,6,5.06660000
1,dolar_venda,Taxa de câmbio - dólar americano (venda),R$/US$,diaria,2021-06-07,2021,6,5.04980000
1,dolar_venda,Taxa de câmbio - dólar americano (venda),R$/US$,diaria,2021-06-08,2021,6,5.04890000
1,dolar_venda,Taxa de câmbio - dólar americano (venda),R$/US$,diaria,2021-06-09,2021,6,5.05330000
1,dolar_venda,Taxa de câmbio - dólar americano (venda),R$/US$,diaria,2021-06-10,2021,6,5.06350000
1,dolar_venda,Taxa de câmbio - dólar americano (venda),R$/US$,diaria,2021-06-11,2021,6,5.11900000
1,dolar_venda,Taxa de câmbio - dólar americano (venda),R$/US$,diaria,2021-06-14,2021,6,5.07070000
1,dolar_venda,Taxa de câmbio - dólar americano (venda),R$/US$,diaria,2021-06-15,2021,6,5.08740000
1,dolar_venda,Taxa de câmbio - dólar americano (venda),R$/US$,diaria,2021-06-16,2021,6,5.02070000
1,dolar_venda,Taxa de câmbio - dólar americano (venda),R$/US$,diaria,2021-06-17,2021,6,5.03590000
1,dolar_venda,Taxa de câmbio - dólar americano (venda),R$/US$,diaria,2021-06-18,2021,6,5.03140000
1,dolar_venda,Taxa de câmbio - dólar americano (venda),R$/US$,diaria,2021-06-21,2021,6,5.03730000
1,dolar_venda,Taxa de câmbio - dólar americano (venda),R$/US$,diaria,2021-06-22,2021,6,5.01780000
1,dolar_venda,Taxa de câmbio - dólar americano (venda),R$/US$,diaria,2021-06-23,2021,6,4.95190000
1,dolar_venda,Taxa de câmbio - dólar americano (venda),R$/US$,diaria,2021-06-24,2021,6,4.92770000
1,dolar_venda,Taxa de câmbio - dólar americano (venda),R$/US$,diaria,2021-06-25,2021,6,4.92060000
1,dolar_venda,Taxa de câmbio - dólar americano (venda),R$/US$,diaria,2021-06-28,2021,6,4.94200000
1,dolar_venda,Taxa de câmbio - dólar americano (venda),R$/US$,diaria,2021-06-29,2021,6,4.94500000
1,dolar_venda,Taxa de câmbio - dólar americano (venda),R$/US$,diaria,2021-06-30,2021,6,5.00220000
1,dolar_venda,Taxa de câmbio - dólar americano (venda),R$/US$,diaria,2021-07-01,2021,7,5.00550000
1,dolar_venda,Taxa de câmbio - dólar americano (venda),R$/US$,diaria,2021-07-02,2021,7,5.02930000
1,dolar_venda,Taxa de câmbio - dólar americano (venda),R$/US$,diaria,2021-07-05,2021,7,5.07490000
1,dolar_venda,Taxa de câmbio - dólar americano (venda),R$/US$,diaria,2021-07-06,2021,7,5.16450000
1,dolar_venda,Taxa de câmbio - dólar americano (venda),R$/US$,diaria,2021-07-07,2021,7,5.23280000
1,dolar_venda,Taxa de câmbio - dólar americano (venda),R$/US$,diaria,2021-07-08,2021,7,5.25870000
1,dolar_venda,Taxa de câmbio - dólar americano (venda),R$/US$,diaria,2021-07-09,2021,7,5.23930000
1,dolar_venda,Taxa de câmbio - dólar americano (venda),R$/US$,diaria,2021-07-12,2021,7,5.22390000
1,dolar_venda,Taxa de câmbio - dólar americano (venda),R$/US$,diaria,2021-07-13,2021,7,5.17700000
1,dolar_venda,Taxa de câmbio - dólar americano (venda),R$/US$,diaria,2021-07-14,2021,7,5.08800000
1,dolar_venda,Taxa de câmbio - dólar americano (venda),R$/US$,diaria,2021-07-15,2021,7,5.10000000
1,dolar_venda,Taxa de câmbio - dólar americano (venda),R$/US$,diaria,2021-07-16,2021,7,5.09410000
1,dolar_venda,Taxa de câmbio - dólar americano (venda),R$/US$,diaria,2021-07-19,2021,7,5.19780000
1,dolar_venda,Taxa de câmbio - dólar americano (venda),R$/US$,diaria,2021-07-20,2021,7,5.24650000
1,dolar_venda,Taxa de câmbio - dólar americano (venda),R$/US$,diaria,2021-07-21,2021,7,5.25160000
1,dolar_venda,Taxa de câmbio - dólar americano (venda),R$/US$,diaria,2021-07-22,2021,7,5.19780000
1,dolar_venda,Taxa de câmbio - dólar americano (venda),R$/US$,diaria,2021-07-23,2021,7,5.17010000
1,dolar_venda,Taxa de câmbio - dólar americano (venda),R$/US$,diaria,2021-07-26,2021,7,5.18630000
1,dolar_venda,Taxa de câmbio - dólar americano (venda),R$/US$,diaria,2021-07-27,2021,7,5.16690000
1,dolar_venda,Taxa de câmbio - dólar americano (venda),R$/US$,diaria,2021-07-28,2021,7,5.15270000
1,dolar_venda,Taxa de câmbio - dólar americano (venda),R$/US$,diaria,2021-07-29,2021,7,5.06820000
1,dolar_venda,Taxa de câmbio - dólar americano (venda),R$/US$,diaria,2021-07-30,2021,7,5.12160000
1,dolar_venda,Taxa de câmbio - dólar americano (venda),R$/US$,diaria,2021-08-02,2021,8,5.13790000
1,dolar_venda,Taxa de câmbio - dólar americano (venda),R$/US$,diaria,2021-08-03,2021,8,5.24640000
1,dolar_venda,Taxa de câmbio - dólar americano (venda),R$/US$,diaria,2021-08-04,2021,8,5.20910000
1,dolar_venda,Taxa de câmbio - dólar americano (venda),R$/US$,diaria,2021-08-05,2021,8,5.14640000
1,dolar_venda,Taxa de câmbio - dólar americano (venda),R$/US$,diaria,2021-08-06,2021,8,5.24100000
1,dolar_venda,Taxa de câmbio - dólar americano (venda),R$/US$,diaria,2021-08-09,2021,8,5.27740000
1,dolar_venda,Taxa de câmbio - dólar americano (venda),R$/US$,diaria,2021-08-10,2021,8,5.22170000
1,dolar_venda,Taxa de câmbio - dólar americano (venda),R$/US$,diaria,2021-08-11,2021,8,5.20130000
1,dolar_venda,Taxa de câmbio - dólar americano (venda),R$/US$,diaria,2021-08-12,2021,8,5.23510000
1,dolar_venda,Taxa de câmbio - dólar americano (venda),R$/US$,diaria,2021-08-13,2021,8,5.24740000
1,dolar_venda,Taxa de câmbio - dólar americano (venda),R$/US$,diaria,2021-08-16,2021,8,5.24950000
1,dolar_venda,Taxa de câmbio - dólar americano (venda),R$/US$,diaria,2021-08-17,2021,8,5.25850000
1,dolar_venda,Taxa de câmbio - dólar americano (venda),R$/US$,diaria,2021-08-18,2021,8,5.30250000
1,dolar_venda,Taxa de câmbio - dólar americano (venda),R$/US$,diaria,2021-08-19,2021,8,5.41800000
1,dolar_venda,Taxa de câmbio - dólar americano (venda),R$/US$,diaria,2021-08-20,2021,8,5.42740000
1,dolar_venda,Taxa de câmbio - dólar americano (venda),R$/US$,diaria,2021-08-23,2021,8,5.36860000
1,dolar_venda,Taxa de câmbio - dólar americano (venda),R$/US$,diaria,2021-08-24,2021,8,5.30170000
1,dolar_venda,Taxa de câmbio - dólar americano (venda),R$/US$,diaria,2021-08-25,2021,8,5.24650000
1,dolar_venda,Taxa de câmbio - dólar americano (venda),R$/US$,diaria,2021-08-26,2021,8,5.24290000
1,dolar_venda,Taxa de câmbio - dólar americano (venda),R$/US$,diaria,2021-08-27,2021,8,5.22000000
1,dolar_venda,Taxa de câmbio - dólar americano (venda),R$/US$,diaria,2021-08-30,2021,8,5.19520000
1,dolar_venda,Taxa de câmbio - dólar americano (venda),R$/US$,diaria,2021-08-31,2021,8,5.14330000
1,dolar_venda,Taxa de câmbio - dólar americano (venda),R$/US$,diaria,2021-09-01,2021,9,5.15760000
1,dolar_venda,Taxa de câmbio - dólar americano (venda),R$/US$,diaria,2021-09-02,2021,9,5.17350000
1,dolar_venda,Taxa de câmbio - dólar americano (venda),R$/US$,diaria,2021-09-03,2021,9,5.16850000
1,dolar_venda,Taxa de câmbio - dólar americano (venda),R$/US$,diaria,2021-09-06,2021,9,5.17730000
1,dolar_venda,Taxa de câmbio - dólar americano (venda),R$/US$,diaria,2021-09-08,2021,9,5.25240000
1,dolar_venda,Taxa de câmbio - dólar americano (venda),R$/US$,diaria,2021-09-09,2021,9,5.28250000
1,dolar_venda,Taxa de câmbio - dólar americano (venda),R$/US$,diaria,2021-09-10,2021,9,5.21580000
1,dolar_venda,Taxa de câmbio - dólar americano (venda),R$/US$,diaria,2021-09-13,2021,9,5.21900000
1,dolar_venda,Taxa de câmbio - dólar americano (venda),R$/US$,diaria,2021-09-14,2021,9,5.22600000
1,dolar_venda,Taxa de câmbio - dólar americano (venda),R$/US$,diaria,2021-09-15,2021,9,5.25760000
1,dolar_venda,Taxa de câmbio - dólar americano (venda),R$/US$,diaria,2021-09-16,2021,9,5.25940000
1,dolar_venda,Taxa de câmbio - dólar americano (venda),R$/US$,diaria,2021-09-17,2021,9,5.31030000
1,dolar_venda,Taxa de câmbio - dólar americano (venda),R$/US$,diaria,2021-09-20,2021,9,5.33320000
1,dolar_venda,Taxa de câmbio - dólar americano (venda),R$/US$,diaria,2021-09-21,2021,9,5.30440000
1,dolar_venda,Taxa de câmbio - dólar americano (venda),R$/US$,diaria,2021-09-22,2021,9,5.27830000
1,dolar_venda,Taxa de câmbio - dólar americano (venda),R$/US$,diaria,2021-09-23,2021,9,5.28910000
1,dolar_venda,Taxa de câmbio - dólar americano (venda),R$/US$,diaria,2021-09-24,2021,9,5.34350000
1,dolar_venda,Taxa de câmbio - dólar americano (venda),R$/US$,diaria,2021-09-27,2021,9,5.34780000
1,dolar_venda,Taxa de câmbio - dólar americano (venda),R$/US$,diaria,2021-09-28,2021,9,5.42060000
1,dolar_venda,Taxa de câmbio - dólar americano (venda),R$/US$,diaria,2021-09-29,2021,9,5.41730000
1,dolar_venda,Taxa de câmbio - dólar americano (venda),R$/US$,diaria,2021-09-30,2021,9,5.43940000
1,dolar_venda,Taxa de câmbio - dólar americano (venda),R$/US$,diaria,2021-10-01,2021,10,5.39110000
1,dolar_venda,Taxa de câmbio - dólar americano (venda),R$/US$,diaria,2021-10-04,2021,10,5.42040000
1,dolar_venda,Taxa de câmbio - dólar americano (venda),R$/US$,diaria,2021-10-05,2021,10,5.46110000
1,dolar_venda,Taxa de câmbio - dólar americano (venda),R$/US$,diaria,2021-10-06,2021,10,5.50970000
1,dolar_venda,Taxa de câmbio - dólar americano (venda),R$/US$,diaria,2021-10-07,2021,10,5.51400000
1,dolar_venda,Taxa de câmbio - dólar americano (venda),R$/US$,diaria,2021-10-08,2021,10,5.50840000
1,dolar_venda,Taxa de câmbio - dólar americano (venda),R$/US$,diaria,2021-10-11,2021,10,5.51610000
1,dolar_venda,Taxa de câmbio - dólar americano (venda),R$/US$,diaria,2021-10-13,2021,10,5.54710000
1,dolar_venda,Taxa de câmbio - dólar americano (venda),R$/US$,diaria,2021-10-14,2021,10,5.49880000
1,dolar_venda,Taxa de câmbio - dólar americano (venda),R$/US$,diaria,2021-10-15,2021,10,5.45100000
1,dolar_venda,Taxa de câmbio - dólar americano (venda),R$/US$,diaria,2021-10-18,2021,10,5.51930000
1,dolar_venda,Taxa de câmbio - dólar americano (venda),R$/US$,diaria,2021-10-19,2021,10,5.55210000
1,dolar_venda,Taxa de câmbio - dólar americano (venda),R$/US$,diaria,2021-10-20,2021,10,5.55710000
1,dolar_venda,Taxa de câmbio - dólar americano (venda),R$/US$,diaria,2021-10-21,2021,10,5.64230000
1,dolar_venda,Taxa de câmbio - dólar americano (venda),R$/US$,diaria,2021-10-22,2021,10,5.71170000
1,dolar_venda,Taxa de câmbio - dólar americano (venda),R$/US$,diaria,2021-10-25,2021,10,5.59730000
1,dolar_venda,Taxa de câmbio - dólar americano (venda),R$/US$,diaria,2021-10-26,2021,10,5.58000000
1,dolar_venda,Taxa de câmbio - dólar americano (venda),R$/US$,diaria,2021-10-27,2021,10,5.56670000
1,dolar_venda,Taxa de câmbio - dólar americano (venda),R$/US$,diaria,2021-10-28,2021,10,5.61240000
1,dolar_venda,Taxa de câmbio - dólar americano (venda),R$/US$,diaria,2021-10-29,2021,10,5.64300000
1,dolar_venda,Taxa de câmbio - dólar americano (venda),R$/US$,diaria,2021-11-01,2021,11,5.66940000
1,dolar_venda,Taxa de câmbio - dólar americano (venda),R$/US$,diaria,2021-11-03,2021,11,5.66720000
1,dolar_venda,Taxa de câmbio - dólar americano (venda),R$/US$,diaria,2021-11-04,2021,11,5.59420000
1,dolar_venda,Taxa de câmbio - dólar americano (venda),R$/US$,diaria,2021-11-05,2021,11,5.54550000
1,dolar_venda,Taxa de câmbio - dólar americano (venda),R$/US$,diaria,2021-11-08,2021,11,5.56270000
1,dolar_venda,Taxa de câmbio - dólar americano (venda),R$/US$,diaria,2021-11-09,2021,11,5.49570000
1,dolar_venda,Taxa de câmbio - dólar americano (venda),R$/US$,diaria,2021-11-10,2021,11,5.45900000
1,dolar_venda,Taxa de câmbio - dólar americano (venda),R$/US$,diaria,2021-11-11,2021,11,5.41710000
1,dolar_venda,Taxa de câmbio - dólar americano (venda),R$/US$,diaria,2021-11-12,2021,11,5.41990000
1,dolar_venda,Taxa de câmbio - dólar americano (venda),R$/US$,diaria,2021-11-16,2021,11,5.47720000
1,dolar_venda,Taxa de câmbio - dólar americano (venda),R$/US$,diaria,2021-11-17,2021,11,5.49930000
1,dolar_venda,Taxa de câmbio - dólar americano (venda),R$/US$,diaria,2021-11-18,2021,11,5.54700000
1,dolar_venda,Taxa de câmbio - dólar americano (venda),R$/US$,diaria,2021-11-19,2021,11,5.55840000
1,dolar_venda,Taxa de câmbio - dólar americano (venda),R$/US$,diaria,2021-11-22,2021,11,5.58410000
1,dolar_venda,Taxa de câmbio - dólar americano (venda),R$/US$,diaria,2021-11-23,2021,11,5.64560000
1,dolar_venda,Taxa de câmbio - dólar americano (venda),R$/US$,diaria,2021-11-24,2021,11,5.60270000
1,dolar_venda,Taxa de câmbio - dólar americano (venda),R$/US$,diaria,2021-11-25,2021,11,5.57400000
1,dolar_venda,Taxa de câmbio - dólar americano (venda),R$/US$,diaria,2021-11-26,2021,11,5.58650000
1,dolar_venda,Taxa de câmbio - dólar americano (venda),R$/US$,diaria,2021-11-29,2021,11,5.61180000
1,dolar_venda,Taxa de câmbio - dólar americano (venda),R$/US$,diaria,2021-11-30,2021,11,5.61990000
1,dolar_venda,Taxa de câmbio - dólar americano (venda),R$/US$,diaria,2021-12-01,2021,12,5.61680000
1,dolar_venda,Taxa de câmbio - dólar americano (venda),R$/US$,diaria,2021-12-02,2021,12,5.63450000
1,dolar_venda,Taxa de câmbio - dólar americano (venda),R$/US$,diaria,2021-12-03,2021,12,5.64320000
1,dolar_venda,Taxa de câmbio - dólar americano (venda),R$/US$,diaria,2021-12-06,2021,12,5.68770000
1,dolar_venda,Taxa de câmbio - dólar americano (venda),R$/US$,diaria,2021-12-07,2021,12,5.64110000
1,dolar_venda,Taxa de câmbio - dólar americano (venda),R$/US$,diaria,2021-12-08,2021,12,5.57790000
1,dolar_venda,Taxa de câmbio - dólar americano (venda),R$/US$,diaria,2021-12-09,2021,12,5.55640000
1,dolar_venda,Taxa de câmbio - dólar americano (venda),R$/US$,diaria,2021-12-10,2021,12,5.59310000
1,dolar_venda,Taxa de câmbio - dólar americano (venda),R$/US$,diaria,2021-12-13,2021,12,5.63570000
1,dolar_venda,Taxa de câmbio - dólar americano (venda),R$/US$,diaria,2021-12-14,2021,12,5.64610000
1,dolar_venda,Taxa de câmbio - dólar americano (venda),R$/US$,diaria,2021-12-15,2021,12,5.71270000
1,dolar_venda,Taxa de câmbio - dólar americano (venda),R$/US$,diaria,2021-12-16,2021,12,5.69630000
1,dolar_venda,Taxa de câmbio - dólar americano (venda),R$/US$,diaria,2021-12-17,2021,12,5.69590000
1,dolar_venda,Taxa de câmbio - dólar americano (venda),R$/US$,diaria,2021-12-20,2021,12,5.70550000
1,dolar_venda,Taxa de câmbio - dólar americano (venda),R$/US$,diaria,2021-12-21,2021,12,5.73720000
1,dolar_venda,Taxa de câmbio - dólar americano (venda),R$/US$,diaria,2021-12-22,2021,12,5.72010000
1,dolar_venda,Taxa de câmbio - dólar americano (venda),R$/US$,diaria,2021-12-23,2021,12,5.69100000
1,dolar_venda,Taxa de câmbio - dólar americano (venda),R$/US$,diaria,2021-12-24,2021,12,5.65910000
1,dolar_venda,Taxa de câmbio - dólar americano (venda),R$/US$,diaria,2021-12-27,2021,12,5.66500000
1,dolar_venda,Taxa de câmbio - dólar americano (venda),R$/US$,diaria,2021-12-28,2021,12,5.64380000
1,dolar_venda,Taxa de câmbio - dólar americano (venda),R$/US$,diaria,2021-12-29,2021,12,5.66190000
1,dolar_venda,Taxa de câmbio - dólar americano (venda),R$/US$,diaria,2021-12-30,2021,12,5.58050000
1,dolar_venda,Taxa de câmbio - dólar americano (venda),R$/US$,diaria,2021-12-31,2021,12,5.58050000
1,dolar_venda,Taxa de câmbio - dólar americano (venda),R$/US$,diaria,2022-01-03,2022,1,5.63090000
1,dolar_venda,Taxa de câmbio - dólar americano (venda),R$/US$,diaria,2022-01-04,2022,1,5.67760000
1,dolar_venda,Taxa de câmbio - dólar americano (venda),R$/US$,diaria,2022-01-05,2022,1,5.66280000
1,dolar_venda,Taxa de câmbio - dólar americano (venda),R$/US$,diaria,2022-01-06,2022,1,5.70420000
1,dolar_venda,Taxa de câmbio - dólar americano (venda),R$/US$,diaria,2022-01-07,2022,1,5.67530000
1,dolar_venda,Taxa de câmbio - dólar americano (venda),R$/US$,diaria,2022-01-10,2022,1,5.67360000
1,dolar_venda,Taxa de câmbio - dólar americano (venda),R$/US$,diaria,2022-01-11,2022,1,5.63510000
1,dolar_venda,Taxa de câmbio - dólar americano (venda),R$/US$,diaria,2022-01-12,2022,1,5.56110000
1,dolar_venda,Taxa de câmbio - dólar americano (venda),R$/US$,diaria,2022-01-13,2022,1,5.52460000
1,dolar_venda,Taxa de câmbio - dólar americano (venda),R$/US$,diaria,2022-01-14,2022,1,5.53490000
1,dolar_venda,Taxa de câmbio - dólar americano (venda),R$/US$,diaria,2022-01-17,2022,1,5.50580000
1,dolar_venda,Taxa de câmbio - dólar americano (venda),R$/US$,diaria,2022-01-18,2022,1,5.52130000
1,dolar_venda,Taxa de câmbio - dólar americano (venda),R$/US$,diaria,2022-01-19,2022,1,5.49780000
1,dolar_venda,Taxa de câmbio - dólar americano (venda),R$/US$,diaria,2022-01-20,2022,1,5.41660000
1,dolar_venda,Taxa de câmbio - dólar americano (venda),R$/US$,diaria,2022-01-21,2022,1,5.44010000
1,dolar_venda,Taxa de câmbio - dólar americano (venda),R$/US$,diaria,2022-01-24,2022,1,5.49100000
1,dolar_venda,Taxa de câmbio - dólar americano (venda),R$/US$,diaria,2022-01-25,2022,1,5.49710000
1,dolar_venda,Taxa de câmbio - dólar americano (venda),R$/US$,diaria,2022-01-26,2022,1,5.43240000
1,dolar_venda,Taxa de câmbio - dólar americano (venda),R$/US$,diaria,2022-01-27,2022,1,5.38120000
1,dolar_venda,Taxa de câmbio - dólar americano (venda),R$/US$,diaria,2022-01-28,2022,1,5.39540000
1,dolar_venda,Taxa de câmbio - dólar americano (venda),R$/US$,diaria,2022-01-31,2022,1,5.35740000
1,dolar_venda,Taxa de câmbio - dólar americano (venda),R$/US$,diaria,2022-02-01,2022,2,5.28100000
1,dolar_venda,Taxa de câmbio - dólar americano (venda),R$/US$,diaria,2022-02-02,2022,2,5.29560000
1,dolar_venda,Taxa de câmbio - dólar americano (venda),R$/US$,diaria,2022-02-03,2022,2,5.30250000
1,dolar_venda,Taxa de câmbio - dólar americano (venda),R$/US$,diaria,2022-02-04,2022,2,5.32840000
1,dolar_venda,Taxa de câmbio - dólar americano (venda),R$/US$,diaria,2022-02-07,2022,2,5.29130000
1,dolar_venda,Taxa de câmbio - dólar americano (venda),R$/US$,diaria,2022-02-08,2022,2,5.26990000
1,dolar_venda,Taxa de câmbio - dólar americano (venda),R$/US$,diaria,2022-02-09,2022,2,5.27350000
1,dolar_venda,Taxa de câmbio - dólar americano (venda),R$/US$,diaria,2022-02-10,2022,2,5.21010000
1,dolar_venda,Taxa de câmbio - dólar americano (venda),R$/US$,diaria,2022-02-11,2022,2,5.19870000
1,dolar_venda,Taxa de câmbio - dólar americano (venda),R$/US$,diaria,2022-02-14,2022,2,5.21060000
1,dolar_venda,Taxa de câmbio - dólar americano (venda),R$/US$,diaria,2022-02-15,2022,2,5.18810000
1,dolar_venda,Taxa de câmbio - dólar americano (venda),R$/US$,diaria,2022-02-16,2022,2,5.16300000
1,dolar_venda,Taxa de câmbio - dólar americano (venda),R$/US$,diaria,2022-02-17,2022,2,5.15650000
1,dolar_venda,Taxa de câmbio - dólar americano (venda),R$/US$,diaria,2022-02-18,2022,2,5.13390000
1,dolar_venda,Taxa de câmbio - dólar americano (venda),R$/US$,diaria,2022-02-21,2022,2,5.09970000
1,dolar_venda,Taxa de câmbio - dólar americano (venda),R$/US$,diaria,2022-02-22,2022,2,5.06110000
1,dolar_venda,Taxa de câmbio - dólar americano (venda),R$/US$,diaria,2022-02-23,2022,2,5.01430000
1,dolar_venda,Taxa de câmbio - dólar americano (venda),R$/US$,diaria,2022-02-24,2022,2,5.11740000
1,dolar_venda,Taxa de câmbio - dólar americano (venda),R$/US$,diaria,2022-02-25,2022,2,5.13940000
1,dolar_venda,Taxa de câmbio - dólar americano (venda),R$/US$,diaria,2022-03-02,2022,3,5.13470000
1,dolar_venda,Taxa de câmbio - dólar americano (venda),R$/US$,diaria,2022-03-03,2022,3,5.04790000
1,dolar_venda,Taxa de câmbio - dólar americano (venda),R$/US$,diaria,2022-03-04,2022,3,5.07580000
1,dolar_venda,Taxa de câmbio - dólar americano (venda),R$/US$,diaria,2022-03-07,2022,3,5.05790000
1,dolar_venda,Taxa de câmbio - dólar americano (venda),R$/US$,diaria,2022-03-08,2022,3,5.09030000
1,dolar_venda,Taxa de câmbio - dólar americano (venda),R$/US$,diaria,2022-03-09,2022,3,5.00940000
1,dolar_venda,Taxa de câmbio - dólar americano (venda),R$/US$,diaria,2022-03-10,2022,3,5.05130000
1,dolar_venda,Taxa de câmbio - dólar americano (venda),R$/US$,diaria,2022-03-11,2022,3,5.02550000
1,dolar_venda,Taxa de câmbio - dólar americano (venda),R$/US$,diaria,2022-03-14,2022,3,5.06470000
1,dolar_venda,Taxa de câmbio - dólar americano (venda),R$/US$,diaria,2022-03-15,2022,3,5.13140000
1,dolar_venda,Taxa de câmbio - dólar americano (venda),R$/US$,diaria,2022-03-16,2022,3,5.12870000
1,dolar_venda,Taxa de câmbio - dólar americano (venda),R$/US$,diaria,2022-03-17,2022,3,5.07640000
1,dolar_venda,Taxa de câmbio - dólar americano (venda),R$/US$,diaria,2022-03-18,2022,3,5.04110000
1,dolar_venda,Taxa de câmbio - dólar americano (venda),R$/US$,diaria,2022-03-21,2022,3,4.96660000
1,dolar_venda,Taxa de câmbio - dólar americano (venda),R$/US$,diaria,2022-03-22,2022,3,4.92080000
1,dolar_venda,Taxa de câmbio - dólar americano (venda),R$/US$,diaria,2022-03-23,2022,3,4.87040000
1,dolar_venda,Taxa de câmbio - dólar americano (venda),R$/US$,diaria,2022-03-24,2022,3,4.80670000
1,dolar_venda,Taxa de câmbio - dólar americano (venda),R$/US$,diaria,2022-03-25,2022,3,4.77820000
1,dolar_venda,Taxa de câmbio - dólar americano (venda),R$/US$,diaria,2022-03-28,2022,3,4.79050000
1,dolar_venda,Taxa de câmbio - dólar americano (venda),R$/US$,diaria,2022-03-29,2022,3,4.74860000
1,dolar_venda,Taxa de câmbio - dólar americano (venda),R$/US$,diaria,2022-03-30,2022,3,4.74970000
1,dolar_venda,Taxa de câmbio - dólar americano (venda),R$/US$,diaria,2022-03-31,2022,3,4.73780000
1,dolar_venda,Taxa de câmbio - dólar americano (venda),R$/US$,diaria,2022-04-01,2022,4,4.69840000
1,dolar_venda,Taxa de câmbio - dólar americano (venda),R$/US$,diaria,2022-04-04,2022,4,4.61750000
1,dolar_venda,Taxa de câmbio - dólar americano (venda),R$/US$,diaria,2022-04-05,2022,4,4.64000000
1,dolar_venda,Taxa de câmbio - dólar americano (venda),R$/US$,diaria,2022-04-06,2022,4,4.69670000
1,dolar_venda,Taxa de câmbio - dólar americano (venda),R$/US$,diaria,2022-04-07,2022,4,4.74220000
1,dolar_venda,Taxa de câmbio - dólar americano (venda),R$/US$,diaria,2022-04-08,2022,4,4.75130000
1,dolar_venda,Taxa de câmbio - dólar americano (venda),R$/US$,diaria,2022-04-11,2022,4,4.70250000
1,dolar_venda,Taxa de câmbio - dólar americano (venda),R$/US$,diaria,2022-04-12,2022,4,4.64830000
1,dolar_venda,Taxa de câmbio - dólar americano (venda),R$/US$,diaria,2022-04-13,2022,4,4.68110000
1,dolar_venda,Taxa de câmbio - dólar americano (venda),R$/US$,diaria,2022-04-14,2022,4,4.71580000
1,dolar_venda,Taxa de câmbio - dólar americano (venda),R$/US$,diaria,2022-04-18,2022,4,4.67460000
1,dolar_venda,Taxa de câmbio - dólar americano (venda),R$/US$,diaria,2022-04-19,2022,4,4.66640000
1,dolar_venda,Taxa de câmbio - dólar americano (venda),R$/US$,diaria,2022-04-20,2022,4,4.63970000
1,dolar_venda,Taxa de câmbio - dólar americano (venda),R$/US$,diaria,2022-04-22,2022,4,4.73260000
1,dolar_venda,Taxa de câmbio - dólar americano (venda),R$/US$,diaria,2022-04-25,2022,4,4.88180000
1,dolar_venda,Taxa de câmbio - dólar americano (venda),R$/US$,diaria,2022-04-26,2022,4,4.96660000
1,dolar_venda,Taxa de câmbio - dólar americano (venda),R$/US$,diaria,2022-04-27,2022,4,5.01670000
1,dolar_venda,Taxa de câmbio - dólar americano (venda),R$/US$,diaria,2022-04-28,2022,4,5.01100000
1,dolar_venda,Taxa de câmbio - dólar americano (venda),R$/US$,diaria,2022-04-29,2022,4,4.91910000
1,dolar_venda,Taxa de câmbio - dólar americano (venda),R$/US$,diaria,2022-05-02,2022,5,5.02660000
1,dolar_venda,Taxa de câmbio - dólar americano (venda),R$/US$,diaria,2022-05-03,2022,5,5.01670000
1,dolar_venda,Taxa de câmbio - dólar americano (venda),R$/US$,diaria,2022-05-04,2022,5,5.00930000
1,dolar_venda,Taxa de câmbio - dólar americano (venda),R$/US$,diaria,2022-05-05,2022,5,5.00510000
1,dolar_venda,Taxa de câmbio - dólar americano (venda),R$/US$,diaria,2022-05-06,2022,5,5.07500000
1,dolar_venda,Taxa de câmbio - dólar americano (venda),R$/US$,diaria,2022-05-09,2022,5,5.13400000
1,dolar_venda,Taxa de câmbio - dólar americano (venda),R$/US$,diaria,2022-05-10,2022,5,5.13900000
1,dolar_venda,Taxa de câmbio - dólar americano (venda),R$/US$,diaria,2022-05-11,2022,5,5.12440000
1,dolar_venda,Taxa de câmbio - dólar americano (venda),R$/US$,diaria,2022-05-12,2022,5,5.14820000
1,dolar_venda,Taxa de câmbio - dólar americano (venda),R$/US$,diaria,2022-05-13,2022,5,5.10750000
1,dolar_venda,Taxa de câmbio - dólar americano (venda),R$/US$,diaria,2022-05-16,2022,5,5.06660000
1,dolar_venda,Taxa de câmbio - dólar americano (venda),R$/US$,diaria,2022-05-17,2022,5,4.96760000
1,dolar_venda,Taxa de câmbio - dólar americano (venda),R$/US$,diaria,2022-05-18,2022,5,4.95920000
1,dolar_venda,Taxa de câmbio - dólar americano (venda),R$/US$,diaria,2022-05-19,2022,5,4.91980000
1,dolar_venda,Taxa de câmbio - dólar americano (venda),R$/US$,diaria,2022-05-20,2022,5,4.87770000
1,dolar_venda,Taxa de câmbio - dólar americano (venda),R$/US$,diaria,2022-05-23,2022,5,4.79730000
1,dolar_venda,Taxa de câmbio - dólar americano (venda),R$/US$,diaria,2022-05-24,2022,5,4.81060000
1,dolar_venda,Taxa de câmbio - dólar americano (venda),R$/US$,diaria,2022-05-25,2022,5,4.83590000
1,dolar_venda,Taxa de câmbio - dólar americano (venda),R$/US$,diaria,2022-05-26,2022,5,4.79670000
1,dolar_venda,Taxa de câmbio - dólar americano (venda),R$/US$,diaria,2022-05-27,2022,5,4.74340000
1,dolar_venda,Taxa de câmbio - dólar americano (venda),R$/US$,diaria,2022-05-30,2022,5,4.72160000
1,dolar_venda,Taxa de câmbio - dólar americano (venda),R$/US$,diaria,2022-05-31,2022,5,4.72890000
1,dolar_venda,Taxa de câmbio - dólar americano (venda),R$/US$,diaria,2022-06-01,2022,6,4.77650000
1,dolar_venda,Taxa de câmbio - dólar americano (venda),R$/US$,diaria,2022-06-02,2022,6,4.78790000
1,dolar_venda,Taxa de câmbio - dólar americano (venda),R$/US$,diaria,2022-06-03,2022,6,4.79560000
1,dolar_venda,Taxa de câmbio - dólar americano (venda),R$/US$,diaria,2022-06-06,2022,6,4.78390000
1,dolar_venda,Taxa de câmbio - dólar americano (venda),R$/US$,diaria,2022-06-07,2022,6,4.89090000
1,dolar_venda,Taxa de câmbio - dólar americano (venda),R$/US$,diaria,2022-06-08,2022,6,4.87110000
1,dolar_venda,Taxa de câmbio - dólar americano (venda),R$/US$,diaria,2022-06-09,2022,6,4.89510000
1,dolar_venda,Taxa de câmbio - dólar americano (venda),R$/US$,diaria,2022-06-10,2022,6,4.98360000
1,dolar_venda,Taxa de câmbio - dólar americano (venda),R$/US$,diaria,2022-06-13,2022,6,5.10330000
1,dolar_venda,Taxa de câmbio - dólar americano (venda),R$/US$,diaria,2022-06-14,2022,6,5.12030000
1,dolar_venda,Taxa de câmbio - dólar americano (venda),R$/US$,diaria,2022-06-15,2022,6,5.11190000
1,dolar_venda,Taxa de câmbio - dólar americano (venda),R$/US$,diaria,2022-06-17,2022,6,5.13130000
1,dolar_venda,Taxa de câmbio - dólar americano (venda),R$/US$,diaria,2022-06-20,2022,6,5.16410000
1,dolar_venda,Taxa de câmbio - dólar americano (venda),R$/US$,diaria,2022-06-21,2022,6,5.14620000
1,dolar_venda,Taxa de câmbio - dólar americano (venda),R$/US$,diaria,2022-06-22,2022,6,5.15090000
1,dolar_venda,Taxa de câmbio - dólar americano (venda),R$/US$,diaria,2022-06-23,2022,6,5.18330000
1,dolar_venda,Taxa de câmbio - dólar americano (venda),R$/US$,diaria,2022-06-24,2022,6,5.23340000
1,dolar_venda,Taxa de câmbio - dólar americano (venda),R$/US$,diaria,2022-06-27,2022,6,5.22140000
1,dolar_venda,Taxa de câmbio - dólar americano (venda),R$/US$,diaria,2022-06-28,2022,6,5.21790000
1,dolar_venda,Taxa de câmbio - dólar americano (venda),R$/US$,diaria,2022-06-29,2022,6,5.22680000
1,dolar_venda,Taxa de câmbio - dólar americano (venda),R$/US$,diaria,2022-06-30,2022,6,5.23800000
1,dolar_venda,Taxa de câmbio - dólar americano (venda),R$/US$,diaria,2022-07-01,2022,7,5.31420000
1,dolar_venda,Taxa de câmbio - dólar americano (venda),R$/US$,diaria,2022-07-04,2022,7,5.30380000
1,dolar_venda,Taxa de câmbio - dólar americano (venda),R$/US$,diaria,2022-07-05,2022,7,5.38990000
1,dolar_venda,Taxa de câmbio - dólar americano (venda),R$/US$,diaria,2022-07-06,2022,7,5.43210000
1,dolar_venda,Taxa de câmbio - dólar americano (venda),R$/US$,diaria,2022-07-07,2022,7,5.36400000
1,dolar_venda,Taxa de câmbio - dólar americano (venda),R$/US$,diaria,2022-07-08,2022,7,5.30860000
1,dolar_venda,Taxa de câmbio - dólar americano (venda),R$/US$,diaria,2022-07-11,2022,7,5.34770000
1,dolar_venda,Taxa de câmbio - dólar americano (venda),R$/US$,diaria,2022-07-12,2022,7,5.41200000
1,dolar_venda,Taxa de câmbio - dólar americano (venda),R$/US$,diaria,2022-07-13,2022,7,5.39920000
1,dolar_venda,Taxa de câmbio - dólar americano (venda),R$/US$,diaria,2022-07-14,2022,7,5.45680000
1,dolar_venda,Taxa de câmbio - dólar americano (venda),R$/US$,diaria,2022-07-15,2022,7,5.40140000
1,dolar_venda,Taxa de câmbio - dólar americano (venda),R$/US$,diaria,2022-07-18,2022,7,5.36750000
1,dolar_venda,Taxa de câmbio - dólar americano (venda),R$/US$,diaria,2022-07-19,2022,7,5.39040000
1,dolar_venda,Taxa de câmbio - dólar americano (venda),R$/US$,diaria,2022-07-20,2022,7,5.42880000
1,dolar_venda,Taxa de câmbio - dólar americano (venda),R$/US$,diaria,2022-07-21,2022,7,5.47500000
1,dolar_venda,Taxa de câmbio - dólar americano (venda),R$/US$,diaria,2022-07-22,2022,7,5.45220000
1,dolar_venda,Taxa de câmbio - dólar americano (venda),R$/US$,diaria,2022-07-25,2022,7,5.41440000
1,dolar_venda,Taxa de câmbio - dólar americano (venda),R$/US$,diaria,2022-07-26,2022,7,5.36080000
1,dolar_venda,Taxa de câmbio - dólar americano (venda),R$/US$,diaria,2022-07-27,2022,7,5.30740000
1,dolar_venda,Taxa de câmbio - dólar americano (venda),R$/US$,diaria,2022-07-28,2022,7,5.21490000
1,dolar_venda,Taxa de câmbio - dólar americano (venda),R$/US$,diaria,2022-07-29,2022,7,5.18840000
1,dolar_venda,Taxa de câmbio - dólar americano (venda),R$/US$,diaria,2022-08-01,2022,8,5.16060000
1,dolar_venda,Taxa de câmbio - dólar americano (venda),R$/US$,diaria,2022-08-02,2022,8,5.23290000
1,dolar_venda,Taxa de câmbio - dólar americano (venda),R$/US$,diaria,2022-08-03,2022,8,5.28460000
1,dolar_venda,Taxa de câmbio - dólar americano (venda),R$/US$,diaria,2022-08-04,2022,8,5.24090000
1,dolar_venda,Taxa de câmbio - dólar americano (venda),R$/US$,diaria,2022-08-05,2022,8,5.21650000
1,dolar_venda,Taxa de câmbio - dólar americano (venda),R$/US$,diaria,2022-08-08,2022,8,5.12470000
1,dolar_venda,Taxa de câmbio - dólar americano (venda),R$/US$,diaria,2022-08-09,2022,8,5.12240000
1,dolar_venda,Taxa de câmbio - dólar americano (venda),R$/US$,diaria,2022-08-10,2022,8,5.04970000
1,dolar_venda,Taxa de câmbio - dólar americano (venda),R$/US$,diaria,2022-08-11,2022,8,5.11270000
1,dolar_venda,Taxa de câmbio - dólar americano (venda),R$/US$,diaria,2022-08-12,2022,8,5.10230000
1,dolar_venda,Taxa de câmbio - dólar americano (venda),R$/US$,diaria,2022-08-15,2022,8,5.09250000
1,dolar_venda,Taxa de câmbio - dólar americano (venda),R$/US$,diaria,2022-08-16,2022,8,5.13400000
1,dolar_venda,Taxa de câmbio - dólar americano (venda),R$/US$,diaria,2022-08-17,2022,8,5.17840000
1,dolar_venda,Taxa de câmbio - dólar americano (venda),R$/US$,diaria,2022-08-18,2022,8,5.17730000
1,dolar_venda,Taxa de câmbio - dólar americano (venda),R$/US$,diaria,2022-08-19,2022,8,5.19610000
1,dolar_venda,Taxa de câmbio - dólar americano (venda),R$/US$,diaria,2022-08-22,2022,8,5.17090000
1,dolar_venda,Taxa de câmbio - dólar americano (venda),R$/US$,diaria,2022-08-23,2022,8,5.10300000
1,dolar_venda,Taxa de câmbio - dólar americano (venda),R$/US$,diaria,2022-08-24,2022,8,5.10500000
1,dolar_venda,Taxa de câmbio - dólar americano (venda),R$/US$,diaria,2022-08-25,2022,8,5.11730000
1,dolar_venda,Taxa de câmbio - dólar americano (venda),R$/US$,diaria,2022-08-26,2022,8,5.09030000
1,dolar_venda,Taxa de câmbio - dólar americano (venda),R$/US$,diaria,2022-08-29,2022,8,5.04280000
1,dolar_venda,Taxa de câmbio - dólar americano (venda),R$/US$,diaria,2022-08-30,2022,8,5.06170000
1,dolar_venda,Taxa de câmbio - dólar americano (venda),R$/US$,diaria,2022-08-31,2022,8,5.17900000
1,dolar_venda,Taxa de câmbio - dólar americano (venda),R$/US$,diaria,2022-09-01,2022,9,5.20070000
1,dolar_venda,Taxa de câmbio - dólar americano (venda),R$/US$,diaria,2022-09-02,2022,9,5.18780000
1,dolar_venda,Taxa de câmbio - dólar americano (venda),R$/US$,diaria,2022-09-05,2022,9,5.16860000
1,dolar_venda,Taxa de câmbio - dólar americano (venda),R$/US$,diaria,2022-09-06,2022,9,5.22280000
1,dolar_venda,Taxa de câmbio - dólar americano (venda),R$/US$,diaria,2022-09-08,2022,9,5.21550000
1,dolar_venda,Taxa de câmbio - dólar americano (venda),R$/US$,diaria,2022-09-09,2022,9,5.16330000
1,dolar_venda,Taxa de câmbio - dólar americano (venda),R$/US$,diaria,2022-09-12,2022,9,5.11830000
1,dolar_venda,Taxa de câmbio - dólar americano (venda),R$/US$,diaria,2022-09-13,2022,9,5.17940000
1,dolar_venda,Taxa de câmbio - dólar americano (venda),R$/US$,diaria,2022-09-14,2022,9,5.17740000
1,dolar_venda,Taxa de câmbio - dólar americano (venda),R$/US$,diaria,2022-09-15,2022,9,5.22110000
1,dolar_venda,Taxa de câmbio - dólar americano (venda),R$/US$,diaria,2022-09-16,2022,9,5.28820000
1,dolar_venda,Taxa de câmbio - dólar americano (venda),R$/US$,diaria,2022-09-19,2022,9,5.23670000
1,dolar_venda,Taxa de câmbio - dólar americano (venda),R$/US$,diaria,2022-09-20,2022,9,5.17050000
1,dolar_venda,Taxa de câmbio - dólar americano (venda),R$/US$,diaria,2022-09-21,2022,9,5.16920000
1,dolar_venda,Taxa de câmbio - dólar americano (venda),R$/US$,diaria,2022-09-22,2022,9,5.16770000
1,dolar_venda,Taxa de câmbio - dólar americano (venda),R$/US$,diaria,2022-09-23,2022,9,5.22570000
1,dolar_venda,Taxa de câmbio - dólar americano (venda),R$/US$,diaria,2022-09-26,2022,9,5.35480000
1,dolar_venda,Taxa de câmbio - dólar americano (venda),R$/US$,diaria,2022-09-27,2022,9,5.35080000
1,dolar_venda,Taxa de câmbio - dólar americano (venda),R$/US$,diaria,2022-09-28,2022,9,5.35940000
1,dolar_venda,Taxa de câmbio - dólar americano (venda),R$/US$,diaria,2022-09-29,2022,9,5.39160000
1,dolar_venda,Taxa de câmbio - dólar americano (venda),R$/US$,diaria,2022-09-30,2022,9,5.40660000
1,dolar_venda,Taxa de câmbio - dólar americano (venda),R$/US$,diaria,2022-10-03,2022,10,5.20020000
1,dolar_venda,Taxa de câmbio - dólar americano (venda),R$/US$,diaria,2022-10-04,2022,10,5.14110000
1,dolar_venda,Taxa de câmbio - dólar americano (venda),R$/US$,diaria,2022-10-05,2022,10,5.21440000
1,dolar_venda,Taxa de câmbio - dólar americano (venda),R$/US$,diaria,2022-10-06,2022,10,5.20090000
1,dolar_venda,Taxa de câmbio - dólar americano (venda),R$/US$,diaria,2022-10-07,2022,10,5.22210000
1,dolar_venda,Taxa de câmbio - dólar americano (venda),R$/US$,diaria,2022-10-10,2022,10,5.19410000
1,dolar_venda,Taxa de câmbio - dólar americano (venda),R$/US$,diaria,2022-10-11,2022,10,5.20680000
1,dolar_venda,Taxa de câmbio - dólar americano (venda),R$/US$,diaria,2022-10-13,2022,10,5.30170000
1,dolar_venda,Taxa de câmbio - dólar americano (venda),R$/US$,diaria,2022-10-14,2022,10,5.28240000
1,dolar_venda,Taxa de câmbio - dólar americano (venda),R$/US$,diaria,2022-10-17,2022,10,5.27130000
1,dolar_venda,Taxa de câmbio - dólar americano (venda),R$/US$,diaria,2022-10-18,2022,10,5.26970000
1,dolar_venda,Taxa de câmbio - dólar americano (venda),R$/US$,diaria,2022-10-19,2022,10,5.28080000
1,dolar_venda,Taxa de câmbio - dólar americano (venda),R$/US$,diaria,2022-10-20,2022,10,5.21760000
1,dolar_venda,Taxa de câmbio - dólar americano (venda),R$/US$,diaria,2022-10-21,2022,10,5.19190000
1,dolar_venda,Taxa de câmbio - dólar americano (venda),R$/US$,diaria,2022-10-24,2022,10,5.27440000
1,dolar_venda,Taxa de câmbio - dólar americano (venda),R$/US$,diaria,2022-10-25,2022,10,5.30910000
1,dolar_venda,Taxa de câmbio - dólar americano (venda),R$/US$,diaria,2022-10-26,2022,10,5.32480000
1,dolar_venda,Taxa de câmbio - dólar americano (venda),R$/US$,diaria,2022-10-27,2022,10,5.30030000
1,dolar_venda,Taxa de câmbio - dólar americano (venda),R$/US$,diaria,2022-10-28,2022,10,5.34540000
1,dolar_venda,Taxa de câmbio - dólar americano (venda),R$/US$,diaria,2022-10-31,2022,10,5.25700000
1,dolar_venda,Taxa de câmbio - dólar americano (venda),R$/US$,diaria,2022-11-01,2022,11,5.15000000
1,dolar_venda,Taxa de câmbio - dólar americano (venda),R$/US$,diaria,2022-11-03,2022,11,5.13490000
1,dolar_venda,Taxa de câmbio - dólar americano (venda),R$/US$,diaria,2022-11-04,2022,11,5.03600000
1,dolar_venda,Taxa de câmbio - dólar americano (venda),R$/US$,diaria,2022-11-07,2022,11,5.08860000
1,dolar_venda,Taxa de câmbio - dólar americano (venda),R$/US$,diaria,2022-11-08,2022,11,5.17440000
1,dolar_venda,Taxa de câmbio - dólar americano (venda),R$/US$,diaria,2022-11-09,2022,11,5.16290000
1,dolar_venda,Taxa de câmbio - dólar americano (venda),R$/US$,diaria,2022-11-10,2022,11,5.30640000
1,dolar_venda,Taxa de câmbio - dólar americano (venda),R$/US$,diaria,2022-11-11,2022,11,5.30510000
1,dolar_venda,Taxa de câmbio - dólar americano (venda),R$/US$,diaria,2022-11-14,2022,11,5.30130000
1,dolar_venda,Taxa de câmbio - dólar americano (venda),R$/US$,diaria,2022-11-16,2022,11,5.32040000
1,dolar_venda,Taxa de câmbio - dólar americano (venda),R$/US$,diaria,2022-11-17,2022,11,5.46550000
1,dolar_venda,Taxa de câmbio - dólar americano (venda),R$/US$,diaria,2022-11-18,2022,11,5.34770000
1,dolar_venda,Taxa de câmbio - dólar americano (venda),R$/US$,diaria,2022-11-21,2022,11,5.32590000
1,dolar_venda,Taxa de câmbio - dólar americano (venda),R$/US$,diaria,2022-11-22,2022,11,5.33390000
1,dolar_venda,Taxa de câmbio - dólar americano (venda),R$/US$,diaria,2022-11-23,2022,11,5.39300000
1,dolar_venda,Taxa de câmbio - dólar americano (venda),R$/US$,diaria,2022-11-24,2022,11,5.31490000
1,dolar_venda,Taxa de câmbio - dólar americano (venda),R$/US$,diaria,2022-11-25,2022,11,5.35080000
1,dolar_venda,Taxa de câmbio - dólar americano (venda),R$/US$,diaria,2022-11-28,2022,11,5.37960000
1,dolar_venda,Taxa de câmbio - dólar americano (venda),R$/US$,diaria,2022-11-29,2022,11,5.30760000
1,dolar_venda,Taxa de câmbio - dólar americano (venda),R$/US$,diaria,2022-11-30,2022,11,5.29410000
1,dolar_venda,Taxa de câmbio - dólar americano (venda),R$/US$,diaria,2022-12-01,2022,12,5.19480000
1,dolar_venda,Taxa de câmbio - dólar americano (venda),R$/US$,diaria,2022-12-02,2022,12,5.19740000
1,dolar_venda,Taxa de câmbio - dólar americano (venda),R$/US$,diaria,2022-12-05,2022,12,5.24640000
1,dolar_venda,Taxa de câmbio - dólar americano (venda),R$/US$,diaria,2022-12-06,2022,12,5.23960000
1,dolar_venda,Taxa de câmbio - dólar americano (venda),R$/US$,diaria,2022-12-07,2022,12,5.22080000
1,dolar_venda,Taxa de câmbio - dólar americano (venda),R$/US$,diaria,2022-12-08,2022,12,5.20910000
1,dolar_venda,Taxa de câmbio - dólar americano (venda),R$/US$,diaria,2022-12-09,2022,12,5.23960000
1,dolar_venda,Taxa de câmbio - dólar americano (venda),R$/US$,diaria,2022-12-12,2022,12,5.30660000
1,dolar_venda,Taxa de câmbio - dólar americano (venda),R$/US$,diaria,2022-12-13,2022,12,5.26690000
1,dolar_venda,Taxa de câmbio - dólar americano (venda),R$/US$,diaria,2022-12-14,2022,12,5.34060000
1,dolar_venda,Taxa de câmbio - dólar americano (venda),R$/US$,diaria,2022-12-15,2022,12,5.31830000
1,dolar_venda,Taxa de câmbio - dólar americano (venda),R$/US$,diaria,2022-12-16,2022,12,5.28060000
1,dolar_venda,Taxa de câmbio - dólar americano (venda),R$/US$,diaria,2022-12-19,2022,12,5.31600000
1,dolar_venda,Taxa de câmbio - dólar americano (venda),R$/US$,diaria,2022-12-20,2022,12,5.24270000
1,dolar_venda,Taxa de câmbio - dólar americano (venda),R$/US$,diaria,2022-12-21,2022,12,5.20310000
1,dolar_venda,Taxa de câmbio - dólar americano (venda),R$/US$,diaria,2022-12-22,2022,12,5.18710000
1,dolar_venda,Taxa de câmbio - dólar americano (venda),R$/US$,diaria,2022-12-23,2022,12,5.14450000
1,dolar_venda,Taxa de câmbio - dólar americano (venda),R$/US$,diaria,2022-12-26,2022,12,5.18720000
1,dolar_venda,Taxa de câmbio - dólar americano (venda),R$/US$,diaria,2022-12-27,2022,12,5.28320000
1,dolar_venda,Taxa de câmbio - dólar americano (venda),R$/US$,diaria,2022-12-28,2022,12,5.27360000
1,dolar_venda,Taxa de câmbio - dólar americano (venda),R$/US$,diaria,2022-12-29,2022,12,5.21770000
1,dolar_venda,Taxa de câmbio - dólar americano (venda),R$/US$,diaria,2022-12-30,2022,12,5.21770000
1,dolar_venda,Taxa de câmbio - dólar americano (venda),R$/US$,diaria,2023-01-02,2023,1,5.34360000
1,dolar_venda,Taxa de câmbio - dólar americano (venda),R$/US$,diaria,2023-01-03,2023,1,5.37590000
1,dolar_venda,Taxa de câmbio - dólar americano (venda),R$/US$,diaria,2023-01-04,2023,1,5.44590000
1,dolar_venda,Taxa de câmbio - dólar americano (venda),R$/US$,diaria,2023-01-05,2023,1,5.40260000
1,dolar_venda,Taxa de câmbio - dólar americano (venda),R$/US$,diaria,2023-01-06,2023,1,5.28550000
1,dolar_venda,Taxa de câmbio - dólar americano (venda),R$/US$,diaria,2023-01-09,2023,1,5.29670000
1,dolar_venda,Taxa de câmbio - dólar americano (venda),R$/US$,diaria,2023-01-10,2023,1,5.23950000
1,dolar_venda,Taxa de câmbio - dólar americano (venda),R$/US$,diaria,2023-01-11,2023,1,5.20200000
1,dolar_venda,Taxa de câmbio - dólar americano (venda),R$/US$,diaria,2023-01-12,2023,1,5.14000000
1,dolar_venda,Taxa de câmbio - dólar americano (venda),R$/US$,diaria,2023-01-13,2023,1,5.11460000
1,dolar_venda,Taxa de câmbio - dólar americano (venda),R$/US$,diaria,2023-01-16,2023,1,5.11150000
1,dolar_venda,Taxa de câmbio - dólar americano (venda),R$/US$,diaria,2023-01-17,2023,1,5.12030000
1,dolar_venda,Taxa de câmbio - dólar americano (venda),R$/US$,diaria,2023-01-18,2023,1,5.09090000
1,dolar_venda,Taxa de câmbio - dólar americano (venda),R$/US$,diaria,2023-01-19,2023,1,5.21440000
1,dolar_venda,Taxa de câmbio - dólar americano (venda),R$/US$,diaria,2023-01-20,2023,1,5.19860000
1,dolar_venda,Taxa de câmbio - dólar americano (venda),R$/US$,diaria,2023-01-23,2023,1,5.19220000
1,dolar_venda,Taxa de câmbio - dólar americano (venda),R$/US$,diaria,2023-01-24,2023,1,5.16960000
1,dolar_venda,Taxa de câmbio - dólar americano (venda),R$/US$,diaria,2023-01-25,2023,1,5.10420000
1,dolar_venda,Taxa de câmbio - dólar americano (venda),R$/US$,diaria,2023-01-26,2023,1,5.09510000
1,dolar_venda,Taxa de câmbio - dólar americano (venda),R$/US$,diaria,2023-01-27,2023,1,5.07670000
1,dolar_venda,Taxa de câmbio - dólar americano (venda),R$/US$,diaria,2023-01-30,2023,1,5.09590000
1,dolar_venda,Taxa de câmbio - dólar americano (venda),R$/US$,diaria,2023-01-31,2023,1,5.09930000
1,dolar_venda,Taxa de câmbio - dólar americano (venda),R$/US$,diaria,2023-02-01,2023,2,5.07210000
1,dolar_venda,Taxa de câmbio - dólar americano (venda),R$/US$,diaria,2023-02-02,2023,2,4.99010000
1,dolar_venda,Taxa de câmbio - dólar americano (venda),R$/US$,diaria,2023-02-03,2023,2,5.10300000
1,dolar_venda,Taxa de câmbio - dólar americano (venda),R$/US$,diaria,2023-02-06,2023,2,5.17630000
1,dolar_venda,Taxa de câmbio - dólar americano (venda),R$/US$,diaria,2023-02-07,2023,2,5.16950000
1,dolar_venda,Taxa de câmbio - dólar americano (venda),R$/US$,diaria,2023-02-08,2023,2,5.20360000
1,dolar_venda,Taxa de câmbio - dólar americano (venda),R$/US$,diaria,2023-02-09,2023,2,5.23150000
1,dolar_venda,Taxa de câmbio - dólar americano (venda),R$/US$,diaria,2023-02-10,2023,2,5.25260000
1,dolar_venda,Taxa de câmbio - dólar americano (venda),R$/US$,diaria,2023-02-13,2023,2,5.18340000
1,dolar_venda,Taxa de câmbio - dólar americano (venda),R$/US$,diaria,2023-02-14,2023,2,5.15070000
1,dolar_venda,Taxa de câmbio - dólar americano (venda),R$/US$,diaria,2023-02-15,2023,2,5.22430000
1,dolar_venda,Taxa de câmbio - dólar americano (venda),R$/US$,diaria,2023-02-16,2023,2,5.24320000
1,dolar_venda,Taxa de câmbio - dólar americano (venda),R$/US$,diaria,2023-02-17,2023,2,5.20120000
1,dolar_venda,Taxa de câmbio - dólar americano (venda),R$/US$,diaria,2023-02-22,2023,2,5.17300000
1,dolar_venda,Taxa de câmbio - dólar americano (venda),R$/US$,diaria,2023-02-23,2023,2,5.13300000
1,dolar_venda,Taxa de câmbio - dólar americano (venda),R$/US$,diaria,2023-02-24,2023,2,5.17910000
1,dolar_venda,Taxa de câmbio - dólar americano (venda),R$/US$,diaria,2023-02-27,2023,2,5.19600000
1,dolar_venda,Taxa de câmbio - dólar americano (venda),R$/US$,diaria,2023-02-28,2023,2,5.20780000
1,dolar_venda,Taxa de câmbio - dólar americano (venda),R$/US$,diaria,2023-03-01,2023,3,5.20700000
1,dolar_venda,Taxa de câmbio - dólar americano (venda),R$/US$,diaria,2023-03-02,2023,3,5.20800000
1,dolar_venda,Taxa de câmbio - dólar americano (venda),R$/US$,diaria,2023-03-03,2023,3,5.20370000
1,dolar_venda,Taxa de câmbio - dólar americano (venda),R$/US$,diaria,2023-03-06,2023,3,5.19700000
1,dolar_venda,Taxa de câmbio - dólar americano (venda),R$/US$,diaria,2023-03-07,2023,3,5.19010000
1,dolar_venda,Taxa de câmbio - dólar americano (venda),R$/US$,diaria,2023-03-08,2023,3,5.13870000
1,dolar_venda,Taxa de câmbio - dólar americano (venda),R$/US$,diaria,2023-03-09,2023,3,5.13530000
1,dolar_venda,Taxa de câmbio - dólar americano (venda),R$/US$,diaria,2023-03-10,2023,3,5.18220000
1,dolar_venda,Taxa de câmbio - dólar americano (venda),R$/US$,diaria,2023-03-13,2023,3,5.24000000
1,dolar_venda,Taxa de câmbio - dólar americano (venda),R$/US$,diaria,2023-03-14,2023,3,5.23620000
1,dolar_venda,Taxa de câmbio - dólar americano (venda),R$/US$,diaria,2023-03-15,2023,3,5.29810000
1,dolar_venda,Taxa de câmbio - dólar americano (venda),R$/US$,diaria,2023-03-16,2023,3,5.28920000
1,dolar_venda,Taxa de câmbio - dólar americano (venda),R$/US$,diaria,2023-03-17,2023,3,5.26790000
1,dolar_venda,Taxa de câmbio - dólar americano (venda),R$/US$,diaria,2023-03-20,2023,3,5.24670000
1,dolar_venda,Taxa de câmbio - dólar americano (venda),R$/US$,diaria,2023-03-21,2023,3,5.24440000
1,dolar_venda,Taxa de câmbio - dólar americano (venda),R$/US$,diaria,2023-03-22,2023,3,5.26480000
1,dolar_venda,Taxa de câmbio - dólar americano (venda),R$/US$,diaria,2023-03-23,2023,3,5.26320000
1,dolar_venda,Taxa de câmbio - dólar americano (venda),R$/US$,diaria,2023-03-24,2023,3,5.29210000
1,dolar_venda,Taxa de câmbio - dólar americano (venda),R$/US$,diaria,2023-03-27,2023,3,5.23060000
1,dolar_venda,Taxa de câmbio - dólar americano (venda),R$/US$,diaria,2023-03-28,2023,3,5.17330000
1,dolar_venda,Taxa de câmbio - dólar americano (venda),R$/US$,diaria,2023-03-29,2023,3,5.14930000
1,dolar_venda,Taxa de câmbio - dólar americano (venda),R$/US$,diaria,2023-03-30,2023,3,5.12540000
1,dolar_venda,Taxa de câmbio - dólar americano (venda),R$/US$,diaria,2023-03-31,2023,3,5.08040000
1,dolar_venda,Taxa de câmbio - dólar americano (venda),R$/US$,diaria,2023-04-03,2023,4,5.06370000
1,dolar_venda,Taxa de câmbio - dólar americano (venda),R$/US$,diaria,2023-04-04,2023,4,5.07620000
1,dolar_venda,Taxa de câmbio - dólar americano (venda),R$/US$,diaria,2023-04-05,2023,4,5.04470000
1,dolar_venda,Taxa de câmbio - dólar americano (venda),R$/US$,diaria,2023-04-06,2023,4,5.06830000
1,dolar_venda,Taxa de câmbio - dólar americano (venda),R$/US$,diaria,2023-04-10,2023,4,5.08340000
1,dolar_venda,Taxa de câmbio - dólar americano (venda),R$/US$,diaria,2023-04-11,2023,4,5.01280000
1,dolar_venda,Taxa de câmbio - dólar americano (venda),R$/US$,diaria,2023-04-12,2023,4,4.94960000
1,dolar_venda,Taxa de câmbio - dólar americano (venda),R$/US$,diaria,2023-04-13,2023,4,4.90970000
1,dolar_venda,Taxa de câmbio - dólar americano (venda),R$/US$,diaria,2023-04-14,2023,4,4.94550000
1,dolar_venda,Taxa de câmbio - dólar americano (venda),R$/US$,diaria,2023-04-17,2023,4,4.94210000
1,dolar_venda,Taxa de câmbio - dólar americano (venda),R$/US$,diaria,2023-04-18,2023,4,4.96780000
1,dolar_venda,Taxa de câmbio - dólar americano (venda),R$/US$,diaria,2023-04-19,2023,4,5.04670000
1,dolar_venda,Taxa de câmbio - dólar americano (venda),R$/US$,diaria,2023-04-20,2023,4,5.04970000
1,dolar_venda,Taxa de câmbio - dólar americano (venda),R$/US$,diaria,2023-04-24,2023,4,5.05950000
1,dolar_venda,Taxa de câmbio - dólar americano (venda),R$/US$,diaria,2023-04-25,2023,4,5.06130000
1,dolar_venda,Taxa de câmbio - dólar americano (venda),R$/US$,diaria,2023-04-26,2023,4,5.05850000
1,dolar_venda,Taxa de câmbio - dólar americano (venda),R$/US$,diaria,2023-04-27,2023,4,5.01500000
1,dolar_venda,Taxa de câmbio - dólar americano (venda),R$/US$,diaria,2023-04-28,2023,4,5.00070000
1,dolar_venda,Taxa de câmbio - dólar americano (venda),R$/US$,diaria,2023-05-02,2023,5,5.03340000
1,dolar_venda,Taxa de câmbio - dólar americano (venda),R$/US$,diaria,2023-05-03,2023,5,5.02270000
1,dolar_venda,Taxa de câmbio - dólar americano (venda),R$/US$,diaria,2023-05-04,2023,5,5.01060000
1,dolar_venda,Taxa de câmbio - dólar americano (venda),R$/US$,diaria,2023-05-05,2023,5,4.96960000
1,dolar_venda,Taxa de câmbio - dólar americano (venda),R$/US$,diaria,2023-05-08,2023,5,4.96960000
1,dolar_venda,Taxa de câmbio - dólar americano (venda),R$/US$,diaria,2023-05-09,2023,5,5.00070000
1,dolar_venda,Taxa de câmbio - dólar americano (venda),R$/US$,diaria,2023-05-10,2023,5,4.95470000
1,dolar_venda,Taxa de câmbio - dólar americano (venda),R$/US$,diaria,2023-05-11,2023,5,4.96960000
1,dolar_venda,Taxa de câmbio - dólar americano (venda),R$/US$,diaria,2023-05-12,2023,5,4.92340000
1,dolar_venda,Taxa de câmbio - dólar americano (venda),R$/US$,diaria,2023-05-15,2023,5,4.91030000
1,dolar_venda,Taxa de câmbio - dólar americano (venda),R$/US$,diaria,2023-05-16,2023,5,4.91220000
1,dolar_venda,Taxa de câmbio - dólar americano (venda),R$/US$,diaria,2023-05-17,2023,5,4.95130000
1,dolar_venda,Taxa de câmbio - dólar americano (venda),R$/US$,diaria,2023-05-18,2023,5,4.96470000
1,dolar_venda,Taxa de câmbio - dólar americano (venda),R$/US$,diaria,2023-05-19,2023,5,4.98580000
1,dolar_venda,Taxa de câmbio - dólar americano (venda),R$/US$,diaria,2023-05-22,2023,5,4.96800000
1,dolar_venda,Taxa de câmbio - dólar americano (venda),R$/US$,diaria,2023-05-23,2023,5,4.96740000
1,dolar_venda,Taxa de câmbio - dólar americano (venda),R$/US$,diaria,2023-05-24,2023,5,4.94740000
1,dolar_venda,Taxa de câmbio - dólar americano (venda),R$/US$,diaria,2023-05-25,2023,5,4.99900000
1,dolar_venda,Taxa de câmbio - dólar americano (venda),R$/US$,diaria,2023-05-26,2023,5,5.01140000
1,dolar_venda,Taxa de câmbio - dólar americano (venda),R$/US$,diaria,2023-05-29,2023,5,4.99540000
1,dolar_venda,Taxa de câmbio - dólar americano (venda),R$/US$,diaria,2023-05-30,2023,5,5.05930000
1,dolar_venda,Taxa de câmbio - dólar americano (venda),R$/US$,diaria,2023-05-31,2023,5,5.09590000
1,dolar_venda,Taxa de câmbio - dólar americano (venda),R$/US$,diaria,2023-06-01,2023,6,5.03500000
1,dolar_venda,Taxa de câmbio - dólar americano (venda),R$/US$,diaria,2023-06-02,2023,6,4.95580000
1,dolar_venda,Taxa de câmbio - dólar americano (venda),R$/US$,diaria,2023-06-05,2023,6,4.92360000
1,dolar_venda,Taxa de câmbio - dólar americano (venda),R$/US$,diaria,2023-06-06,2023,6,4.92920000
1,dolar_venda,Taxa de câmbio - dólar americano (venda),R$/US$,diaria,2023-06-07,2023,6,4.91190000
1,dolar_venda,Taxa de câmbio - dólar americano (venda),R$/US$,diaria,2023-06-09,2023,6,4.89220000
1,dolar_venda,Taxa de câmbio - dólar americano (venda),R$/US$,diaria,2023-06-12,2023,6,4.88320000
1,dolar_venda,Taxa de câmbio - dólar americano (venda),R$/US$,diaria,2023-06-13,2023,6,4.85330000
1,dolar_venda,Taxa de câmbio - dólar americano (venda),R$/US$,diaria,2023-06-14,2023,6,4.84620000
1,dolar_venda,Taxa de câmbio - dólar americano (venda),R$/US$,diaria,2023-06-15,2023,6,4.82220000
1,dolar_venda,Taxa de câmbio - dólar americano (venda),R$/US$,diaria,2023-06-16,2023,6,4.82860000
1,dolar_venda,Taxa de câmbio - dólar americano (venda),R$/US$,diaria,2023-06-19,2023,6,4.78030000
1,dolar_venda,Taxa de câmbio - dólar americano (venda),R$/US$,diaria,2023-06-20,2023,6,4.79300000
1,dolar_venda,Taxa de câmbio - dólar americano (venda),R$/US$,diaria,2023-06-21,2023,6,4.77950000
1,dolar_venda,Taxa de câmbio - dólar americano (venda),R$/US$,diaria,2023-06-22,2023,6,4.77500000
1,dolar_venda,Taxa de câmbio - dólar americano (venda),R$/US$,diaria,2023-06-23,2023,6,4.77990000
1,dolar_venda,Taxa de câmbio - dólar americano (venda),R$/US$,diaria,2023-06-26,2023,6,4.76980000
1,dolar_venda,Taxa de câmbio - dólar americano (venda),R$/US$,diaria,2023-06-27,2023,6,4.79030000
1,dolar_venda,Taxa de câmbio - dólar americano (venda),R$/US$,diaria,2023-06-28,2023,6,4.85630000
1,dolar_venda,Taxa de câmbio - dólar americano (venda),R$/US$,diaria,2023-06-29,2023,6,4.85840000
1,dolar_venda,Taxa de câmbio - dólar americano (venda),R$/US$,diaria,2023-06-30,2023,6,4.81920000
1,dolar_venda,Taxa de câmbio - dólar americano (venda),R$/US$,diaria,2023-07-03,2023,7,4.78760000
1,dolar_venda,Taxa de câmbio - dólar americano (venda),R$/US$,diaria,2023-07-04,2023,7,4.80560000
1,dolar_venda,Taxa de câmbio - dólar americano (venda),R$/US$,diaria,2023-07-05,2023,7,4.85770000
1,dolar_venda,Taxa de câmbio - dólar americano (venda),R$/US$,diaria,2023-07-06,2023,7,4.89770000
1,dolar_venda,Taxa de câmbio - dólar americano (venda),R$/US$,diaria,2023-07-07,2023,7,4.87990000
1,dolar_venda,Taxa de câmbio - dólar americano (venda),R$/US$,diaria,2023-07-10,2023,7,4.87350000
1,dolar_venda,Taxa de câmbio - dólar americano (venda),R$/US$,diaria,2023-07-11,2023,7,4.89490000
1,dolar_venda,Taxa de câmbio - dólar americano (venda),R$/US$,diaria,2023-07-12,2023,7,4.80580000
1,dolar_venda,Taxa de câmbio - dólar americano (venda),R$/US$,diaria,2023-07-13,2023,7,4.80380000
1,dolar_venda,Taxa de câmbio - dólar americano (venda),R$/US$,diaria,2023-07-14,2023,7,4.79570000
1,dolar_venda,Taxa de câmbio - dólar americano (venda),R$/US$,diaria,2023-07-17,2023,7,4.83020000
1,dolar_venda,Taxa de câmbio - dólar americano (venda),R$/US$,diaria,2023-07-18,2023,7,4.80400000
1,dolar_venda,Taxa de câmbio - dólar americano (venda),R$/US$,diaria,2023-07-19,2023,7,4.80000000
1,dolar_venda,Taxa de câmbio - dólar americano (venda),R$/US$,diaria,2023-07-20,2023,7,4.78880000
1,dolar_venda,Taxa de câmbio - dólar americano (venda),R$/US$,diaria,2023-07-21,2023,7,4.77320000
1,dolar_venda,Taxa de câmbio - dólar americano (venda),R$/US$,diaria,2023-07-24,2023,7,4.74570000
1,dolar_venda,Taxa de câmbio - dólar americano (venda),R$/US$,diaria,2023-07-25,2023,7,4.74960000
1,dolar_venda,Taxa de câmbio - dólar americano (venda),R$/US$,diaria,2023-07-26,2023,7,4.73680000
1,dolar_venda,Taxa de câmbio - dólar americano (venda),R$/US$,diaria,2023-07-27,2023,7,4.72020000
1,dolar_venda,Taxa de câmbio - dólar americano (venda),R$/US$,diaria,2023-07-28,2023,7,4.72530000
1,dolar_venda,Taxa de câmbio - dólar americano (venda),R$/US$,diaria,2023-07-31,2023,7,4.74150000
1,dolar_venda,Taxa de câmbio - dólar americano (venda),R$/US$,diaria,2023-08-01,2023,8,4.77520000
1,dolar_venda,Taxa de câmbio - dólar americano (venda),R$/US$,diaria,2023-08-02,2023,8,4.80830000
1,dolar_venda,Taxa de câmbio - dólar americano (venda),R$/US$,diaria,2023-08-03,2023,8,4.87970000
1,dolar_venda,Taxa de câmbio - dólar americano (venda),R$/US$,diaria,2023-08-04,2023,8,4.86090000
1,dolar_venda,Taxa de câmbio - dólar americano (venda),R$/US$,diaria,2023-08-07,2023,8,4.90100000
1,dolar_venda,Taxa de câmbio - dólar americano (venda),R$/US$,diaria,2023-08-08,2023,8,4.92170000
1,dolar_venda,Taxa de câmbio - dólar americano (venda),R$/US$,diaria,2023-08-09,2023,8,4.90150000
1,dolar_venda,Taxa de câmbio - dólar americano (venda),R$/US$,diaria,2023-08-10,2023,8,4.85180000
1,dolar_venda,Taxa de câmbio - dólar americano (venda),R$/US$,diaria,2023-08-11,2023,8,4.89180000
1,dolar_venda,Taxa de câmbio - dólar americano (venda),R$/US$,diaria,2023-08-14,2023,8,4.94810000
1,dolar_venda,Taxa de câmbio - dólar americano (venda),R$/US$,diaria,2023-08-15,2023,8,4.98120000
1,dolar_venda,Taxa de câmbio - dólar americano (venda),R$/US$,diaria,2023-08-16,2023,8,4.97720000
1,dolar_venda,Taxa de câmbio - dólar americano (venda),R$/US$,diaria,2023-08-17,2023,8,4.98160000
1,dolar_venda,Taxa de câmbio - dólar americano (venda),R$/US$,diaria,2023-08-18,2023,8,4.97240000
1,dolar_venda,Taxa de câmbio - dólar americano (venda),R$/US$,diaria,2023-08-21,2023,8,4.98470000
1,dolar_venda,Taxa de câmbio - dólar americano (venda),R$/US$,diaria,2023-08-22,2023,8,4.94310000
1,dolar_venda,Taxa de câmbio - dólar americano (venda),R$/US$,diaria,2023-08-23,2023,8,4.89770000
1,dolar_venda,Taxa de câmbio - dólar americano (venda),R$/US$,diaria,2023-08-24,2023,8,4.87480000
1,dolar_venda,Taxa de câmbio - dólar americano (venda),R$/US$,diaria,2023-08-25,2023,8,4.87720000
1,dolar_venda,Taxa de câmbio - dólar americano (venda),R$/US$,diaria,2023-08-28,2023,8,4.89380000
1,dolar_venda,Taxa de câmbio - dólar americano (venda),R$/US$,diaria,2023-08-29,2023,8,4.87060000
1,dolar_venda,Taxa de câmbio - dólar americano (venda),R$/US$,diaria,2023-08-30,2023,8,4.86530000
1,dolar_venda,Taxa de câmbio - dólar americano (venda),R$/US$,diaria,2023-08-31,2023,8,4.92190000
1,dolar_venda,Taxa de câmbio - dólar americano (venda),R$/US$,diaria,2023-09-01,2023,9,4.93180000
1,dolar_venda,Taxa de câmbio - dólar americano (venda),R$/US$,diaria,2023-09-04,2023,9,4.91760000
1,dolar_venda,Taxa de câmbio - dólar americano (venda),R$/US$,diaria,2023-09-05,2023,9,4.97050000
1,dolar_venda,Taxa de câmbio - dólar americano (venda),R$/US$,diaria,2023-09-06,2023,9,4.97620000
1,dolar_venda,Taxa de câmbio - dólar americano (venda),R$/US$,diaria,2023-09-08,2023,9,4.98350000
1,dolar_venda,Taxa de câmbio - dólar americano (venda),R$/US$,diaria,2023-09-11,2023,9,4.93660000
1,dolar_venda,Taxa de câmbio - dólar americano (venda),R$/US$,diaria,2023-09-12,2023,9,4.95050000
1,dolar_venda,Taxa de câmbio - dólar americano (venda),R$/US$,diaria,2023-09-13,2023,9,4.91710000
1,dolar_venda,Taxa de câmbio - dólar americano (venda),R$/US$,diaria,2023-09-14,2023,9,4.87510000
1,dolar_venda,Taxa de câmbio - dólar americano (venda),R$/US$,diaria,2023-09-15,2023,9,4.86890000
1,dolar_venda,Taxa de câmbio - dólar americano (venda),R$/US$,diaria,2023-09-18,2023,9,4.85350000
1,dolar_venda,Taxa de câmbio - dólar americano (venda),R$/US$,diaria,2023-09-19,2023,9,4.85750000
1,dolar_venda,Taxa de câmbio - dólar americano (venda),R$/US$,diaria,2023-09-20,2023,9,4.84870000
1,dolar_venda,Taxa de câmbio - dólar americano (venda),R$/US$,diaria,2023-09-21,2023,9,4.92290000
1,dolar_venda,Taxa de câmbio - dólar americano (venda),R$/US$,diaria,2023-09-22,2023,9,4.91310000
1,dolar_venda,Taxa de câmbio - dólar americano (venda),R$/US$,diaria,2023-09-25,2023,9,4.96060000
1,dolar_venda,Taxa de câmbio - dólar americano (venda),R$/US$,diaria,2023-09-26,2023,9,4.97170000
1,dolar_venda,Taxa de câmbio - dólar americano (venda),R$/US$,diaria,2023-09-27,2023,9,5.02890000
1,dolar_venda,Taxa de câmbio - dólar americano (venda),R$/US$,diaria,2023-09-28,2023,9,5.04750000
1,dolar_venda,Taxa de câmbio - dólar americano (venda),R$/US$,diaria,2023-09-29,2023,9,5.00760000
1,dolar_venda,Taxa de câmbio - dólar americano (venda),R$/US$,diaria,2023-10-02,2023,10,5.06790000
1,dolar_venda,Taxa de câmbio - dólar americano (venda),R$/US$,diaria,2023-10-03,2023,10,5.11000000
1,dolar_venda,Taxa de câmbio - dólar americano (venda),R$/US$,diaria,2023-10-04,2023,10,5.15260000
1,dolar_venda,Taxa de câmbio - dólar americano (venda),R$/US$,diaria,2023-10-05,2023,10,5.17130000
1,dolar_venda,Taxa de câmbio - dólar americano (venda),R$/US$,diaria,2023-10-06,2023,10,5.19180000
1,dolar_venda,Taxa de câmbio - dólar americano (venda),R$/US$,diaria,2023-10-09,2023,10,5.16660000
1,dolar_venda,Taxa de câmbio - dólar americano (venda),R$/US$,diaria,2023-10-10,2023,10,5.08620000
1,dolar_venda,Taxa de câmbio - dólar americano (venda),R$/US$,diaria,2023-10-11,2023,10,5.04960000
1,dolar_venda,Taxa de câmbio - dólar americano (venda),R$/US$,diaria,2023-10-13,2023,10,5.06250000
1,dolar_venda,Taxa de câmbio - dólar americano (venda),R$/US$,diaria,2023-10-16,2023,10,5.06180000
1,dolar_venda,Taxa de câmbio - dólar americano (venda),R$/US$,diaria,2023-10-17,2023,10,5.03840000
1,dolar_venda,Taxa de câmbio - dólar americano (venda),R$/US$,diaria,2023-10-18,2023,10,5.05680000
1,dolar_venda,Taxa de câmbio - dólar americano (venda),R$/US$,diaria,2023-10-19,2023,10,5.05400000
1,dolar_venda,Taxa de câmbio - dólar americano (venda),R$/US$,diaria,2023-10-20,2023,10,5.05280000
1,dolar_venda,Taxa de câmbio - dólar americano (venda),R$/US$,diaria,2023-10-23,2023,10,5.01640000
1,dolar_venda,Taxa de câmbio - dólar americano (venda),R$/US$,diaria,2023-10-24,2023,10,5.00650000
1,dolar_venda,Taxa de câmbio - dólar americano (venda),R$/US$,diaria,2023-10-25,2023,10,4.99810000
1,dolar_venda,Taxa de câmbio - dólar americano (venda),R$/US$,diaria,2023-10-26,2023,10,5.00550000
1,dolar_venda,Taxa de câmbio - dólar americano (venda),R$/US$,diaria,2023-10-27,2023,10,4.94800000
1,dolar_venda,Taxa de câmbio - dólar americano (venda),R$/US$,diaria,2023-10-30,2023,10,5.00740000
1,dolar_venda,Taxa de câmbio - dólar americano (venda),R$/US$,diaria,2023-10-31,2023,10,5.05750000
1,dolar_venda,Taxa de câmbio - dólar americano (venda),R$/US$,diaria,2023-11-01,2023,11,5.01940000
1,dolar_venda,Taxa de câmbio - dólar americano (venda),R$/US$,diaria,2023-11-03,2023,11,4.89100000
1,dolar_venda,Taxa de câmbio - dólar americano (venda),R$/US$,diaria,2023-11-06,2023,11,4.89990000
1,dolar_venda,Taxa de câmbio - dólar americano (venda),R$/US$,diaria,2023-11-07,2023,11,4.86700000
1,dolar_venda,Taxa de câmbio - dólar americano (venda),R$/US$,diaria,2023-11-08,2023,11,4.88550000
1,dolar_venda,Taxa de câmbio - dólar americano (venda),R$/US$,diaria,2023-11-09,2023,11,4.90070000
1,dolar_venda,Taxa de câmbio - dólar americano (venda),R$/US$,diaria,2023-11-10,2023,11,4.92190000
1,dolar_venda,Taxa de câmbio - dólar americano (venda),R$/US$,diaria,2023-11-13,2023,11,4.92470000
1,dolar_venda,Taxa de câmbio - dólar americano (venda),R$/US$,diaria,2023-11-14,2023,11,4.86820000
1,dolar_venda,Taxa de câmbio - dólar americano (venda),R$/US$,diaria,2023-11-16,2023,11,4.85750000
1,dolar_venda,Taxa de câmbio - dólar americano (venda),R$/US$,diaria,2023-11-17,2023,11,4.88490000
1,dolar_venda,Taxa de câmbio - dólar americano (venda),R$/US$,diaria,2023-11-20,2023,11,4.87230000
1,dolar_venda,Taxa de câmbio - dólar americano (venda),R$/US$,diaria,2023-11-21,2023,11,4.88060000
1,dolar_venda,Taxa de câmbio - dólar americano (venda),R$/US$,diaria,2023-11-22,2023,11,4.89680000
1,dolar_venda,Taxa de câmbio - dólar americano (venda),R$/US$,diaria,2023-11-23,2023,11,4.89310000
1,dolar_venda,Taxa de câmbio - dólar americano (venda),R$/US$,diaria,2023-11-24,2023,11,4.89270000
1,dolar_venda,Taxa de câmbio - dólar americano (venda),R$/US$,diaria,2023-11-27,2023,11,4.89510000
1,dolar_venda,Taxa de câmbio - dólar americano (venda),R$/US$,diaria,2023-11-28,2023,11,4.88670000
1,dolar_venda,Taxa de câmbio - dólar americano (venda),R$/US$,diaria,2023-11-29,2023,11,4.89330000
1,dolar_venda,Taxa de câmbio - dólar americano (venda),R$/US$,diaria,2023-11-30,2023,11,4.93550000
1,dolar_venda,Taxa de câmbio - dólar americano (venda),R$/US$,diaria,2023-12-01,2023,12,4.91910000
1,dolar_venda,Taxa de câmbio - dólar americano (venda),R$/US$,diaria,2023-12-04,2023,12,4.90910000
1,dolar_venda,Taxa de câmbio - dólar americano (venda),R$/US$,diaria,2023-12-05,2023,12,4.95220000
1,dolar_venda,Taxa de câmbio - dólar americano (venda),R$/US$,diaria,2023-12-06,2023,12,4.90310000
1,dolar_venda,Taxa de câmbio - dólar americano (venda),R$/US$,diaria,2023-12-07,2023,12,4.89490000
1,dolar_venda,Taxa de câmbio - dólar americano (venda),R$/US$,diaria,2023-12-08,2023,12,4.91580000
1,dolar_venda,Taxa de câmbio - dólar americano (venda),R$/US$,diaria,2023-12-11,2023,12,4.94400000
1,dolar_venda,Taxa de câmbio - dólar americano (venda),R$/US$,diaria,2023-12-12,2023,12,4.94760000
1,dolar_venda,Taxa de câmbio - dólar americano (venda),R$/US$,diaria,2023-12-13,2023,12,4.95800000
1,dolar_venda,Taxa de câmbio - dólar americano (venda),R$/US$,diaria,2023-12-14,2023,12,4.89120000
1,dolar_venda,Taxa de câmbio - dólar americano (venda),R$/US$,diaria,2023-12-15,2023,12,4.93970000
1,dolar_venda,Taxa de câmbio - dólar americano (venda),R$/US$,diaria,2023-12-18,2023,12,4.93990000
1,dolar_venda,Taxa de câmbio - dólar americano (venda),R$/US$,diaria,2023-12-19,2023,12,4.86630000
1,dolar_venda,Taxa de câmbio - dólar americano (venda),R$/US$,diaria,2023-12-20,2023,12,4.87660000
1,dolar_venda,Taxa de câmbio - dólar americano (venda),R$/US$,diaria,2023-12-21,2023,12,4.87550000
1,dolar_venda,Taxa de câmbio - dólar americano (venda),R$/US$,diaria,2023-12-22,2023,12,4.86190000
1,dolar_venda,Taxa de câmbio - dólar americano (venda),R$/US$,diaria,2023-12-26,2023,12,4.83680000
1,dolar_venda,Taxa de câmbio - dólar americano (venda),R$/US$,diaria,2023-12-27,2023,12,4.83060000
1,dolar_venda,Taxa de câmbio - dólar americano (venda),R$/US$,diaria,2023-12-28,2023,12,4.84130000
1,dolar_venda,Taxa de câmbio - dólar americano (venda),R$/US$,diaria,2023-12-29,2023,12,4.84130000
1,dolar_venda,Taxa de câmbio - dólar americano (venda),R$/US$,diaria,2024-01-02,2024,1,4.89160000
1,dolar_venda,Taxa de câmbio - dólar americano (venda),R$/US$,diaria,2024-01-03,2024,1,4.92120000
1,dolar_venda,Taxa de câmbio - dólar americano (venda),R$/US$,diaria,2024-01-04,2024,1,4.91880000
1,dolar_venda,Taxa de câmbio - dólar americano (venda),R$/US$,diaria,2024-01-05,2024,1,4.88990000
1,dolar_venda,Taxa de câmbio - dólar americano (venda),R$/US$,diaria,2024-01-08,2024,1,4.88500000
1,dolar_venda,Taxa de câmbio - dólar americano (venda),R$/US$,diaria,2024-01-09,2024,1,4.89370000
1,dolar_venda,Taxa de câmbio - dólar americano (venda),R$/US$,diaria,2024-01-10,2024,1,4.89010000
1,dolar_venda,Taxa de câmbio - dólar americano (venda),R$/US$,diaria,2024-01-11,2024,1,4.87940000
1,dolar_venda,Taxa de câmbio - dólar americano (venda),R$/US$,diaria,2024-01-12,2024,1,4.85430000
1,dolar_venda,Taxa de câmbio - dólar americano (venda),R$/US$,diaria,2024-01-15,2024,1,4.87650000
1,dolar_venda,Taxa de câmbio - dólar americano (venda),R$/US$,diaria,2024-01-16,2024,1,4.90380000
1,dolar_venda,Taxa de câmbio - dólar americano (venda),R$/US$,diaria,2024-01-17,2024,1,4.93460000
1,dolar_venda,Taxa de câmbio - dólar americano (venda),R$/US$,diaria,2024-01-18,2024,1,4.94030000
1,dolar_venda,Taxa de câmbio - dólar americano (venda),R$/US$,diaria,2024-01-19,2024,1,4.92230000
1,dolar_venda,Taxa de câmbio - dólar americano (venda),R$/US$,diaria,2024-01-22,2024,1,4.94900000
1,dolar_venda,Taxa de câmbio - dólar americano (venda),R$/US$,diaria,2024-01-23,2024,1,4.97150000
1,dolar_venda,Taxa de câmbio - dólar americano (venda),R$/US$,diaria,2024-01-24,2024,1,4.91920000
1,dolar_venda,Taxa de câmbio - dólar americano (venda),R$/US$,diaria,2024-01-25,2024,1,4.92320000
1,dolar_venda,Taxa de câmbio - dólar americano (venda),R$/US$,diaria,2024-01-26,2024,1,4.91250000
1,dolar_venda,Taxa de câmbio - dólar americano (venda),R$/US$,diaria,2024-01-29,2024,1,4.92250000
1,dolar_venda,Taxa de câmbio - dólar americano (venda),R$/US$,diaria,2024-01-30,2024,1,4.96380000
1,dolar_venda,Taxa de câmbio - dólar americano (venda),R$/US$,diaria,2024-01-31,2024,1,4.95350000
1,dolar_venda,Taxa de câmbio - dólar americano (venda),R$/US$,diaria,2024-02-01,2024,2,4.93500000
1,dolar_venda,Taxa de câmbio - dólar americano (venda),R$/US$,diaria,2024-02-02,2024,2,4.94710000
1,dolar_venda,Taxa de câmbio - dólar americano (venda),R$/US$,diaria,2024-02-05,2024,2,5.00530000
1,dolar_venda,Taxa de câmbio - dólar americano (venda),R$/US$,diaria,2024-02-06,2024,2,4.96870000
1,dolar_venda,Taxa de câmbio - dólar americano (venda),R$/US$,diaria,2024-02-07,2024,2,4.96080000
1,dolar_venda,Taxa de câmbio - dólar americano (venda),R$/US$,diaria,2024-02-08,2024,2,4.98040000
1,dolar_venda,Taxa de câmbio - dólar americano (venda),R$/US$,diaria,2024-02-09,2024,2,4.97170000
1,dolar_venda,Taxa de câmbio - dólar americano (venda),R$/US$,diaria,2024-02-14,2024,2,4.97230000
1,dolar_venda,Taxa de câmbio - dólar americano (venda),R$/US$,diaria,2024-02-15,2024,2,4.97100000
1,dolar_venda,Taxa de câmbio - dólar americano (venda),R$/US$,diaria,2024-02-16,2024,2,4.97610000
1,dolar_venda,Taxa de câmbio - dólar americano (venda),R$/US$,diaria,2024-02-19,2024,2,4.95850000
1,dolar_venda,Taxa de câmbio - dólar americano (venda),R$/US$,diaria,2024-02-20,2024,2,4.94080000
1,dolar_venda,Taxa de câmbio - dólar americano (venda),R$/US$,diaria,2024-02-21,2024,2,4.93030000
1,dolar_venda,Taxa de câmbio - dólar americano (venda),R$/US$,diaria,2024-02-22,2024,2,4.94190000
1,dolar_venda,Taxa de câmbio - dólar americano (venda),R$/US$,diaria,2024-02-23,2024,2,4.98510000
1,dolar_venda,Taxa de câmbio - dólar americano (venda),R$/US$,diaria,2024-02-26,2024,2,4.98190000
1,dolar_venda,Taxa de câmbio - dólar americano (venda),R$/US$,diaria,2024-02-27,2024,2,4.95750000
1,dolar_venda,Taxa de câmbio - dólar americano (venda),R$/US$,diaria,2024-02-28,2024,2,4.95570000
1,dolar_venda,Taxa de câmbio - dólar americano (venda),R$/US$,diaria,2024-02-29,2024,2,4.98330000
1,dolar_venda,Taxa de câmbio - dólar americano (venda),R$/US$,diaria,2024-03-01,2024,3,4.95960000
1,dolar_venda,Taxa de câmbio - dólar americano (venda),R$/US$,diaria,2024-03-04,2024,3,4.94750000
1,dolar_venda,Taxa de câmbio - dólar americano (venda),R$/US$,diaria,2024-03-05,2024,3,4.94880000
1,dolar_venda,Taxa de câmbio - dólar americano (venda),R$/US$,diaria,2024-03-06,2024,3,4.93980000
1,dolar_venda,Taxa de câmbio - dólar americano (venda),R$/US$,diaria,2024-03-07,2024,3,4.93640000
1,dolar_venda,Taxa de câmbio - dólar americano (venda),R$/US$,diaria,2024-03-08,2024,3,4.97510000
1,dolar_venda,Taxa de câmbio - dólar americano (venda),R$/US$,diaria,2024-03-11,2024,3,4.97770000
1,dolar_venda,Taxa de câmbio - dólar americano (venda),R$/US$,diaria,2024-03-12,2024,3,4.98130000
1,dolar_venda,Taxa de câmbio - dólar americano (venda),R$/US$,diaria,2024-03-13,2024,3,4.98030000
1,dolar_venda,Taxa de câmbio - dólar americano (venda),R$/US$,diaria,2024-03-14,2024,3,4.97680000
1,dolar_venda,Taxa de câmbio - dólar americano (venda),R$/US$,diaria,2024-03-15,2024,3,4.99370000
1,dolar_venda,Taxa de câmbio - dólar americano (venda),R$/US$,diaria,2024-03-18,2024,3,5.01240000
1,dolar_venda,Taxa de câmbio - dólar americano (venda),R$/US$,diaria,2024-03-19,2024,3,5.03520000
1,dolar_venda,Taxa de câmbio - dólar americano (venda),R$/US$,diaria,2024-03-20,2024,3,5.01200000
1,dolar_venda,Taxa de câmbio - dólar americano (venda),R$/US$,diaria,2024-03-21,2024,3,4.98070000
1,dolar_venda,Taxa de câmbio - dólar americano (venda),R$/US$,diaria,2024-03-22,2024,3,4.98970000
1,dolar_venda,Taxa de câmbio - dólar americano (venda),R$/US$,diaria,2024-03-25,2024,3,4.98690000
1,dolar_venda,Taxa de câmbio - dólar americano (venda),R$/US$,diaria,2024-03-26,2024,3,4.98700000
1,dolar_venda,Taxa de câmbio - dólar americano (venda),R$/US$,diaria,2024-03-27,2024,3,4.98560000
1,dolar_venda,Taxa de câmbio - dólar americano (venda),R$/US$,diaria,2024-03-28,2024,3,4.99620000
1,dolar_venda,Taxa de câmbio - dólar americano (venda),R$/US$,diaria,2024-04-01,2024,4,5.05320000
1,dolar_venda,Taxa de câmbio - dólar americano (venda),R$/US$,diaria,2024-04-02,2024,4,5.04760000
1,dolar_venda,Taxa de câmbio - dólar americano (venda),R$/US$,diaria,2024-04-03,2024,4,5.07240000
1,dolar_venda,Taxa de câmbio - dólar americano (venda),R$/US$,diaria,2024-04-04,2024,4,5.02370000
1,dolar_venda,Taxa de câmbio - dólar americano (venda),R$/US$,diaria,2024-04-05,2024,4,5.05200000
1,dolar_venda,Taxa de câmbio - dólar americano (venda),R$/US$,diaria,2024-04-08,2024,4,5.04210000
1,dolar_venda,Taxa de câmbio - dólar americano (venda),R$/US$,diaria,2024-04-09,2024,4,5.00800000
1,dolar_venda,Taxa de câmbio - dólar americano (venda),R$/US$,diaria,2024-04-10,2024,4,5.06540000
1,dolar_venda,Taxa de câmbio - dólar americano (venda),R$/US$,diaria,2024-04-11,2024,4,5.07650000
1,dolar_venda,Taxa de câmbio - dólar americano (venda),R$/US$,diaria,2024-04-12,2024,4,5.13640000
1,dolar_venda,Taxa de câmbio - dólar americano (venda),R$/US$,diaria,2024-04-15,2024,4,5.17460000
1,dolar_venda,Taxa de câmbio - dólar americano (venda),R$/US$,diaria,2024-04-16,2024,4,5.26350000
1,dolar_venda,Taxa de câmbio - dólar americano (venda),R$/US$,diaria,2024-04-17,2024,4,5.24690000
1,dolar_venda,Taxa de câmbio - dólar americano (venda),R$/US$,diaria,2024-04-18,2024,4,5.25120000
1,dolar_venda,Taxa de câmbio - dólar americano (venda),R$/US$,diaria,2024-04-19,2024,4,5.22690000
1,dolar_venda,Taxa de câmbio - dólar americano (venda),R$/US$,diaria,2024-04-22,2024,4,5.20430000
1,dolar_venda,Taxa de câmbio - dólar americano (venda),R$/US$,diaria,2024-04-23,2024,4,5.16260000
1,dolar_venda,Taxa de câmbio - dólar americano (venda),R$/US$,diaria,2024-04-24,2024,4,5.15920000
1,dolar_venda,Taxa de câmbio - dólar americano (venda),R$/US$,diaria,2024-04-25,2024,4,5.16790000
1,dolar_venda,Taxa de câmbio - dólar americano (venda),R$/US$,diaria,2024-04-26,2024,4,5.11840000
1,dolar_venda,Taxa de câmbio - dólar americano (venda),R$/US$,diaria,2024-04-29,2024,4,5.11550000
1,dolar_venda,Taxa de câmbio - dólar americano (venda),R$/US$,diaria,2024-04-30,2024,4,5.17180000
1,dolar_venda,Taxa de câmbio - dólar americano (venda),R$/US$,diaria,2024-05-02,2024,5,5.11840000
1,dolar_venda,Taxa de câmbio - dólar americano (venda),R$/US$,diaria,2024-05-03,2024,5,5.06680000
1,dolar_venda,Taxa de câmbio - dólar americano (venda),R$/US$,diaria,2024-05-06,2024,5,5.07270000
1,dolar_venda,Taxa de câmbio - dólar americano (venda),R$/US$,diaria,2024-05-07,2024,5,5.06100000
1,dolar_venda,Taxa de câmbio - dólar americano (venda),R$/US$,diaria,2024-05-08,2024,5,5.08870000
1,dolar_venda,Taxa de câmbio - dólar americano (venda),R$/US$,diaria,2024-05-09,2024,5,5.15770000
1,dolar_venda,Taxa de câmbio - dólar americano (venda),R$/US$,diaria,2024-05-10,2024,5,5.14640000
1,dolar_venda,Taxa de câmbio - dólar americano (venda),R$/US$,diaria,2024-05-13,2024,5,5.14120000
1,dolar_venda,Taxa de câmbio - dólar americano (venda),R$/US$,diaria,2024-05-14,2024,5,5.13560000
1,dolar_venda,Taxa de câmbio - dólar americano (venda),R$/US$,diaria,2024-05-15,2024,5,5.14230000
1,dolar_venda,Taxa de câmbio - dólar americano (venda),R$/US$,diaria,2024-05-16,2024,5,5.12700000
1,dolar_venda,Taxa de câmbio - dólar americano (venda),R$/US$,diaria,2024-05-17,2024,5,5.11570000
1,dolar_venda,Taxa de câmbio - dólar americano (venda),R$/US$,diaria,2024-05-20,2024,5,5.10850000
1,dolar_venda,Taxa de câmbio - dólar americano (venda),R$/US$,diaria,2024-05-21,2024,5,5.10370000
1,dolar_venda,Taxa de câmbio - dólar americano (venda),R$/US$,diaria,2024-05-22,2024,5,5.15020000
1,dolar_venda,Taxa de câmbio - dólar americano (venda),R$/US$,diaria,2024-05-23,2024,5,5.14430000
1,dolar_venda,Taxa de câmbio - dólar americano (venda),R$/US$,diaria,2024-05-24,2024,5,5.15080000
1,dolar_venda,Taxa de câmbio - dólar americano (venda),R$/US$,diaria,2024-05-27,2024,5,5.17040000
1,dolar_venda,Taxa de câmbio - dólar americano (venda),R$/US$,diaria,2024-05-28,2024,5,5.15380000
1,dolar_venda,Taxa de câmbio - dólar americano (venda),R$/US$,diaria,2024-05-29,2024,5,5.19720000
1,dolar_venda,Taxa de câmbio - dólar americano (venda),R$/US$,diaria,2024-05-31,2024,5,5.24160000
1,dolar_venda,Taxa de câmbio - dólar americano (venda),R$/US$,diaria,2024-06-03,2024,6,5.23730000
1,dolar_venda,Taxa de câmbio - dólar americano (venda),R$/US$,diaria,2024-06-04,2024,6,5.26870000
1,dolar_venda,Taxa de câmbio - dólar americano (venda),R$/US$,diaria,2024-06-05,2024,6,5.28410000
1,dolar_venda,Taxa de câmbio - dólar americano (venda),R$/US$,diaria,2024-06-06,2024,6,5.26810000
1,dolar_venda,Taxa de câmbio - dólar americano (venda),R$/US$,diaria,2024-06-07,2024,6,5.28020000
1,dolar_venda,Taxa de câmbio - dólar americano (venda),R$/US$,diaria,2024-06-10,2024,6,5.36660000
1,dolar_venda,Taxa de câmbio - dólar americano (venda),R$/US$,diaria,2024-06-11,2024,6,5.35240000
1,dolar_venda,Taxa de câmbio - dólar americano (venda),R$/US$,diaria,2024-06-12,2024,6,5.38910000
1,dolar_venda,Taxa de câmbio - dólar americano (venda),R$/US$,diaria,2024-06-13,2024,6,5.39740000
1,dolar_venda,Taxa de câmbio - dólar americano (venda),R$/US$,diaria,2024-06-14,2024,6,5.36300000
1,dolar_venda,Taxa de câmbio - dólar americano (venda),R$/US$,diaria,2024-06-17,2024,6,5.41300000
1,dolar_venda,Taxa de câmbio - dólar americano (venda),R$/US$,diaria,2024-06-18,2024,6,5.40740000
1,dolar_venda,Taxa de câmbio - dólar americano (venda),R$/US$,diaria,2024-06-19,2024,6,5.46470000
1,dolar_venda,Taxa de câmbio - dólar americano (venda),R$/US$,diaria,2024-06-20,2024,6,5.42540000
1,dolar_venda,Taxa de câmbio - dólar americano (venda),R$/US$,diaria,2024-06-21,2024,6,5.44160000
1,dolar_venda,Taxa de câmbio - dólar americano (venda),R$/US$,diaria,2024-06-24,2024,6,5.40000000
1,dolar_venda,Taxa de câmbio - dólar americano (venda),R$/US$,diaria,2024-06-25,2024,6,5.42900000
1,dolar_venda,Taxa de câmbio - dólar americano (venda),R$/US$,diaria,2024-06-26,2024,6,5.50970000
1,dolar_venda,Taxa de câmbio - dólar americano (venda),R$/US$,diaria,2024-06-27,2024,6,5.52290000
1,dolar_venda,Taxa de câmbio - dólar americano (venda),R$/US$,diaria,2024-06-28,2024,6,5.55890000
1,dolar_venda,Taxa de câmbio - dólar americano (venda),R$/US$,diaria,2024-07-01,2024,7,5.58930000
1,dolar_venda,Taxa de câmbio - dólar americano (venda),R$/US$,diaria,2024-07-02,2024,7,5.66770000
1,dolar_venda,Taxa de câmbio - dólar americano (venda),R$/US$,diaria,2024-07-03,2024,7,5.58630000
1,dolar_venda,Taxa de câmbio - dólar americano (venda),R$/US$,diaria,2024-07-04,2024,7,5.48390000
1,dolar_venda,Taxa de câmbio - dólar americano (venda),R$/US$,diaria,2024-07-05,2024,7,5.49700000
1,dolar_venda,Taxa de câmbio - dólar americano (venda),R$/US$,diaria,2024-07-08,2024,7,5.47200000
1,dolar_venda,Taxa de câmbio - dólar americano (venda),R$/US$,diaria,2024-07-09,2024,7,5.43870000
1,dolar_venda,Taxa de câmbio - dólar americano (venda),R$/US$,diaria,2024-07-10,2024,7,5.39670000
1,dolar_venda,Taxa de câmbio - dólar americano (venda),R$/US$,diaria,2024-07-11,2024,7,5.41000000
1,dolar_venda,Taxa de câmbio - dólar americano (venda),R$/US$,diaria,2024-07-12,2024,7,5.45290000
1,dolar_venda,Taxa de câmbio - dólar americano (venda),R$/US$,diaria,2024-07-15,2024,7,5.45630000
1,dolar_venda,Taxa de câmbio - dólar americano (venda),R$/US$,diaria,2024-07-16,2024,7,5.42740000
1,dolar_venda,Taxa de câmbio - dólar americano (venda),R$/US$,diaria,2024-07-17,2024,7,5.46700000
1,dolar_venda,Taxa de câmbio - dólar americano (venda),R$/US$,diaria,2024-07-18,2024,7,5.54260000
1,dolar_venda,Taxa de câmbio - dólar americano (venda),R$/US$,diaria,2024-07-19,2024,7,5.55430000
1,dolar_venda,Taxa de câmbio - dólar americano (venda),R$/US$,diaria,2024-07-22,2024,7,5.55980000
1,dolar_venda,Taxa de câmbio - dólar americano (venda),R$/US$,diaria,2024-07-23,2024,7,5.58070000
1,dolar_venda,Taxa de câmbio - dólar americano (venda),R$/US$,diaria,2024-07-24,2024,7,5.63460000
1,dolar_venda,Taxa de câmbio - dólar americano (venda),R$/US$,diaria,2024-07-25,2024,7,5.64020000
1,dolar_venda,Taxa de câmbio - dólar americano (venda),R$/US$,diaria,2024-07-26,2024,7,5.64650000
1,dolar_venda,Taxa de câmbio - dólar americano (venda),R$/US$,diaria,2024-07-29,2024,7,5.64790000
1,dolar_venda,Taxa de câmbio - dólar americano (venda),R$/US$,diaria,2024-07-30,2024,7,5.65320000
1,dolar_venda,Taxa de câmbio - dólar americano (venda),R$/US$,diaria,2024-07-31,2024,7,5.66210000
1,dolar_venda,Taxa de câmbio - dólar americano (venda),R$/US$,diaria,2024-08-01,2024,8,5.66810000
1,dolar_venda,Taxa de câmbio - dólar americano (venda),R$/US$,diaria,2024-08-02,2024,8,5.73660000
1,dolar_venda,Taxa de câmbio - dólar americano (venda),R$/US$,diaria,2024-08-05,2024,8,5.76460000
1,dolar_venda,Taxa de câmbio - dólar americano (venda),R$/US$,diaria,2024-08-06,2024,8,5.65280000
1,dolar_venda,Taxa de câmbio - dólar americano (venda),R$/US$,diaria,2024-08-07,2024,8,5.60930000
1,dolar_venda,Taxa de câmbio - dólar americano (venda),R$/US$,diaria,2024-08-08,2024,8,5.61720000
1,dolar_venda,Taxa de câmbio - dólar americano (venda),R$/US$,diaria,2024-08-09,2024,8,5.51150000
1,dolar_venda,Taxa de câmbio - dólar americano (venda),R$/US$,diaria,2024-08-12,2024,8,5.49110000
1,dolar_venda,Taxa de câmbio - dólar americano (venda),R$/US$,diaria,2024-08-13,2024,8,5.48750000
1,dolar_venda,Taxa de câmbio - dólar americano (venda),R$/US$,diaria,2024-08-14,2024,8,5.45020000
1,dolar_venda,Taxa de câmbio - dólar americano (venda),R$/US$,diaria,2024-08-15,2024,8,5.46510000
1,dolar_venda,Taxa de câmbio - dólar americano (venda),R$/US$,diaria,2024-08-16,2024,8,5.46320000
1,dolar_venda,Taxa de câmbio - dólar americano (venda),R$/US$,diaria,2024-08-19,2024,8,5.42370000
1,dolar_venda,Taxa de câmbio - dólar americano (venda),R$/US$,diaria,2024-08-20,2024,8,5.45470000
1,dolar_venda,Taxa de câmbio - dólar americano (venda),R$/US$,diaria,2024-08-21,2024,8,5.47070000
1,dolar_venda,Taxa de câmbio - dólar americano (venda),R$/US$,diaria,2024-08-22,2024,8,5.55240000
1,dolar_venda,Taxa de câmbio - dólar americano (venda),R$/US$,diaria,2024-08-23,2024,8,5.52630000
1,dolar_venda,Taxa de câmbio - dólar americano (venda),R$/US$,diaria,2024-08-26,2024,8,5.49210000
1,dolar_venda,Taxa de câmbio - dólar americano (venda),R$/US$,diaria,2024-08-27,2024,8,5.49690000
1,dolar_venda,Taxa de câmbio - dólar americano (venda),R$/US$,diaria,2024-08-28,2024,8,5.53150000
1,dolar_venda,Taxa de câmbio - dólar americano (venda),R$/US$,diaria,2024-08-29,2024,8,5.63580000
1,dolar_venda,Taxa de câmbio - dólar americano (venda),R$/US$,diaria,2024-08-30,2024,8,5.65620000
1,dolar_venda,Taxa de câmbio - dólar americano (venda),R$/US$,diaria,2024-09-02,2024,9,5.62300000
1,dolar_venda,Taxa de câmbio - dólar americano (venda),R$/US$,diaria,2024-09-03,2024,9,5.62240000
1,dolar_venda,Taxa de câmbio - dólar americano (venda),R$/US$,diaria,2024-09-04,2024,9,5.63590000
1,dolar_venda,Taxa de câmbio - dólar americano (venda),R$/US$,diaria,2024-09-05,2024,9,5.60490000
1,dolar_venda,Taxa de câmbio - dólar americano (venda),R$/US$,diaria,2024-09-06,2024,9,5.57020000
1,dolar_venda,Taxa de câmbio - dólar americano (venda),R$/US$,diaria,2024-09-09,2024,9,5.60970000
1,dolar_venda,Taxa de câmbio - dólar americano (venda),R$/US$,diaria,2024-09-10,2024,9,5.62540000
1,dolar_venda,Taxa de câmbio - dólar americano (venda),R$/US$,diaria,2024-09-11,2024,9,5.63870000
1,dolar_venda,Taxa de câmbio - dólar americano (venda),R$/US$,diaria,2024-09-12,2024,9,5.65540000
1,dolar_venda,Taxa de câmbio - dólar americano (venda),R$/US$,diaria,2024-09-13,2024,9,5.57170000
1,dolar_venda,Taxa de câmbio - dólar americano (venda),R$/US$,diaria,2024-09-16,2024,9,5.52070000
1,dolar_venda,Taxa de câmbio - dólar americano (venda),R$/US$,diaria,2024-09-17,2024,9,5.50100000
1,dolar_venda,Taxa de câmbio - dólar americano (venda),R$/US$,diaria,2024-09-18,2024,9,5.47670000
1,dolar_venda,Taxa de câmbio - dólar americano (venda),R$/US$,diaria,2024-09-19,2024,9,5.41890000
1,dolar_venda,Taxa de câmbio - dólar americano (venda),R$/US$,diaria,2024-09-20,2024,9,5.47750000
1,dolar_venda,Taxa de câmbio - dólar americano (venda),R$/US$,diaria,2024-09-23,2024,9,5.54460000
1,dolar_venda,Taxa de câmbio - dólar americano (venda),R$/US$,diaria,2024-09-24,2024,9,5.47020000
1,dolar_venda,Taxa de câmbio - dólar americano (venda),R$/US$,diaria,2024-09-25,2024,9,5.47360000
1,dolar_venda,Taxa de câmbio - dólar americano (venda),R$/US$,diaria,2024-09-26,2024,9,5.44120000
1,dolar_venda,Taxa de câmbio - dólar americano (venda),R$/US$,diaria,2024-09-27,2024,9,5.44310000
1,dolar_venda,Taxa de câmbio - dólar americano (venda),R$/US$,diaria,2024-09-30,2024,9,5.44810000
1,dolar_venda,Taxa de câmbio - dólar americano (venda),R$/US$,diaria,2024-10-01,2024,10,5.45210000
1,dolar_venda,Taxa de câmbio - dólar americano (venda),R$/US$,diaria,2024-10-02,2024,10,5.43050000
1,dolar_venda,Taxa de câmbio - dólar americano (venda),R$/US$,diaria,2024-10-03,2024,10,5.48500000
1,dolar_venda,Taxa de câmbio - dólar americano (venda),R$/US$,diaria,2024-10-04,2024,10,5.46860000
1,dolar_venda,Taxa de câmbio - dólar americano (venda),R$/US$,diaria,2024-10-07,2024,10,5.46260000
1,dolar_venda,Taxa de câmbio - dólar americano (venda),R$/US$,diaria,2024-10-08,2024,10,5.51970000
1,dolar_venda,Taxa de câmbio - dólar americano (venda),R$/US$,diaria,2024-10-09,2024,10,5.57370000
1,dolar_venda,Taxa de câmbio - dólar americano (venda),R$/US$,diaria,2024-10-10,2024,10,5.58190000
1,dolar_venda,Taxa de câmbio - dólar americano (venda),R$/US$,diaria,2024-10-11,2024,10,5.62630000
1,dolar_venda,Taxa de câmbio - dólar americano (venda),R$/US$,diaria,2024-10-14,2024,10,5.60450000
1,dolar_venda,Taxa de câmbio - dólar americano (venda),R$/US$,diaria,2024-10-15,2024,10,5.63780000
1,dolar_venda,Taxa de câmbio - dólar americano (venda),R$/US$,diaria,2024-10-16,2024,10,5.67490000
1,dolar_venda,Taxa de câmbio - dólar americano (venda),R$/US$,diaria,2024-10-17,2024,10,5.67580000
1,dolar_venda,Taxa de câmbio - dólar americano (venda),R$/US$,diaria,2024-10-18,2024,10,5.66720000
1,dolar_venda,Taxa de câmbio - dólar americano (venda),R$/US$,diaria,2024-10-21,2024,10,5.70680000
1,dolar_venda,Taxa de câmbio - dólar americano (venda),R$/US$,diaria,2024-10-22,2024,10,5.69580000
1,dolar_venda,Taxa de câmbio - dólar americano (venda),R$/US$,diaria,2024-10-23,2024,10,5.71490000
1,dolar_venda,Taxa de câmbio - dólar americano (venda),R$/US$,diaria,2024-10-24,2024,10,5.70870000
1,dolar_venda,Taxa de câmbio - dólar americano (venda),R$/US$,diaria,2024-10-25,2024,10,5.69690000
1,dolar_venda,Taxa de câmbio - dólar americano (venda),R$/US$,diaria,2024-10-28,2024,10,5.69880000
1,dolar_venda,Taxa de câmbio - dólar americano (venda),R$/US$,diaria,2024-10-29,2024,10,5.71400000
1,dolar_venda,Taxa de câmbio - dólar americano (venda),R$/US$,diaria,2024-10-30,2024,10,5.78010000
1,dolar_venda,Taxa de câmbio - dólar americano (venda),R$/US$,diaria,2024-10-31,2024,10,5.77790000
1,dolar_venda,Taxa de câmbio - dólar americano (venda),R$/US$,diaria,2024-11-01,2024,11,5.80730000
1,dolar_venda,Taxa de câmbio - dólar americano (venda),R$/US$,diaria,2024-11-04,2024,11,5.78980000
1,dolar_venda,Taxa de câmbio - dólar americano (venda),R$/US$,diaria,2024-11-05,2024,11,5.78460000
1,dolar_venda,Taxa de câmbio - dólar americano (venda),R$/US$,diaria,2024-11-06,2024,11,5.76480000
1,dolar_venda,Taxa de câmbio - dólar americano (venda),R$/US$,diaria,2024-11-07,2024,11,5.66240000
1,dolar_venda,Taxa de câmbio - dólar americano (venda),R$/US$,diaria,2024-11-08,2024,11,5.76480000
1,dolar_venda,Taxa de câmbio - dólar americano (venda),R$/US$,diaria,2024-11-11,2024,11,5.79800000
1,dolar_venda,Taxa de câmbio - dólar americano (venda),R$/US$,diaria,2024-11-12,2024,11,5.76940000
1,dolar_venda,Taxa de câmbio - dólar americano (venda),R$/US$,diaria,2024-11-13,2024,11,5.77130000
1,dolar_venda,Taxa de câmbio - dólar americano (venda),R$/US$,diaria,2024-11-14,2024,11,5.78850000
1,dolar_venda,Taxa de câmbio - dólar americano (venda),R$/US$,diaria,2024-11-18,2024,11,5.76030000
1,dolar_venda,Taxa de câmbio - dólar americano (venda),R$/US$,diaria,2024-11-19,2024,11,5.77430000
1,dolar_venda,Taxa de câmbio - dólar americano (venda),R$/US$,diaria,2024-11-21,2024,11,5.81730000
1,dolar_venda,Taxa de câmbio - dólar americano (venda),R$/US$,diaria,2024-11-22,2024,11,5.81240000
1,dolar_venda,Taxa de câmbio - dólar americano (venda),R$/US$,diaria,2024-11-25,2024,11,5.80020000
1,dolar_venda,Taxa de câmbio - dólar americano (venda),R$/US$,diaria,2024-11-26,2024,11,5.79900000
1,dolar_venda,Taxa de câmbio - dólar americano (venda),R$/US$,diaria,2024-11-27,2024,11,5.82910000
1,dolar_venda,Taxa de câmbio - dólar americano (venda),R$/US$,diaria,2024-11-28,2024,11,5.98710000
1,dolar_venda,Taxa de câmbio - dólar americano (venda),R$/US$,diaria,2024-11-29,2024,11,6.05350000
1,dolar_venda,Taxa de câmbio - dólar americano (venda),R$/US$,diaria,2024-12-02,2024,12,6.06340000
1,dolar_venda,Taxa de câmbio - dólar americano (venda),R$/US$,diaria,2024-12-03,2024,12,6.07070000
1,dolar_venda,Taxa de câmbio - dólar americano (venda),R$/US$,diaria,2024-12-04,2024,12,6.05810000
1,dolar_venda,Taxa de câmbio - dólar americano (venda),R$/US$,diaria,2024-12-05,2024,12,5.98490000
1,dolar_venda,Taxa de câmbio - dólar americano (venda),R$/US$,diaria,2024-12-06,2024,12,6.02930000
1,dolar_venda,Taxa de câmbio - dólar americano (venda),R$/US$,diaria,2024-12-09,2024,12,6.05700000
1,dolar_venda,Taxa de câmbio - dólar americano (venda),R$/US$,diaria,2024-12-10,2024,12,6.05290000
1,dolar_venda,Taxa de câmbio - dólar americano (venda),R$/US$,diaria,2024-12-11,2024,12,6.03200000
1,dolar_venda,Taxa de câmbio - dólar americano (venda),R$/US$,diaria,2024-12-12,2024,12,5.94080000
1,dolar_venda,Taxa de câmbio - dólar americano (venda),R$/US$,diaria,2024-12-13,2024,12,6.04000000
1,dolar_venda,Taxa de câmbio - dólar americano (venda),R$/US$,diaria,2024-12-16,2024,12,6.05090000
1,dolar_venda,Taxa de câmbio - dólar americano (venda),R$/US$,diaria,2024-12-17,2024,12,6.16850000
1,dolar_venda,Taxa de câmbio - dólar americano (venda),R$/US$,diaria,2024-12-18,2024,12,6.16240000
1,dolar_venda,Taxa de câmbio - dólar americano (venda),R$/US$,diaria,2024-12-19,2024,12,6.18410000
1,dolar_venda,Taxa de câmbio - dólar americano (venda),R$/US$,diaria,2024-12-20,2024,12,6.07800000
1,dolar_venda,Taxa de câmbio - dólar americano (venda),R$/US$,diaria,2024-12-23,2024,12,6.16120000
1,dolar_venda,Taxa de câmbio - dólar americano (venda),R$/US$,diaria,2024-12-24,2024,12,6.15410000
1,dolar_venda,Taxa de câmbio - dólar americano (venda),R$/US$,diaria,2024-12-26,2024,12,6.16560000
1,dolar_venda,Taxa de câmbio - dólar americano (venda),R$/US$,diaria,2024-12-27,2024,12,6.19910000
1,dolar_venda,Taxa de câmbio - dólar americano (venda),R$/US$,diaria,2024-12-30,2024,12,6.19230000
1,dolar_venda,Taxa de câmbio - dólar americano (venda),R$/US$,diaria,2024-12-31,2024,12,6.19230000
1,dolar_venda,Taxa de câmbio - dólar americano (venda),R$/US$,diaria,2025-01-02,2025,1,6.20860000
1,dolar_venda,Taxa de câmbio - dólar americano (venda),R$/US$,diaria,2025-01-03,2025,1,6.15630000
1,dolar_venda,Taxa de câmbio - dólar americano (venda),R$/US$,diaria,2025-01-06,2025,1,6.11190000
1,dolar_venda,Taxa de câmbio - dólar americano (venda),R$/US$,diaria,2025-01-07,2025,1,6.07410000
1,dolar_venda,Taxa de câmbio - dólar americano (venda),R$/US$,diaria,2025-01-08,2025,1,6.13210000
1,dolar_venda,Taxa de câmbio - dólar americano (venda),R$/US$,diaria,2025-01-09,2025,1,6.08960000
1,dolar_venda,Taxa de câmbio - dólar americano (venda),R$/US$,diaria,2025-01-10,2025,1,6.09650000
1,dolar_venda,Taxa de câmbio - dólar americano (venda),R$/US$,diaria,2025-01-13,2025,1,6.10790000
1,dolar_venda,Taxa de câmbio - dólar americano (venda),R$/US$,diaria,2025-01-14,2025,1,6.06710000
1,dolar_venda,Taxa de câmbio - dólar americano (venda),R$/US$,diaria,2025-01-15,2025,1,6.03770000
1,dolar_venda,Taxa de câmbio - dólar americano (venda),R$/US$,diaria,2025-01-16,2025,1,6.03220000
1,dolar_venda,Taxa de câmbio - dólar americano (venda),R$/US$,diaria,2025-01-17,2025,1,6.06090000
1,dolar_venda,Taxa de câmbio - dólar americano (venda),R$/US$,diaria,2025-01-20,2025,1,6.04980000
1,dolar_venda,Taxa de câmbio - dólar americano (venda),R$/US$,diaria,2025-01-21,2025,1,6.04400000
1,dolar_venda,Taxa de câmbio - dólar americano (venda),R$/US$,diaria,2025-01-22,2025,1,5.96740000
1,dolar_venda,Taxa de câmbio - dólar americano (venda),R$/US$,diaria,2025-01-23,2025,1,5.93990000
1,dolar_venda,Taxa de câmbio - dólar americano (venda),R$/US$,diaria,2025-01-24,2025,1,5.89250000
1,dolar_venda,Taxa de câmbio - dólar americano (venda),R$/US$,diaria,2025-01-27,2025,1,5.92720000
1,dolar_venda,Taxa de câmbio - dólar americano (venda),R$/US$,diaria,2025-01-28,2025,1,5.89300000
1,dolar_venda,Taxa de câmbio - dólar americano (venda),R$/US$,diaria,2025-01-29,2025,1,5.85960000
1,dolar_venda,Taxa de câmbio - dólar americano (venda),R$/US$,diaria,2025-01-30,2025,1,5.90060000
1,dolar_venda,Taxa de câmbio - dólar americano (venda),R$/US$,diaria,2025-01-31,2025,1,5.83010000
1,dolar_venda,Taxa de câmbio - dólar americano (venda),R$/US$,diaria,2025-02-03,2025,2,5.86870000
1,dolar_venda,Taxa de câmbio - dólar americano (venda),R$/US$,diaria,2025-02-04,2025,2,5.79270000
1,dolar_venda,Taxa de câmbio - dólar americano (venda),R$/US$,diaria,2025-02-05,2025,2,5.79970000
1,dolar_venda,Taxa de câmbio - dólar americano (venda),R$/US$,diaria,2025-02-06,2025,2,5.78560000
1,dolar_venda,Taxa de câmbio - dólar americano (venda),R$/US$,diaria,2025-02-07,2025,2,5.75570000
1,dolar_venda,Taxa de câmbio - dólar americano (venda),R$/US$,diaria,2025-02-10,2025,2,5.78080000
1,dolar_venda,Taxa de câmbio - dólar americano (venda),R$/US$,diaria,2025-02-11,2025,2,5.77880000
1,dolar_venda,Taxa de câmbio - dólar americano (venda),R$/US$,diaria,2025-02-12,2025,2,5.77110000
1,dolar_venda,Taxa de câmbio - dólar americano (venda),R$/US$,diaria,2025-02-13,2025,2,5.77880000
1,dolar_venda,Taxa de câmbio - dólar americano (venda),R$/US$,diaria,2025-02-14,2025,2,5.72830000
1,dolar_venda,Taxa de câmbio - dólar americano (venda),R$/US$,diaria,2025-02-17,2025,2,5.71050000
1,dolar_venda,Taxa de câmbio - dólar americano (venda),R$/US$,diaria,2025-02-18,2025,2,5.69790000
1,dolar_venda,Taxa de câmbio - dólar americano (venda),R$/US$,diaria,2025-02-19,2025,2,5.70870000
1,dolar_venda,Taxa de câmbio - dólar americano (venda),R$/US$,diaria,2025-02-20,2025,2,5.70190000
1,dolar_venda,Taxa de câmbio - dólar americano (venda),R$/US$,diaria,2025-02-21,2025,2,5.70270000
1,dolar_venda,Taxa de câmbio - dólar americano (venda),R$/US$,diaria,2025-02-24,2025,2,5.72580000
1,dolar_venda,Taxa de câmbio - dólar americano (venda),R$/US$,diaria,2025-02-25,2025,2,5.77790000
1,dolar_venda,Taxa de câmbio - dólar americano (venda),R$/US$,diaria,2025-02-26,2025,2,5.77570000
1,dolar_venda,Taxa de câmbio - dólar americano (venda),R$/US$,diaria,2025-02-27,2025,2,5.82280000
1,dolar_venda,Taxa de câmbio - dólar americano (venda),R$/US$,diaria,2025-02-28,2025,2,5.84880000
1,dolar_venda,Taxa de câmbio - dólar americano (venda),R$/US$,diaria,2025-03-05,2025,3,5.79140000
1,dolar_venda,Taxa de câmbio - dólar americano (venda),R$/US$,diaria,2025-03-06,2025,3,5.74890000
1,dolar_venda,Taxa de câmbio - dólar americano (venda),R$/US$,diaria,2025-03-07,2025,3,5.76880000
1,dolar_venda,Taxa de câmbio - dólar americano (venda),R$/US$,diaria,2025-03-10,2025,3,5.79300000
1,dolar_venda,Taxa de câmbio - dólar americano (venda),R$/US$,diaria,2025-03-11,2025,3,5.83460000
1,dolar_venda,Taxa de câmbio - dólar americano (venda),R$/US$,diaria,2025-03-12,2025,3,5.82680000
1,dolar_venda,Taxa de câmbio - dólar americano (venda),R$/US$,diaria,2025-03-13,2025,3,5.81310000
1,dolar_venda,Taxa de câmbio - dólar americano (venda),R$/US$,diaria,2025-03-14,2025,3,5.74190000
1,dolar_venda,Taxa de câmbio - dólar americano (venda),R$/US$,diaria,2025-03-17,2025,3,5.70820000
1,dolar_venda,Taxa de câmbio - dólar americano (venda),R$/US$,diaria,2025-03-18,2025,3,5.68520000
1,dolar_venda,Taxa de câmbio - dólar americano (venda),R$/US$,diaria,2025-03-19,2025,3,5.66570000
1,dolar_venda,Taxa de câmbio - dólar americano (venda),R$/US$,diaria,2025-03-20,2025,3,5.66280000
1,dolar_venda,Taxa de câmbio - dólar americano (venda),R$/US$,diaria,2025-03-21,2025,3,5.72410000
1,dolar_venda,Taxa de câmbio - dólar americano (venda),R$/US$,diaria,2025-03-24,2025,3,5.74030000
1,dolar_venda,Taxa de câmbio - dólar americano (venda),R$/US$,diaria,2025-03-25,2025,3,5.69920000
1,dolar_venda,Taxa de câmbio - dólar americano (venda),R$/US$,diaria,2025-03-26,2025,3,5.72980000
1,dolar_venda,Taxa de câmbio - dólar americano (venda),R$/US$,diaria,2025-03-27,2025,3,5.74740000
1,dolar_venda,Taxa de câmbio - dólar americano (venda),R$/US$,diaria,2025-03-28,2025,3,5.76600000
1,dolar_venda,Taxa de câmbio - dólar americano (venda),R$/US$,diaria,2025-03-31,2025,3,5.74220000
1,dolar_venda,Taxa de câmbio - dólar americano (venda),R$/US$,diaria,2025-04-01,2025,4,5.70510000
1,dolar_venda,Taxa de câmbio - dólar americano (venda),R$/US$,diaria,2025-04-02,2025,4,5.69230000
1,dolar_venda,Taxa de câmbio - dólar americano (venda),R$/US$,diaria,2025-04-03,2025,4,5.60670000
1,dolar_venda,Taxa de câmbio - dólar americano (venda),R$/US$,diaria,2025-04-04,2025,4,5.77770000
1,dolar_venda,Taxa de câmbio - dólar americano (venda),R$/US$,diaria,2025-04-07,2025,4,5.88770000
1,dolar_venda,Taxa de câmbio - dólar americano (venda),R$/US$,diaria,2025-04-08,2025,4,5.93680000
1,dolar_venda,Taxa de câmbio - dólar americano (venda),R$/US$,diaria,2025-04-09,2025,4,6.06050000
1,dolar_venda,Taxa de câmbio - dólar americano (venda),R$/US$,diaria,2025-04-10,2025,4,5.91150000
1,dolar_venda,Taxa de câmbio - dólar americano (venda),R$/US$,diaria,2025-04-11,2025,4,5.87370000
1,dolar_venda,Taxa de câmbio - dólar americano (venda),R$/US$,diaria,2025-04-14,2025,4,5.84250000
1,dolar_venda,Taxa de câmbio - dólar americano (venda),R$/US$,diaria,2025-04-15,2025,4,5.87070000
1,dolar_venda,Taxa de câmbio - dólar americano (venda),R$/US$,diaria,2025-04-16,2025,4,5.88080000
1,dolar_venda,Taxa de câmbio - dólar americano (venda),R$/US$,diaria,2025-04-17,2025,4,5.85590000
1,dolar_venda,Taxa de câmbio - dólar americano (venda),R$/US$,diaria,2025-04-22,2025,4,5.74960000
1,dolar_venda,Taxa de câmbio - dólar americano (venda),R$/US$,diaria,2025-04-23,2025,4,5.68800000
1,dolar_venda,Taxa de câmbio - dólar americano (venda),R$/US$,diaria,2025-04-24,2025,4,5.67380000
1,dolar_venda,Taxa de câmbio - dólar americano (venda),R$/US$,diaria,2025-04-25,2025,4,5.68460000
1,dolar_venda,Taxa de câmbio - dólar americano (venda),R$/US$,diaria,2025-04-28,2025,4,5.66810000
1,dolar_venda,Taxa de câmbio - dólar americano (venda),R$/US$,diaria,2025-04-29,2025,4,5.64670000
1,dolar_venda,Taxa de câmbio - dólar americano (venda),R$/US$,diaria,2025-04-30,2025,4,5.66080000
1,dolar_venda,Taxa de câmbio - dólar americano (venda),R$/US$,diaria,2025-05-02,2025,5,5.63940000
1,dolar_venda,Taxa de câmbio - dólar americano (venda),R$/US$,diaria,2025-05-05,2025,5,5.65200000
1,dolar_venda,Taxa de câmbio - dólar americano (venda),R$/US$,diaria,2025-05-06,2025,5,5.72100000
1,dolar_venda,Taxa de câmbio - dólar americano (venda),R$/US$,diaria,2025-05-07,2025,5,5.73750000
1,dolar_venda,Taxa de câmbio - dólar americano (venda),R$/US$,diaria,2025-05-08,2025,5,5.68600000
1,dolar_venda,Taxa de câmbio - dólar americano (venda),R$/US$,diaria,2025-05-09,2025,5,5.65110000
1,dolar_venda,Taxa de câmbio - dólar americano (venda),R$/US$,diaria,2025-05-12,2025,5,5.68220000
1,dolar_venda,Taxa de câmbio - dólar americano (venda),R$/US$,diaria,2025-05-13,2025,5,5.62620000
1,dolar_venda,Taxa de câmbio - dólar americano (venda),R$/US$,diaria,2025-05-14,2025,5,5.61000000
1,dolar_venda,Taxa de câmbio - dólar americano (venda),R$/US$,diaria,2025-05-15,2025,5,5.63280000
1,dolar_venda,Taxa de câmbio - dólar americano (venda),R$/US$,diaria,2025-05-16,2025,5,5.69250000
1,dolar_venda,Taxa de câmbio - dólar americano (venda),R$/US$,diaria,2025-05-19,2025,5,5.65910000
1,dolar_venda,Taxa de câmbio - dólar americano (venda),R$/US$,diaria,2025-05-20,2025,5,5.66200000
1,dolar_venda,Taxa de câmbio - dólar americano (venda),R$/US$,diaria,2025-05-21,2025,5,5.65710000
1,dolar_venda,Taxa de câmbio - dólar americano (venda),R$/US$,diaria,2025-05-22,2025,5,5.63900000
1,dolar_venda,Taxa de câmbio - dólar americano (venda),R$/US$,diaria,2025-05-23,2025,5,5.69320000
1,dolar_venda,Taxa de câmbio - dólar americano (venda),R$/US$,diaria,2025-05-26,2025,5,5.66190000
1,dolar_venda,Taxa de câmbio - dólar americano (venda),R$/US$,diaria,2025-05-27,2025,5,5.65390000
1,dolar_venda,Taxa de câmbio - dólar americano (venda),R$/US$,diaria,2025-05-28,2025,5,5.69360000
1,dolar_venda,Taxa de câmbio - dólar americano (venda),R$/US$,diaria,2025-05-29,2025,5,5.65590000
1,dolar_venda,Taxa de câmbio - dólar americano (venda),R$/US$,diaria,2025-05-30,2025,5,5.70870000
1,dolar_venda,Taxa de câmbio - dólar americano (venda),R$/US$,diaria,2025-06-02,2025,6,5.69370000
1,dolar_venda,Taxa de câmbio - dólar americano (venda),R$/US$,diaria,2025-06-03,2025,6,5.66940000
1,dolar_venda,Taxa de câmbio - dólar americano (venda),R$/US$,diaria,2025-06-04,2025,6,5.63320000
1,dolar_venda,Taxa de câmbio - dólar americano (venda),R$/US$,diaria,2025-06-05,2025,6,5.59690000
1,dolar_venda,Taxa de câmbio - dólar americano (venda),R$/US$,diaria,2025-06-06,2025,6,5.59470000
1,dolar_venda,Taxa de câmbio - dólar americano (venda),R$/US$,diaria,2025-06-09,2025,6,5.57600000
1,dolar_venda,Taxa de câmbio - dólar americano (venda),R$/US$,diaria,2025-06-10,2025,6,5.55570000
1,dolar_venda,Taxa de câmbio - dólar americano (venda),R$/US$,diaria,2025-06-11,2025,6,5.53900000
1,dolar_venda,Taxa de câmbio - dólar americano (venda),R$/US$,diaria,2025-06-12,2025,6,5.53880000
1,dolar_venda,Taxa de câmbio - dólar americano (venda),R$/US$,diaria,2025-06-13,2025,6,5.56520000
1,dolar_venda,Taxa de câmbio - dólar americano (venda),R$/US$,diaria,2025-06-16,2025,6,5.51230000
1,dolar_venda,Taxa de câmbio - dólar americano (venda),R$/US$,diaria,2025-06-17,2025,6,5.47730000
1,dolar_venda,Taxa de câmbio - dólar americano (venda),R$/US$,diaria,2025-06-18,2025,6,5.48790000
1,dolar_venda,Taxa de câmbio - dólar americano (venda),R$/US$,diaria,2025-06-20,2025,6,5.49570000
1,dolar_venda,Taxa de câmbio - dólar americano (venda),R$/US$,diaria,2025-06-23,2025,6,5.52130000
1,dolar_venda,Taxa de câmbio - dólar americano (venda),R$/US$,diaria,2025-06-24,2025,6,5.49380000
1,dolar_venda,Taxa de câmbio - dólar americano (venda),R$/US$,diaria,2025-06-25,2025,6,5.54270000
1,dolar_venda,Taxa de câmbio - dólar americano (venda),R$/US$,diaria,2025-06-26,2025,6,5.51450000
1,dolar_venda,Taxa de câmbio - dólar americano (venda),R$/US$,diaria,2025-06-27,2025,6,5.47590000
1,dolar_venda,Taxa de câmbio - dólar americano (venda),R$/US$,diaria,2025-06-30,2025,6,5.45710000
1,dolar_venda,Taxa de câmbio - dólar americano (venda),R$/US$,diaria,2025-07-01,2025,7,5.45110000
1,dolar_venda,Taxa de câmbio - dólar americano (venda),R$/US$,diaria,2025-07-02,2025,7,5.45120000
1,dolar_venda,Taxa de câmbio - dólar americano (venda),R$/US$,diaria,2025-07-03,2025,7,5.42080000
1,dolar_venda,Taxa de câmbio - dólar americano (venda),R$/US$,diaria,2025-07-04,2025,7,5.40900000
1,dolar_venda,Taxa de câmbio - dólar americano (venda),R$/US$,diaria,2025-07-07,2025,7,5.45520000
1,dolar_venda,Taxa de câmbio - dólar americano (venda),R$/US$,diaria,2025-07-08,2025,7,5.45710000
1,dolar_venda,Taxa de câmbio - dólar americano (venda),R$/US$,diaria,2025-07-09,2025,7,5.46260000
1,dolar_venda,Taxa de câmbio - dólar americano (venda),R$/US$,diaria,2025-07-10,2025,7,5.54330000
1,dolar_venda,Taxa de câmbio - dólar americano (venda),R$/US$,diaria,2025-07-11,2025,7,5.57220000
1,dolar_venda,Taxa de câmbio - dólar americano (venda),R$/US$,diaria,2025-07-14,2025,7,5.55950000
1,dolar_venda,Taxa de câmbio - dólar americano (venda),R$/US$,diaria,2025-07-15,2025,7,5.55760000
1,dolar_venda,Taxa de câmbio - dólar americano (venda),R$/US$,diaria,2025-07-16,2025,7,5.57220000
1,dolar_venda,Taxa de câmbio - dólar americano (venda),R$/US$,diaria,2025-07-17,2025,7,5.57370000
1,dolar_venda,Taxa de câmbio - dólar americano (venda),R$/US$,diaria,2025-07-18,2025,7,5.54660000
1,dolar_venda,Taxa de câmbio - dólar americano (venda),R$/US$,diaria,2025-07-21,2025,7,5.56250000
1,dolar_venda,Taxa de câmbio - dólar americano (venda),R$/US$,diaria,2025-07-22,2025,7,5.57090000
1,dolar_venda,Taxa de câmbio - dólar americano (venda),R$/US$,diaria,2025-07-23,2025,7,5.55370000
1,dolar_venda,Taxa de câmbio - dólar americano (venda),R$/US$,diaria,2025-07-24,2025,7,5.52390000
1,dolar_venda,Taxa de câmbio - dólar americano (venda),R$/US$,diaria,2025-07-25,2025,7,5.54260000
1,dolar_venda,Taxa de câmbio - dólar americano (venda),R$/US$,diaria,2025-07-28,2025,7,5.58770000
1,dolar_venda,Taxa de câmbio - dólar americano (venda),R$/US$,diaria,2025-07-29,2025,7,5.57640000
1,dolar_venda,Taxa de câmbio - dólar americano (venda),R$/US$,diaria,2025-07-30,2025,7,5.60340000
1,dolar_venda,Taxa de câmbio - dólar americano (venda),R$/US$,diaria,2025-07-31,2025,7,5.60210000
1,dolar_venda,Taxa de câmbio - dólar americano (venda),R$/US$,diaria,2025-08-01,2025,8,5.54360000
1,dolar_venda,Taxa de câmbio - dólar americano (venda),R$/US$,diaria,2025-08-04,2025,8,5.51130000
1,dolar_venda,Taxa de câmbio - dólar americano (venda),R$/US$,diaria,2025-08-05,2025,8,5.51190000
1,dolar_venda,Taxa de câmbio - dólar americano (venda),R$/US$,diaria,2025-08-06,2025,8,5.48020000
1,dolar_venda,Taxa de câmbio - dólar americano (venda),R$/US$,diaria,2025-08-07,2025,8,5.46380000
1,dolar_venda,Taxa de câmbio - dólar americano (venda),R$/US$,diaria,2025-08-08,2025,8,5.42540000
1,dolar_venda,Taxa de câmbio - dólar americano (venda),R$/US$,diaria,2025-08-11,2025,8,5.44730000
1,dolar_venda,Taxa de câmbio - dólar americano (venda),R$/US$,diaria,2025-08-12,2025,8,5.40520000
1,dolar_venda,Taxa de câmbio - dólar americano (venda),R$/US$,diaria,2025-08-13,2025,8,5.39280000
1,dolar_venda,Taxa de câmbio - dólar americano (venda),R$/US$,diaria,2025-08-14,2025,8,5.40950000
1,dolar_venda,Taxa de câmbio - dólar americano (venda),R$/US$,diaria,2025-08-15,2025,8,5.39280000
1,dolar_venda,Taxa de câmbio - dólar americano (venda),R$/US$,diaria,2025-08-18,2025,8,5.41550000
1,dolar_venda,Taxa de câmbio - dólar americano (venda),R$/US$,diaria,2025-08-19,2025,8,5.47160000
1,dolar_venda,Taxa de câmbio - dólar americano (venda),R$/US$,diaria,2025-08-20,2025,8,5.47260000
1,dolar_venda,Taxa de câmbio - dólar americano (venda),R$/US$,diaria,2025-08-21,2025,8,5.48280000
1,dolar_venda,Taxa de câmbio - dólar americano (venda),R$/US$,diaria,2025-08-22,2025,8,5.43920000
1,dolar_venda,Taxa de câmbio - dólar americano (venda),R$/US$,diaria,2025-08-25,2025,8,5.41740000
1,dolar_venda,Taxa de câmbio - dólar americano (venda),R$/US$,diaria,2025-08-26,2025,8,5.42180000
1,dolar_venda,Taxa de câmbio - dólar americano (venda),R$/US$,diaria,2025-08-27,2025,8,5.44280000
1,dolar_venda,Taxa de câmbio - dólar americano (venda),R$/US$,diaria,2025-08-28,2025,8,5.41150000
1,dolar_venda,Taxa de câmbio - dólar americano (venda),R$/US$,diaria,2025-08-29,2025,8,5.42640000
1,dolar_venda,Taxa de câmbio - dólar americano (venda),R$/US$,diaria,2025-09-01,2025,9,5.43780000
1,dolar_venda,Taxa de câmbio - dólar americano (venda),R$/US$,diaria,2025-09-02,2025,9,5.46800000
1,dolar_venda,Taxa de câmbio - dólar americano (venda),R$/US$,diaria,2025-09-03,2025,9,5.44850000
1,dolar_venda,Taxa de câmbio - dólar americano (venda),R$/US$,diaria,2025-09-04,2025,9,5.45870000
1,dolar_venda,Taxa de câmbio - dólar americano (venda),R$/US$,diaria,2025-09-05,2025,9,5.39680000
1,dolar_venda,Taxa de câmbio - dólar americano (venda),R$/US$,diaria,2025-09-08,2025,9,5.42780000
1,dolar_venda,Taxa de câmbio - dólar americano (venda),R$/US$,diaria,2025-09-09,2025,9,5.42780000
1,dolar_venda,Taxa de câmbio - dólar americano (venda),R$/US$,diaria,2025-09-10,2025,9,5.41230000
1,dolar_venda,Taxa de câmbio - dólar americano (venda),R$/US$,diaria,2025-09-11,2025,9,5.38580000
1,dolar_venda,Taxa de câmbio - dólar americano (venda),R$/US$,diaria,2025-09-12,2025,9,5.36770000
1,dolar_venda,Taxa de câmbio - dólar americano (venda),R$/US$,diaria,2025-09-15,2025,9,5.32080000
1,dolar_venda,Taxa de câmbio - dólar americano (venda),R$/US$,diaria,2025-09-16,2025,9,5.30960000
1,dolar_venda,Taxa de câmbio - dólar americano (venda),R$/US$,diaria,2025-09-17,2025,9,5.30110000
1,dolar_venda,Taxa de câmbio - dólar americano (venda),R$/US$,diaria,2025-09-18,2025,9,5.30100000
1,dolar_venda,Taxa de câmbio - dólar americano (venda),R$/US$,diaria,2025-09-19,2025,9,5.32760000
1,dolar_venda,Taxa de câmbio - dólar americano (venda),R$/US$,diaria,2025-09-22,2025,9,5.34570000
1,dolar_venda,Taxa de câmbio - dólar americano (venda),R$/US$,diaria,2025-09-23,2025,9,5.30630000
1,dolar_venda,Taxa de câmbio - dólar americano (venda),R$/US$,diaria,2025-09-24,2025,9,5.31120000
1,dolar_venda,Taxa de câmbio - dólar americano (venda),R$/US$,diaria,2025-09-25,2025,9,5.34250000
1,dolar_venda,Taxa de câmbio - dólar americano (venda),R$/US$,diaria,2025-09-26,2025,9,5.34450000
1,dolar_venda,Taxa de câmbio - dólar americano (venda),R$/US$,diaria,2025-09-29,2025,9,5.32290000
1,dolar_venda,Taxa de câmbio - dólar americano (venda),R$/US$,diaria,2025-09-30,2025,9,5.31860000
1,dolar_venda,Taxa de câmbio - dólar americano (venda),R$/US$,diaria,2025-10-01,2025,10,5.32080000
1,dolar_venda,Taxa de câmbio - dólar americano (venda),R$/US$,diaria,2025-10-02,2025,10,5.34490000
1,dolar_venda,Taxa de câmbio - dólar americano (venda),R$/US$,diaria,2025-10-03,2025,10,5.34980000
1,dolar_venda,Taxa de câmbio - dólar americano (venda),R$/US$,diaria,2025-10-06,2025,10,5.32260000
1,dolar_venda,Taxa de câmbio - dólar americano (venda),R$/US$,diaria,2025-10-07,2025,10,5.33630000
1,dolar_venda,Taxa de câmbio - dólar americano (venda),R$/US$,diaria,2025-10-08,2025,10,5.34270000
1,dolar_venda,Taxa de câmbio - dólar americano (venda),R$/US$,diaria,2025-10-09,2025,10,5.35380000
1,dolar_venda,Taxa de câmbio - dólar americano (venda),R$/US$,diaria,2025-10-10,2025,10,5.44460000
1,dolar_venda,Taxa de câmbio - dólar americano (venda),R$/US$,diaria,2025-10-13,2025,10,5.46290000
1,dolar_venda,Taxa de câmbio - dólar americano (venda),R$/US$,diaria,2025-10-14,2025,10,5.49820000
1,dolar_venda,Taxa de câmbio - dólar americano (venda),R$/US$,diaria,2025-10-15,2025,10,5.44640000
1,dolar_venda,Taxa de câmbio - dólar americano (venda),R$/US$,diaria,2025-10-16,2025,10,5.43540000
1,dolar_venda,Taxa de câmbio - dólar americano (venda),R$/US$,diaria,2025-10-17,2025,10,5.43900000
1,dolar_venda,Taxa de câmbio - dólar americano (venda),R$/US$,diaria,2025-10-20,2025,10,5.37710000
1,dolar_venda,Taxa de câmbio - dólar americano (venda),R$/US$,diaria,2025-10-21,2025,10,5.38480000
1,dolar_venda,Taxa de câmbio - dólar americano (venda),R$/US$,diaria,2025-10-22,2025,10,5.38980000
1,dolar_venda,Taxa de câmbio - dólar americano (venda),R$/US$,diaria,2025-10-23,2025,10,5.38400000
1,dolar_venda,Taxa de câmbio - dólar americano (venda),R$/US$,diaria,2025-10-24,2025,10,5.37970000
1,dolar_venda,Taxa de câmbio - dólar americano (venda),R$/US$,diaria,2025-10-27,2025,10,5.37440000
1,dolar_venda,Taxa de câmbio - dólar americano (venda),R$/US$,diaria,2025-10-28,2025,10,5.36900000
1,dolar_venda,Taxa de câmbio - dólar americano (venda),R$/US$,diaria,2025-10-29,2025,10,5.34160000
1,dolar_venda,Taxa de câmbio - dólar americano (venda),R$/US$,diaria,2025-10-30,2025,10,5.38500000
1,dolar_venda,Taxa de câmbio - dólar americano (venda),R$/US$,diaria,2025-10-31,2025,10,5.38430000
1,dolar_venda,Taxa de câmbio - dólar americano (venda),R$/US$,diaria,2025-11-03,2025,11,5.35050000
1,dolar_venda,Taxa de câmbio - dólar americano (venda),R$/US$,diaria,2025-11-04,2025,11,5.38460000
1,dolar_venda,Taxa de câmbio - dólar americano (venda),R$/US$,diaria,2025-11-05,2025,11,5.37980000
1,dolar_venda,Taxa de câmbio - dólar americano (venda),R$/US$,diaria,2025-11-06,2025,11,5.34510000
1,dolar_venda,Taxa de câmbio - dólar americano (venda),R$/US$,diaria,2025-11-07,2025,11,5.35670000
1,dolar_venda,Taxa de câmbio - dólar americano (venda),R$/US$,diaria,2025-11-10,2025,11,5.31810000
1,dolar_venda,Taxa de câmbio - dólar americano (venda),R$/US$,diaria,2025-11-11,2025,11,5.27290000
1,dolar_venda,Taxa de câmbio - dólar americano (venda),R$/US$,diaria,2025-11-12,2025,11,5.28850000
1,dolar_venda,Taxa de câmbio - dólar americano (venda),R$/US$,diaria,2025-11-13,2025,11,5.28200000
1,dolar_venda,Taxa de câmbio - dólar americano (venda),R$/US$,diaria,2025-11-14,2025,11,5.29520000
1,dolar_venda,Taxa de câmbio - dólar americano (venda),R$/US$,diaria,2025-11-17,2025,11,5.31080000
1,dolar_venda,Taxa de câmbio - dólar americano (venda),R$/US$,diaria,2025-11-18,2025,11,5.33610000
1,dolar_venda,Taxa de câmbio - dólar americano (venda),R$/US$,diaria,2025-11-19,2025,11,5.33460000
1,dolar_venda,Taxa de câmbio - dólar americano (venda),R$/US$,diaria,2025-11-21,2025,11,5.39020000
1,dolar_venda,Taxa de câmbio - dólar americano (venda),R$/US$,diaria,2025-11-24,2025,11,5.39480000
1,dolar_venda,Taxa de câmbio - dólar americano (venda),R$/US$,diaria,2025-11-25,2025,11,5.38410000
1,dolar_venda,Taxa de câmbio - dólar americano (venda),R$/US$,diaria,2025-11-26,2025,11,5.36940000
1,dolar_venda,Taxa de câmbio - dólar americano (venda),R$/US$,diaria,2025-11-27,2025,11,5.34900000
1,dolar_venda,Taxa de câmbio - dólar americano (venda),R$/US$,diaria,2025-11-28,2025,11,5.33380000
1,dolar_venda,Taxa de câmbio - dólar americano (venda),R$/US$,diaria,2025-12-01,2025,12,5.34690000
1,dolar_venda,Taxa de câmbio - dólar americano (venda),R$/US$,diaria,2025-12-02,2025,12,5.34650000
1,dolar_venda,Taxa de câmbio - dólar americano (venda),R$/US$,diaria,2025-12-03,2025,12,5.31140000
1,dolar_venda,Taxa de câmbio - dólar americano (venda),R$/US$,diaria,2025-12-04,2025,12,5.29520000
1,dolar_venda,Taxa de câmbio - dólar americano (venda),R$/US$,diaria,2025-12-05,2025,12,5.34050000
1,dolar_venda,Taxa de câmbio - dólar americano (venda),R$/US$,diaria,2025-12-08,2025,12,5.42490000
1,dolar_venda,Taxa de câmbio - dólar americano (venda),R$/US$,diaria,2025-12-09,2025,12,5.45700000
1,dolar_venda,Taxa de câmbio - dólar americano (venda),R$/US$,diaria,2025-12-10,2025,12,5.46560000
1,dolar_venda,Taxa de câmbio - dólar americano (venda),R$/US$,diaria,2025-12-11,2025,12,5.42370000
1,dolar_venda,Taxa de câmbio - dólar americano (venda),R$/US$,diaria,2025-12-12,2025,12,5.40110000
1,dolar_venda,Taxa de câmbio - dólar americano (venda),R$/US$,diaria,2025-12-15,2025,12,5.39290000
1,dolar_venda,Taxa de câmbio - dólar americano (venda),R$/US$,diaria,2025-12-16,2025,12,5.45050000
1,dolar_venda,Taxa de câmbio - dólar americano (venda),R$/US$,diaria,2025-12-17,2025,12,5.50930000
1,dolar_venda,Taxa de câmbio - dólar americano (venda),R$/US$,diaria,2025-12-18,2025,12,5.52830000
1,dolar_venda,Taxa de câmbio - dólar americano (venda),R$/US$,diaria,2025-12-19,2025,12,5.51600000
1,dolar_venda,Taxa de câmbio - dólar americano (venda),R$/US$,diaria,2025-12-22,2025,12,5.53890000
1,dolar_venda,Taxa de câmbio - dólar americano (venda),R$/US$,diaria,2025-12-23,2025,12,5.56430000
1,dolar_venda,Taxa de câmbio - dólar americano (venda),R$/US$,diaria,2025-12-24,2025,12,5.53500000
1,dolar_venda,Taxa de câmbio - dólar americano (venda),R$/US$,diaria,2025-12-26,2025,12,5.54130000
1,dolar_venda,Taxa de câmbio - dólar americano (venda),R$/US$,diaria,2025-12-29,2025,12,5.57390000
1,dolar_venda,Taxa de câmbio - dólar americano (venda),R$/US$,diaria,2025-12-30,2025,12,5.50240000
1,dolar_venda,Taxa de câmbio - dólar americano (venda),R$/US$,diaria,2025-12-31,2025,12,5.50240000
1,dolar_venda,Taxa de câmbio - dólar americano (venda),R$/US$,diaria,2026-01-02,2026,1,5.43720000
1,dolar_venda,Taxa de câmbio - dólar americano (venda),R$/US$,diaria,2026-01-05,2026,1,5.43510000
1,dolar_venda,Taxa de câmbio - dólar americano (venda),R$/US$,diaria,2026-01-06,2026,1,5.37970000
1,dolar_venda,Taxa de câmbio - dólar americano (venda),R$/US$,diaria,2026-01-07,2026,1,5.38800000
1,dolar_venda,Taxa de câmbio - dólar americano (venda),R$/US$,diaria,2026-01-08,2026,1,5.38600000
1,dolar_venda,Taxa de câmbio - dólar americano (venda),R$/US$,diaria,2026-01-09,2026,1,5.37070000
1,dolar_venda,Taxa de câmbio - dólar americano (venda),R$/US$,diaria,2026-01-12,2026,1,5.37600000
1,dolar_venda,Taxa de câmbio - dólar americano (venda),R$/US$,diaria,2026-01-13,2026,1,5.37640000
1,dolar_venda,Taxa de câmbio - dólar americano (venda),R$/US$,diaria,2026-01-14,2026,1,5.37950000
1,dolar_venda,Taxa de câmbio - dólar americano (venda),R$/US$,diaria,2026-01-15,2026,1,5.38460000
1,dolar_venda,Taxa de câmbio - dólar americano (venda),R$/US$,diaria,2026-01-16,2026,1,5.37980000
1,dolar_venda,Taxa de câmbio - dólar americano (venda),R$/US$,diaria,2026-01-19,2026,1,5.36530000
1,dolar_venda,Taxa de câmbio - dólar americano (venda),R$/US$,diaria,2026-01-20,2026,1,5.37900000
1,dolar_venda,Taxa de câmbio - dólar americano (venda),R$/US$,diaria,2026-01-21,2026,1,5.33680000
1,dolar_venda,Taxa de câmbio - dólar americano (venda),R$/US$,diaria,2026-01-22,2026,1,5.31180000
1,dolar_venda,Taxa de câmbio - dólar americano (venda),R$/US$,diaria,2026-01-23,2026,1,5.28790000
1,dolar_venda,Taxa de câmbio - dólar americano (venda),R$/US$,diaria,2026-01-26,2026,1,5.27600000
1,dolar_venda,Taxa de câmbio - dólar americano (venda),R$/US$,diaria,2026-01-27,2026,1,5.23920000
1,dolar_venda,Taxa de câmbio - dólar americano (venda),R$/US$,diaria,2026-01-28,2026,1,5.18380000
1,dolar_venda,Taxa de câmbio - dólar americano (venda),R$/US$,diaria,2026-01-29,2026,1,5.19560000
1,dolar_venda,Taxa de câmbio - dólar americano (venda),R$/US$,diaria,2026-01-30,2026,1,5.23010000
1,dolar_venda,Taxa de câmbio - dólar americano (venda),R$/US$,diaria,2026-02-02,2026,2,5.25870000
1,dolar_venda,Taxa de câmbio - dólar americano (venda),R$/US$,diaria,2026-02-03,2026,2,5.22360000
1,dolar_venda,Taxa de câmbio - dólar americano (venda),R$/US$,diaria,2026-02-04,2026,2,5.23590000
1,dolar_venda,Taxa de câmbio - dólar americano (venda),R$/US$,diaria,2026-02-05,2026,2,5.25800000
1,dolar_venda,Taxa de câmbio - dólar americano (venda),R$/US$,diaria,2026-02-06,2026,2,5.23410000
1,dolar_venda,Taxa de câmbio - dólar americano (venda),R$/US$,diaria,2026-02-09,2026,2,5.19430000
1,dolar_venda,Taxa de câmbio - dólar americano (venda),R$/US$,diaria,2026-02-10,2026,2,5.20210000
1,dolar_venda,Taxa de câmbio - dólar americano (venda),R$/US$,diaria,2026-02-11,2026,2,5.18360000
1,dolar_venda,Taxa de câmbio - dólar americano (venda),R$/US$,diaria,2026-02-12,2026,2,5.16740000
1,dolar_venda,Taxa de câmbio - dólar americano (venda),R$/US$,diaria,2026-02-13,2026,2,5.22880000
1,dolar_venda,Taxa de câmbio - dólar americano (venda),R$/US$,diaria,2026-02-18,2026,2,5.23490000
1,dolar_venda,Taxa de câmbio - dólar americano (venda),R$/US$,diaria,2026-02-19,2026,2,5.22570000
1,dolar_venda,Taxa de câmbio - dólar americano (venda),R$/US$,diaria,2026-02-20,2026,2,5.20060000
1,dolar_venda,Taxa de câmbio - dólar americano (venda),R$/US$,diaria,2026-02-23,2026,2,5.16350000
1,dolar_venda,Taxa de câmbio - dólar americano (venda),R$/US$,diaria,2026-02-24,2026,2,5.16820000
1,dolar_venda,Taxa de câmbio - dólar americano (venda),R$/US$,diaria,2026-02-25,2026,2,5.14400000
1,dolar_venda,Taxa de câmbio - dólar americano (venda),R$/US$,diaria,2026-02-26,2026,2,5.13820000
1,dolar_venda,Taxa de câmbio - dólar americano (venda),R$/US$,diaria,2026-02-27,2026,2,5.14950000
1,dolar_venda,Taxa de câmbio - dólar americano (venda),R$/US$,diaria,2026-03-02,2026,3,5.20010000
1,dolar_venda,Taxa de câmbio - dólar americano (venda),R$/US$,diaria,2026-03-03,2026,3,5.28700000
1,dolar_venda,Taxa de câmbio - dólar americano (venda),R$/US$,diaria,2026-03-04,2026,3,5.20910000
1,dolar_venda,Taxa de câmbio - dólar americano (venda),R$/US$,diaria,2026-03-05,2026,3,5.24470000
1,dolar_venda,Taxa de câmbio - dólar americano (venda),R$/US$,diaria,2026-03-06,2026,3,5.28780000
1,dolar_venda,Taxa de câmbio - dólar americano (venda),R$/US$,diaria,2026-03-09,2026,3,5.21390000
1,dolar_venda,Taxa de câmbio - dólar americano (venda),R$/US$,diaria,2026-03-10,2026,3,5.16220000
1,dolar_venda,Taxa de câmbio - dólar americano (venda),R$/US$,diaria,2026-03-11,2026,3,5.15960000
1,dolar_venda,Taxa de câmbio - dólar americano (venda),R$/US$,diaria,2026-03-12,2026,3,5.20510000
1,dolar_venda,Taxa de câmbio - dólar americano (venda),R$/US$,diaria,2026-03-13,2026,3,5.25410000
1,dolar_venda,Taxa de câmbio - dólar americano (venda),R$/US$,diaria,2026-03-16,2026,3,5.26470000
1,dolar_venda,Taxa de câmbio - dólar americano (venda),R$/US$,diaria,2026-03-17,2026,3,5.20220000
1,dolar_venda,Taxa de câmbio - dólar americano (venda),R$/US$,diaria,2026-03-18,2026,3,5.21120000
1,dolar_venda,Taxa de câmbio - dólar americano (venda),R$/US$,diaria,2026-03-19,2026,3,5.25870000
1,dolar_venda,Taxa de câmbio - dólar americano (venda),R$/US$,diaria,2026-03-20,2026,3,5.28000000
1,dolar_venda,Taxa de câmbio - dólar americano (venda),R$/US$,diaria,2026-03-23,2026,3,5.24400000
1,dolar_venda,Taxa de câmbio - dólar americano (venda),R$/US$,diaria,2026-03-24,2026,3,5.25990000
1,dolar_venda,Taxa de câmbio - dólar americano (venda),R$/US$,diaria,2026-03-25,2026,3,5.22750000
1,dolar_venda,Taxa de câmbio - dólar americano (venda),R$/US$,diaria,2026-03-26,2026,3,5.23080000
1,dolar_venda,Taxa de câmbio - dólar americano (venda),R$/US$,diaria,2026-03-27,2026,3,5.23760000
1,dolar_venda,Taxa de câmbio - dólar americano (venda),R$/US$,diaria,2026-03-30,2026,3,5.23530000
1,dolar_venda,Taxa de câmbio - dólar americano (venda),R$/US$,diaria,2026-03-31,2026,3,5.21940000
1,dolar_venda,Taxa de câmbio - dólar americano (venda),R$/US$,diaria,2026-04-01,2026,4,5.16060000
1,dolar_venda,Taxa de câmbio - dólar americano (venda),R$/US$,diaria,2026-04-02,2026,4,5.16550000
1,dolar_venda,Taxa de câmbio - dólar americano (venda),R$/US$,diaria,2026-04-06,2026,4,5.15320000
1,dolar_venda,Taxa de câmbio - dólar americano (venda),R$/US$,diaria,2026-04-07,2026,4,5.16250000
1,dolar_venda,Taxa de câmbio - dólar americano (venda),R$/US$,diaria,2026-04-08,2026,4,5.08990000
1,dolar_venda,Taxa de câmbio - dólar americano (venda),R$/US$,diaria,2026-04-09,2026,4,5.08210000
1,dolar_venda,Taxa de câmbio - dólar americano (venda),R$/US$,diaria,2026-04-10,2026,4,5.02290000
1,dolar_venda,Taxa de câmbio - dólar americano (venda),R$/US$,diaria,2026-04-13,2026,4,5.02440000
1,dolar_venda,Taxa de câmbio - dólar americano (venda),R$/US$,diaria,2026-04-14,2026,4,4.98060000
1,dolar_venda,Taxa de câmbio - dólar americano (venda),R$/US$,diaria,2026-04-15,2026,4,4.99280000
1,dolar_venda,Taxa de câmbio - dólar americano (venda),R$/US$,diaria,2026-04-16,2026,4,5.00070000
1,dolar_venda,Taxa de câmbio - dólar americano (venda),R$/US$,diaria,2026-04-17,2026,4,4.96950000
1,dolar_venda,Taxa de câmbio - dólar americano (venda),R$/US$,diaria,2026-04-20,2026,4,4.98440000
1,dolar_venda,Taxa de câmbio - dólar americano (venda),R$/US$,diaria,2026-04-22,2026,4,4.96530000
1,dolar_venda,Taxa de câmbio - dólar americano (venda),R$/US$,diaria,2026-04-23,2026,4,4.95390000
1,dolar_venda,Taxa de câmbio - dólar americano (venda),R$/US$,diaria,2026-04-24,2026,4,5.00830000
1,dolar_venda,Taxa de câmbio - dólar americano (venda),R$/US$,diaria,2026-04-27,2026,4,4.97000000
1,dolar_venda,Taxa de câmbio - dólar americano (venda),R$/US$,diaria,2026-04-28,2026,4,4.98780000
1,dolar_venda,Taxa de câmbio - dólar americano (venda),R$/US$,diaria,2026-04-29,2026,4,4.99850000
1,dolar_venda,Taxa de câmbio - dólar americano (venda),R$/US$,diaria,2026-04-30,2026,4,4.98860000
1,dolar_venda,Taxa de câmbio - dólar americano (venda),R$/US$,diaria,2026-05-04,2026,5,4.95870000
1,dolar_venda,Taxa de câmbio - dólar americano (venda),R$/US$,diaria,2026-05-05,2026,5,4.92420000
1,dolar_venda,Taxa de câmbio - dólar americano (venda),R$/US$,diaria,2026-05-06,2026,5,4.92740000
1,dolar_venda,Taxa de câmbio - dólar americano (venda),R$/US$,diaria,2026-05-07,2026,5,4.91700000
1,dolar_venda,Taxa de câmbio - dólar americano (venda),R$/US$,diaria,2026-05-08,2026,5,4.89990000
1,dolar_venda,Taxa de câmbio - dólar americano (venda),R$/US$,diaria,2026-05-11,2026,5,4.89730000
1,dolar_venda,Taxa de câmbio - dólar americano (venda),R$/US$,diaria,2026-05-12,2026,5,4.89770000
1,dolar_venda,Taxa de câmbio - dólar americano (venda),R$/US$,diaria,2026-05-13,2026,5,4.91180000
1,dolar_venda,Taxa de câmbio - dólar americano (venda),R$/US$,diaria,2026-05-14,2026,5,4.98090000
1,dolar_venda,Taxa de câmbio - dólar americano (venda),R$/US$,diaria,2026-05-15,2026,5,5.06540000
1,dolar_venda,Taxa de câmbio - dólar americano (venda),R$/US$,diaria,2026-05-18,2026,5,5.00930000
1,dolar_venda,Taxa de câmbio - dólar americano (venda),R$/US$,diaria,2026-05-19,2026,5,5.03780000
1,dolar_venda,Taxa de câmbio - dólar americano (venda),R$/US$,diaria,2026-05-20,2026,5,5.03010000
1,dolar_venda,Taxa de câmbio - dólar americano (venda),R$/US$,diaria,2026-05-21,2026,5,5.00770000
1,dolar_venda,Taxa de câmbio - dólar americano (venda),R$/US$,diaria,2026-05-22,2026,5,5.01400000
1,dolar_venda,Taxa de câmbio - dólar americano (venda),R$/US$,diaria,2026-05-25,2026,5,5.00720000
1,dolar_venda,Taxa de câmbio - dólar americano (venda),R$/US$,diaria,2026-05-26,2026,5,5.02110000
1,dolar_venda,Taxa de câmbio - dólar americano (venda),R$/US$,diaria,2026-05-27,2026,5,5.05790000
1,dolar_venda,Taxa de câmbio - dólar americano (venda),R$/US$,diaria,2026-05-28,2026,5,5.05170000
1,dolar_venda,Taxa de câmbio - dólar americano (venda),R$/US$,diaria,2026-05-29,2026,5,5.05690000
1,dolar_venda,Taxa de câmbio - dólar americano (venda),R$/US$,diaria,2026-06-01,2026,6,5.03030000
1,dolar_venda,Taxa de câmbio - dólar americano (venda),R$/US$,diaria,2026-06-02,2026,6,5.01600000
1,dolar_venda,Taxa de câmbio - dólar americano (venda),R$/US$,diaria,2026-06-03,2026,6,5.04150000
1,dolar_venda,Taxa de câmbio - dólar americano (venda),R$/US$,diaria,2026-06-05,2026,6,5.12440000
1,dolar_venda,Taxa de câmbio - dólar americano (venda),R$/US$,diaria,2026-06-08,2026,6,5.16950000
1,dolar_venda,Taxa de câmbio - dólar americano (venda),R$/US$,diaria,2026-06-09,2026,6,5.16930000
1,dolar_venda,Taxa de câmbio - dólar americano (venda),R$/US$,diaria,2026-06-10,2026,6,5.17630000
1,dolar_venda,Taxa de câmbio - dólar americano (venda),R$/US$,diaria,2026-06-11,2026,6,5.14780000
1,dolar_venda,Taxa de câmbio - dólar americano (venda),R$/US$,diaria,2026-06-12,2026,6,5.08270000
1,dolar_venda,Taxa de câmbio - dólar americano (venda),R$/US$,diaria,2026-06-15,2026,6,5.04300000
1,dolar_venda,Taxa de câmbio - dólar americano (venda),R$/US$,diaria,2026-06-16,2026,6,5.07800000
1,dolar_venda,Taxa de câmbio - dólar americano (venda),R$/US$,diaria,2026-06-17,2026,6,5.06410000
1,dolar_venda,Taxa de câmbio - dólar americano (venda),R$/US$,diaria,2026-06-18,2026,6,5.16130000
1,dolar_venda,Taxa de câmbio - dólar americano (venda),R$/US$,diaria,2026-06-19,2026,6,5.14420000
1,dolar_venda,Taxa de câmbio - dólar americano (venda),R$/US$,diaria,2026-06-22,2026,6,5.13950000
1,dolar_venda,Taxa de câmbio - dólar americano (venda),R$/US$,diaria,2026-06-23,2026,6,5.17430000
1,dolar_venda,Taxa de câmbio - dólar americano (venda),R$/US$,diaria,2026-06-24,2026,6,5.20980000
1,dolar_venda,Taxa de câmbio - dólar americano (venda),R$/US$,diaria,2026-06-25,2026,6,5.18920000
1,dolar_venda,Taxa de câmbio - dólar americano (venda),R$/US$,diaria,2026-06-26,2026,6,5.16950000
1,dolar_venda,Taxa de câmbio - dólar americano (venda),R$/US$,diaria,2026-06-29,2026,6,5.17170000
1,dolar_venda,Taxa de câmbio - dólar americano (venda),R$/US$,diaria,2026-06-30,2026,6,5.17660000
1,dolar_venda,Taxa de câmbio - dólar americano (venda),R$/US$,diaria,2026-07-01,2026,7,5.19500000
1,dolar_venda,Taxa de câmbio - dólar americano (venda),R$/US$,diaria,2026-07-02,2026,7,5.19450000
1,dolar_venda,Taxa de câmbio - dólar americano (venda),R$/US$,diaria,2026-07-03,2026,7,5.17170000
1,dolar_venda,Taxa de câmbio - dólar americano (venda),R$/US$,diaria,2026-07-06,2026,7,5.16700000
1,dolar_venda,Taxa de câmbio - dólar americano (venda),R$/US$,diaria,2026-07-07,2026,7,5.14580000
1,dolar_venda,Taxa de câmbio - dólar americano (venda),R$/US$,diaria,2026-07-08,2026,7,5.15520000
1,dolar_venda,Taxa de câmbio - dólar americano (venda),R$/US$,diaria,2026-07-09,2026,7,5.13290000
1,dolar_venda,Taxa de câmbio - dólar americano (venda),R$/US$,diaria,2026-07-10,2026,7,5.10880000
1,dolar_venda,Taxa de câmbio - dólar americano (venda),R$/US$,diaria,2026-07-13,2026,7,5.11830000
1,dolar_venda,Taxa de câmbio - dólar americano (venda),R$/US$,diaria,2026-07-14,2026,7,5.07420000
1,dolar_venda,Taxa de câmbio - dólar americano (venda),R$/US$,diaria,2026-07-15,2026,7,5.07270000
1,dolar_venda,Taxa de câmbio - dólar americano (venda),R$/US$,diaria,2026-07-16,2026,7,5.09750000
1,dolar_venda,Taxa de câmbio - dólar americano (venda),R$/US$,diaria,2026-07-17,2026,7,5.11760000
1,dolar_venda,Taxa de câmbio - dólar americano (venda),R$/US$,diaria,2026-07-20,2026,7,5.08940000
1,dolar_venda,Taxa de câmbio - dólar americano (venda),R$/US$,diaria,2026-07-21,2026,7,5.07800000
1,dolar_venda,Taxa de câmbio - dólar americano (venda),R$/US$,diaria,2026-07-22,2026,7,5.06380000
1,dolar_venda,Taxa de câmbio - dólar americano (venda),R$/US$,diaria,2026-07-23,2026,7,5.08070000
1,dolar_venda,Taxa de câmbio - dólar americano (venda),R$/US$,diaria,2026-07-24,2026,7,5.06660000
1,dolar_venda,Taxa de câmbio - dólar americano (venda),R$/US$,diaria,2026-07-27,2026,7,5.10050000
1,dolar_venda,Taxa de câmbio - dólar americano (venda),R$/US$,diaria,2026-07-28,2026,7,5.11770000
1,dolar_venda,Taxa de câmbio - dólar americano (venda),R$/US$,diaria,2026-07-29,2026,7,5.12170000
1,dolar_venda,Taxa de câmbio - dólar americano (venda),R$/US$,diaria,2026-07-30,2026,7,5.07390000
1,dolar_venda,Taxa de câmbio - dólar americano (venda),R$/US$,diaria,2026-07-31,2026,7,5.07730000
1,dolar_venda,Taxa de câmbio - dólar americano (venda),R$/US$,diaria,2026-08-03,2026,8,5.07230000
1,dolar_venda,Taxa de câmbio - dólar americano (venda),R$/US$,diaria,2026-08-04,2026,8,5.10530000
1,dolar_venda,Taxa de câmbio - dólar americano (venda),R$/US$,diaria,2026-08-05,2026,8,5.11540000
12,cdi,Taxa de juros CDI,% a.d.,diaria,2016-01-04,2016,1,0.05249600
12,cdi,Taxa de juros CDI,% a.d.,diaria,2016-01-05,2016,1,0.05249600
12,cdi,Taxa de juros CDI,% a.d.,diaria,2016-01-06,2016,1,0.05249600
12,cdi,Taxa de juros CDI,% a.d.,diaria,2016-01-07,2016,1,0.05249600
12,cdi,Taxa de juros CDI,% a.d.,diaria,2016-01-08,2016,1,0.05249600
12,cdi,Taxa de juros CDI,% a.d.,diaria,2016-01-11,2016,1,0.05249600
12,cdi,Taxa de juros CDI,% a.d.,diaria,2016-01-12,2016,1,0.05249600
12,cdi,Taxa de juros CDI,% a.d.,diaria,2016-01-13,2016,1,0.05249600
12,cdi,Taxa de juros CDI,% a.d.,diaria,2016-01-14,2016,1,0.05249600
12,cdi,Taxa de juros CDI,% a.d.,diaria,2016-01-15,2016,1,0.05249600
12,cdi,Taxa de juros CDI,% a.d.,diaria,2016-01-18,2016,1,0.05249600
12,cdi,Taxa de juros CDI,% a.d.,diaria,2016-01-19,2016,1,0.05249600
12,cdi,Taxa de juros CDI,% a.d.,diaria,2016-01-20,2016,1,0.05249600
12,cdi,Taxa de juros CDI,% a.d.,diaria,2016-01-21,2016,1,0.05246100
12,cdi,Taxa de juros CDI,% a.d.,diaria,2016-01-22,2016,1,0.05246100
12,cdi,Taxa de juros CDI,% a.d.,diaria,2016-01-25,2016,1,0.05246100
12,cdi,Taxa de juros CDI,% a.d.,diaria,2016-01-26,2016,1,0.05246100
12,cdi,Taxa de juros CDI,% a.d.,diaria,2016-01-27,2016,1,0.05246100
12,cdi,Taxa de juros CDI,% a.d.,diaria,2016-01-28,2016,1,0.05246100
12,cdi,Taxa de juros CDI,% a.d.,diaria,2016-01-29,2016,1,0.05246100
12,cdi,Taxa de juros CDI,% a.d.,diaria,2016-02-01,2016,2,0.05246100
12,cdi,Taxa de juros CDI,% a.d.,diaria,2016-02-02,2016,2,0.05246100
12,cdi,Taxa de juros CDI,% a.d.,diaria,2016-02-03,2016,2,0.05246100
12,cdi,Taxa de juros CDI,% a.d.,diaria,2016-02-04,2016,2,0.05246100
12,cdi,Taxa de juros CDI,% a.d.,diaria,2016-02-05,2016,2,0.05246100
12,cdi,Taxa de juros CDI,% a.d.,diaria,2016-02-10,2016,2,0.05246100
12,cdi,Taxa de juros CDI,% a.d.,diaria,2016-02-11,2016,2,0.05246100
12,cdi,Taxa de juros CDI,% a.d.,diaria,2016-02-12,2016,2,0.05246100
12,cdi,Taxa de juros CDI,% a.d.,diaria,2016-02-15,2016,2,0.05246100
12,cdi,Taxa de juros CDI,% a.d.,diaria,2016-02-16,2016,2,0.05246100
12,cdi,Taxa de juros CDI,% a.d.,diaria,2016-02-17,2016,2,0.05246100
12,cdi,Taxa de juros CDI,% a.d.,diaria,2016-02-18,2016,2,0.05246100
12,cdi,Taxa de juros CDI,% a.d.,diaria,2016-02-19,2016,2,0.05246100
12,cdi,Taxa de juros CDI,% a.d.,diaria,2016-02-22,2016,2,0.05246100
12,cdi,Taxa de juros CDI,% a.d.,diaria,2016-02-23,2016,2,0.05246100
12,cdi,Taxa de juros CDI,% a.d.,diaria,2016-02-24,2016,2,0.05246100
12,cdi,Taxa de juros CDI,% a.d.,diaria,2016-02-25,2016,2,0.05246100
12,cdi,Taxa de juros CDI,% a.d.,diaria,2016-02-26,2016,2,0.05246100
12,cdi,Taxa de juros CDI,% a.d.,diaria,2016-02-29,2016,2,0.05246100
12,cdi,Taxa de juros CDI,% a.d.,diaria,2016-03-01,2016,3,0.05246100
12,cdi,Taxa de juros CDI,% a.d.,diaria,2016-03-02,2016,3,0.05246100
12,cdi,Taxa de juros CDI,% a.d.,diaria,2016-03-03,2016,3,0.05246100
12,cdi,Taxa de juros CDI,% a.d.,diaria,2016-03-04,2016,3,0.05246100
12,cdi,Taxa de juros CDI,% a.d.,diaria,2016-03-07,2016,3,0.05246100
12,cdi,Taxa de juros CDI,% a.d.,diaria,2016-03-08,2016,3,0.05246100
12,cdi,Taxa de juros CDI,% a.d.,diaria,2016-03-09,2016,3,0.05246100
12,cdi,Taxa de juros CDI,% a.d.,diaria,2016-03-10,2016,3,0.05246100
12,cdi,Taxa de juros CDI,% a.d.,diaria,2016-03-11,2016,3,0.05246100
12,cdi,Taxa de juros CDI,% a.d.,diaria,2016-03-14,2016,3,0.05246100
12,cdi,Taxa de juros CDI,% a.d.,diaria,2016-03-15,2016,3,0.05246100
12,cdi,Taxa de juros CDI,% a.d.,diaria,2016-03-16,2016,3,0.05246100
12,cdi,Taxa de juros CDI,% a.d.,diaria,2016-03-17,2016,3,0.05246100
12,cdi,Taxa de juros CDI,% a.d.,diaria,2016-03-18,2016,3,0.05246100
12,cdi,Taxa de juros CDI,% a.d.,diaria,2016-03-21,2016,3,0.05246100
12,cdi,Taxa de juros CDI,% a.d.,diaria,2016-03-22,2016,3,0.05246100
12,cdi,Taxa de juros CDI,% a.d.,diaria,2016-03-23,2016,3,0.05246100
12,cdi,Taxa de juros CDI,% a.d.,diaria,2016-03-24,2016,3,0.05246100
12,cdi,Taxa de juros CDI,% a.d.,diaria,2016-03-28,2016,3,0.05246100
12,cdi,Taxa de juros CDI,% a.d.,diaria,2016-03-29,2016,3,0.05246100
12,cdi,Taxa de juros CDI,% a.d.,diaria,2016-03-30,2016,3,0.05246100
12,cdi,Taxa de juros CDI,% a.d.,diaria,2016-03-31,2016,3,0.05246100
12,cdi,Taxa de juros CDI,% a.d.,diaria,2016-04-01,2016,4,0.05246100
12,cdi,Taxa de juros CDI,% a.d.,diaria,2016-04-04,2016,4,0.05246100
12,cdi,Taxa de juros CDI,% a.d.,diaria,2016-04-05,2016,4,0.05246100
12,cdi,Taxa de juros CDI,% a.d.,diaria,2016-04-06,2016,4,0.05246100
12,cdi,Taxa de juros CDI,% a.d.,diaria,2016-04-07,2016,4,0.05246100
12,cdi,Taxa de juros CDI,% a.d.,diaria,2016-04-08,2016,4,0.05246100
12,cdi,Taxa de juros CDI,% a.d.,diaria,2016-04-11,2016,4,0.05246100
12,cdi,Taxa de juros CDI,% a.d.,diaria,2016-04-12,2016,4,0.05246100
12,cdi,Taxa de juros CDI,% a.d.,diaria,2016-04-13,2016,4,0.05246100
12,cdi,Taxa de juros CDI,% a.d.,diaria,2016-04-14,2016,4,0.05246100
12,cdi,Taxa de juros CDI,% a.d.,diaria,2016-04-15,2016,4,0.05246100
12,cdi,Taxa de juros CDI,% a.d.,diaria,2016-04-18,2016,4,0.05246100
12,cdi,Taxa de juros CDI,% a.d.,diaria,2016-04-19,2016,4,0.05246100
12,cdi,Taxa de juros CDI,% a.d.,diaria,2016-04-20,2016,4,0.05246100
12,cdi,Taxa de juros CDI,% a.d.,diaria,2016-04-22,2016,4,0.05246100
12,cdi,Taxa de juros CDI,% a.d.,diaria,2016-04-25,2016,4,0.05246100
12,cdi,Taxa de juros CDI,% a.d.,diaria,2016-04-26,2016,4,0.05246100
12,cdi,Taxa de juros CDI,% a.d.,diaria,2016-04-27,2016,4,0.05246100
12,cdi,Taxa de juros CDI,% a.d.,diaria,2016-04-28,2016,4,0.05246100
12,cdi,Taxa de juros CDI,% a.d.,diaria,2016-04-29,2016,4,0.05246100
12,cdi,Taxa de juros CDI,% a.d.,diaria,2016-05-02,2016,5,0.05246100
12,cdi,Taxa de juros CDI,% a.d.,diaria,2016-05-03,2016,5,0.05246100
12,cdi,Taxa de juros CDI,% a.d.,diaria,2016-05-04,2016,5,0.05246100
12,cdi,Taxa de juros CDI,% a.d.,diaria,2016-05-05,2016,5,0.05246100
12,cdi,Taxa de juros CDI,% a.d.,diaria,2016-05-06,2016,5,0.05246100
12,cdi,Taxa de juros CDI,% a.d.,diaria,2016-05-09,2016,5,0.05246100
12,cdi,Taxa de juros CDI,% a.d.,diaria,2016-05-10,2016,5,0.05246100
12,cdi,Taxa de juros CDI,% a.d.,diaria,2016-05-11,2016,5,0.05246100
12,cdi,Taxa de juros CDI,% a.d.,diaria,2016-05-12,2016,5,0.05246100
12,cdi,Taxa de juros CDI,% a.d.,diaria,2016-05-13,2016,5,0.05246100
12,cdi,Taxa de juros CDI,% a.d.,diaria,2016-05-16,2016,5,0.05246100
12,cdi,Taxa de juros CDI,% a.d.,diaria,2016-05-17,2016,5,0.05246100
12,cdi,Taxa de juros CDI,% a.d.,diaria,2016-05-18,2016,5,0.05246100
12,cdi,Taxa de juros CDI,% a.d.,diaria,2016-05-19,2016,5,0.05246100
12,cdi,Taxa de juros CDI,% a.d.,diaria,2016-05-20,2016,5,0.05246100
12,cdi,Taxa de juros CDI,% a.d.,diaria,2016-05-23,2016,5,0.05246100
12,cdi,Taxa de juros CDI,% a.d.,diaria,2016-05-24,2016,5,0.05246100
12,cdi,Taxa de juros CDI,% a.d.,diaria,2016-05-25,2016,5,0.05246100
12,cdi,Taxa de juros CDI,% a.d.,diaria,2016-05-27,2016,5,0.05246100
12,cdi,Taxa de juros CDI,% a.d.,diaria,2016-05-30,2016,5,0.05246100
12,cdi,Taxa de juros CDI,% a.d.,diaria,2016-05-31,2016,5,0.05246100
12,cdi,Taxa de juros CDI,% a.d.,diaria,2016-06-01,2016,6,0.05246100
12,cdi,Taxa de juros CDI,% a.d.,diaria,2016-06-02,2016,6,0.05246100
12,cdi,Taxa de juros CDI,% a.d.,diaria,2016-06-03,2016,6,0.05246100
12,cdi,Taxa de juros CDI,% a.d.,diaria,2016-06-06,2016,6,0.05246100
12,cdi,Taxa de juros CDI,% a.d.,diaria,2016-06-07,2016,6,0.05246100
12,cdi,Taxa de juros CDI,% a.d.,diaria,2016-06-08,2016,6,0.05246100
12,cdi,Taxa de juros CDI,% a.d.,diaria,2016-06-09,2016,6,0.05246100
12,cdi,Taxa de juros CDI,% a.d.,diaria,2016-06-10,2016,6,0.05246100
12,cdi,Taxa de juros CDI,% a.d.,diaria,2016-06-13,2016,6,0.05246100
12,cdi,Taxa de juros CDI,% a.d.,diaria,2016-06-14,2016,6,0.05246100
12,cdi,Taxa de juros CDI,% a.d.,diaria,2016-06-15,2016,6,0.05246100
12,cdi,Taxa de juros CDI,% a.d.,diaria,2016-06-16,2016,6,0.05246100
12,cdi,Taxa de juros CDI,% a.d.,diaria,2016-06-17,2016,6,0.05246100
12,cdi,Taxa de juros CDI,% a.d.,diaria,2016-06-20,2016,6,0.05246100
12,cdi,Taxa de juros CDI,% a.d.,diaria,2016-06-21,2016,6,0.05246100
12,cdi,Taxa de juros CDI,% a.d.,diaria,2016-06-22,2016,6,0.05246100
12,cdi,Taxa de juros CDI,% a.d.,diaria,2016-06-23,2016,6,0.05246100
12,cdi,Taxa de juros CDI,% a.d.,diaria,2016-06-24,2016,6,0.05246100
12,cdi,Taxa de juros CDI,% a.d.,diaria,2016-06-27,2016,6,0.05246100
12,cdi,Taxa de juros CDI,% a.d.,diaria,2016-06-28,2016,6,0.05246100
12,cdi,Taxa de juros CDI,% a.d.,diaria,2016-06-29,2016,6,0.05246100
12,cdi,Taxa de juros CDI,% a.d.,diaria,2016-06-30,2016,6,0.05246100
12,cdi,Taxa de juros CDI,% a.d.,diaria,2016-07-01,2016,7,0.05246100
12,cdi,Taxa de juros CDI,% a.d.,diaria,2016-07-04,2016,7,0.05246100
12,cdi,Taxa de juros CDI,% a.d.,diaria,2016-07-05,2016,7,0.05246100
12,cdi,Taxa de juros CDI,% a.d.,diaria,2016-07-06,2016,7,0.05246100
12,cdi,Taxa de juros CDI,% a.d.,diaria,2016-07-07,2016,7,0.05246100
12,cdi,Taxa de juros CDI,% a.d.,diaria,2016-07-08,2016,7,0.05246100
12,cdi,Taxa de juros CDI,% a.d.,diaria,2016-07-11,2016,7,0.05246100
12,cdi,Taxa de juros CDI,% a.d.,diaria,2016-07-12,2016,7,0.05246100
12,cdi,Taxa de juros CDI,% a.d.,diaria,2016-07-13,2016,7,0.05246100
12,cdi,Taxa de juros CDI,% a.d.,diaria,2016-07-14,2016,7,0.05246100
12,cdi,Taxa de juros CDI,% a.d.,diaria,2016-07-15,2016,7,0.05246100
12,cdi,Taxa de juros CDI,% a.d.,diaria,2016-07-18,2016,7,0.05246100
12,cdi,Taxa de juros CDI,% a.d.,diaria,2016-07-19,2016,7,0.05246100
12,cdi,Taxa de juros CDI,% a.d.,diaria,2016-07-20,2016,7,0.05246100
12,cdi,Taxa de juros CDI,% a.d.,diaria,2016-07-21,2016,7,0.05246100
12,cdi,Taxa de juros CDI,% a.d.,diaria,2016-07-22,2016,7,0.05246100
12,cdi,Taxa de juros CDI,% a.d.,diaria,2016-07-25,2016,7,0.05246100
12,cdi,Taxa de juros CDI,% a.d.,diaria,2016-07-26,2016,7,0.05246100
12,cdi,Taxa de juros CDI,% a.d.,diaria,2016-07-27,2016,7,0.05246100
12,cdi,Taxa de juros CDI,% a.d.,diaria,2016-07-28,2016,7,0.05246100
12,cdi,Taxa de juros CDI,% a.d.,diaria,2016-07-29,2016,7,0.05246100
12,cdi,Taxa de juros CDI,% a.d.,diaria,2016-08-01,2016,8,0.05246100
12,cdi,Taxa de juros CDI,% a.d.,diaria,2016-08-02,2016,8,0.05246100
12,cdi,Taxa de juros CDI,% a.d.,diaria,2016-08-03,2016,8,0.05246100
12,cdi,Taxa de juros CDI,% a.d.,diaria,2016-08-04,2016,8,0.05246100
12,cdi,Taxa de juros CDI,% a.d.,diaria,2016-08-05,2016,8,0.05246100
12,cdi,Taxa de juros CDI,% a.d.,diaria,2016-08-08,2016,8,0.05246100
12,cdi,Taxa de juros CDI,% a.d.,diaria,2016-08-09,2016,8,0.05246100
12,cdi,Taxa de juros CDI,% a.d.,diaria,2016-08-10,2016,8,0.05246100
12,cdi,Taxa de juros CDI,% a.d.,diaria,2016-08-11,2016,8,0.05246100
12,cdi,Taxa de juros CDI,% a.d.,diaria,2016-08-12,2016,8,0.05246100
12,cdi,Taxa de juros CDI,% a.d.,diaria,2016-08-15,2016,8,0.05246100
12,cdi,Taxa de juros CDI,% a.d.,diaria,2016-08-16,2016,8,0.05246100
12,cdi,Taxa de juros CDI,% a.d.,diaria,2016-08-17,2016,8,0.05246100
12,cdi,Taxa de juros CDI,% a.d.,diaria,2016-08-18,2016,8,0.05246100
12,cdi,Taxa de juros CDI,% a.d.,diaria,2016-08-19,2016,8,0.05246100
12,cdi,Taxa de juros CDI,% a.d.,diaria,2016-08-22,2016,8,0.05246100
12,cdi,Taxa de juros CDI,% a.d.,diaria,2016-08-23,2016,8,0.05246100
12,cdi,Taxa de juros CDI,% a.d.,diaria,2016-08-24,2016,8,0.05246100
12,cdi,Taxa de juros CDI,% a.d.,diaria,2016-08-25,2016,8,0.05246100
12,cdi,Taxa de juros CDI,% a.d.,diaria,2016-08-26,2016,8,0.05246100
12,cdi,Taxa de juros CDI,% a.d.,diaria,2016-08-29,2016,8,0.05246100
12,cdi,Taxa de juros CDI,% a.d.,diaria,2016-08-30,2016,8,0.05246100
12,cdi,Taxa de juros CDI,% a.d.,diaria,2016-08-31,2016,8,0.05246100
12,cdi,Taxa de juros CDI,% a.d.,diaria,2016-09-01,2016,9,0.05246100
12,cdi,Taxa de juros CDI,% a.d.,diaria,2016-09-02,2016,9,0.05246100
12,cdi,Taxa de juros CDI,% a.d.,diaria,2016-09-05,2016,9,0.05246100
12,cdi,Taxa de juros CDI,% a.d.,diaria,2016-09-06,2016,9,0.05246100
12,cdi,Taxa de juros CDI,% a.d.,diaria,2016-09-08,2016,9,0.05246100
12,cdi,Taxa de juros CDI,% a.d.,diaria,2016-09-09,2016,9,0.05246100
12,cdi,Taxa de juros CDI,% a.d.,diaria,2016-09-12,2016,9,0.05246100
12,cdi,Taxa de juros CDI,% a.d.,diaria,2016-09-13,2016,9,0.05246100
12,cdi,Taxa de juros CDI,% a.d.,diaria,2016-09-14,2016,9,0.05246100
12,cdi,Taxa de juros CDI,% a.d.,diaria,2016-09-15,2016,9,0.05246100
12,cdi,Taxa de juros CDI,% a.d.,diaria,2016-09-16,2016,9,0.05246100
12,cdi,Taxa de juros CDI,% a.d.,diaria,2016-09-19,2016,9,0.05246100
12,cdi,Taxa de juros CDI,% a.d.,diaria,2016-09-20,2016,9,0.05246100
12,cdi,Taxa de juros CDI,% a.d.,diaria,2016-09-21,2016,9,0.05246100
12,cdi,Taxa de juros CDI,% a.d.,diaria,2016-09-22,2016,9,0.05246100
12,cdi,Taxa de juros CDI,% a.d.,diaria,2016-09-23,2016,9,0.05246100
12,cdi,Taxa de juros CDI,% a.d.,diaria,2016-09-26,2016,9,0.05246100
12,cdi,Taxa de juros CDI,% a.d.,diaria,2016-09-27,2016,9,0.05246100
12,cdi,Taxa de juros CDI,% a.d.,diaria,2016-09-28,2016,9,0.05246100
12,cdi,Taxa de juros CDI,% a.d.,diaria,2016-09-29,2016,9,0.05246100
12,cdi,Taxa de juros CDI,% a.d.,diaria,2016-09-30,2016,9,0.05246100
12,cdi,Taxa de juros CDI,% a.d.,diaria,2016-10-03,2016,10,0.05246100
12,cdi,Taxa de juros CDI,% a.d.,diaria,2016-10-04,2016,10,0.05246100
12,cdi,Taxa de juros CDI,% a.d.,diaria,2016-10-05,2016,10,0.05246100
12,cdi,Taxa de juros CDI,% a.d.,diaria,2016-10-06,2016,10,0.05246100
12,cdi,Taxa de juros CDI,% a.d.,diaria,2016-10-07,2016,10,0.05246100
12,cdi,Taxa de juros CDI,% a.d.,diaria,2016-10-10,2016,10,0.05246100
12,cdi,Taxa de juros CDI,% a.d.,diaria,2016-10-11,2016,10,0.05246100
12,cdi,Taxa de juros CDI,% a.d.,diaria,2016-10-13,2016,10,0.05246100
12,cdi,Taxa de juros CDI,% a.d.,diaria,2016-10-14,2016,10,0.05246100
12,cdi,Taxa de juros CDI,% a.d.,diaria,2016-10-17,2016,10,0.05246100
12,cdi,Taxa de juros CDI,% a.d.,diaria,2016-10-18,2016,10,0.05246100
12,cdi,Taxa de juros CDI,% a.d.,diaria,2016-10-19,2016,10,0.05246100
12,cdi,Taxa de juros CDI,% a.d.,diaria,2016-10-20,2016,10,0.05159100
12,cdi,Taxa de juros CDI,% a.d.,diaria,2016-10-21,2016,10,0.05159100
12,cdi,Taxa de juros CDI,% a.d.,diaria,2016-10-24,2016,10,0.05159100
12,cdi,Taxa de juros CDI,% a.d.,diaria,2016-10-25,2016,10,0.05159100
12,cdi,Taxa de juros CDI,% a.d.,diaria,2016-10-26,2016,10,0.05159100
12,cdi,Taxa de juros CDI,% a.d.,diaria,2016-10-27,2016,10,0.05159100
12,cdi,Taxa de juros CDI,% a.d.,diaria,2016-10-28,2016,10,0.05159100
12,cdi,Taxa de juros CDI,% a.d.,diaria,2016-10-31,2016,10,0.05159100
12,cdi,Taxa de juros CDI,% a.d.,diaria,2016-11-01,2016,11,0.05159100
12,cdi,Taxa de juros CDI,% a.d.,diaria,2016-11-03,2016,11,0.05159100
12,cdi,Taxa de juros CDI,% a.d.,diaria,2016-11-04,2016,11,0.05159100
12,cdi,Taxa de juros CDI,% a.d.,diaria,2016-11-07,2016,11,0.05159100
12,cdi,Taxa de juros CDI,% a.d.,diaria,2016-11-08,2016,11,0.05159100
12,cdi,Taxa de juros CDI,% a.d.,diaria,2016-11-09,2016,11,0.05159100
12,cdi,Taxa de juros CDI,% a.d.,diaria,2016-11-10,2016,11,0.05159100
12,cdi,Taxa de juros CDI,% a.d.,diaria,2016-11-11,2016,11,0.05159100
12,cdi,Taxa de juros CDI,% a.d.,diaria,2016-11-14,2016,11,0.05159100
12,cdi,Taxa de juros CDI,% a.d.,diaria,2016-11-16,2016,11,0.05159100
12,cdi,Taxa de juros CDI,% a.d.,diaria,2016-11-17,2016,11,0.05159100
12,cdi,Taxa de juros CDI,% a.d.,diaria,2016-11-18,2016,11,0.05159100
12,cdi,Taxa de juros CDI,% a.d.,diaria,2016-11-21,2016,11,0.05159100
12,cdi,Taxa de juros CDI,% a.d.,diaria,2016-11-22,2016,11,0.05159100
12,cdi,Taxa de juros CDI,% a.d.,diaria,2016-11-23,2016,11,0.05159100
12,cdi,Taxa de juros CDI,% a.d.,diaria,2016-11-24,2016,11,0.05159100
12,cdi,Taxa de juros CDI,% a.d.,diaria,2016-11-25,2016,11,0.05159100
12,cdi,Taxa de juros CDI,% a.d.,diaria,2016-11-28,2016,11,0.05159100
12,cdi,Taxa de juros CDI,% a.d.,diaria,2016-11-29,2016,11,0.05159100
12,cdi,Taxa de juros CDI,% a.d.,diaria,2016-11-30,2016,11,0.05159100
12,cdi,Taxa de juros CDI,% a.d.,diaria,2016-12-01,2016,12,0.05071800
12,cdi,Taxa de juros CDI,% a.d.,diaria,2016-12-02,2016,12,0.05071800
12,cdi,Taxa de juros CDI,% a.d.,diaria,2016-12-05,2016,12,0.05071800
12,cdi,Taxa de juros CDI,% a.d.,diaria,2016-12-06,2016,12,0.05071800
12,cdi,Taxa de juros CDI,% a.d.,diaria,2016-12-07,2016,12,0.05071800
12,cdi,Taxa de juros CDI,% a.d.,diaria,2016-12-08,2016,12,0.05071800
12,cdi,Taxa de juros CDI,% a.d.,diaria,2016-12-09,2016,12,0.05071800
12,cdi,Taxa de juros CDI,% a.d.,diaria,2016-12-12,2016,12,0.05071800
12,cdi,Taxa de juros CDI,% a.d.,diaria,2016-12-13,2016,12,0.05071800
12,cdi,Taxa de juros CDI,% a.d.,diaria,2016-12-14,2016,12,0.05071800
12,cdi,Taxa de juros CDI,% a.d.,diaria,2016-12-15,2016,12,0.05071800
12,cdi,Taxa de juros CDI,% a.d.,diaria,2016-12-16,2016,12,0.05071800
12,cdi,Taxa de juros CDI,% a.d.,diaria,2016-12-19,2016,12,0.05071800
12,cdi,Taxa de juros CDI,% a.d.,diaria,2016-12-20,2016,12,0.05071800
12,cdi,Taxa de juros CDI,% a.d.,diaria,2016-12-21,2016,12,0.05071800
12,cdi,Taxa de juros CDI,% a.d.,diaria,2016-12-22,2016,12,0.05071800
12,cdi,Taxa de juros CDI,% a.d.,diaria,2016-12-23,2016,12,0.05071800
12,cdi,Taxa de juros CDI,% a.d.,diaria,2016-12-26,2016,12,0.05071800
12,cdi,Taxa de juros CDI,% a.d.,diaria,2016-12-27,2016,12,0.05071800
12,cdi,Taxa de juros CDI,% a.d.,diaria,2016-12-28,2016,12,0.05071800
12,cdi,Taxa de juros CDI,% a.d.,diaria,2016-12-29,2016,12,0.05071800
12,cdi,Taxa de juros CDI,% a.d.,diaria,2016-12-30,2016,12,0.05071800
12,cdi,Taxa de juros CDI,% a.d.,diaria,2017-01-02,2017,1,0.05071800
12,cdi,Taxa de juros CDI,% a.d.,diaria,2017-01-03,2017,1,0.05071800
12,cdi,Taxa de juros CDI,% a.d.,diaria,2017-01-04,2017,1,0.05071800
12,cdi,Taxa de juros CDI,% a.d.,diaria,2017-01-05,2017,1,0.05071800
12,cdi,Taxa de juros CDI,% a.d.,diaria,2017-01-06,2017,1,0.05071800
12,cdi,Taxa de juros CDI,% a.d.,diaria,2017-01-09,2017,1,0.05071800
12,cdi,Taxa de juros CDI,% a.d.,diaria,2017-01-10,2017,1,0.05071800
12,cdi,Taxa de juros CDI,% a.d.,diaria,2017-01-11,2017,1,0.05071800
12,cdi,Taxa de juros CDI,% a.d.,diaria,2017-01-12,2017,1,0.04808900
12,cdi,Taxa de juros CDI,% a.d.,diaria,2017-01-13,2017,1,0.04808900
12,cdi,Taxa de juros CDI,% a.d.,diaria,2017-01-16,2017,1,0.04808900
12,cdi,Taxa de juros CDI,% a.d.,diaria,2017-01-17,2017,1,0.04808900
12,cdi,Taxa de juros CDI,% a.d.,diaria,2017-01-18,2017,1,0.04808900
12,cdi,Taxa de juros CDI,% a.d.,diaria,2017-01-19,2017,1,0.04808900
12,cdi,Taxa de juros CDI,% a.d.,diaria,2017-01-20,2017,1,0.04808900
12,cdi,Taxa de juros CDI,% a.d.,diaria,2017-01-23,2017,1,0.04808900
12,cdi,Taxa de juros CDI,% a.d.,diaria,2017-01-24,2017,1,0.04808900
12,cdi,Taxa de juros CDI,% a.d.,diaria,2017-01-25,2017,1,0.04808900
12,cdi,Taxa de juros CDI,% a.d.,diaria,2017-01-26,2017,1,0.04808900
12,cdi,Taxa de juros CDI,% a.d.,diaria,2017-01-27,2017,1,0.04808900
12,cdi,Taxa de juros CDI,% a.d.,diaria,2017-01-30,2017,1,0.04808900
12,cdi,Taxa de juros CDI,% a.d.,diaria,2017-01-31,2017,1,0.04808900
12,cdi,Taxa de juros CDI,% a.d.,diaria,2017-02-01,2017,2,0.04808900
12,cdi,Taxa de juros CDI,% a.d.,diaria,2017-02-02,2017,2,0.04808900
12,cdi,Taxa de juros CDI,% a.d.,diaria,2017-02-03,2017,2,0.04808900
12,cdi,Taxa de juros CDI,% a.d.,diaria,2017-02-06,2017,2,0.04808900
12,cdi,Taxa de juros CDI,% a.d.,diaria,2017-02-07,2017,2,0.04808900
12,cdi,Taxa de juros CDI,% a.d.,diaria,2017-02-08,2017,2,0.04808900
12,cdi,Taxa de juros CDI,% a.d.,diaria,2017-02-09,2017,2,0.04808900
12,cdi,Taxa de juros CDI,% a.d.,diaria,2017-02-10,2017,2,0.04808900
12,cdi,Taxa de juros CDI,% a.d.,diaria,2017-02-13,2017,2,0.04808900
12,cdi,Taxa de juros CDI,% a.d.,diaria,2017-02-14,2017,2,0.04808900
12,cdi,Taxa de juros CDI,% a.d.,diaria,2017-02-15,2017,2,0.04808900
12,cdi,Taxa de juros CDI,% a.d.,diaria,2017-02-16,2017,2,0.04808900
12,cdi,Taxa de juros CDI,% a.d.,diaria,2017-02-17,2017,2,0.04808900
12,cdi,Taxa de juros CDI,% a.d.,diaria,2017-02-20,2017,2,0.04808900
12,cdi,Taxa de juros CDI,% a.d.,diaria,2017-02-21,2017,2,0.04808900
12,cdi,Taxa de juros CDI,% a.d.,diaria,2017-02-22,2017,2,0.04808900
12,cdi,Taxa de juros CDI,% a.d.,diaria,2017-02-23,2017,2,0.04544200
12,cdi,Taxa de juros CDI,% a.d.,diaria,2017-02-24,2017,2,0.04544200
12,cdi,Taxa de juros CDI,% a.d.,diaria,2017-03-01,2017,3,0.04544200
12,cdi,Taxa de juros CDI,% a.d.,diaria,2017-03-02,2017,3,0.04544200
12,cdi,Taxa de juros CDI,% a.d.,diaria,2017-03-03,2017,3,0.04544200
12,cdi,Taxa de juros CDI,% a.d.,diaria,2017-03-06,2017,3,0.04544200
12,cdi,Taxa de juros CDI,% a.d.,diaria,2017-03-07,2017,3,0.04544200
12,cdi,Taxa de juros CDI,% a.d.,diaria,2017-03-08,2017,3,0.04544200
12,cdi,Taxa de juros CDI,% a.d.,diaria,2017-03-09,2017,3,0.04544200
12,cdi,Taxa de juros CDI,% a.d.,diaria,2017-03-10,2017,3,0.04544200
12,cdi,Taxa de juros CDI,% a.d.,diaria,2017-03-13,2017,3,0.04544200
12,cdi,Taxa de juros CDI,% a.d.,diaria,2017-03-14,2017,3,0.04544200
12,cdi,Taxa de juros CDI,% a.d.,diaria,2017-03-15,2017,3,0.04544200
12,cdi,Taxa de juros CDI,% a.d.,diaria,2017-03-16,2017,3,0.04544200
12,cdi,Taxa de juros CDI,% a.d.,diaria,2017-03-17,2017,3,0.04544200
12,cdi,Taxa de juros CDI,% a.d.,diaria,2017-03-20,2017,3,0.04544200
12,cdi,Taxa de juros CDI,% a.d.,diaria,2017-03-21,2017,3,0.04544200
12,cdi,Taxa de juros CDI,% a.d.,diaria,2017-03-22,2017,3,0.04544200
12,cdi,Taxa de juros CDI,% a.d.,diaria,2017-03-23,2017,3,0.04544200
12,cdi,Taxa de juros CDI,% a.d.,diaria,2017-03-24,2017,3,0.04544200
12,cdi,Taxa de juros CDI,% a.d.,diaria,2017-03-27,2017,3,0.04544200
12,cdi,Taxa de juros CDI,% a.d.,diaria,2017-03-28,2017,3,0.04544200
12,cdi,Taxa de juros CDI,% a.d.,diaria,2017-03-29,2017,3,0.04544200
12,cdi,Taxa de juros CDI,% a.d.,diaria,2017-03-30,2017,3,0.04544200
12,cdi,Taxa de juros CDI,% a.d.,diaria,2017-03-31,2017,3,0.04544200
12,cdi,Taxa de juros CDI,% a.d.,diaria,2017-04-03,2017,4,0.04544200
12,cdi,Taxa de juros CDI,% a.d.,diaria,2017-04-04,2017,4,0.04544200
12,cdi,Taxa de juros CDI,% a.d.,diaria,2017-04-05,2017,4,0.04544200
12,cdi,Taxa de juros CDI,% a.d.,diaria,2017-04-06,2017,4,0.04544200
12,cdi,Taxa de juros CDI,% a.d.,diaria,2017-04-07,2017,4,0.04544200
12,cdi,Taxa de juros CDI,% a.d.,diaria,2017-04-10,2017,4,0.04544200
12,cdi,Taxa de juros CDI,% a.d.,diaria,2017-04-11,2017,4,0.04544200
12,cdi,Taxa de juros CDI,% a.d.,diaria,2017-04-12,2017,4,0.04544200
12,cdi,Taxa de juros CDI,% a.d.,diaria,2017-04-13,2017,4,0.04188600
12,cdi,Taxa de juros CDI,% a.d.,diaria,2017-04-17,2017,4,0.04188600
12,cdi,Taxa de juros CDI,% a.d.,diaria,2017-04-18,2017,4,0.04188600
12,cdi,Taxa de juros CDI,% a.d.,diaria,2017-04-19,2017,4,0.04188600
12,cdi,Taxa de juros CDI,% a.d.,diaria,2017-04-20,2017,4,0.04188600
12,cdi,Taxa de juros CDI,% a.d.,diaria,2017-04-24,2017,4,0.04188600
12,cdi,Taxa de juros CDI,% a.d.,diaria,2017-04-25,2017,4,0.04188600
12,cdi,Taxa de juros CDI,% a.d.,diaria,2017-04-26,2017,4,0.04188600
12,cdi,Taxa de juros CDI,% a.d.,diaria,2017-04-27,2017,4,0.04188600
12,cdi,Taxa de juros CDI,% a.d.,diaria,2017-04-28,2017,4,0.04188600
12,cdi,Taxa de juros CDI,% a.d.,diaria,2017-05-02,2017,5,0.04188600
12,cdi,Taxa de juros CDI,% a.d.,diaria,2017-05-03,2017,5,0.04188600
12,cdi,Taxa de juros CDI,% a.d.,diaria,2017-05-04,2017,5,0.04188600
12,cdi,Taxa de juros CDI,% a.d.,diaria,2017-05-05,2017,5,0.04188600
12,cdi,Taxa de juros CDI,% a.d.,diaria,2017-05-08,2017,5,0.04188600
12,cdi,Taxa de juros CDI,% a.d.,diaria,2017-05-09,2017,5,0.04188600
12,cdi,Taxa de juros CDI,% a.d.,diaria,2017-05-10,2017,5,0.04188600
12,cdi,Taxa de juros CDI,% a.d.,diaria,2017-05-11,2017,5,0.04188600
12,cdi,Taxa de juros CDI,% a.d.,diaria,2017-05-12,2017,5,0.04188600
12,cdi,Taxa de juros CDI,% a.d.,diaria,2017-05-15,2017,5,0.04188600
12,cdi,Taxa de juros CDI,% a.d.,diaria,2017-05-16,2017,5,0.04188600
12,cdi,Taxa de juros CDI,% a.d.,diaria,2017-05-17,2017,5,0.04188600
12,cdi,Taxa de juros CDI,% a.d.,diaria,2017-05-18,2017,5,0.04188600
12,cdi,Taxa de juros CDI,% a.d.,diaria,2017-05-19,2017,5,0.04188600
12,cdi,Taxa de juros CDI,% a.d.,diaria,2017-05-22,2017,5,0.04188600
12,cdi,Taxa de juros CDI,% a.d.,diaria,2017-05-23,2017,5,0.04188600
12,cdi,Taxa de juros CDI,% a.d.,diaria,2017-05-24,2017,5,0.04188600
12,cdi,Taxa de juros CDI,% a.d.,diaria,2017-05-25,2017,5,0.04188600
12,cdi,Taxa de juros CDI,% a.d.,diaria,2017-05-26,2017,5,0.04188600
12,cdi,Taxa de juros CDI,% a.d.,diaria,2017-05-29,2017,5,0.04188600
12,cdi,Taxa de juros CDI,% a.d.,diaria,2017-05-30,2017,5,0.04188600
12,cdi,Taxa de juros CDI,% a.d.,diaria,2017-05-31,2017,5,0.04188600
12,cdi,Taxa de juros CDI,% a.d.,diaria,2017-06-01,2017,6,0.03833400
12,cdi,Taxa de juros CDI,% a.d.,diaria,2017-06-02,2017,6,0.03833400
12,cdi,Taxa de juros CDI,% a.d.,diaria,2017-06-05,2017,6,0.03833400
12,cdi,Taxa de juros CDI,% a.d.,diaria,2017-06-06,2017,6,0.03833400
12,cdi,Taxa de juros CDI,% a.d.,diaria,2017-06-07,2017,6,0.03833400
12,cdi,Taxa de juros CDI,% a.d.,diaria,2017-06-08,2017,6,0.03833400
12,cdi,Taxa de juros CDI,% a.d.,diaria,2017-06-09,2017,6,0.03833400
12,cdi,Taxa de juros CDI,% a.d.,diaria,2017-06-12,2017,6,0.03833400
12,cdi,Taxa de juros CDI,% a.d.,diaria,2017-06-13,2017,6,0.03833400
12,cdi,Taxa de juros CDI,% a.d.,diaria,2017-06-14,2017,6,0.03833400
12,cdi,Taxa de juros CDI,% a.d.,diaria,2017-06-16,2017,6,0.03833400
12,cdi,Taxa de juros CDI,% a.d.,diaria,2017-06-19,2017,6,0.03833400
12,cdi,Taxa de juros CDI,% a.d.,diaria,2017-06-20,2017,6,0.03833400
12,cdi,Taxa de juros CDI,% a.d.,diaria,2017-06-21,2017,6,0.03833400
12,cdi,Taxa de juros CDI,% a.d.,diaria,2017-06-22,2017,6,0.03833400
12,cdi,Taxa de juros CDI,% a.d.,diaria,2017-06-23,2017,6,0.03833400
12,cdi,Taxa de juros CDI,% a.d.,diaria,2017-06-26,2017,6,0.03833400
12,cdi,Taxa de juros CDI,% a.d.,diaria,2017-06-27,2017,6,0.03833400
12,cdi,Taxa de juros CDI,% a.d.,diaria,2017-06-28,2017,6,0.03833400
12,cdi,Taxa de juros CDI,% a.d.,diaria,2017-06-29,2017,6,0.03833400
12,cdi,Taxa de juros CDI,% a.d.,diaria,2017-06-30,2017,6,0.03833400
12,cdi,Taxa de juros CDI,% a.d.,diaria,2017-07-03,2017,7,0.03833400
12,cdi,Taxa de juros CDI,% a.d.,diaria,2017-07-04,2017,7,0.03833400
12,cdi,Taxa de juros CDI,% a.d.,diaria,2017-07-05,2017,7,0.03833400
12,cdi,Taxa de juros CDI,% a.d.,diaria,2017-07-06,2017,7,0.03833400
12,cdi,Taxa de juros CDI,% a.d.,diaria,2017-07-07,2017,7,0.03833400
12,cdi,Taxa de juros CDI,% a.d.,diaria,2017-07-10,2017,7,0.03833400
12,cdi,Taxa de juros CDI,% a.d.,diaria,2017-07-11,2017,7,0.03833400
12,cdi,Taxa de juros CDI,% a.d.,diaria,2017-07-12,2017,7,0.03833400
12,cdi,Taxa de juros CDI,% a.d.,diaria,2017-07-13,2017,7,0.03833400
12,cdi,Taxa de juros CDI,% a.d.,diaria,2017-07-14,2017,7,0.03833400
12,cdi,Taxa de juros CDI,% a.d.,diaria,2017-07-17,2017,7,0.03833400
12,cdi,Taxa de juros CDI,% a.d.,diaria,2017-07-18,2017,7,0.03833400
12,cdi,Taxa de juros CDI,% a.d.,diaria,2017-07-19,2017,7,0.03833400
12,cdi,Taxa de juros CDI,% a.d.,diaria,2017-07-20,2017,7,0.03833400
12,cdi,Taxa de juros CDI,% a.d.,diaria,2017-07-21,2017,7,0.03833400
12,cdi,Taxa de juros CDI,% a.d.,diaria,2017-07-24,2017,7,0.03833400
12,cdi,Taxa de juros CDI,% a.d.,diaria,2017-07-25,2017,7,0.03833400
12,cdi,Taxa de juros CDI,% a.d.,diaria,2017-07-26,2017,7,0.03833400
12,cdi,Taxa de juros CDI,% a.d.,diaria,2017-07-27,2017,7,0.03471300
12,cdi,Taxa de juros CDI,% a.d.,diaria,2017-07-28,2017,7,0.03471300
12,cdi,Taxa de juros CDI,% a.d.,diaria,2017-07-31,2017,7,0.03471300
12,cdi,Taxa de juros CDI,% a.d.,diaria,2017-08-01,2017,8,0.03471300
12,cdi,Taxa de juros CDI,% a.d.,diaria,2017-08-02,2017,8,0.03471300
12,cdi,Taxa de juros CDI,% a.d.,diaria,2017-08-03,2017,8,0.03471300
12,cdi,Taxa de juros CDI,% a.d.,diaria,2017-08-04,2017,8,0.03471300
12,cdi,Taxa de juros CDI,% a.d.,diaria,2017-08-07,2017,8,0.03471300
12,cdi,Taxa de juros CDI,% a.d.,diaria,2017-08-08,2017,8,0.03471300
12,cdi,Taxa de juros CDI,% a.d.,diaria,2017-08-09,2017,8,0.03471300
12,cdi,Taxa de juros CDI,% a.d.,diaria,2017-08-10,2017,8,0.03471300
12,cdi,Taxa de juros CDI,% a.d.,diaria,2017-08-11,2017,8,0.03471300
12,cdi,Taxa de juros CDI,% a.d.,diaria,2017-08-14,2017,8,0.03471300
12,cdi,Taxa de juros CDI,% a.d.,diaria,2017-08-15,2017,8,0.03471300
12,cdi,Taxa de juros CDI,% a.d.,diaria,2017-08-16,2017,8,0.03471300
12,cdi,Taxa de juros CDI,% a.d.,diaria,2017-08-17,2017,8,0.03471300
12,cdi,Taxa de juros CDI,% a.d.,diaria,2017-08-18,2017,8,0.03471300
12,cdi,Taxa de juros CDI,% a.d.,diaria,2017-08-21,2017,8,0.03471300
12,cdi,Taxa de juros CDI,% a.d.,diaria,2017-08-22,2017,8,0.03471300
12,cdi,Taxa de juros CDI,% a.d.,diaria,2017-08-23,2017,8,0.03471300
12,cdi,Taxa de juros CDI,% a.d.,diaria,2017-08-24,2017,8,0.03471300
12,cdi,Taxa de juros CDI,% a.d.,diaria,2017-08-25,2017,8,0.03471300
12,cdi,Taxa de juros CDI,% a.d.,diaria,2017-08-28,2017,8,0.03471300
12,cdi,Taxa de juros CDI,% a.d.,diaria,2017-08-29,2017,8,0.03471300
12,cdi,Taxa de juros CDI,% a.d.,diaria,2017-08-30,2017,8,0.03471300
12,cdi,Taxa de juros CDI,% a.d.,diaria,2017-08-31,2017,8,0.03471300
12,cdi,Taxa de juros CDI,% a.d.,diaria,2017-09-01,2017,9,0.03471300
12,cdi,Taxa de juros CDI,% a.d.,diaria,2017-09-04,2017,9,0.03471300
12,cdi,Taxa de juros CDI,% a.d.,diaria,2017-09-05,2017,9,0.03471300
12,cdi,Taxa de juros CDI,% a.d.,diaria,2017-09-06,2017,9,0.03471300
12,cdi,Taxa de juros CDI,% a.d.,diaria,2017-09-08,2017,9,0.03105900
12,cdi,Taxa de juros CDI,% a.d.,diaria,2017-09-11,2017,9,0.03105900
12,cdi,Taxa de juros CDI,% a.d.,diaria,2017-09-12,2017,9,0.03105900
12,cdi,Taxa de juros CDI,% a.d.,diaria,2017-09-13,2017,9,0.03105900
12,cdi,Taxa de juros CDI,% a.d.,diaria,2017-09-14,2017,9,0.03105900
12,cdi,Taxa de juros CDI,% a.d.,diaria,2017-09-15,2017,9,0.03105900
12,cdi,Taxa de juros CDI,% a.d.,diaria,2017-09-18,2017,9,0.03105900
12,cdi,Taxa de juros CDI,% a.d.,diaria,2017-09-19,2017,9,0.03105900
12,cdi,Taxa de juros CDI,% a.d.,diaria,2017-09-20,2017,9,0.03105900
12,cdi,Taxa de juros CDI,% a.d.,diaria,2017-09-21,2017,9,0.03105900
12,cdi,Taxa de juros CDI,% a.d.,diaria,2017-09-22,2017,9,0.03105900
12,cdi,Taxa de juros CDI,% a.d.,diaria,2017-09-25,2017,9,0.03105900
12,cdi,Taxa de juros CDI,% a.d.,diaria,2017-09-26,2017,9,0.03105900
12,cdi,Taxa de juros CDI,% a.d.,diaria,2017-09-27,2017,9,0.03105900
12,cdi,Taxa de juros CDI,% a.d.,diaria,2017-09-28,2017,9,0.03105900
12,cdi,Taxa de juros CDI,% a.d.,diaria,2017-09-29,2017,9,0.03105900
12,cdi,Taxa de juros CDI,% a.d.,diaria,2017-10-02,2017,10,0.03105900
12,cdi,Taxa de juros CDI,% a.d.,diaria,2017-10-03,2017,10,0.03105900
12,cdi,Taxa de juros CDI,% a.d.,diaria,2017-10-04,2017,10,0.03105900
12,cdi,Taxa de juros CDI,% a.d.,diaria,2017-10-05,2017,10,0.03105900
12,cdi,Taxa de juros CDI,% a.d.,diaria,2017-10-06,2017,10,0.03105900
12,cdi,Taxa de juros CDI,% a.d.,diaria,2017-10-09,2017,10,0.03105900
12,cdi,Taxa de juros CDI,% a.d.,diaria,2017-10-10,2017,10,0.03105900
12,cdi,Taxa de juros CDI,% a.d.,diaria,2017-10-11,2017,10,0.03105900
12,cdi,Taxa de juros CDI,% a.d.,diaria,2017-10-13,2017,10,0.03105900
12,cdi,Taxa de juros CDI,% a.d.,diaria,2017-10-16,2017,10,0.03105900
12,cdi,Taxa de juros CDI,% a.d.,diaria,2017-10-17,2017,10,0.03105900
12,cdi,Taxa de juros CDI,% a.d.,diaria,2017-10-18,2017,10,0.03105900
12,cdi,Taxa de juros CDI,% a.d.,diaria,2017-10-19,2017,10,0.03105900
12,cdi,Taxa de juros CDI,% a.d.,diaria,2017-10-20,2017,10,0.03105900
12,cdi,Taxa de juros CDI,% a.d.,diaria,2017-10-23,2017,10,0.03105900
12,cdi,Taxa de juros CDI,% a.d.,diaria,2017-10-24,2017,10,0.03105900
12,cdi,Taxa de juros CDI,% a.d.,diaria,2017-10-25,2017,10,0.03105900
12,cdi,Taxa de juros CDI,% a.d.,diaria,2017-10-26,2017,10,0.02829600
12,cdi,Taxa de juros CDI,% a.d.,diaria,2017-10-27,2017,10,0.02829600
12,cdi,Taxa de juros CDI,% a.d.,diaria,2017-10-30,2017,10,0.02829600
12,cdi,Taxa de juros CDI,% a.d.,diaria,2017-10-31,2017,10,0.02829600
12,cdi,Taxa de juros CDI,% a.d.,diaria,2017-11-01,2017,11,0.02829600
12,cdi,Taxa de juros CDI,% a.d.,diaria,2017-11-03,2017,11,0.02829600
12,cdi,Taxa de juros CDI,% a.d.,diaria,2017-11-06,2017,11,0.02829600
12,cdi,Taxa de juros CDI,% a.d.,diaria,2017-11-07,2017,11,0.02829600
12,cdi,Taxa de juros CDI,% a.d.,diaria,2017-11-08,2017,11,0.02829600
12,cdi,Taxa de juros CDI,% a.d.,diaria,2017-11-09,2017,11,0.02829600
12,cdi,Taxa de juros CDI,% a.d.,diaria,2017-11-10,2017,11,0.02829600
12,cdi,Taxa de juros CDI,% a.d.,diaria,2017-11-13,2017,11,0.02829600
12,cdi,Taxa de juros CDI,% a.d.,diaria,2017-11-14,2017,11,0.02829600
12,cdi,Taxa de juros CDI,% a.d.,diaria,2017-11-16,2017,11,0.02829600
12,cdi,Taxa de juros CDI,% a.d.,diaria,2017-11-17,2017,11,0.02829600
12,cdi,Taxa de juros CDI,% a.d.,diaria,2017-11-20,2017,11,0.02829600
12,cdi,Taxa de juros CDI,% a.d.,diaria,2017-11-21,2017,11,0.02829600
12,cdi,Taxa de juros CDI,% a.d.,diaria,2017-11-22,2017,11,0.02829600
12,cdi,Taxa de juros CDI,% a.d.,diaria,2017-11-23,2017,11,0.02829600
12,cdi,Taxa de juros CDI,% a.d.,diaria,2017-11-24,2017,11,0.02829600
12,cdi,Taxa de juros CDI,% a.d.,diaria,2017-11-27,2017,11,0.02829600
12,cdi,Taxa de juros CDI,% a.d.,diaria,2017-11-28,2017,11,0.02829600
12,cdi,Taxa de juros CDI,% a.d.,diaria,2017-11-29,2017,11,0.02829600
12,cdi,Taxa de juros CDI,% a.d.,diaria,2017-11-30,2017,11,0.02829600
12,cdi,Taxa de juros CDI,% a.d.,diaria,2017-12-01,2017,12,0.02829600
12,cdi,Taxa de juros CDI,% a.d.,diaria,2017-12-04,2017,12,0.02829600
12,cdi,Taxa de juros CDI,% a.d.,diaria,2017-12-05,2017,12,0.02829600
12,cdi,Taxa de juros CDI,% a.d.,diaria,2017-12-06,2017,12,0.02829600
12,cdi,Taxa de juros CDI,% a.d.,diaria,2017-12-07,2017,12,0.02644400
12,cdi,Taxa de juros CDI,% a.d.,diaria,2017-12-08,2017,12,0.02644400
12,cdi,Taxa de juros CDI,% a.d.,diaria,2017-12-11,2017,12,0.02644400
12,cdi,Taxa de juros CDI,% a.d.,diaria,2017-12-12,2017,12,0.02644400
12,cdi,Taxa de juros CDI,% a.d.,diaria,2017-12-13,2017,12,0.02644400
12,cdi,Taxa de juros CDI,% a.d.,diaria,2017-12-14,2017,12,0.02644400
12,cdi,Taxa de juros CDI,% a.d.,diaria,2017-12-15,2017,12,0.02644400
12,cdi,Taxa de juros CDI,% a.d.,diaria,2017-12-18,2017,12,0.02644400
12,cdi,Taxa de juros CDI,% a.d.,diaria,2017-12-19,2017,12,0.02644400
12,cdi,Taxa de juros CDI,% a.d.,diaria,2017-12-20,2017,12,0.02644400
12,cdi,Taxa de juros CDI,% a.d.,diaria,2017-12-21,2017,12,0.02644400
12,cdi,Taxa de juros CDI,% a.d.,diaria,2017-12-22,2017,12,0.02644400
12,cdi,Taxa de juros CDI,% a.d.,diaria,2017-12-26,2017,12,0.02644400
12,cdi,Taxa de juros CDI,% a.d.,diaria,2017-12-27,2017,12,0.02644400
12,cdi,Taxa de juros CDI,% a.d.,diaria,2017-12-28,2017,12,0.02644400
12,cdi,Taxa de juros CDI,% a.d.,diaria,2017-12-29,2017,12,0.02644400
12,cdi,Taxa de juros CDI,% a.d.,diaria,2018-01-02,2018,1,0.02644400
12,cdi,Taxa de juros CDI,% a.d.,diaria,2018-01-03,2018,1,0.02644400
12,cdi,Taxa de juros CDI,% a.d.,diaria,2018-01-04,2018,1,0.02644400
12,cdi,Taxa de juros CDI,% a.d.,diaria,2018-01-05,2018,1,0.02644400
12,cdi,Taxa de juros CDI,% a.d.,diaria,2018-01-08,2018,1,0.02644400
12,cdi,Taxa de juros CDI,% a.d.,diaria,2018-01-09,2018,1,0.02644400
12,cdi,Taxa de juros CDI,% a.d.,diaria,2018-01-10,2018,1,0.02644400
12,cdi,Taxa de juros CDI,% a.d.,diaria,2018-01-11,2018,1,0.02644400
12,cdi,Taxa de juros CDI,% a.d.,diaria,2018-01-12,2018,1,0.02644400
12,cdi,Taxa de juros CDI,% a.d.,diaria,2018-01-15,2018,1,0.02644400
12,cdi,Taxa de juros CDI,% a.d.,diaria,2018-01-16,2018,1,0.02644400
12,cdi,Taxa de juros CDI,% a.d.,diaria,2018-01-17,2018,1,0.02644400
12,cdi,Taxa de juros CDI,% a.d.,diaria,2018-01-18,2018,1,0.02644400
12,cdi,Taxa de juros CDI,% a.d.,diaria,2018-01-19,2018,1,0.02644400
12,cdi,Taxa de juros CDI,% a.d.,diaria,2018-01-22,2018,1,0.02644400
12,cdi,Taxa de juros CDI,% a.d.,diaria,2018-01-23,2018,1,0.02644400
12,cdi,Taxa de juros CDI,% a.d.,diaria,2018-01-24,2018,1,0.02644400
12,cdi,Taxa de juros CDI,% a.d.,diaria,2018-01-25,2018,1,0.02644400
12,cdi,Taxa de juros CDI,% a.d.,diaria,2018-01-26,2018,1,0.02644400
12,cdi,Taxa de juros CDI,% a.d.,diaria,2018-01-29,2018,1,0.02644400
12,cdi,Taxa de juros CDI,% a.d.,diaria,2018-01-30,2018,1,0.02644400
12,cdi,Taxa de juros CDI,% a.d.,diaria,2018-01-31,2018,1,0.02644400
12,cdi,Taxa de juros CDI,% a.d.,diaria,2018-02-01,2018,2,0.02644400
12,cdi,Taxa de juros CDI,% a.d.,diaria,2018-02-02,2018,2,0.02644400
12,cdi,Taxa de juros CDI,% a.d.,diaria,2018-02-05,2018,2,0.02644400
12,cdi,Taxa de juros CDI,% a.d.,diaria,2018-02-06,2018,2,0.02644400
12,cdi,Taxa de juros CDI,% a.d.,diaria,2018-02-07,2018,2,0.02644400
12,cdi,Taxa de juros CDI,% a.d.,diaria,2018-02-08,2018,2,0.02551500
12,cdi,Taxa de juros CDI,% a.d.,diaria,2018-02-09,2018,2,0.02551500
12,cdi,Taxa de juros CDI,% a.d.,diaria,2018-02-14,2018,2,0.02551500
12,cdi,Taxa de juros CDI,% a.d.,diaria,2018-02-15,2018,2,0.02551500
12,cdi,Taxa de juros CDI,% a.d.,diaria,2018-02-16,2018,2,0.02551500
12,cdi,Taxa de juros CDI,% a.d.,diaria,2018-02-19,2018,2,0.02551500
12,cdi,Taxa de juros CDI,% a.d.,diaria,2018-02-20,2018,2,0.02551500
12,cdi,Taxa de juros CDI,% a.d.,diaria,2018-02-21,2018,2,0.02551500
12,cdi,Taxa de juros CDI,% a.d.,diaria,2018-02-22,2018,2,0.02551500
12,cdi,Taxa de juros CDI,% a.d.,diaria,2018-02-23,2018,2,0.02551500
12,cdi,Taxa de juros CDI,% a.d.,diaria,2018-02-26,2018,2,0.02551500
12,cdi,Taxa de juros CDI,% a.d.,diaria,2018-02-27,2018,2,0.02551500
12,cdi,Taxa de juros CDI,% a.d.,diaria,2018-02-28,2018,2,0.02551500
12,cdi,Taxa de juros CDI,% a.d.,diaria,2018-03-01,2018,3,0.02551500
12,cdi,Taxa de juros CDI,% a.d.,diaria,2018-03-02,2018,3,0.02551500
12,cdi,Taxa de juros CDI,% a.d.,diaria,2018-03-05,2018,3,0.02551500
12,cdi,Taxa de juros CDI,% a.d.,diaria,2018-03-06,2018,3,0.02551500
12,cdi,Taxa de juros CDI,% a.d.,diaria,2018-03-07,2018,3,0.02551500
12,cdi,Taxa de juros CDI,% a.d.,diaria,2018-03-08,2018,3,0.02551500
12,cdi,Taxa de juros CDI,% a.d.,diaria,2018-03-09,2018,3,0.02551500
12,cdi,Taxa de juros CDI,% a.d.,diaria,2018-03-12,2018,3,0.02551500
12,cdi,Taxa de juros CDI,% a.d.,diaria,2018-03-13,2018,3,0.02551500
12,cdi,Taxa de juros CDI,% a.d.,diaria,2018-03-14,2018,3,0.02551500
12,cdi,Taxa de juros CDI,% a.d.,diaria,2018-03-15,2018,3,0.02551500
12,cdi,Taxa de juros CDI,% a.d.,diaria,2018-03-16,2018,3,0.02551500
12,cdi,Taxa de juros CDI,% a.d.,diaria,2018-03-19,2018,3,0.02551500
12,cdi,Taxa de juros CDI,% a.d.,diaria,2018-03-20,2018,3,0.02551500
12,cdi,Taxa de juros CDI,% a.d.,diaria,2018-03-21,2018,3,0.02551500
12,cdi,Taxa de juros CDI,% a.d.,diaria,2018-03-22,2018,3,0.02458300
12,cdi,Taxa de juros CDI,% a.d.,diaria,2018-03-23,2018,3,0.02458300
12,cdi,Taxa de juros CDI,% a.d.,diaria,2018-03-26,2018,3,0.02458300
12,cdi,Taxa de juros CDI,% a.d.,diaria,2018-03-27,2018,3,0.02458300
12,cdi,Taxa de juros CDI,% a.d.,diaria,2018-03-28,2018,3,0.02458300
12,cdi,Taxa de juros CDI,% a.d.,diaria,2018-03-29,2018,3,0.02458300
12,cdi,Taxa de juros CDI,% a.d.,diaria,2018-04-02,2018,4,0.02458300
12,cdi,Taxa de juros CDI,% a.d.,diaria,2018-04-03,2018,4,0.02458300
12,cdi,Taxa de juros CDI,% a.d.,diaria,2018-04-04,2018,4,0.02458300
12,cdi,Taxa de juros CDI,% a.d.,diaria,2018-04-05,2018,4,0.02458300
12,cdi,Taxa de juros CDI,% a.d.,diaria,2018-04-06,2018,4,0.02458300
12,cdi,Taxa de juros CDI,% a.d.,diaria,2018-04-09,2018,4,0.02458300
12,cdi,Taxa de juros CDI,% a.d.,diaria,2018-04-10,2018,4,0.02458300
12,cdi,Taxa de juros CDI,% a.d.,diaria,2018-04-11,2018,4,0.02458300
12,cdi,Taxa de juros CDI,% a.d.,diaria,2018-04-12,2018,4,0.02458300
12,cdi,Taxa de juros CDI,% a.d.,diaria,2018-04-13,2018,4,0.02458300
12,cdi,Taxa de juros CDI,% a.d.,diaria,2018-04-16,2018,4,0.02458300
12,cdi,Taxa de juros CDI,% a.d.,diaria,2018-04-17,2018,4,0.02458300
12,cdi,Taxa de juros CDI,% a.d.,diaria,2018-04-18,2018,4,0.02458300
12,cdi,Taxa de juros CDI,% a.d.,diaria,2018-04-19,2018,4,0.02458300
12,cdi,Taxa de juros CDI,% a.d.,diaria,2018-04-20,2018,4,0.02458300
12,cdi,Taxa de juros CDI,% a.d.,diaria,2018-04-23,2018,4,0.02458300
12,cdi,Taxa de juros CDI,% a.d.,diaria,2018-04-24,2018,4,0.02458300
12,cdi,Taxa de juros CDI,% a.d.,diaria,2018-04-25,2018,4,0.02458300
12,cdi,Taxa de juros CDI,% a.d.,diaria,2018-04-26,2018,4,0.02458300
12,cdi,Taxa de juros CDI,% a.d.,diaria,2018-04-27,2018,4,0.02458300
12,cdi,Taxa de juros CDI,% a.d.,diaria,2018-04-30,2018,4,0.02458300
12,cdi,Taxa de juros CDI,% a.d.,diaria,2018-05-02,2018,5,0.02458300
12,cdi,Taxa de juros CDI,% a.d.,diaria,2018-05-03,2018,5,0.02458300
12,cdi,Taxa de juros CDI,% a.d.,diaria,2018-05-04,2018,5,0.02458300
12,cdi,Taxa de juros CDI,% a.d.,diaria,2018-05-07,2018,5,0.02458300
12,cdi,Taxa de juros CDI,% a.d.,diaria,2018-05-08,2018,5,0.02458300
12,cdi,Taxa de juros CDI,% a.d.,diaria,2018-05-09,2018,5,0.02458300
12,cdi,Taxa de juros CDI,% a.d.,diaria,2018-05-10,2018,5,0.02458300
12,cdi,Taxa de juros CDI,% a.d.,diaria,2018-05-11,2018,5,0.02458300
12,cdi,Taxa de juros CDI,% a.d.,diaria,2018-05-14,2018,5,0.02458300
12,cdi,Taxa de juros CDI,% a.d.,diaria,2018-05-15,2018,5,0.02458300
12,cdi,Taxa de juros CDI,% a.d.,diaria,2018-05-16,2018,5,0.02458300
12,cdi,Taxa de juros CDI,% a.d.,diaria,2018-05-17,2018,5,0.02458300
12,cdi,Taxa de juros CDI,% a.d.,diaria,2018-05-18,2018,5,0.02458300
12,cdi,Taxa de juros CDI,% a.d.,diaria,2018-05-21,2018,5,0.02458300
12,cdi,Taxa de juros CDI,% a.d.,diaria,2018-05-22,2018,5,0.02458300
12,cdi,Taxa de juros CDI,% a.d.,diaria,2018-05-23,2018,5,0.02458300
12,cdi,Taxa de juros CDI,% a.d.,diaria,2018-05-24,2018,5,0.02458300
12,cdi,Taxa de juros CDI,% a.d.,diaria,2018-05-25,2018,5,0.02458300
12,cdi,Taxa de juros CDI,% a.d.,diaria,2018-05-28,2018,5,0.02458300
12,cdi,Taxa de juros CDI,% a.d.,diaria,2018-05-29,2018,5,0.02458300
12,cdi,Taxa de juros CDI,% a.d.,diaria,2018-05-30,2018,5,0.02458300
12,cdi,Taxa de juros CDI,% a.d.,diaria,2018-06-01,2018,6,0.02458300
12,cdi,Taxa de juros CDI,% a.d.,diaria,2018-06-04,2018,6,0.02458300
12,cdi,Taxa de juros CDI,% a.d.,diaria,2018-06-05,2018,6,0.02458300
12,cdi,Taxa de juros CDI,% a.d.,diaria,2018-06-06,2018,6,0.02458300
12,cdi,Taxa de juros CDI,% a.d.,diaria,2018-06-07,2018,6,0.02458300
12,cdi,Taxa de juros CDI,% a.d.,diaria,2018-06-08,2018,6,0.02458300
12,cdi,Taxa de juros CDI,% a.d.,diaria,2018-06-11,2018,6,0.02458300
12,cdi,Taxa de juros CDI,% a.d.,diaria,2018-06-12,2018,6,0.02458300
12,cdi,Taxa de juros CDI,% a.d.,diaria,2018-06-13,2018,6,0.02458300
12,cdi,Taxa de juros CDI,% a.d.,diaria,2018-06-14,2018,6,0.02458300
12,cdi,Taxa de juros CDI,% a.d.,diaria,2018-06-15,2018,6,0.02458300
12,cdi,Taxa de juros CDI,% a.d.,diaria,2018-06-18,2018,6,0.02458300
12,cdi,Taxa de juros CDI,% a.d.,diaria,2018-06-19,2018,6,0.02458300
12,cdi,Taxa de juros CDI,% a.d.,diaria,2018-06-20,2018,6,0.02458300
12,cdi,Taxa de juros CDI,% a.d.,diaria,2018-06-21,2018,6,0.02458300
12,cdi,Taxa de juros CDI,% a.d.,diaria,2018-06-22,2018,6,0.02458300
12,cdi,Taxa de juros CDI,% a.d.,diaria,2018-06-25,2018,6,0.02458300
12,cdi,Taxa de juros CDI,% a.d.,diaria,2018-06-26,2018,6,0.02458300
12,cdi,Taxa de juros CDI,% a.d.,diaria,2018-06-27,2018,6,0.02458300
12,cdi,Taxa de juros CDI,% a.d.,diaria,2018-06-28,2018,6,0.02458300
12,cdi,Taxa de juros CDI,% a.d.,diaria,2018-06-29,2018,6,0.02458300
12,cdi,Taxa de juros CDI,% a.d.,diaria,2018-07-02,2018,7,0.02458300
12,cdi,Taxa de juros CDI,% a.d.,diaria,2018-07-03,2018,7,0.02458300
12,cdi,Taxa de juros CDI,% a.d.,diaria,2018-07-04,2018,7,0.02458300
12,cdi,Taxa de juros CDI,% a.d.,diaria,2018-07-05,2018,7,0.02458300
12,cdi,Taxa de juros CDI,% a.d.,diaria,2018-07-06,2018,7,0.02458300
12,cdi,Taxa de juros CDI,% a.d.,diaria,2018-07-09,2018,7,0.02458300
12,cdi,Taxa de juros CDI,% a.d.,diaria,2018-07-10,2018,7,0.02458300
12,cdi,Taxa de juros CDI,% a.d.,diaria,2018-07-11,2018,7,0.02458300
12,cdi,Taxa de juros CDI,% a.d.,diaria,2018-07-12,2018,7,0.02458300
12,cdi,Taxa de juros CDI,% a.d.,diaria,2018-07-13,2018,7,0.02458300
12,cdi,Taxa de juros CDI,% a.d.,diaria,2018-07-16,2018,7,0.02458300
12,cdi,Taxa de juros CDI,% a.d.,diaria,2018-07-17,2018,7,0.02458300
12,cdi,Taxa de juros CDI,% a.d.,diaria,2018-07-18,2018,7,0.02458300
12,cdi,Taxa de juros CDI,% a.d.,diaria,2018-07-19,2018,7,0.02458300
12,cdi,Taxa de juros CDI,% a.d.,diaria,2018-07-20,2018,7,0.02458300
12,cdi,Taxa de juros CDI,% a.d.,diaria,2018-07-23,2018,7,0.02458300
12,cdi,Taxa de juros CDI,% a.d.,diaria,2018-07-24,2018,7,0.02458300
12,cdi,Taxa de juros CDI,% a.d.,diaria,2018-07-25,2018,7,0.02458300
12,cdi,Taxa de juros CDI,% a.d.,diaria,2018-07-26,2018,7,0.02458300
12,cdi,Taxa de juros CDI,% a.d.,diaria,2018-07-27,2018,7,0.02458300
12,cdi,Taxa de juros CDI,% a.d.,diaria,2018-07-30,2018,7,0.02458300
12,cdi,Taxa de juros CDI,% a.d.,diaria,2018-07-31,2018,7,0.02458300
12,cdi,Taxa de juros CDI,% a.d.,diaria,2018-08-01,2018,8,0.02458300
12,cdi,Taxa de juros CDI,% a.d.,diaria,2018-08-02,2018,8,0.02458300
12,cdi,Taxa de juros CDI,% a.d.,diaria,2018-08-03,2018,8,0.02458300
12,cdi,Taxa de juros CDI,% a.d.,diaria,2018-08-06,2018,8,0.02458300
12,cdi,Taxa de juros CDI,% a.d.,diaria,2018-08-07,2018,8,0.02458300
12,cdi,Taxa de juros CDI,% a.d.,diaria,2018-08-08,2018,8,0.02458300
12,cdi,Taxa de juros CDI,% a.d.,diaria,2018-08-09,2018,8,0.02458300
12,cdi,Taxa de juros CDI,% a.d.,diaria,2018-08-10,2018,8,0.02458300
12,cdi,Taxa de juros CDI,% a.d.,diaria,2018-08-13,2018,8,0.02458300
12,cdi,Taxa de juros CDI,% a.d.,diaria,2018-08-14,2018,8,0.02458300
12,cdi,Taxa de juros CDI,% a.d.,diaria,2018-08-15,2018,8,0.02458300
12,cdi,Taxa de juros CDI,% a.d.,diaria,2018-08-16,2018,8,0.02458300
12,cdi,Taxa de juros CDI,% a.d.,diaria,2018-08-17,2018,8,0.02458300
12,cdi,Taxa de juros CDI,% a.d.,diaria,2018-08-20,2018,8,0.02458300
12,cdi,Taxa de juros CDI,% a.d.,diaria,2018-08-21,2018,8,0.02458300
12,cdi,Taxa de juros CDI,% a.d.,diaria,2018-08-22,2018,8,0.02458300
12,cdi,Taxa de juros CDI,% a.d.,diaria,2018-08-23,2018,8,0.02458300
12,cdi,Taxa de juros CDI,% a.d.,diaria,2018-08-24,2018,8,0.02458300
12,cdi,Taxa de juros CDI,% a.d.,diaria,2018-08-27,2018,8,0.02458300
12,cdi,Taxa de juros CDI,% a.d.,diaria,2018-08-28,2018,8,0.02458300
12,cdi,Taxa de juros CDI,% a.d.,diaria,2018-08-29,2018,8,0.02458300
12,cdi,Taxa de juros CDI,% a.d.,diaria,2018-08-30,2018,8,0.02458300
12,cdi,Taxa de juros CDI,% a.d.,diaria,2018-08-31,2018,8,0.02458300
12,cdi,Taxa de juros CDI,% a.d.,diaria,2018-09-03,2018,9,0.02458300
12,cdi,Taxa de juros CDI,% a.d.,diaria,2018-09-04,2018,9,0.02458300
12,cdi,Taxa de juros CDI,% a.d.,diaria,2018-09-05,2018,9,0.02458300
12,cdi,Taxa de juros CDI,% a.d.,diaria,2018-09-06,2018,9,0.02458300
12,cdi,Taxa de juros CDI,% a.d.,diaria,2018-09-10,2018,9,0.02458300
12,cdi,Taxa de juros CDI,% a.d.,diaria,2018-09-11,2018,9,0.02458300
12,cdi,Taxa de juros CDI,% a.d.,diaria,2018-09-12,2018,9,0.02458300
12,cdi,Taxa de juros CDI,% a.d.,diaria,2018-09-13,2018,9,0.02458300
12,cdi,Taxa de juros CDI,% a.d.,diaria,2018-09-14,2018,9,0.02458300
12,cdi,Taxa de juros CDI,% a.d.,diaria,2018-09-17,2018,9,0.02458300
12,cdi,Taxa de juros CDI,% a.d.,diaria,2018-09-18,2018,9,0.02458300
12,cdi,Taxa de juros CDI,% a.d.,diaria,2018-09-19,2018,9,0.02458300
12,cdi,Taxa de juros CDI,% a.d.,diaria,2018-09-20,2018,9,0.02458300
12,cdi,Taxa de juros CDI,% a.d.,diaria,2018-09-21,2018,9,0.02458300
12,cdi,Taxa de juros CDI,% a.d.,diaria,2018-09-24,2018,9,0.02458300
12,cdi,Taxa de juros CDI,% a.d.,diaria,2018-09-25,2018,9,0.02458300
12,cdi,Taxa de juros CDI,% a.d.,diaria,2018-09-26,2018,9,0.02458300
12,cdi,Taxa de juros CDI,% a.d.,diaria,2018-09-27,2018,9,0.02458300
12,cdi,Taxa de juros CDI,% a.d.,diaria,2018-09-28,2018,9,0.02458300
12,cdi,Taxa de juros CDI,% a.d.,diaria,2018-10-01,2018,10,0.02462000
12,cdi,Taxa de juros CDI,% a.d.,diaria,2018-10-02,2018,10,0.02462000
12,cdi,Taxa de juros CDI,% a.d.,diaria,2018-10-03,2018,10,0.02462000
12,cdi,Taxa de juros CDI,% a.d.,diaria,2018-10-04,2018,10,0.02462000
12,cdi,Taxa de juros CDI,% a.d.,diaria,2018-10-05,2018,10,0.02462000
12,cdi,Taxa de juros CDI,% a.d.,diaria,2018-10-08,2018,10,0.02462000
12,cdi,Taxa de juros CDI,% a.d.,diaria,2018-10-09,2018,10,0.02462000
12,cdi,Taxa de juros CDI,% a.d.,diaria,2018-10-10,2018,10,0.02462000
12,cdi,Taxa de juros CDI,% a.d.,diaria,2018-10-11,2018,10,0.02462000
12,cdi,Taxa de juros CDI,% a.d.,diaria,2018-10-15,2018,10,0.02462000
12,cdi,Taxa de juros CDI,% a.d.,diaria,2018-10-16,2018,10,0.02462000
12,cdi,Taxa de juros CDI,% a.d.,diaria,2018-10-17,2018,10,0.02462000
12,cdi,Taxa de juros CDI,% a.d.,diaria,2018-10-18,2018,10,0.02462000
12,cdi,Taxa de juros CDI,% a.d.,diaria,2018-10-19,2018,10,0.02462000
12,cdi,Taxa de juros CDI,% a.d.,diaria,2018-10-22,2018,10,0.02462000
12,cdi,Taxa de juros CDI,% a.d.,diaria,2018-10-23,2018,10,0.02462000
12,cdi,Taxa de juros CDI,% a.d.,diaria,2018-10-24,2018,10,0.02462000
12,cdi,Taxa de juros CDI,% a.d.,diaria,2018-10-25,2018,10,0.02462000
12,cdi,Taxa de juros CDI,% a.d.,diaria,2018-10-26,2018,10,0.02462000
12,cdi,Taxa de juros CDI,% a.d.,diaria,2018-10-29,2018,10,0.02462000
12,cdi,Taxa de juros CDI,% a.d.,diaria,2018-10-30,2018,10,0.02462000
12,cdi,Taxa de juros CDI,% a.d.,diaria,2018-10-31,2018,10,0.02462000
12,cdi,Taxa de juros CDI,% a.d.,diaria,2018-11-01,2018,11,0.02462000
12,cdi,Taxa de juros CDI,% a.d.,diaria,2018-11-05,2018,11,0.02462000
12,cdi,Taxa de juros CDI,% a.d.,diaria,2018-11-06,2018,11,0.02462000
12,cdi,Taxa de juros CDI,% a.d.,diaria,2018-11-07,2018,11,0.02462000
12,cdi,Taxa de juros CDI,% a.d.,diaria,2018-11-08,2018,11,0.02462000
12,cdi,Taxa de juros CDI,% a.d.,diaria,2018-11-09,2018,11,0.02462000
12,cdi,Taxa de juros CDI,% a.d.,diaria,2018-11-12,2018,11,0.02462000
12,cdi,Taxa de juros CDI,% a.d.,diaria,2018-11-13,2018,11,0.02462000
12,cdi,Taxa de juros CDI,% a.d.,diaria,2018-11-14,2018,11,0.02462000
12,cdi,Taxa de juros CDI,% a.d.,diaria,2018-11-16,2018,11,0.02462000
12,cdi,Taxa de juros CDI,% a.d.,diaria,2018-11-19,2018,11,0.02462000
12,cdi,Taxa de juros CDI,% a.d.,diaria,2018-11-20,2018,11,0.02462000
12,cdi,Taxa de juros CDI,% a.d.,diaria,2018-11-21,2018,11,0.02462000
12,cdi,Taxa de juros CDI,% a.d.,diaria,2018-11-22,2018,11,0.02462000
12,cdi,Taxa de juros CDI,% a.d.,diaria,2018-11-23,2018,11,0.02462000
12,cdi,Taxa de juros CDI,% a.d.,diaria,2018-11-26,2018,11,0.02462000
12,cdi,Taxa de juros CDI,% a.d.,diaria,2018-11-27,2018,11,0.02462000
12,cdi,Taxa de juros CDI,% a.d.,diaria,2018-11-28,2018,11,0.02462000
12,cdi,Taxa de juros CDI,% a.d.,diaria,2018-11-29,2018,11,0.02462000
12,cdi,Taxa de juros CDI,% a.d.,diaria,2018-11-30,2018,11,0.02462000
12,cdi,Taxa de juros CDI,% a.d.,diaria,2018-12-03,2018,12,0.02462000
12,cdi,Taxa de juros CDI,% a.d.,diaria,2018-12-04,2018,12,0.02462000
12,cdi,Taxa de juros CDI,% a.d.,diaria,2018-12-05,2018,12,0.02462000
12,cdi,Taxa de juros CDI,% a.d.,diaria,2018-12-06,2018,12,0.02462000
12,cdi,Taxa de juros CDI,% a.d.,diaria,2018-12-07,2018,12,0.02462000
12,cdi,Taxa de juros CDI,% a.d.,diaria,2018-12-10,2018,12,0.02462000
12,cdi,Taxa de juros CDI,% a.d.,diaria,2018-12-11,2018,12,0.02462000
12,cdi,Taxa de juros CDI,% a.d.,diaria,2018-12-12,2018,12,0.02462000
12,cdi,Taxa de juros CDI,% a.d.,diaria,2018-12-13,2018,12,0.02462000
12,cdi,Taxa de juros CDI,% a.d.,diaria,2018-12-14,2018,12,0.02462000
12,cdi,Taxa de juros CDI,% a.d.,diaria,2018-12-17,2018,12,0.02462000
12,cdi,Taxa de juros CDI,% a.d.,diaria,2018-12-18,2018,12,0.02462000
12,cdi,Taxa de juros CDI,% a.d.,diaria,2018-12-19,2018,12,0.02462000
12,cdi,Taxa de juros CDI,% a.d.,diaria,2018-12-20,2018,12,0.02462000
12,cdi,Taxa de juros CDI,% a.d.,diaria,2018-12-21,2018,12,0.02462000
12,cdi,Taxa de juros CDI,% a.d.,diaria,2018-12-24,2018,12,0.02462000
12,cdi,Taxa de juros CDI,% a.d.,diaria,2018-12-26,2018,12,0.02462000
12,cdi,Taxa de juros CDI,% a.d.,diaria,2018-12-27,2018,12,0.02462000
12,cdi,Taxa de juros CDI,% a.d.,diaria,2018-12-28,2018,12,0.02462000
12,cdi,Taxa de juros CDI,% a.d.,diaria,2018-12-31,2018,12,0.02462000
12,cdi,Taxa de juros CDI,% a.d.,diaria,2019-01-02,2019,1,0.02462000
12,cdi,Taxa de juros CDI,% a.d.,diaria,2019-01-03,2019,1,0.02462000
12,cdi,Taxa de juros CDI,% a.d.,diaria,2019-01-04,2019,1,0.02462000
12,cdi,Taxa de juros CDI,% a.d.,diaria,2019-01-07,2019,1,0.02462000
12,cdi,Taxa de juros CDI,% a.d.,diaria,2019-01-08,2019,1,0.02462000
12,cdi,Taxa de juros CDI,% a.d.,diaria,2019-01-09,2019,1,0.02462000
12,cdi,Taxa de juros CDI,% a.d.,diaria,2019-01-10,2019,1,0.02462000
12,cdi,Taxa de juros CDI,% a.d.,diaria,2019-01-11,2019,1,0.02462000
12,cdi,Taxa de juros CDI,% a.d.,diaria,2019-01-14,2019,1,0.02462000
12,cdi,Taxa de juros CDI,% a.d.,diaria,2019-01-15,2019,1,0.02462000
12,cdi,Taxa de juros CDI,% a.d.,diaria,2019-01-16,2019,1,0.02462000
12,cdi,Taxa de juros CDI,% a.d.,diaria,2019-01-17,2019,1,0.02462000
12,cdi,Taxa de juros CDI,% a.d.,diaria,2019-01-18,2019,1,0.02462000
12,cdi,Taxa de juros CDI,% a.d.,diaria,2019-01-21,2019,1,0.02462000
12,cdi,Taxa de juros CDI,% a.d.,diaria,2019-01-22,2019,1,0.02462000
12,cdi,Taxa de juros CDI,% a.d.,diaria,2019-01-23,2019,1,0.02462000
12,cdi,Taxa de juros CDI,% a.d.,diaria,2019-01-24,2019,1,0.02462000
12,cdi,Taxa de juros CDI,% a.d.,diaria,2019-01-25,2019,1,0.02462000
12,cdi,Taxa de juros CDI,% a.d.,diaria,2019-01-28,2019,1,0.02462000
12,cdi,Taxa de juros CDI,% a.d.,diaria,2019-01-29,2019,1,0.02462000
12,cdi,Taxa de juros CDI,% a.d.,diaria,2019-01-30,2019,1,0.02462000
12,cdi,Taxa de juros CDI,% a.d.,diaria,2019-01-31,2019,1,0.02462000
12,cdi,Taxa de juros CDI,% a.d.,diaria,2019-02-01,2019,2,0.02462000
12,cdi,Taxa de juros CDI,% a.d.,diaria,2019-02-04,2019,2,0.02462000
12,cdi,Taxa de juros CDI,% a.d.,diaria,2019-02-05,2019,2,0.02462000
12,cdi,Taxa de juros CDI,% a.d.,diaria,2019-02-06,2019,2,0.02462000
12,cdi,Taxa de juros CDI,% a.d.,diaria,2019-02-07,2019,2,0.02462000
12,cdi,Taxa de juros CDI,% a.d.,diaria,2019-02-08,2019,2,0.02462000
12,cdi,Taxa de juros CDI,% a.d.,diaria,2019-02-11,2019,2,0.02462000
12,cdi,Taxa de juros CDI,% a.d.,diaria,2019-02-12,2019,2,0.02462000
12,cdi,Taxa de juros CDI,% a.d.,diaria,2019-02-13,2019,2,0.02462000
12,cdi,Taxa de juros CDI,% a.d.,diaria,2019-02-14,2019,2,0.02462000
12,cdi,Taxa de juros CDI,% a.d.,diaria,2019-02-15,2019,2,0.02462000
12,cdi,Taxa de juros CDI,% a.d.,diaria,2019-02-18,2019,2,0.02462000
12,cdi,Taxa de juros CDI,% a.d.,diaria,2019-02-19,2019,2,0.02462000
12,cdi,Taxa de juros CDI,% a.d.,diaria,2019-02-20,2019,2,0.02462000
12,cdi,Taxa de juros CDI,% a.d.,diaria,2019-02-21,2019,2,0.02462000
12,cdi,Taxa de juros CDI,% a.d.,diaria,2019-02-22,2019,2,0.02462000
12,cdi,Taxa de juros CDI,% a.d.,diaria,2019-02-25,2019,2,0.02462000
12,cdi,Taxa de juros CDI,% a.d.,diaria,2019-02-26,2019,2,0.02462000
12,cdi,Taxa de juros CDI,% a.d.,diaria,2019-02-27,2019,2,0.02462000
12,cdi,Taxa de juros CDI,% a.d.,diaria,2019-02-28,2019,2,0.02462000
12,cdi,Taxa de juros CDI,% a.d.,diaria,2019-03-01,2019,3,0.02462000
12,cdi,Taxa de juros CDI,% a.d.,diaria,2019-03-06,2019,3,0.02462000
12,cdi,Taxa de juros CDI,% a.d.,diaria,2019-03-07,2019,3,0.02462000
12,cdi,Taxa de juros CDI,% a.d.,diaria,2019-03-08,2019,3,0.02462000
12,cdi,Taxa de juros CDI,% a.d.,diaria,2019-03-11,2019,3,0.02462000
12,cdi,Taxa de juros CDI,% a.d.,diaria,2019-03-12,2019,3,0.02462000
12,cdi,Taxa de juros CDI,% a.d.,diaria,2019-03-13,2019,3,0.02462000
12,cdi,Taxa de juros CDI,% a.d.,diaria,2019-03-14,2019,3,0.02462000
12,cdi,Taxa de juros CDI,% a.d.,diaria,2019-03-15,2019,3,0.02462000
12,cdi,Taxa de juros CDI,% a.d.,diaria,2019-03-18,2019,3,0.02462000
12,cdi,Taxa de juros CDI,% a.d.,diaria,2019-03-19,2019,3,0.02462000
12,cdi,Taxa de juros CDI,% a.d.,diaria,2019-03-20,2019,3,0.02462000
12,cdi,Taxa de juros CDI,% a.d.,diaria,2019-03-21,2019,3,0.02462000
12,cdi,Taxa de juros CDI,% a.d.,diaria,2019-03-22,2019,3,0.02462000
12,cdi,Taxa de juros CDI,% a.d.,diaria,2019-03-25,2019,3,0.02462000
12,cdi,Taxa de juros CDI,% a.d.,diaria,2019-03-26,2019,3,0.02462000
12,cdi,Taxa de juros CDI,% a.d.,diaria,2019-03-27,2019,3,0.02462000
12,cdi,Taxa de juros CDI,% a.d.,diaria,2019-03-28,2019,3,0.02462000
12,cdi,Taxa de juros CDI,% a.d.,diaria,2019-03-29,2019,3,0.02462000
12,cdi,Taxa de juros CDI,% a.d.,diaria,2019-04-01,2019,4,0.02462000
12,cdi,Taxa de juros CDI,% a.d.,diaria,2019-04-02,2019,4,0.02462000
12,cdi,Taxa de juros CDI,% a.d.,diaria,2019-04-03,2019,4,0.02462000
12,cdi,Taxa de juros CDI,% a.d.,diaria,2019-04-04,2019,4,0.02462000
12,cdi,Taxa de juros CDI,% a.d.,diaria,2019-04-05,2019,4,0.02462000
12,cdi,Taxa de juros CDI,% a.d.,diaria,2019-04-08,2019,4,0.02462000
12,cdi,Taxa de juros CDI,% a.d.,diaria,2019-04-09,2019,4,0.02462000
12,cdi,Taxa de juros CDI,% a.d.,diaria,2019-04-10,2019,4,0.02462000
12,cdi,Taxa de juros CDI,% a.d.,diaria,2019-04-11,2019,4,0.02462000
12,cdi,Taxa de juros CDI,% a.d.,diaria,2019-04-12,2019,4,0.02462000
12,cdi,Taxa de juros CDI,% a.d.,diaria,2019-04-15,2019,4,0.02462000
12,cdi,Taxa de juros CDI,% a.d.,diaria,2019-04-16,2019,4,0.02462000
12,cdi,Taxa de juros CDI,% a.d.,diaria,2019-04-17,2019,4,0.02462000
12,cdi,Taxa de juros CDI,% a.d.,diaria,2019-04-18,2019,4,0.02462000
12,cdi,Taxa de juros CDI,% a.d.,diaria,2019-04-22,2019,4,0.02462000
12,cdi,Taxa de juros CDI,% a.d.,diaria,2019-04-23,2019,4,0.02462000
12,cdi,Taxa de juros CDI,% a.d.,diaria,2019-04-24,2019,4,0.02462000
12,cdi,Taxa de juros CDI,% a.d.,diaria,2019-04-25,2019,4,0.02462000
12,cdi,Taxa de juros CDI,% a.d.,diaria,2019-04-26,2019,4,0.02462000
12,cdi,Taxa de juros CDI,% a.d.,diaria,2019-04-29,2019,4,0.02462000
12,cdi,Taxa de juros CDI,% a.d.,diaria,2019-04-30,2019,4,0.02462000
12,cdi,Taxa de juros CDI,% a.d.,diaria,2019-05-02,2019,5,0.02462000
12,cdi,Taxa de juros CDI,% a.d.,diaria,2019-05-03,2019,5,0.02462000
12,cdi,Taxa de juros CDI,% a.d.,diaria,2019-05-06,2019,5,0.02462000
12,cdi,Taxa de juros CDI,% a.d.,diaria,2019-05-07,2019,5,0.02462000
12,cdi,Taxa de juros CDI,% a.d.,diaria,2019-05-08,2019,5,0.02462000
12,cdi,Taxa de juros CDI,% a.d.,diaria,2019-05-09,2019,5,0.02462000
12,cdi,Taxa de juros CDI,% a.d.,diaria,2019-05-10,2019,5,0.02462000
12,cdi,Taxa de juros CDI,% a.d.,diaria,2019-05-13,2019,5,0.02462000
12,cdi,Taxa de juros CDI,% a.d.,diaria,2019-05-14,2019,5,0.02462000
12,cdi,Taxa de juros CDI,% a.d.,diaria,2019-05-15,2019,5,0.02462000
12,cdi,Taxa de juros CDI,% a.d.,diaria,2019-05-16,2019,5,0.02462000
12,cdi,Taxa de juros CDI,% a.d.,diaria,2019-05-17,2019,5,0.02462000
12,cdi,Taxa de juros CDI,% a.d.,diaria,2019-05-20,2019,5,0.02462000
12,cdi,Taxa de juros CDI,% a.d.,diaria,2019-05-21,2019,5,0.02462000
12,cdi,Taxa de juros CDI,% a.d.,diaria,2019-05-22,2019,5,0.02462000
12,cdi,Taxa de juros CDI,% a.d.,diaria,2019-05-23,2019,5,0.02462000
12,cdi,Taxa de juros CDI,% a.d.,diaria,2019-05-24,2019,5,0.02462000
12,cdi,Taxa de juros CDI,% a.d.,diaria,2019-05-27,2019,5,0.02462000
12,cdi,Taxa de juros CDI,% a.d.,diaria,2019-05-28,2019,5,0.02462000
12,cdi,Taxa de juros CDI,% a.d.,diaria,2019-05-29,2019,5,0.02462000
12,cdi,Taxa de juros CDI,% a.d.,diaria,2019-05-30,2019,5,0.02462000
12,cdi,Taxa de juros CDI,% a.d.,diaria,2019-05-31,2019,5,0.02462000
12,cdi,Taxa de juros CDI,% a.d.,diaria,2019-06-03,2019,6,0.02462000
12,cdi,Taxa de juros CDI,% a.d.,diaria,2019-06-04,2019,6,0.02462000
12,cdi,Taxa de juros CDI,% a.d.,diaria,2019-06-05,2019,6,0.02462000
12,cdi,Taxa de juros CDI,% a.d.,diaria,2019-06-06,2019,6,0.02462000
12,cdi,Taxa de juros CDI,% a.d.,diaria,2019-06-07,2019,6,0.02462000
12,cdi,Taxa de juros CDI,% a.d.,diaria,2019-06-10,2019,6,0.02462000
12,cdi,Taxa de juros CDI,% a.d.,diaria,2019-06-11,2019,6,0.02462000
12,cdi,Taxa de juros CDI,% a.d.,diaria,2019-06-12,2019,6,0.02462000
12,cdi,Taxa de juros CDI,% a.d.,diaria,2019-06-13,2019,6,0.02462000
12,cdi,Taxa de juros CDI,% a.d.,diaria,2019-06-14,2019,6,0.02462000
12,cdi,Taxa de juros CDI,% a.d.,diaria,2019-06-17,2019,6,0.02462000
12,cdi,Taxa de juros CDI,% a.d.,diaria,2019-06-18,2019,6,0.02462000
12,cdi,Taxa de juros CDI,% a.d.,diaria,2019-06-19,2019,6,0.02462000
12,cdi,Taxa de juros CDI,% a.d.,diaria,2019-06-21,2019,6,0.02462000
12,cdi,Taxa de juros CDI,% a.d.,diaria,2019-06-24,2019,6,0.02462000
12,cdi,Taxa de juros CDI,% a.d.,diaria,2019-06-25,2019,6,0.02462000
12,cdi,Taxa de juros CDI,% a.d.,diaria,2019-06-26,2019,6,0.02462000
12,cdi,Taxa de juros CDI,% a.d.,diaria,2019-06-27,2019,6,0.02462000
12,cdi,Taxa de juros CDI,% a.d.,diaria,2019-06-28,2019,6,0.02462000
12,cdi,Taxa de juros CDI,% a.d.,diaria,2019-07-01,2019,7,0.02462000
12,cdi,Taxa de juros CDI,% a.d.,diaria,2019-07-02,2019,7,0.02462000
12,cdi,Taxa de juros CDI,% a.d.,diaria,2019-07-03,2019,7,0.02462000
12,cdi,Taxa de juros CDI,% a.d.,diaria,2019-07-04,2019,7,0.02462000
12,cdi,Taxa de juros CDI,% a.d.,diaria,2019-07-05,2019,7,0.02462000
12,cdi,Taxa de juros CDI,% a.d.,diaria,2019-07-08,2019,7,0.02462000
12,cdi,Taxa de juros CDI,% a.d.,diaria,2019-07-09,2019,7,0.02462000
12,cdi,Taxa de juros CDI,% a.d.,diaria,2019-07-10,2019,7,0.02462000
12,cdi,Taxa de juros CDI,% a.d.,diaria,2019-07-11,2019,7,0.02462000
12,cdi,Taxa de juros CDI,% a.d.,diaria,2019-07-12,2019,7,0.02462000
12,cdi,Taxa de juros CDI,% a.d.,diaria,2019-07-15,2019,7,0.02462000
12,cdi,Taxa de juros CDI,% a.d.,diaria,2019-07-16,2019,7,0.02462000
12,cdi,Taxa de juros CDI,% a.d.,diaria,2019-07-17,2019,7,0.02462000
12,cdi,Taxa de juros CDI,% a.d.,diaria,2019-07-18,2019,7,0.02462000
12,cdi,Taxa de juros CDI,% a.d.,diaria,2019-07-19,2019,7,0.02462000
12,cdi,Taxa de juros CDI,% a.d.,diaria,2019-07-22,2019,7,0.02462000
12,cdi,Taxa de juros CDI,% a.d.,diaria,2019-07-23,2019,7,0.02462000
12,cdi,Taxa de juros CDI,% a.d.,diaria,2019-07-24,2019,7,0.02462000
12,cdi,Taxa de juros CDI,% a.d.,diaria,2019-07-25,2019,7,0.02462000
12,cdi,Taxa de juros CDI,% a.d.,diaria,2019-07-26,2019,7,0.02462000
12,cdi,Taxa de juros CDI,% a.d.,diaria,2019-07-29,2019,7,0.02462000
12,cdi,Taxa de juros CDI,% a.d.,diaria,2019-07-30,2019,7,0.02462000
12,cdi,Taxa de juros CDI,% a.d.,diaria,2019-07-31,2019,7,0.02462000
12,cdi,Taxa de juros CDI,% a.d.,diaria,2019-08-01,2019,8,0.02275100
12,cdi,Taxa de juros CDI,% a.d.,diaria,2019-08-02,2019,8,0.02275100
12,cdi,Taxa de juros CDI,% a.d.,diaria,2019-08-05,2019,8,0.02275100
12,cdi,Taxa de juros CDI,% a.d.,diaria,2019-08-06,2019,8,0.02275100
12,cdi,Taxa de juros CDI,% a.d.,diaria,2019-08-07,2019,8,0.02275100
12,cdi,Taxa de juros CDI,% a.d.,diaria,2019-08-08,2019,8,0.02275100
12,cdi,Taxa de juros CDI,% a.d.,diaria,2019-08-09,2019,8,0.02275100
12,cdi,Taxa de juros CDI,% a.d.,diaria,2019-08-12,2019,8,0.02275100
12,cdi,Taxa de juros CDI,% a.d.,diaria,2019-08-13,2019,8,0.02275100
12,cdi,Taxa de juros CDI,% a.d.,diaria,2019-08-14,2019,8,0.02275100
12,cdi,Taxa de juros CDI,% a.d.,diaria,2019-08-15,2019,8,0.02275100
12,cdi,Taxa de juros CDI,% a.d.,diaria,2019-08-16,2019,8,0.02275100
12,cdi,Taxa de juros CDI,% a.d.,diaria,2019-08-19,2019,8,0.02275100
12,cdi,Taxa de juros CDI,% a.d.,diaria,2019-08-20,2019,8,0.02275100
12,cdi,Taxa de juros CDI,% a.d.,diaria,2019-08-21,2019,8,0.02275100
12,cdi,Taxa de juros CDI,% a.d.,diaria,2019-08-22,2019,8,0.02275100
12,cdi,Taxa de juros CDI,% a.d.,diaria,2019-08-23,2019,8,0.02275100
12,cdi,Taxa de juros CDI,% a.d.,diaria,2019-08-26,2019,8,0.02275100
12,cdi,Taxa de juros CDI,% a.d.,diaria,2019-08-27,2019,8,0.02275100
12,cdi,Taxa de juros CDI,% a.d.,diaria,2019-08-28,2019,8,0.02275100
12,cdi,Taxa de juros CDI,% a.d.,diaria,2019-08-29,2019,8,0.02275100
12,cdi,Taxa de juros CDI,% a.d.,diaria,2019-08-30,2019,8,0.02275100
12,cdi,Taxa de juros CDI,% a.d.,diaria,2019-09-02,2019,9,0.02275100
12,cdi,Taxa de juros CDI,% a.d.,diaria,2019-09-03,2019,9,0.02275100
12,cdi,Taxa de juros CDI,% a.d.,diaria,2019-09-04,2019,9,0.02275100
12,cdi,Taxa de juros CDI,% a.d.,diaria,2019-09-05,2019,9,0.02275100
12,cdi,Taxa de juros CDI,% a.d.,diaria,2019-09-06,2019,9,0.02275100
12,cdi,Taxa de juros CDI,% a.d.,diaria,2019-09-09,2019,9,0.02275100
12,cdi,Taxa de juros CDI,% a.d.,diaria,2019-09-10,2019,9,0.02275100
12,cdi,Taxa de juros CDI,% a.d.,diaria,2019-09-11,2019,9,0.02275100
12,cdi,Taxa de juros CDI,% a.d.,diaria,2019-09-12,2019,9,0.02275100
12,cdi,Taxa de juros CDI,% a.d.,diaria,2019-09-13,2019,9,0.02275100
12,cdi,Taxa de juros CDI,% a.d.,diaria,2019-09-16,2019,9,0.02275100
12,cdi,Taxa de juros CDI,% a.d.,diaria,2019-09-17,2019,9,0.02275100
12,cdi,Taxa de juros CDI,% a.d.,diaria,2019-09-18,2019,9,0.02275100
12,cdi,Taxa de juros CDI,% a.d.,diaria,2019-09-19,2019,9,0.02087200
12,cdi,Taxa de juros CDI,% a.d.,diaria,2019-09-20,2019,9,0.02087200
12,cdi,Taxa de juros CDI,% a.d.,diaria,2019-09-23,2019,9,0.02087200
12,cdi,Taxa de juros CDI,% a.d.,diaria,2019-09-24,2019,9,0.02087200
12,cdi,Taxa de juros CDI,% a.d.,diaria,2019-09-25,2019,9,0.02087200
12,cdi,Taxa de juros CDI,% a.d.,diaria,2019-09-26,2019,9,0.02087200
12,cdi,Taxa de juros CDI,% a.d.,diaria,2019-09-27,2019,9,0.02087200
12,cdi,Taxa de juros CDI,% a.d.,diaria,2019-09-30,2019,9,0.02087200
12,cdi,Taxa de juros CDI,% a.d.,diaria,2019-10-01,2019,10,0.02087200
12,cdi,Taxa de juros CDI,% a.d.,diaria,2019-10-02,2019,10,0.02087200
12,cdi,Taxa de juros CDI,% a.d.,diaria,2019-10-03,2019,10,0.02087200
12,cdi,Taxa de juros CDI,% a.d.,diaria,2019-10-04,2019,10,0.02087200
12,cdi,Taxa de juros CDI,% a.d.,diaria,2019-10-07,2019,10,0.02087200
12,cdi,Taxa de juros CDI,% a.d.,diaria,2019-10-08,2019,10,0.02087200
12,cdi,Taxa de juros CDI,% a.d.,diaria,2019-10-09,2019,10,0.02087200
12,cdi,Taxa de juros CDI,% a.d.,diaria,2019-10-10,2019,10,0.02087200
12,cdi,Taxa de juros CDI,% a.d.,diaria,2019-10-11,2019,10,0.02087200
12,cdi,Taxa de juros CDI,% a.d.,diaria,2019-10-14,2019,10,0.02087200
12,cdi,Taxa de juros CDI,% a.d.,diaria,2019-10-15,2019,10,0.02087200
12,cdi,Taxa de juros CDI,% a.d.,diaria,2019-10-16,2019,10,0.02087200
12,cdi,Taxa de juros CDI,% a.d.,diaria,2019-10-17,2019,10,0.02087200
12,cdi,Taxa de juros CDI,% a.d.,diaria,2019-10-18,2019,10,0.02087200
12,cdi,Taxa de juros CDI,% a.d.,diaria,2019-10-21,2019,10,0.02087200
12,cdi,Taxa de juros CDI,% a.d.,diaria,2019-10-22,2019,10,0.02087200
12,cdi,Taxa de juros CDI,% a.d.,diaria,2019-10-23,2019,10,0.02087200
12,cdi,Taxa de juros CDI,% a.d.,diaria,2019-10-24,2019,10,0.02087200
12,cdi,Taxa de juros CDI,% a.d.,diaria,2019-10-25,2019,10,0.02087200
12,cdi,Taxa de juros CDI,% a.d.,diaria,2019-10-28,2019,10,0.02087200
12,cdi,Taxa de juros CDI,% a.d.,diaria,2019-10-29,2019,10,0.02087200
12,cdi,Taxa de juros CDI,% a.d.,diaria,2019-10-30,2019,10,0.02087200
12,cdi,Taxa de juros CDI,% a.d.,diaria,2019-10-31,2019,10,0.01898500
12,cdi,Taxa de juros CDI,% a.d.,diaria,2019-11-01,2019,11,0.01898500
12,cdi,Taxa de juros CDI,% a.d.,diaria,2019-11-04,2019,11,0.01898500
12,cdi,Taxa de juros CDI,% a.d.,diaria,2019-11-05,2019,11,0.01898500
12,cdi,Taxa de juros CDI,% a.d.,diaria,2019-11-06,2019,11,0.01898500
12,cdi,Taxa de juros CDI,% a.d.,diaria,2019-11-07,2019,11,0.01898500
12,cdi,Taxa de juros CDI,% a.d.,diaria,2019-11-08,2019,11,0.01898500
12,cdi,Taxa de juros CDI,% a.d.,diaria,2019-11-11,2019,11,0.01898500
12,cdi,Taxa de juros CDI,% a.d.,diaria,2019-11-12,2019,11,0.01898500
12,cdi,Taxa de juros CDI,% a.d.,diaria,2019-11-13,2019,11,0.01898500
12,cdi,Taxa de juros CDI,% a.d.,diaria,2019-11-14,2019,11,0.01898500
12,cdi,Taxa de juros CDI,% a.d.,diaria,2019-11-18,2019,11,0.01898500
12,cdi,Taxa de juros CDI,% a.d.,diaria,2019-11-19,2019,11,0.01898500
12,cdi,Taxa de juros CDI,% a.d.,diaria,2019-11-20,2019,11,0.01898500
12,cdi,Taxa de juros CDI,% a.d.,diaria,2019-11-21,2019,11,0.01898500
12,cdi,Taxa de juros CDI,% a.d.,diaria,2019-11-22,2019,11,0.01898500
12,cdi,Taxa de juros CDI,% a.d.,diaria,2019-11-25,2019,11,0.01898500
12,cdi,Taxa de juros CDI,% a.d.,diaria,2019-11-26,2019,11,0.01898500
12,cdi,Taxa de juros CDI,% a.d.,diaria,2019-11-27,2019,11,0.01898500
12,cdi,Taxa de juros CDI,% a.d.,diaria,2019-11-28,2019,11,0.01898500
12,cdi,Taxa de juros CDI,% a.d.,diaria,2019-11-29,2019,11,0.01898500
12,cdi,Taxa de juros CDI,% a.d.,diaria,2019-12-02,2019,12,0.01898500
12,cdi,Taxa de juros CDI,% a.d.,diaria,2019-12-03,2019,12,0.01898500
12,cdi,Taxa de juros CDI,% a.d.,diaria,2019-12-04,2019,12,0.01898500
12,cdi,Taxa de juros CDI,% a.d.,diaria,2019-12-05,2019,12,0.01898500
12,cdi,Taxa de juros CDI,% a.d.,diaria,2019-12-06,2019,12,0.01898500
12,cdi,Taxa de juros CDI,% a.d.,diaria,2019-12-09,2019,12,0.01898500
12,cdi,Taxa de juros CDI,% a.d.,diaria,2019-12-10,2019,12,0.01898500
12,cdi,Taxa de juros CDI,% a.d.,diaria,2019-12-11,2019,12,0.01898500
12,cdi,Taxa de juros CDI,% a.d.,diaria,2019-12-12,2019,12,0.01708900
12,cdi,Taxa de juros CDI,% a.d.,diaria,2019-12-13,2019,12,0.01708900
12,cdi,Taxa de juros CDI,% a.d.,diaria,2019-12-16,2019,12,0.01708900
12,cdi,Taxa de juros CDI,% a.d.,diaria,2019-12-17,2019,12,0.01708900
12,cdi,Taxa de juros CDI,% a.d.,diaria,2019-12-18,2019,12,0.01708900
12,cdi,Taxa de juros CDI,% a.d.,diaria,2019-12-19,2019,12,0.01708900
12,cdi,Taxa de juros CDI,% a.d.,diaria,2019-12-20,2019,12,0.01708900
12,cdi,Taxa de juros CDI,% a.d.,diaria,2019-12-23,2019,12,0.01708900
12,cdi,Taxa de juros CDI,% a.d.,diaria,2019-12-24,2019,12,0.01708900
12,cdi,Taxa de juros CDI,% a.d.,diaria,2019-12-26,2019,12,0.01708900
12,cdi,Taxa de juros CDI,% a.d.,diaria,2019-12-27,2019,12,0.01708900
12,cdi,Taxa de juros CDI,% a.d.,diaria,2019-12-30,2019,12,0.01708900
12,cdi,Taxa de juros CDI,% a.d.,diaria,2019-12-31,2019,12,0.01708900
12,cdi,Taxa de juros CDI,% a.d.,diaria,2020-01-02,2020,1,0.01708900
12,cdi,Taxa de juros CDI,% a.d.,diaria,2020-01-03,2020,1,0.01708900
12,cdi,Taxa de juros CDI,% a.d.,diaria,2020-01-06,2020,1,0.01708900
12,cdi,Taxa de juros CDI,% a.d.,diaria,2020-01-07,2020,1,0.01708900
12,cdi,Taxa de juros CDI,% a.d.,diaria,2020-01-08,2020,1,0.01708900
12,cdi,Taxa de juros CDI,% a.d.,diaria,2020-01-09,2020,1,0.01708900
12,cdi,Taxa de juros CDI,% a.d.,diaria,2020-01-10,2020,1,0.01708900
12,cdi,Taxa de juros CDI,% a.d.,diaria,2020-01-13,2020,1,0.01708900
12,cdi,Taxa de juros CDI,% a.d.,diaria,2020-01-14,2020,1,0.01708900
12,cdi,Taxa de juros CDI,% a.d.,diaria,2020-01-15,2020,1,0.01708900
12,cdi,Taxa de juros CDI,% a.d.,diaria,2020-01-16,2020,1,0.01708900
12,cdi,Taxa de juros CDI,% a.d.,diaria,2020-01-17,2020,1,0.01708900
12,cdi,Taxa de juros CDI,% a.d.,diaria,2020-01-20,2020,1,0.01708900
12,cdi,Taxa de juros CDI,% a.d.,diaria,2020-01-21,2020,1,0.01708900
12,cdi,Taxa de juros CDI,% a.d.,diaria,2020-01-22,2020,1,0.01708900
12,cdi,Taxa de juros CDI,% a.d.,diaria,2020-01-23,2020,1,0.01708900
12,cdi,Taxa de juros CDI,% a.d.,diaria,2020-01-24,2020,1,0.01708900
12,cdi,Taxa de juros CDI,% a.d.,diaria,2020-01-27,2020,1,0.01708900
12,cdi,Taxa de juros CDI,% a.d.,diaria,2020-01-28,2020,1,0.01708900
12,cdi,Taxa de juros CDI,% a.d.,diaria,2020-01-29,2020,1,0.01708900
12,cdi,Taxa de juros CDI,% a.d.,diaria,2020-01-30,2020,1,0.01708900
12,cdi,Taxa de juros CDI,% a.d.,diaria,2020-01-31,2020,1,0.01708900
12,cdi,Taxa de juros CDI,% a.d.,diaria,2020-02-03,2020,2,0.01708900
12,cdi,Taxa de juros CDI,% a.d.,diaria,2020-02-04,2020,2,0.01708900
12,cdi,Taxa de juros CDI,% a.d.,diaria,2020-02-05,2020,2,0.01708900
12,cdi,Taxa de juros CDI,% a.d.,diaria,2020-02-06,2020,2,0.01613700
12,cdi,Taxa de juros CDI,% a.d.,diaria,2020-02-07,2020,2,0.01613700
12,cdi,Taxa de juros CDI,% a.d.,diaria,2020-02-10,2020,2,0.01613700
12,cdi,Taxa de juros CDI,% a.d.,diaria,2020-02-11,2020,2,0.01613700
12,cdi,Taxa de juros CDI,% a.d.,diaria,2020-02-12,2020,2,0.01613700
12,cdi,Taxa de juros CDI,% a.d.,diaria,2020-02-13,2020,2,0.01613700
12,cdi,Taxa de juros CDI,% a.d.,diaria,2020-02-14,2020,2,0.01613700
12,cdi,Taxa de juros CDI,% a.d.,diaria,2020-02-17,2020,2,0.01613700
12,cdi,Taxa de juros CDI,% a.d.,diaria,2020-02-18,2020,2,0.01613700
12,cdi,Taxa de juros CDI,% a.d.,diaria,2020-02-19,2020,2,0.01613700
12,cdi,Taxa de juros CDI,% a.d.,diaria,2020-02-20,2020,2,0.01613700
12,cdi,Taxa de juros CDI,% a.d.,diaria,2020-02-21,2020,2,0.01613700
12,cdi,Taxa de juros CDI,% a.d.,diaria,2020-02-26,2020,2,0.01613700
12,cdi,Taxa de juros CDI,% a.d.,diaria,2020-02-27,2020,2,0.01613700
12,cdi,Taxa de juros CDI,% a.d.,diaria,2020-02-28,2020,2,0.01613700
12,cdi,Taxa de juros CDI,% a.d.,diaria,2020-03-02,2020,3,0.01613700
12,cdi,Taxa de juros CDI,% a.d.,diaria,2020-03-03,2020,3,0.01613700
12,cdi,Taxa de juros CDI,% a.d.,diaria,2020-03-04,2020,3,0.01613700
12,cdi,Taxa de juros CDI,% a.d.,diaria,2020-03-05,2020,3,0.01613700
12,cdi,Taxa de juros CDI,% a.d.,diaria,2020-03-06,2020,3,0.01613700
12,cdi,Taxa de juros CDI,% a.d.,diaria,2020-03-09,2020,3,0.01613700
12,cdi,Taxa de juros CDI,% a.d.,diaria,2020-03-10,2020,3,0.01613700
12,cdi,Taxa de juros CDI,% a.d.,diaria,2020-03-11,2020,3,0.01613700
12,cdi,Taxa de juros CDI,% a.d.,diaria,2020-03-12,2020,3,0.01613700
12,cdi,Taxa de juros CDI,% a.d.,diaria,2020-03-13,2020,3,0.01613700
12,cdi,Taxa de juros CDI,% a.d.,diaria,2020-03-16,2020,3,0.01613700
12,cdi,Taxa de juros CDI,% a.d.,diaria,2020-03-17,2020,3,0.01613700
12,cdi,Taxa de juros CDI,% a.d.,diaria,2020-03-18,2020,3,0.01613700
12,cdi,Taxa de juros CDI,% a.d.,diaria,2020-03-19,2020,3,0.01422700
12,cdi,Taxa de juros CDI,% a.d.,diaria,2020-03-20,2020,3,0.01422700
12,cdi,Taxa de juros CDI,% a.d.,diaria,2020-03-23,2020,3,0.01422700
12,cdi,Taxa de juros CDI,% a.d.,diaria,2020-03-24,2020,3,0.01422700
12,cdi,Taxa de juros CDI,% a.d.,diaria,2020-03-25,2020,3,0.01422700
12,cdi,Taxa de juros CDI,% a.d.,diaria,2020-03-26,2020,3,0.01422700
12,cdi,Taxa de juros CDI,% a.d.,diaria,2020-03-27,2020,3,0.01422700
12,cdi,Taxa de juros CDI,% a.d.,diaria,2020-03-30,2020,3,0.01422700
12,cdi,Taxa de juros CDI,% a.d.,diaria,2020-03-31,2020,3,0.01422700
12,cdi,Taxa de juros CDI,% a.d.,diaria,2020-04-01,2020,4,0.01422700
12,cdi,Taxa de juros CDI,% a.d.,diaria,2020-04-02,2020,4,0.01422700
12,cdi,Taxa de juros CDI,% a.d.,diaria,2020-04-03,2020,4,0.01422700
12,cdi,Taxa de juros CDI,% a.d.,diaria,2020-04-06,2020,4,0.01422700
12,cdi,Taxa de juros CDI,% a.d.,diaria,2020-04-07,2020,4,0.01422700
12,cdi,Taxa de juros CDI,% a.d.,diaria,2020-04-08,2020,4,0.01422700
12,cdi,Taxa de juros CDI,% a.d.,diaria,2020-04-09,2020,4,0.01422700
12,cdi,Taxa de juros CDI,% a.d.,diaria,2020-04-13,2020,4,0.01422700
12,cdi,Taxa de juros CDI,% a.d.,diaria,2020-04-14,2020,4,0.01422700
12,cdi,Taxa de juros CDI,% a.d.,diaria,2020-04-15,2020,4,0.01422700
12,cdi,Taxa de juros CDI,% a.d.,diaria,2020-04-16,2020,4,0.01422700
12,cdi,Taxa de juros CDI,% a.d.,diaria,2020-04-17,2020,4,0.01422700
12,cdi,Taxa de juros CDI,% a.d.,diaria,2020-04-20,2020,4,0.01422700
12,cdi,Taxa de juros CDI,% a.d.,diaria,2020-04-22,2020,4,0.01422700
12,cdi,Taxa de juros CDI,% a.d.,diaria,2020-04-23,2020,4,0.01422700
12,cdi,Taxa de juros CDI,% a.d.,diaria,2020-04-24,2020,4,0.01422700
12,cdi,Taxa de juros CDI,% a.d.,diaria,2020-04-27,2020,4,0.01422700
12,cdi,Taxa de juros CDI,% a.d.,diaria,2020-04-28,2020,4,0.01422700
12,cdi,Taxa de juros CDI,% a.d.,diaria,2020-04-29,2020,4,0.01422700
12,cdi,Taxa de juros CDI,% a.d.,diaria,2020-04-30,2020,4,0.01422700
12,cdi,Taxa de juros CDI,% a.d.,diaria,2020-05-04,2020,5,0.01422700
12,cdi,Taxa de juros CDI,% a.d.,diaria,2020-05-05,2020,5,0.01422700
12,cdi,Taxa de juros CDI,% a.d.,diaria,2020-05-06,2020,5,0.01422700
12,cdi,Taxa de juros CDI,% a.d.,diaria,2020-05-07,2020,5,0.01134500
12,cdi,Taxa de juros CDI,% a.d.,diaria,2020-05-08,2020,5,0.01134500
12,cdi,Taxa de juros CDI,% a.d.,diaria,2020-05-11,2020,5,0.01134500
12,cdi,Taxa de juros CDI,% a.d.,diaria,2020-05-12,2020,5,0.01134500
12,cdi,Taxa de juros CDI,% a.d.,diaria,2020-05-13,2020,5,0.01134500
12,cdi,Taxa de juros CDI,% a.d.,diaria,2020-05-14,2020,5,0.01134500
12,cdi,Taxa de juros CDI,% a.d.,diaria,2020-05-15,2020,5,0.01134500
12,cdi,Taxa de juros CDI,% a.d.,diaria,2020-05-18,2020,5,0.01134500
12,cdi,Taxa de juros CDI,% a.d.,diaria,2020-05-19,2020,5,0.01134500
12,cdi,Taxa de juros CDI,% a.d.,diaria,2020-05-20,2020,5,0.01134500
12,cdi,Taxa de juros CDI,% a.d.,diaria,2020-05-21,2020,5,0.01134500
12,cdi,Taxa de juros CDI,% a.d.,diaria,2020-05-22,2020,5,0.01134500
12,cdi,Taxa de juros CDI,% a.d.,diaria,2020-05-25,2020,5,0.01134500
12,cdi,Taxa de juros CDI,% a.d.,diaria,2020-05-26,2020,5,0.01134500
12,cdi,Taxa de juros CDI,% a.d.,diaria,2020-05-27,2020,5,0.01134500
12,cdi,Taxa de juros CDI,% a.d.,diaria,2020-05-28,2020,5,0.01134500
12,cdi,Taxa de juros CDI,% a.d.,diaria,2020-05-29,2020,5,0.01134500
12,cdi,Taxa de juros CDI,% a.d.,diaria,2020-06-01,2020,6,0.01134500
12,cdi,Taxa de juros CDI,% a.d.,diaria,2020-06-02,2020,6,0.01134500
12,cdi,Taxa de juros CDI,% a.d.,diaria,2020-06-03,2020,6,0.01134500
12,cdi,Taxa de juros CDI,% a.d.,diaria,2020-06-04,2020,6,0.01134500
12,cdi,Taxa de juros CDI,% a.d.,diaria,2020-06-05,2020,6,0.01134500
12,cdi,Taxa de juros CDI,% a.d.,diaria,2020-06-08,2020,6,0.01134500
12,cdi,Taxa de juros CDI,% a.d.,diaria,2020-06-09,2020,6,0.01134500
12,cdi,Taxa de juros CDI,% a.d.,diaria,2020-06-10,2020,6,0.01134500
12,cdi,Taxa de juros CDI,% a.d.,diaria,2020-06-12,2020,6,0.01134500
12,cdi,Taxa de juros CDI,% a.d.,diaria,2020-06-15,2020,6,0.01134500
12,cdi,Taxa de juros CDI,% a.d.,diaria,2020-06-16,2020,6,0.01134500
12,cdi,Taxa de juros CDI,% a.d.,diaria,2020-06-17,2020,6,0.01134500
12,cdi,Taxa de juros CDI,% a.d.,diaria,2020-06-18,2020,6,0.00844200
12,cdi,Taxa de juros CDI,% a.d.,diaria,2020-06-19,2020,6,0.00844200
12,cdi,Taxa de juros CDI,% a.d.,diaria,2020-06-22,2020,6,0.00844200
12,cdi,Taxa de juros CDI,% a.d.,diaria,2020-06-23,2020,6,0.00844200
12,cdi,Taxa de juros CDI,% a.d.,diaria,2020-06-24,2020,6,0.00844200
12,cdi,Taxa de juros CDI,% a.d.,diaria,2020-06-25,2020,6,0.00844200
12,cdi,Taxa de juros CDI,% a.d.,diaria,2020-06-26,2020,6,0.00844200
12,cdi,Taxa de juros CDI,% a.d.,diaria,2020-06-29,2020,6,0.00844200
12,cdi,Taxa de juros CDI,% a.d.,diaria,2020-06-30,2020,6,0.00844200
12,cdi,Taxa de juros CDI,% a.d.,diaria,2020-07-01,2020,7,0.00844200
12,cdi,Taxa de juros CDI,% a.d.,diaria,2020-07-02,2020,7,0.00844200
12,cdi,Taxa de juros CDI,% a.d.,diaria,2020-07-03,2020,7,0.00844200
12,cdi,Taxa de juros CDI,% a.d.,diaria,2020-07-06,2020,7,0.00844200
12,cdi,Taxa de juros CDI,% a.d.,diaria,2020-07-07,2020,7,0.00844200
12,cdi,Taxa de juros CDI,% a.d.,diaria,2020-07-08,2020,7,0.00844200
12,cdi,Taxa de juros CDI,% a.d.,diaria,2020-07-09,2020,7,0.00844200
12,cdi,Taxa de juros CDI,% a.d.,diaria,2020-07-10,2020,7,0.00844200
12,cdi,Taxa de juros CDI,% a.d.,diaria,2020-07-13,2020,7,0.00844200
12,cdi,Taxa de juros CDI,% a.d.,diaria,2020-07-14,2020,7,0.00844200
12,cdi,Taxa de juros CDI,% a.d.,diaria,2020-07-15,2020,7,0.00844200
12,cdi,Taxa de juros CDI,% a.d.,diaria,2020-07-16,2020,7,0.00844200
12,cdi,Taxa de juros CDI,% a.d.,diaria,2020-07-17,2020,7,0.00844200
12,cdi,Taxa de juros CDI,% a.d.,diaria,2020-07-20,2020,7,0.00844200
12,cdi,Taxa de juros CDI,% a.d.,diaria,2020-07-21,2020,7,0.00844200
12,cdi,Taxa de juros CDI,% a.d.,diaria,2020-07-22,2020,7,0.00844200
12,cdi,Taxa de juros CDI,% a.d.,diaria,2020-07-23,2020,7,0.00844200
12,cdi,Taxa de juros CDI,% a.d.,diaria,2020-07-24,2020,7,0.00844200
12,cdi,Taxa de juros CDI,% a.d.,diaria,2020-07-27,2020,7,0.00844200
12,cdi,Taxa de juros CDI,% a.d.,diaria,2020-07-28,2020,7,0.00844200
12,cdi,Taxa de juros CDI,% a.d.,diaria,2020-07-29,2020,7,0.00844200
12,cdi,Taxa de juros CDI,% a.d.,diaria,2020-07-30,2020,7,0.00844200
12,cdi,Taxa de juros CDI,% a.d.,diaria,2020-07-31,2020,7,0.00844200
12,cdi,Taxa de juros CDI,% a.d.,diaria,2020-08-03,2020,8,0.00844200
12,cdi,Taxa de juros CDI,% a.d.,diaria,2020-08-04,2020,8,0.00844200
12,cdi,Taxa de juros CDI,% a.d.,diaria,2020-08-05,2020,8,0.00844200
12,cdi,Taxa de juros CDI,% a.d.,diaria,2020-08-06,2020,8,0.00746900
12,cdi,Taxa de juros CDI,% a.d.,diaria,2020-08-07,2020,8,0.00746900
12,cdi,Taxa de juros CDI,% a.d.,diaria,2020-08-10,2020,8,0.00746900
12,cdi,Taxa de juros CDI,% a.d.,diaria,2020-08-11,2020,8,0.00746900
12,cdi,Taxa de juros CDI,% a.d.,diaria,2020-08-12,2020,8,0.00746900
12,cdi,Taxa de juros CDI,% a.d.,diaria,2020-08-13,2020,8,0.00746900
12,cdi,Taxa de juros CDI,% a.d.,diaria,2020-08-14,2020,8,0.00746900
12,cdi,Taxa de juros CDI,% a.d.,diaria,2020-08-17,2020,8,0.00746900
12,cdi,Taxa de juros CDI,% a.d.,diaria,2020-08-18,2020,8,0.00746900
12,cdi,Taxa de juros CDI,% a.d.,diaria,2020-08-19,2020,8,0.00746900
12,cdi,Taxa de juros CDI,% a.d.,diaria,2020-08-20,2020,8,0.00746900
12,cdi,Taxa de juros CDI,% a.d.,diaria,2020-08-21,2020,8,0.00746900
12,cdi,Taxa de juros CDI,% a.d.,diaria,2020-08-24,2020,8,0.00746900
12,cdi,Taxa de juros CDI,% a.d.,diaria,2020-08-25,2020,8,0.00746900
12,cdi,Taxa de juros CDI,% a.d.,diaria,2020-08-26,2020,8,0.00746900
12,cdi,Taxa de juros CDI,% a.d.,diaria,2020-08-27,2020,8,0.00746900
12,cdi,Taxa de juros CDI,% a.d.,diaria,2020-08-28,2020,8,0.00746900
12,cdi,Taxa de juros CDI,% a.d.,diaria,2020-08-31,2020,8,0.00746900
12,cdi,Taxa de juros CDI,% a.d.,diaria,2020-09-01,2020,9,0.00746900
12,cdi,Taxa de juros CDI,% a.d.,diaria,2020-09-02,2020,9,0.00746900
12,cdi,Taxa de juros CDI,% a.d.,diaria,2020-09-03,2020,9,0.00746900
12,cdi,Taxa de juros CDI,% a.d.,diaria,2020-09-04,2020,9,0.00746900
12,cdi,Taxa de juros CDI,% a.d.,diaria,2020-09-08,2020,9,0.00746900
12,cdi,Taxa de juros CDI,% a.d.,diaria,2020-09-09,2020,9,0.00746900
12,cdi,Taxa de juros CDI,% a.d.,diaria,2020-09-10,2020,9,0.00746900
12,cdi,Taxa de juros CDI,% a.d.,diaria,2020-09-11,2020,9,0.00746900
12,cdi,Taxa de juros CDI,% a.d.,diaria,2020-09-14,2020,9,0.00746900
12,cdi,Taxa de juros CDI,% a.d.,diaria,2020-09-15,2020,9,0.00746900
12,cdi,Taxa de juros CDI,% a.d.,diaria,2020-09-16,2020,9,0.00746900
12,cdi,Taxa de juros CDI,% a.d.,diaria,2020-09-17,2020,9,0.00746900
12,cdi,Taxa de juros CDI,% a.d.,diaria,2020-09-18,2020,9,0.00746900
12,cdi,Taxa de juros CDI,% a.d.,diaria,2020-09-21,2020,9,0.00746900
12,cdi,Taxa de juros CDI,% a.d.,diaria,2020-09-22,2020,9,0.00746900
12,cdi,Taxa de juros CDI,% a.d.,diaria,2020-09-23,2020,9,0.00746900
12,cdi,Taxa de juros CDI,% a.d.,diaria,2020-09-24,2020,9,0.00746900
12,cdi,Taxa de juros CDI,% a.d.,diaria,2020-09-25,2020,9,0.00746900
12,cdi,Taxa de juros CDI,% a.d.,diaria,2020-09-28,2020,9,0.00746900
12,cdi,Taxa de juros CDI,% a.d.,diaria,2020-09-29,2020,9,0.00746900
12,cdi,Taxa de juros CDI,% a.d.,diaria,2020-09-30,2020,9,0.00746900
12,cdi,Taxa de juros CDI,% a.d.,diaria,2020-10-01,2020,10,0.00746900
12,cdi,Taxa de juros CDI,% a.d.,diaria,2020-10-02,2020,10,0.00746900
12,cdi,Taxa de juros CDI,% a.d.,diaria,2020-10-05,2020,10,0.00746900
12,cdi,Taxa de juros CDI,% a.d.,diaria,2020-10-06,2020,10,0.00746900
12,cdi,Taxa de juros CDI,% a.d.,diaria,2020-10-07,2020,10,0.00746900
12,cdi,Taxa de juros CDI,% a.d.,diaria,2020-10-08,2020,10,0.00746900
12,cdi,Taxa de juros CDI,% a.d.,diaria,2020-10-09,2020,10,0.00746900
12,cdi,Taxa de juros CDI,% a.d.,diaria,2020-10-13,2020,10,0.00746900
12,cdi,Taxa de juros CDI,% a.d.,diaria,2020-10-14,2020,10,0.00746900
12,cdi,Taxa de juros CDI,% a.d.,diaria,2020-10-15,2020,10,0.00746900
12,cdi,Taxa de juros CDI,% a.d.,diaria,2020-10-16,2020,10,0.00746900
12,cdi,Taxa de juros CDI,% a.d.,diaria,2020-10-19,2020,10,0.00746900
12,cdi,Taxa de juros CDI,% a.d.,diaria,2020-10-20,2020,10,0.00746900
12,cdi,Taxa de juros CDI,% a.d.,diaria,2020-10-21,2020,10,0.00746900
12,cdi,Taxa de juros CDI,% a.d.,diaria,2020-10-22,2020,10,0.00746900
12,cdi,Taxa de juros CDI,% a.d.,diaria,2020-10-23,2020,10,0.00746900
12,cdi,Taxa de juros CDI,% a.d.,diaria,2020-10-26,2020,10,0.00746900
12,cdi,Taxa de juros CDI,% a.d.,diaria,2020-10-27,2020,10,0.00746900
12,cdi,Taxa de juros CDI,% a.d.,diaria,2020-10-28,2020,10,0.00746900
12,cdi,Taxa de juros CDI,% a.d.,diaria,2020-10-29,2020,10,0.00746900
12,cdi,Taxa de juros CDI,% a.d.,diaria,2020-10-30,2020,10,0.00746900
12,cdi,Taxa de juros CDI,% a.d.,diaria,2020-11-03,2020,11,0.00746900
12,cdi,Taxa de juros CDI,% a.d.,diaria,2020-11-04,2020,11,0.00746900
12,cdi,Taxa de juros CDI,% a.d.,diaria,2020-11-05,2020,11,0.00746900
12,cdi,Taxa de juros CDI,% a.d.,diaria,2020-11-06,2020,11,0.00746900
12,cdi,Taxa de juros CDI,% a.d.,diaria,2020-11-09,2020,11,0.00746900
12,cdi,Taxa de juros CDI,% a.d.,diaria,2020-11-10,2020,11,0.00746900
12,cdi,Taxa de juros CDI,% a.d.,diaria,2020-11-11,2020,11,0.00746900
12,cdi,Taxa de juros CDI,% a.d.,diaria,2020-11-12,2020,11,0.00746900
12,cdi,Taxa de juros CDI,% a.d.,diaria,2020-11-13,2020,11,0.00746900
12,cdi,Taxa de juros CDI,% a.d.,diaria,2020-11-16,2020,11,0.00746900
12,cdi,Taxa de juros CDI,% a.d.,diaria,2020-11-17,2020,11,0.00746900
12,cdi,Taxa de juros CDI,% a.d.,diaria,2020-11-18,2020,11,0.00746900
12,cdi,Taxa de juros CDI,% a.d.,diaria,2020-11-19,2020,11,0.00746900
12,cdi,Taxa de juros CDI,% a.d.,diaria,2020-11-20,2020,11,0.00746900
12,cdi,Taxa de juros CDI,% a.d.,diaria,2020-11-23,2020,11,0.00746900
12,cdi,Taxa de juros CDI,% a.d.,diaria,2020-11-24,2020,11,0.00746900
12,cdi,Taxa de juros CDI,% a.d.,diaria,2020-11-25,2020,11,0.00746900
12,cdi,Taxa de juros CDI,% a.d.,diaria,2020-11-26,2020,11,0.00746900
12,cdi,Taxa de juros CDI,% a.d.,diaria,2020-11-27,2020,11,0.00746900
12,cdi,Taxa de juros CDI,% a.d.,diaria,2020-11-30,2020,11,0.00746900
12,cdi,Taxa de juros CDI,% a.d.,diaria,2020-12-01,2020,12,0.00746900
12,cdi,Taxa de juros CDI,% a.d.,diaria,2020-12-02,2020,12,0.00746900
12,cdi,Taxa de juros CDI,% a.d.,diaria,2020-12-03,2020,12,0.00746900
12,cdi,Taxa de juros CDI,% a.d.,diaria,2020-12-04,2020,12,0.00746900
12,cdi,Taxa de juros CDI,% a.d.,diaria,2020-12-07,2020,12,0.00746900
12,cdi,Taxa de juros CDI,% a.d.,diaria,2020-12-08,2020,12,0.00746900
12,cdi,Taxa de juros CDI,% a.d.,diaria,2020-12-09,2020,12,0.00746900
12,cdi,Taxa de juros CDI,% a.d.,diaria,2020-12-10,2020,12,0.00746900
12,cdi,Taxa de juros CDI,% a.d.,diaria,2020-12-11,2020,12,0.00746900
12,cdi,Taxa de juros CDI,% a.d.,diaria,2020-12-14,2020,12,0.00746900
12,cdi,Taxa de juros CDI,% a.d.,diaria,2020-12-15,2020,12,0.00746900
12,cdi,Taxa de juros CDI,% a.d.,diaria,2020-12-16,2020,12,0.00746900
12,cdi,Taxa de juros CDI,% a.d.,diaria,2020-12-17,2020,12,0.00746900
12,cdi,Taxa de juros CDI,% a.d.,diaria,2020-12-18,2020,12,0.00746900
12,cdi,Taxa de juros CDI,% a.d.,diaria,2020-12-21,2020,12,0.00746900
12,cdi,Taxa de juros CDI,% a.d.,diaria,2020-12-22,2020,12,0.00746900
12,cdi,Taxa de juros CDI,% a.d.,diaria,2020-12-23,2020,12,0.00746900
12,cdi,Taxa de juros CDI,% a.d.,diaria,2020-12-24,2020,12,0.00746900
12,cdi,Taxa de juros CDI,% a.d.,diaria,2020-12-28,2020,12,0.00746900
12,cdi,Taxa de juros CDI,% a.d.,diaria,2020-12-29,2020,12,0.00746900
12,cdi,Taxa de juros CDI,% a.d.,diaria,2020-12-30,2020,12,0.00746900
12,cdi,Taxa de juros CDI,% a.d.,diaria,2020-12-31,2020,12,0.00746900
12,cdi,Taxa de juros CDI,% a.d.,diaria,2021-01-04,2021,1,0.00746900
12,cdi,Taxa de juros CDI,% a.d.,diaria,2021-01-05,2021,1,0.00746900
12,cdi,Taxa de juros CDI,% a.d.,diaria,2021-01-06,2021,1,0.00746900
12,cdi,Taxa de juros CDI,% a.d.,diaria,2021-01-07,2021,1,0.00746900
12,cdi,Taxa de juros CDI,% a.d.,diaria,2021-01-08,2021,1,0.00746900
12,cdi,Taxa de juros CDI,% a.d.,diaria,2021-01-11,2021,1,0.00746900
12,cdi,Taxa de juros CDI,% a.d.,diaria,2021-01-12,2021,1,0.00746900
12,cdi,Taxa de juros CDI,% a.d.,diaria,2021-01-13,2021,1,0.00746900
12,cdi,Taxa de juros CDI,% a.d.,diaria,2021-01-14,2021,1,0.00746900
12,cdi,Taxa de juros CDI,% a.d.,diaria,2021-01-15,2021,1,0.00746900
12,cdi,Taxa de juros CDI,% a.d.,diaria,2021-01-18,2021,1,0.00746900
12,cdi,Taxa de juros CDI,% a.d.,diaria,2021-01-19,2021,1,0.00746900
12,cdi,Taxa de juros CDI,% a.d.,diaria,2021-01-20,2021,1,0.00746900
12,cdi,Taxa de juros CDI,% a.d.,diaria,2021-01-21,2021,1,0.00746900
12,cdi,Taxa de juros CDI,% a.d.,diaria,2021-01-22,2021,1,0.00746900
12,cdi,Taxa de juros CDI,% a.d.,diaria,2021-01-25,2021,1,0.00746900
12,cdi,Taxa de juros CDI,% a.d.,diaria,2021-01-26,2021,1,0.00746900
12,cdi,Taxa de juros CDI,% a.d.,diaria,2021-01-27,2021,1,0.00746900
12,cdi,Taxa de juros CDI,% a.d.,diaria,2021-01-28,2021,1,0.00746900
12,cdi,Taxa de juros CDI,% a.d.,diaria,2021-01-29,2021,1,0.00746900
12,cdi,Taxa de juros CDI,% a.d.,diaria,2021-02-01,2021,2,0.00746900
12,cdi,Taxa de juros CDI,% a.d.,diaria,2021-02-02,2021,2,0.00746900
12,cdi,Taxa de juros CDI,% a.d.,diaria,2021-02-03,2021,2,0.00746900
12,cdi,Taxa de juros CDI,% a.d.,diaria,2021-02-04,2021,2,0.00746900
12,cdi,Taxa de juros CDI,% a.d.,diaria,2021-02-05,2021,2,0.00746900
12,cdi,Taxa de juros CDI,% a.d.,diaria,2021-02-08,2021,2,0.00746900
12,cdi,Taxa de juros CDI,% a.d.,diaria,2021-02-09,2021,2,0.00746900
12,cdi,Taxa de juros CDI,% a.d.,diaria,2021-02-10,2021,2,0.00746900
12,cdi,Taxa de juros CDI,% a.d.,diaria,2021-02-11,2021,2,0.00746900
12,cdi,Taxa de juros CDI,% a.d.,diaria,2021-02-12,2021,2,0.00746900
12,cdi,Taxa de juros CDI,% a.d.,diaria,2021-02-17,2021,2,0.00746900
12,cdi,Taxa de juros CDI,% a.d.,diaria,2021-02-18,2021,2,0.00746900
12,cdi,Taxa de juros CDI,% a.d.,diaria,2021-02-19,2021,2,0.00746900
12,cdi,Taxa de juros CDI,% a.d.,diaria,2021-02-22,2021,2,0.00746900
12,cdi,Taxa de juros CDI,% a.d.,diaria,2021-02-23,2021,2,0.00746900
12,cdi,Taxa de juros CDI,% a.d.,diaria,2021-02-24,2021,2,0.00746900
12,cdi,Taxa de juros CDI,% a.d.,diaria,2021-02-25,2021,2,0.00746900
12,cdi,Taxa de juros CDI,% a.d.,diaria,2021-02-26,2021,2,0.00746900
12,cdi,Taxa de juros CDI,% a.d.,diaria,2021-03-01,2021,3,0.00746900
12,cdi,Taxa de juros CDI,% a.d.,diaria,2021-03-02,2021,3,0.00746900
12,cdi,Taxa de juros CDI,% a.d.,diaria,2021-03-03,2021,3,0.00746900
12,cdi,Taxa de juros CDI,% a.d.,diaria,2021-03-04,2021,3,0.00746900
12,cdi,Taxa de juros CDI,% a.d.,diaria,2021-03-05,2021,3,0.00746900
12,cdi,Taxa de juros CDI,% a.d.,diaria,2021-03-08,2021,3,0.00746900
12,cdi,Taxa de juros CDI,% a.d.,diaria,2021-03-09,2021,3,0.00746900
12,cdi,Taxa de juros CDI,% a.d.,diaria,2021-03-10,2021,3,0.00746900
12,cdi,Taxa de juros CDI,% a.d.,diaria,2021-03-11,2021,3,0.00746900
12,cdi,Taxa de juros CDI,% a.d.,diaria,2021-03-12,2021,3,0.00746900
12,cdi,Taxa de juros CDI,% a.d.,diaria,2021-03-15,2021,3,0.00746900
12,cdi,Taxa de juros CDI,% a.d.,diaria,2021-03-16,2021,3,0.00746900
12,cdi,Taxa de juros CDI,% a.d.,diaria,2021-03-17,2021,3,0.00746900
12,cdi,Taxa de juros CDI,% a.d.,diaria,2021-03-18,2021,3,0.01037900
12,cdi,Taxa de juros CDI,% a.d.,diaria,2021-03-19,2021,3,0.01037900
12,cdi,Taxa de juros CDI,% a.d.,diaria,2021-03-22,2021,3,0.01037900
12,cdi,Taxa de juros CDI,% a.d.,diaria,2021-03-23,2021,3,0.01037900
12,cdi,Taxa de juros CDI,% a.d.,diaria,2021-03-24,2021,3,0.01037900
12,cdi,Taxa de juros CDI,% a.d.,diaria,2021-03-25,2021,3,0.01037900
12,cdi,Taxa de juros CDI,% a.d.,diaria,2021-03-26,2021,3,0.01037900
12,cdi,Taxa de juros CDI,% a.d.,diaria,2021-03-29,2021,3,0.01037900
12,cdi,Taxa de juros CDI,% a.d.,diaria,2021-03-30,2021,3,0.01037900
12,cdi,Taxa de juros CDI,% a.d.,diaria,2021-03-31,2021,3,0.01037900
12,cdi,Taxa de juros CDI,% a.d.,diaria,2021-04-01,2021,4,0.01037900
12,cdi,Taxa de juros CDI,% a.d.,diaria,2021-04-05,2021,4,0.01037900
12,cdi,Taxa de juros CDI,% a.d.,diaria,2021-04-06,2021,4,0.01037900
12,cdi,Taxa de juros CDI,% a.d.,diaria,2021-04-07,2021,4,0.01037900
12,cdi,Taxa de juros CDI,% a.d.,diaria,2021-04-08,2021,4,0.01037900
12,cdi,Taxa de juros CDI,% a.d.,diaria,2021-04-09,2021,4,0.01037900
12,cdi,Taxa de juros CDI,% a.d.,diaria,2021-04-12,2021,4,0.01037900
12,cdi,Taxa de juros CDI,% a.d.,diaria,2021-04-13,2021,4,0.01037900
12,cdi,Taxa de juros CDI,% a.d.,diaria,2021-04-14,2021,4,0.01037900
12,cdi,Taxa de juros CDI,% a.d.,diaria,2021-04-15,2021,4,0.01037900
12,cdi,Taxa de juros CDI,% a.d.,diaria,2021-04-16,2021,4,0.01037900
12,cdi,Taxa de juros CDI,% a.d.,diaria,2021-04-19,2021,4,0.01037900
12,cdi,Taxa de juros CDI,% a.d.,diaria,2021-04-20,2021,4,0.01037900
12,cdi,Taxa de juros CDI,% a.d.,diaria,2021-04-22,2021,4,0.01037900
12,cdi,Taxa de juros CDI,% a.d.,diaria,2021-04-23,2021,4,0.01037900
12,cdi,Taxa de juros CDI,% a.d.,diaria,2021-04-26,2021,4,0.01037900
12,cdi,Taxa de juros CDI,% a.d.,diaria,2021-04-27,2021,4,0.01037900
12,cdi,Taxa de juros CDI,% a.d.,diaria,2021-04-28,2021,4,0.01037900
12,cdi,Taxa de juros CDI,% a.d.,diaria,2021-04-29,2021,4,0.01037900
12,cdi,Taxa de juros CDI,% a.d.,diaria,2021-04-30,2021,4,0.01037900
12,cdi,Taxa de juros CDI,% a.d.,diaria,2021-05-03,2021,5,0.01037900
12,cdi,Taxa de juros CDI,% a.d.,diaria,2021-05-04,2021,5,0.01037900
12,cdi,Taxa de juros CDI,% a.d.,diaria,2021-05-05,2021,5,0.01037900
12,cdi,Taxa de juros CDI,% a.d.,diaria,2021-05-06,2021,5,0.01326900
12,cdi,Taxa de juros CDI,% a.d.,diaria,2021-05-07,2021,5,0.01326900
12,cdi,Taxa de juros CDI,% a.d.,diaria,2021-05-10,2021,5,0.01326900
12,cdi,Taxa de juros CDI,% a.d.,diaria,2021-05-11,2021,5,0.01326900
12,cdi,Taxa de juros CDI,% a.d.,diaria,2021-05-12,2021,5,0.01326900
12,cdi,Taxa de juros CDI,% a.d.,diaria,2021-05-13,2021,5,0.01326900
12,cdi,Taxa de juros CDI,% a.d.,diaria,2021-05-14,2021,5,0.01326900
12,cdi,Taxa de juros CDI,% a.d.,diaria,2021-05-17,2021,5,0.01326900
12,cdi,Taxa de juros CDI,% a.d.,diaria,2021-05-18,2021,5,0.01326900
12,cdi,Taxa de juros CDI,% a.d.,diaria,2021-05-19,2021,5,0.01326900
12,cdi,Taxa de juros CDI,% a.d.,diaria,2021-05-20,2021,5,0.01326900
12,cdi,Taxa de juros CDI,% a.d.,diaria,2021-05-21,2021,5,0.01326900
12,cdi,Taxa de juros CDI,% a.d.,diaria,2021-05-24,2021,5,0.01326900
12,cdi,Taxa de juros CDI,% a.d.,diaria,2021-05-25,2021,5,0.01326900
12,cdi,Taxa de juros CDI,% a.d.,diaria,2021-05-26,2021,5,0.01326900
12,cdi,Taxa de juros CDI,% a.d.,diaria,2021-05-27,2021,5,0.01326900
12,cdi,Taxa de juros CDI,% a.d.,diaria,2021-05-28,2021,5,0.01326900
12,cdi,Taxa de juros CDI,% a.d.,diaria,2021-05-31,2021,5,0.01326900
12,cdi,Taxa de juros CDI,% a.d.,diaria,2021-06-01,2021,6,0.01326900
12,cdi,Taxa de juros CDI,% a.d.,diaria,2021-06-02,2021,6,0.01326900
12,cdi,Taxa de juros CDI,% a.d.,diaria,2021-06-04,2021,6,0.01326900
12,cdi,Taxa de juros CDI,% a.d.,diaria,2021-06-07,2021,6,0.01326900
12,cdi,Taxa de juros CDI,% a.d.,diaria,2021-06-08,2021,6,0.01326900
12,cdi,Taxa de juros CDI,% a.d.,diaria,2021-06-09,2021,6,0.01326900
12,cdi,Taxa de juros CDI,% a.d.,diaria,2021-06-10,2021,6,0.01326900
12,cdi,Taxa de juros CDI,% a.d.,diaria,2021-06-11,2021,6,0.01326900
12,cdi,Taxa de juros CDI,% a.d.,diaria,2021-06-14,2021,6,0.01326900
12,cdi,Taxa de juros CDI,% a.d.,diaria,2021-06-15,2021,6,0.01326900
12,cdi,Taxa de juros CDI,% a.d.,diaria,2021-06-16,2021,6,0.01326900
12,cdi,Taxa de juros CDI,% a.d.,diaria,2021-06-17,2021,6,0.01613700
12,cdi,Taxa de juros CDI,% a.d.,diaria,2021-06-18,2021,6,0.01613700
12,cdi,Taxa de juros CDI,% a.d.,diaria,2021-06-21,2021,6,0.01613700
12,cdi,Taxa de juros CDI,% a.d.,diaria,2021-06-22,2021,6,0.01613700
12,cdi,Taxa de juros CDI,% a.d.,diaria,2021-06-23,2021,6,0.01613700
12,cdi,Taxa de juros CDI,% a.d.,diaria,2021-06-24,2021,6,0.01613700
12,cdi,Taxa de juros CDI,% a.d.,diaria,2021-06-25,2021,6,0.01613700
12,cdi,Taxa de juros CDI,% a.d.,diaria,2021-06-28,2021,6,0.01613700
12,cdi,Taxa de juros CDI,% a.d.,diaria,2021-06-29,2021,6,0.01613700
12,cdi,Taxa de juros CDI,% a.d.,diaria,2021-06-30,2021,6,0.01613700
12,cdi,Taxa de juros CDI,% a.d.,diaria,2021-07-01,2021,7,0.01613700
12,cdi,Taxa de juros CDI,% a.d.,diaria,2021-07-02,2021,7,0.01613700
12,cdi,Taxa de juros CDI,% a.d.,diaria,2021-07-05,2021,7,0.01613700
12,cdi,Taxa de juros CDI,% a.d.,diaria,2021-07-06,2021,7,0.01613700
12,cdi,Taxa de juros CDI,% a.d.,diaria,2021-07-07,2021,7,0.01613700
12,cdi,Taxa de juros CDI,% a.d.,diaria,2021-07-08,2021,7,0.01613700
12,cdi,Taxa de juros CDI,% a.d.,diaria,2021-07-09,2021,7,0.01613700
12,cdi,Taxa de juros CDI,% a.d.,diaria,2021-07-12,2021,7,0.01613700
12,cdi,Taxa de juros CDI,% a.d.,diaria,2021-07-13,2021,7,0.01613700
12,cdi,Taxa de juros CDI,% a.d.,diaria,2021-07-14,2021,7,0.01613700
12,cdi,Taxa de juros CDI,% a.d.,diaria,2021-07-15,2021,7,0.01613700
12,cdi,Taxa de juros CDI,% a.d.,diaria,2021-07-16,2021,7,0.01613700
12,cdi,Taxa de juros CDI,% a.d.,diaria,2021-07-19,2021,7,0.01613700
12,cdi,Taxa de juros CDI,% a.d.,diaria,2021-07-20,2021,7,0.01613700
12,cdi,Taxa de juros CDI,% a.d.,diaria,2021-07-21,2021,7,0.01613700
12,cdi,Taxa de juros CDI,% a.d.,diaria,2021-07-22,2021,7,0.01613700
12,cdi,Taxa de juros CDI,% a.d.,diaria,2021-07-23,2021,7,0.01613700
12,cdi,Taxa de juros CDI,% a.d.,diaria,2021-07-26,2021,7,0.01613700
12,cdi,Taxa de juros CDI,% a.d.,diaria,2021-07-27,2021,7,0.01613700
12,cdi,Taxa de juros CDI,% a.d.,diaria,2021-07-28,2021,7,0.01613700
12,cdi,Taxa de juros CDI,% a.d.,diaria,2021-07-29,2021,7,0.01613700
12,cdi,Taxa de juros CDI,% a.d.,diaria,2021-07-30,2021,7,0.01613700
12,cdi,Taxa de juros CDI,% a.d.,diaria,2021-08-02,2021,8,0.01613700
12,cdi,Taxa de juros CDI,% a.d.,diaria,2021-08-03,2021,8,0.01613700
12,cdi,Taxa de juros CDI,% a.d.,diaria,2021-08-04,2021,8,0.01613700
12,cdi,Taxa de juros CDI,% a.d.,diaria,2021-08-05,2021,8,0.01993000
12,cdi,Taxa de juros CDI,% a.d.,diaria,2021-08-06,2021,8,0.01993000
12,cdi,Taxa de juros CDI,% a.d.,diaria,2021-08-09,2021,8,0.01993000
12,cdi,Taxa de juros CDI,% a.d.,diaria,2021-08-10,2021,8,0.01993000
12,cdi,Taxa de juros CDI,% a.d.,diaria,2021-08-11,2021,8,0.01993000
12,cdi,Taxa de juros CDI,% a.d.,diaria,2021-08-12,2021,8,0.01993000
12,cdi,Taxa de juros CDI,% a.d.,diaria,2021-08-13,2021,8,0.01993000
12,cdi,Taxa de juros CDI,% a.d.,diaria,2021-08-16,2021,8,0.01993000
12,cdi,Taxa de juros CDI,% a.d.,diaria,2021-08-17,2021,8,0.01993000
12,cdi,Taxa de juros CDI,% a.d.,diaria,2021-08-18,2021,8,0.01993000
12,cdi,Taxa de juros CDI,% a.d.,diaria,2021-08-19,2021,8,0.01993000
12,cdi,Taxa de juros CDI,% a.d.,diaria,2021-08-20,2021,8,0.01993000
12,cdi,Taxa de juros CDI,% a.d.,diaria,2021-08-23,2021,8,0.01993000
12,cdi,Taxa de juros CDI,% a.d.,diaria,2021-08-24,2021,8,0.01993000
12,cdi,Taxa de juros CDI,% a.d.,diaria,2021-08-25,2021,8,0.01993000
12,cdi,Taxa de juros CDI,% a.d.,diaria,2021-08-26,2021,8,0.01993000
12,cdi,Taxa de juros CDI,% a.d.,diaria,2021-08-27,2021,8,0.01993000
12,cdi,Taxa de juros CDI,% a.d.,diaria,2021-08-30,2021,8,0.01993000
12,cdi,Taxa de juros CDI,% a.d.,diaria,2021-08-31,2021,8,0.01993000
12,cdi,Taxa de juros CDI,% a.d.,diaria,2021-09-01,2021,9,0.01993000
12,cdi,Taxa de juros CDI,% a.d.,diaria,2021-09-02,2021,9,0.01993000
12,cdi,Taxa de juros CDI,% a.d.,diaria,2021-09-03,2021,9,0.01993000
12,cdi,Taxa de juros CDI,% a.d.,diaria,2021-09-06,2021,9,0.01993000
12,cdi,Taxa de juros CDI,% a.d.,diaria,2021-09-08,2021,9,0.01993000
12,cdi,Taxa de juros CDI,% a.d.,diaria,2021-09-09,2021,9,0.01993000
12,cdi,Taxa de juros CDI,% a.d.,diaria,2021-09-10,2021,9,0.01993000
12,cdi,Taxa de juros CDI,% a.d.,diaria,2021-09-13,2021,9,0.01993000
12,cdi,Taxa de juros CDI,% a.d.,diaria,2021-09-14,2021,9,0.01993000
12,cdi,Taxa de juros CDI,% a.d.,diaria,2021-09-15,2021,9,0.01993000
12,cdi,Taxa de juros CDI,% a.d.,diaria,2021-09-16,2021,9,0.01993000
12,cdi,Taxa de juros CDI,% a.d.,diaria,2021-09-17,2021,9,0.01993000
12,cdi,Taxa de juros CDI,% a.d.,diaria,2021-09-20,2021,9,0.01993000
12,cdi,Taxa de juros CDI,% a.d.,diaria,2021-09-21,2021,9,0.01993000
12,cdi,Taxa de juros CDI,% a.d.,diaria,2021-09-22,2021,9,0.01993000
12,cdi,Taxa de juros CDI,% a.d.,diaria,2021-09-23,2021,9,0.02368700
12,cdi,Taxa de juros CDI,% a.d.,diaria,2021-09-24,2021,9,0.02368700
12,cdi,Taxa de juros CDI,% a.d.,diaria,2021-09-27,2021,9,0.02368700
12,cdi,Taxa de juros CDI,% a.d.,diaria,2021-09-28,2021,9,0.02368700
12,cdi,Taxa de juros CDI,% a.d.,diaria,2021-09-29,2021,9,0.02368700
12,cdi,Taxa de juros CDI,% a.d.,diaria,2021-09-30,2021,9,0.02368700
12,cdi,Taxa de juros CDI,% a.d.,diaria,2021-10-01,2021,10,0.02368700
12,cdi,Taxa de juros CDI,% a.d.,diaria,2021-10-04,2021,10,0.02368700
12,cdi,Taxa de juros CDI,% a.d.,diaria,2021-10-05,2021,10,0.02368700
12,cdi,Taxa de juros CDI,% a.d.,diaria,2021-10-06,2021,10,0.02368700
12,cdi,Taxa de juros CDI,% a.d.,diaria,2021-10-07,2021,10,0.02368700
12,cdi,Taxa de juros CDI,% a.d.,diaria,2021-10-08,2021,10,0.02368700
12,cdi,Taxa de juros CDI,% a.d.,diaria,2021-10-11,2021,10,0.02368700
12,cdi,Taxa de juros CDI,% a.d.,diaria,2021-10-13,2021,10,0.02368700
12,cdi,Taxa de juros CDI,% a.d.,diaria,2021-10-14,2021,10,0.02368700
12,cdi,Taxa de juros CDI,% a.d.,diaria,2021-10-15,2021,10,0.02368700
12,cdi,Taxa de juros CDI,% a.d.,diaria,2021-10-18,2021,10,0.02368700
12,cdi,Taxa de juros CDI,% a.d.,diaria,2021-10-19,2021,10,0.02368700
12,cdi,Taxa de juros CDI,% a.d.,diaria,2021-10-20,2021,10,0.02368700
12,cdi,Taxa de juros CDI,% a.d.,diaria,2021-10-21,2021,10,0.02368700
12,cdi,Taxa de juros CDI,% a.d.,diaria,2021-10-22,2021,10,0.02368700
12,cdi,Taxa de juros CDI,% a.d.,diaria,2021-10-25,2021,10,0.02368700
12,cdi,Taxa de juros CDI,% a.d.,diaria,2021-10-26,2021,10,0.02368700
12,cdi,Taxa de juros CDI,% a.d.,diaria,2021-10-27,2021,10,0.02368700
12,cdi,Taxa de juros CDI,% a.d.,diaria,2021-10-28,2021,10,0.02925600
12,cdi,Taxa de juros CDI,% a.d.,diaria,2021-10-29,2021,10,0.02925600
12,cdi,Taxa de juros CDI,% a.d.,diaria,2021-11-01,2021,11,0.02925600
12,cdi,Taxa de juros CDI,% a.d.,diaria,2021-11-03,2021,11,0.02925600
12,cdi,Taxa de juros CDI,% a.d.,diaria,2021-11-04,2021,11,0.02925600
12,cdi,Taxa de juros CDI,% a.d.,diaria,2021-11-05,2021,11,0.02925600
12,cdi,Taxa de juros CDI,% a.d.,diaria,2021-11-08,2021,11,0.02925600
12,cdi,Taxa de juros CDI,% a.d.,diaria,2021-11-09,2021,11,0.02925600
12,cdi,Taxa de juros CDI,% a.d.,diaria,2021-11-10,2021,11,0.02925600
12,cdi,Taxa de juros CDI,% a.d.,diaria,2021-11-11,2021,11,0.02925600
12,cdi,Taxa de juros CDI,% a.d.,diaria,2021-11-12,2021,11,0.02925600
12,cdi,Taxa de juros CDI,% a.d.,diaria,2021-11-16,2021,11,0.02925600
12,cdi,Taxa de juros CDI,% a.d.,diaria,2021-11-17,2021,11,0.02925600
12,cdi,Taxa de juros CDI,% a.d.,diaria,2021-11-18,2021,11,0.02925600
12,cdi,Taxa de juros CDI,% a.d.,diaria,2021-11-19,2021,11,0.02925600
12,cdi,Taxa de juros CDI,% a.d.,diaria,2021-11-22,2021,11,0.02925600
12,cdi,Taxa de juros CDI,% a.d.,diaria,2021-11-23,2021,11,0.02925600
12,cdi,Taxa de juros CDI,% a.d.,diaria,2021-11-24,2021,11,0.02925600
12,cdi,Taxa de juros CDI,% a.d.,diaria,2021-11-25,2021,11,0.02925600
12,cdi,Taxa de juros CDI,% a.d.,diaria,2021-11-26,2021,11,0.02925600
12,cdi,Taxa de juros CDI,% a.d.,diaria,2021-11-29,2021,11,0.02925600
12,cdi,Taxa de juros CDI,% a.d.,diaria,2021-11-30,2021,11,0.02925600
12,cdi,Taxa de juros CDI,% a.d.,diaria,2021-12-01,2021,12,0.02925600
12,cdi,Taxa de juros CDI,% a.d.,diaria,2021-12-02,2021,12,0.02925600
12,cdi,Taxa de juros CDI,% a.d.,diaria,2021-12-03,2021,12,0.02925600
12,cdi,Taxa de juros CDI,% a.d.,diaria,2021-12-06,2021,12,0.02925600
12,cdi,Taxa de juros CDI,% a.d.,diaria,2021-12-07,2021,12,0.02925600
12,cdi,Taxa de juros CDI,% a.d.,diaria,2021-12-08,2021,12,0.02925600
12,cdi,Taxa de juros CDI,% a.d.,diaria,2021-12-09,2021,12,0.03474900
12,cdi,Taxa de juros CDI,% a.d.,diaria,2021-12-10,2021,12,0.03474900
12,cdi,Taxa de juros CDI,% a.d.,diaria,2021-12-13,2021,12,0.03474900
12,cdi,Taxa de juros CDI,% a.d.,diaria,2021-12-14,2021,12,0.03474900
12,cdi,Taxa de juros CDI,% a.d.,diaria,2021-12-15,2021,12,0.03474900
12,cdi,Taxa de juros CDI,% a.d.,diaria,2021-12-16,2021,12,0.03474900
12,cdi,Taxa de juros CDI,% a.d.,diaria,2021-12-17,2021,12,0.03474900
12,cdi,Taxa de juros CDI,% a.d.,diaria,2021-12-20,2021,12,0.03474900
12,cdi,Taxa de juros CDI,% a.d.,diaria,2021-12-21,2021,12,0.03474900
12,cdi,Taxa de juros CDI,% a.d.,diaria,2021-12-22,2021,12,0.03474900
12,cdi,Taxa de juros CDI,% a.d.,diaria,2021-12-23,2021,12,0.03474900
12,cdi,Taxa de juros CDI,% a.d.,diaria,2021-12-24,2021,12,0.03474900
12,cdi,Taxa de juros CDI,% a.d.,diaria,2021-12-27,2021,12,0.03474900
12,cdi,Taxa de juros CDI,% a.d.,diaria,2021-12-28,2021,12,0.03474900
12,cdi,Taxa de juros CDI,% a.d.,diaria,2021-12-29,2021,12,0.03474900
12,cdi,Taxa de juros CDI,% a.d.,diaria,2021-12-30,2021,12,0.03474900
12,cdi,Taxa de juros CDI,% a.d.,diaria,2021-12-31,2021,12,0.03474900
12,cdi,Taxa de juros CDI,% a.d.,diaria,2022-01-03,2022,1,0.03474900
12,cdi,Taxa de juros CDI,% a.d.,diaria,2022-01-04,2022,1,0.03474900
12,cdi,Taxa de juros CDI,% a.d.,diaria,2022-01-05,2022,1,0.03474900
12,cdi,Taxa de juros CDI,% a.d.,diaria,2022-01-06,2022,1,0.03474900
12,cdi,Taxa de juros CDI,% a.d.,diaria,2022-01-07,2022,1,0.03474900
12,cdi,Taxa de juros CDI,% a.d.,diaria,2022-01-10,2022,1,0.03474900
12,cdi,Taxa de juros CDI,% a.d.,diaria,2022-01-11,2022,1,0.03474900
12,cdi,Taxa de juros CDI,% a.d.,diaria,2022-01-12,2022,1,0.03474900
12,cdi,Taxa de juros CDI,% a.d.,diaria,2022-01-13,2022,1,0.03474900
12,cdi,Taxa de juros CDI,% a.d.,diaria,2022-01-14,2022,1,0.03474900
12,cdi,Taxa de juros CDI,% a.d.,diaria,2022-01-17,2022,1,0.03474900
12,cdi,Taxa de juros CDI,% a.d.,diaria,2022-01-18,2022,1,0.03474900
12,cdi,Taxa de juros CDI,% a.d.,diaria,2022-01-19,2022,1,0.03474900
12,cdi,Taxa de juros CDI,% a.d.,diaria,2022-01-20,2022,1,0.03474900
12,cdi,Taxa de juros CDI,% a.d.,diaria,2022-01-21,2022,1,0.03474900
12,cdi,Taxa de juros CDI,% a.d.,diaria,2022-01-24,2022,1,0.03474900
12,cdi,Taxa de juros CDI,% a.d.,diaria,2022-01-25,2022,1,0.03474900
12,cdi,Taxa de juros CDI,% a.d.,diaria,2022-01-26,2022,1,0.03474900
12,cdi,Taxa de juros CDI,% a.d.,diaria,2022-01-27,2022,1,0.03474900
12,cdi,Taxa de juros CDI,% a.d.,diaria,2022-01-28,2022,1,0.03474900
12,cdi,Taxa de juros CDI,% a.d.,diaria,2022-01-31,2022,1,0.03474900
12,cdi,Taxa de juros CDI,% a.d.,diaria,2022-02-01,2022,2,0.03474900
12,cdi,Taxa de juros CDI,% a.d.,diaria,2022-02-02,2022,2,0.03474900
12,cdi,Taxa de juros CDI,% a.d.,diaria,2022-02-03,2022,2,0.04016800
12,cdi,Taxa de juros CDI,% a.d.,diaria,2022-02-04,2022,2,0.04016800
12,cdi,Taxa de juros CDI,% a.d.,diaria,2022-02-07,2022,2,0.04016800
12,cdi,Taxa de juros CDI,% a.d.,diaria,2022-02-08,2022,2,0.04016800
12,cdi,Taxa de juros CDI,% a.d.,diaria,2022-02-09,2022,2,0.04016800
12,cdi,Taxa de juros CDI,% a.d.,diaria,2022-02-10,2022,2,0.04016800
12,cdi,Taxa de juros CDI,% a.d.,diaria,2022-02-11,2022,2,0.04016800
12,cdi,Taxa de juros CDI,% a.d.,diaria,2022-02-14,2022,2,0.04016800
12,cdi,Taxa de juros CDI,% a.d.,diaria,2022-02-15,2022,2,0.04016800
12,cdi,Taxa de juros CDI,% a.d.,diaria,2022-02-16,2022,2,0.04016800
12,cdi,Taxa de juros CDI,% a.d.,diaria,2022-02-17,2022,2,0.04016800
12,cdi,Taxa de juros CDI,% a.d.,diaria,2022-02-18,2022,2,0.04016800
12,cdi,Taxa de juros CDI,% a.d.,diaria,2022-02-21,2022,2,0.04016800
12,cdi,Taxa de juros CDI,% a.d.,diaria,2022-02-22,2022,2,0.04016800
12,cdi,Taxa de juros CDI,% a.d.,diaria,2022-02-23,2022,2,0.04016800
12,cdi,Taxa de juros CDI,% a.d.,diaria,2022-02-24,2022,2,0.04016800
12,cdi,Taxa de juros CDI,% a.d.,diaria,2022-02-25,2022,2,0.04016800
12,cdi,Taxa de juros CDI,% a.d.,diaria,2022-03-02,2022,3,0.04016800
12,cdi,Taxa de juros CDI,% a.d.,diaria,2022-03-03,2022,3,0.04016800
12,cdi,Taxa de juros CDI,% a.d.,diaria,2022-03-04,2022,3,0.04016800
12,cdi,Taxa de juros CDI,% a.d.,diaria,2022-03-07,2022,3,0.04016800
12,cdi,Taxa de juros CDI,% a.d.,diaria,2022-03-08,2022,3,0.04016800
12,cdi,Taxa de juros CDI,% a.d.,diaria,2022-03-09,2022,3,0.04016800
12,cdi,Taxa de juros CDI,% a.d.,diaria,2022-03-10,2022,3,0.04016800
12,cdi,Taxa de juros CDI,% a.d.,diaria,2022-03-11,2022,3,0.04016800
12,cdi,Taxa de juros CDI,% a.d.,diaria,2022-03-14,2022,3,0.04016800
12,cdi,Taxa de juros CDI,% a.d.,diaria,2022-03-15,2022,3,0.04016800
12,cdi,Taxa de juros CDI,% a.d.,diaria,2022-03-16,2022,3,0.04016800
12,cdi,Taxa de juros CDI,% a.d.,diaria,2022-03-17,2022,3,0.04373900
12,cdi,Taxa de juros CDI,% a.d.,diaria,2022-03-18,2022,3,0.04373900
12,cdi,Taxa de juros CDI,% a.d.,diaria,2022-03-21,2022,3,0.04373900
12,cdi,Taxa de juros CDI,% a.d.,diaria,2022-03-22,2022,3,0.04373900
12,cdi,Taxa de juros CDI,% a.d.,diaria,2022-03-23,2022,3,0.04373900
12,cdi,Taxa de juros CDI,% a.d.,diaria,2022-03-24,2022,3,0.04373900
12,cdi,Taxa de juros CDI,% a.d.,diaria,2022-03-25,2022,3,0.04373900
12,cdi,Taxa de juros CDI,% a.d.,diaria,2022-03-28,2022,3,0.04373900
12,cdi,Taxa de juros CDI,% a.d.,diaria,2022-03-29,2022,3,0.04373900
12,cdi,Taxa de juros CDI,% a.d.,diaria,2022-03-30,2022,3,0.04373900
12,cdi,Taxa de juros CDI,% a.d.,diaria,2022-03-31,2022,3,0.04373900
12,cdi,Taxa de juros CDI,% a.d.,diaria,2022-04-01,2022,4,0.04373900
12,cdi,Taxa de juros CDI,% a.d.,diaria,2022-04-04,2022,4,0.04373900
12,cdi,Taxa de juros CDI,% a.d.,diaria,2022-04-05,2022,4,0.04373900
12,cdi,Taxa de juros CDI,% a.d.,diaria,2022-04-06,2022,4,0.04373900
12,cdi,Taxa de juros CDI,% a.d.,diaria,2022-04-07,2022,4,0.04373900
12,cdi,Taxa de juros CDI,% a.d.,diaria,2022-04-08,2022,4,0.04373900
12,cdi,Taxa de juros CDI,% a.d.,diaria,2022-04-11,2022,4,0.04373900
12,cdi,Taxa de juros CDI,% a.d.,diaria,2022-04-12,2022,4,0.04373900
12,cdi,Taxa de juros CDI,% a.d.,diaria,2022-04-13,2022,4,0.04373900
12,cdi,Taxa de juros CDI,% a.d.,diaria,2022-04-14,2022,4,0.04373900
12,cdi,Taxa de juros CDI,% a.d.,diaria,2022-04-18,2022,4,0.04373900
12,cdi,Taxa de juros CDI,% a.d.,diaria,2022-04-19,2022,4,0.04373900
12,cdi,Taxa de juros CDI,% a.d.,diaria,2022-04-20,2022,4,0.04373900
12,cdi,Taxa de juros CDI,% a.d.,diaria,2022-04-22,2022,4,0.04373900
12,cdi,Taxa de juros CDI,% a.d.,diaria,2022-04-25,2022,4,0.04373900
12,cdi,Taxa de juros CDI,% a.d.,diaria,2022-04-26,2022,4,0.04373900
12,cdi,Taxa de juros CDI,% a.d.,diaria,2022-04-27,2022,4,0.04373900
12,cdi,Taxa de juros CDI,% a.d.,diaria,2022-04-28,2022,4,0.04373900
12,cdi,Taxa de juros CDI,% a.d.,diaria,2022-04-29,2022,4,0.04373900
12,cdi,Taxa de juros CDI,% a.d.,diaria,2022-05-02,2022,5,0.04373900
12,cdi,Taxa de juros CDI,% a.d.,diaria,2022-05-03,2022,5,0.04373900
12,cdi,Taxa de juros CDI,% a.d.,diaria,2022-05-04,2022,5,0.04373900
12,cdi,Taxa de juros CDI,% a.d.,diaria,2022-05-05,2022,5,0.04727900
12,cdi,Taxa de juros CDI,% a.d.,diaria,2022-05-06,2022,5,0.04727900
12,cdi,Taxa de juros CDI,% a.d.,diaria,2022-05-09,2022,5,0.04727900
12,cdi,Taxa de juros CDI,% a.d.,diaria,2022-05-10,2022,5,0.04727900
12,cdi,Taxa de juros CDI,% a.d.,diaria,2022-05-11,2022,5,0.04727900
12,cdi,Taxa de juros CDI,% a.d.,diaria,2022-05-12,2022,5,0.04727900
12,cdi,Taxa de juros CDI,% a.d.,diaria,2022-05-13,2022,5,0.04727900
12,cdi,Taxa de juros CDI,% a.d.,diaria,2022-05-16,2022,5,0.04727900
12,cdi,Taxa de juros CDI,% a.d.,diaria,2022-05-17,2022,5,0.04727900
12,cdi,Taxa de juros CDI,% a.d.,diaria,2022-05-18,2022,5,0.04727900
12,cdi,Taxa de juros CDI,% a.d.,diaria,2022-05-19,2022,5,0.04727900
12,cdi,Taxa de juros CDI,% a.d.,diaria,2022-05-20,2022,5,0.04727900
12,cdi,Taxa de juros CDI,% a.d.,diaria,2022-05-23,2022,5,0.04727900
12,cdi,Taxa de juros CDI,% a.d.,diaria,2022-05-24,2022,5,0.04727900
12,cdi,Taxa de juros CDI,% a.d.,diaria,2022-05-25,2022,5,0.04727900
12,cdi,Taxa de juros CDI,% a.d.,diaria,2022-05-26,2022,5,0.04727900
12,cdi,Taxa de juros CDI,% a.d.,diaria,2022-05-27,2022,5,0.04727900
12,cdi,Taxa de juros CDI,% a.d.,diaria,2022-05-30,2022,5,0.04727900
12,cdi,Taxa de juros CDI,% a.d.,diaria,2022-05-31,2022,5,0.04727900
12,cdi,Taxa de juros CDI,% a.d.,diaria,2022-06-01,2022,6,0.04727900
12,cdi,Taxa de juros CDI,% a.d.,diaria,2022-06-02,2022,6,0.04727900
12,cdi,Taxa de juros CDI,% a.d.,diaria,2022-06-03,2022,6,0.04727900
12,cdi,Taxa de juros CDI,% a.d.,diaria,2022-06-06,2022,6,0.04727900
12,cdi,Taxa de juros CDI,% a.d.,diaria,2022-06-07,2022,6,0.04727900
12,cdi,Taxa de juros CDI,% a.d.,diaria,2022-06-08,2022,6,0.04727900
12,cdi,Taxa de juros CDI,% a.d.,diaria,2022-06-09,2022,6,0.04727900
12,cdi,Taxa de juros CDI,% a.d.,diaria,2022-06-10,2022,6,0.04727900
12,cdi,Taxa de juros CDI,% a.d.,diaria,2022-06-13,2022,6,0.04727900
12,cdi,Taxa de juros CDI,% a.d.,diaria,2022-06-14,2022,6,0.04727900
12,cdi,Taxa de juros CDI,% a.d.,diaria,2022-06-15,2022,6,0.04727900
12,cdi,Taxa de juros CDI,% a.d.,diaria,2022-06-17,2022,6,0.04903700
12,cdi,Taxa de juros CDI,% a.d.,diaria,2022-06-20,2022,6,0.04903700
12,cdi,Taxa de juros CDI,% a.d.,diaria,2022-06-21,2022,6,0.04903700
12,cdi,Taxa de juros CDI,% a.d.,diaria,2022-06-22,2022,6,0.04903700
12,cdi,Taxa de juros CDI,% a.d.,diaria,2022-06-23,2022,6,0.04903700
12,cdi,Taxa de juros CDI,% a.d.,diaria,2022-06-24,2022,6,0.04903700
12,cdi,Taxa de juros CDI,% a.d.,diaria,2022-06-27,2022,6,0.04903700
12,cdi,Taxa de juros CDI,% a.d.,diaria,2022-06-28,2022,6,0.04903700
12,cdi,Taxa de juros CDI,% a.d.,diaria,2022-06-29,2022,6,0.04903700
12,cdi,Taxa de juros CDI,% a.d.,diaria,2022-06-30,2022,6,0.04903700
12,cdi,Taxa de juros CDI,% a.d.,diaria,2022-07-01,2022,7,0.04903700
12,cdi,Taxa de juros CDI,% a.d.,diaria,2022-07-04,2022,7,0.04903700
12,cdi,Taxa de juros CDI,% a.d.,diaria,2022-07-05,2022,7,0.04903700
12,cdi,Taxa de juros CDI,% a.d.,diaria,2022-07-06,2022,7,0.04903700
12,cdi,Taxa de juros CDI,% a.d.,diaria,2022-07-07,2022,7,0.04903700
12,cdi,Taxa de juros CDI,% a.d.,diaria,2022-07-08,2022,7,0.04903700
12,cdi,Taxa de juros CDI,% a.d.,diaria,2022-07-11,2022,7,0.04903700
12,cdi,Taxa de juros CDI,% a.d.,diaria,2022-07-12,2022,7,0.04903700
12,cdi,Taxa de juros CDI,% a.d.,diaria,2022-07-13,2022,7,0.04903700
12,cdi,Taxa de juros CDI,% a.d.,diaria,2022-07-14,2022,7,0.04903700
12,cdi,Taxa de juros CDI,% a.d.,diaria,2022-07-15,2022,7,0.04903700
12,cdi,Taxa de juros CDI,% a.d.,diaria,2022-07-18,2022,7,0.04903700
12,cdi,Taxa de juros CDI,% a.d.,diaria,2022-07-19,2022,7,0.04903700
12,cdi,Taxa de juros CDI,% a.d.,diaria,2022-07-20,2022,7,0.04903700
12,cdi,Taxa de juros CDI,% a.d.,diaria,2022-07-21,2022,7,0.04903700
12,cdi,Taxa de juros CDI,% a.d.,diaria,2022-07-22,2022,7,0.04903700
12,cdi,Taxa de juros CDI,% a.d.,diaria,2022-07-25,2022,7,0.04903700
12,cdi,Taxa de juros CDI,% a.d.,diaria,2022-07-26,2022,7,0.04903700
12,cdi,Taxa de juros CDI,% a.d.,diaria,2022-07-27,2022,7,0.04903700
12,cdi,Taxa de juros CDI,% a.d.,diaria,2022-07-28,2022,7,0.04903700
12,cdi,Taxa de juros CDI,% a.d.,diaria,2022-07-29,2022,7,0.04903700
12,cdi,Taxa de juros CDI,% a.d.,diaria,2022-08-01,2022,8,0.04903700
12,cdi,Taxa de juros CDI,% a.d.,diaria,2022-08-02,2022,8,0.04903700
12,cdi,Taxa de juros CDI,% a.d.,diaria,2022-08-03,2022,8,0.04903700
12,cdi,Taxa de juros CDI,% a.d.,diaria,2022-08-04,2022,8,0.05078800
12,cdi,Taxa de juros CDI,% a.d.,diaria,2022-08-05,2022,8,0.05078800
12,cdi,Taxa de juros CDI,% a.d.,diaria,2022-08-08,2022,8,0.05078800
12,cdi,Taxa de juros CDI,% a.d.,diaria,2022-08-09,2022,8,0.05078800
12,cdi,Taxa de juros CDI,% a.d.,diaria,2022-08-10,2022,8,0.05078800
12,cdi,Taxa de juros CDI,% a.d.,diaria,2022-08-11,2022,8,0.05078800
12,cdi,Taxa de juros CDI,% a.d.,diaria,2022-08-12,2022,8,0.05078800
12,cdi,Taxa de juros CDI,% a.d.,diaria,2022-08-15,2022,8,0.05078800
12,cdi,Taxa de juros CDI,% a.d.,diaria,2022-08-16,2022,8,0.05078800
12,cdi,Taxa de juros CDI,% a.d.,diaria,2022-08-17,2022,8,0.05078800
12,cdi,Taxa de juros CDI,% a.d.,diaria,2022-08-18,2022,8,0.05078800
12,cdi,Taxa de juros CDI,% a.d.,diaria,2022-08-19,2022,8,0.05078800
12,cdi,Taxa de juros CDI,% a.d.,diaria,2022-08-22,2022,8,0.05078800
12,cdi,Taxa de juros CDI,% a.d.,diaria,2022-08-23,2022,8,0.05078800
12,cdi,Taxa de juros CDI,% a.d.,diaria,2022-08-24,2022,8,0.05078800
12,cdi,Taxa de juros CDI,% a.d.,diaria,2022-08-25,2022,8,0.05078800
12,cdi,Taxa de juros CDI,% a.d.,diaria,2022-08-26,2022,8,0.05078800
12,cdi,Taxa de juros CDI,% a.d.,diaria,2022-08-29,2022,8,0.05078800
12,cdi,Taxa de juros CDI,% a.d.,diaria,2022-08-30,2022,8,0.05078800
12,cdi,Taxa de juros CDI,% a.d.,diaria,2022-08-31,2022,8,0.05078800
12,cdi,Taxa de juros CDI,% a.d.,diaria,2022-09-01,2022,9,0.05078800
12,cdi,Taxa de juros CDI,% a.d.,diaria,2022-09-02,2022,9,0.05078800
12,cdi,Taxa de juros CDI,% a.d.,diaria,2022-09-05,2022,9,0.05078800
12,cdi,Taxa de juros CDI,% a.d.,diaria,2022-09-06,2022,9,0.05078800
12,cdi,Taxa de juros CDI,% a.d.,diaria,2022-09-08,2022,9,0.05078800
12,cdi,Taxa de juros CDI,% a.d.,diaria,2022-09-09,2022,9,0.05078800
12,cdi,Taxa de juros CDI,% a.d.,diaria,2022-09-12,2022,9,0.05078800
12,cdi,Taxa de juros CDI,% a.d.,diaria,2022-09-13,2022,9,0.05078800
12,cdi,Taxa de juros CDI,% a.d.,diaria,2022-09-14,2022,9,0.05078800
12,cdi,Taxa de juros CDI,% a.d.,diaria,2022-09-15,2022,9,0.05078800
12,cdi,Taxa de juros CDI,% a.d.,diaria,2022-09-16,2022,9,0.05078800
12,cdi,Taxa de juros CDI,% a.d.,diaria,2022-09-19,2022,9,0.05078800
12,cdi,Taxa de juros CDI,% a.d.,diaria,2022-09-20,2022,9,0.05078800
12,cdi,Taxa de juros CDI,% a.d.,diaria,2022-09-21,2022,9,0.05078800
12,cdi,Taxa de juros CDI,% a.d.,diaria,2022-09-22,2022,9,0.05078800
12,cdi,Taxa de juros CDI,% a.d.,diaria,2022-09-23,2022,9,0.05078800
12,cdi,Taxa de juros CDI,% a.d.,diaria,2022-09-26,2022,9,0.05078800
12,cdi,Taxa de juros CDI,% a.d.,diaria,2022-09-27,2022,9,0.05078800
12,cdi,Taxa de juros CDI,% a.d.,diaria,2022-09-28,2022,9,0.05078800
12,cdi,Taxa de juros CDI,% a.d.,diaria,2022-09-29,2022,9,0.05078800
12,cdi,Taxa de juros CDI,% a.d.,diaria,2022-09-30,2022,9,0.05078800
12,cdi,Taxa de juros CDI,% a.d.,diaria,2022-10-03,2022,10,0.05078800
12,cdi,Taxa de juros CDI,% a.d.,diaria,2022-10-04,2022,10,0.05078800
12,cdi,Taxa de juros CDI,% a.d.,diaria,2022-10-05,2022,10,0.05078800
12,cdi,Taxa de juros CDI,% a.d.,diaria,2022-10-06,2022,10,0.05078800
12,cdi,Taxa de juros CDI,% a.d.,diaria,2022-10-07,2022,10,0.05078800
12,cdi,Taxa de juros CDI,% a.d.,diaria,2022-10-10,2022,10,0.05078800
12,cdi,Taxa de juros CDI,% a.d.,diaria,2022-10-11,2022,10,0.05078800
12,cdi,Taxa de juros CDI,% a.d.,diaria,2022-10-13,2022,10,0.05078800
12,cdi,Taxa de juros CDI,% a.d.,diaria,2022-10-14,2022,10,0.05078800
12,cdi,Taxa de juros CDI,% a.d.,diaria,2022-10-17,2022,10,0.05078800
12,cdi,Taxa de juros CDI,% a.d.,diaria,2022-10-18,2022,10,0.05078800
12,cdi,Taxa de juros CDI,% a.d.,diaria,2022-10-19,2022,10,0.05078800
12,cdi,Taxa de juros CDI,% a.d.,diaria,2022-10-20,2022,10,0.05078800
12,cdi,Taxa de juros CDI,% a.d.,diaria,2022-10-21,2022,10,0.05078800
12,cdi,Taxa de juros CDI,% a.d.,diaria,2022-10-24,2022,10,0.05078800
12,cdi,Taxa de juros CDI,% a.d.,diaria,2022-10-25,2022,10,0.05078800
12,cdi,Taxa de juros CDI,% a.d.,diaria,2022-10-26,2022,10,0.05078800
12,cdi,Taxa de juros CDI,% a.d.,diaria,2022-10-27,2022,10,0.05078800
12,cdi,Taxa de juros CDI,% a.d.,diaria,2022-10-28,2022,10,0.05078800
12,cdi,Taxa de juros CDI,% a.d.,diaria,2022-10-31,2022,10,0.05078800
12,cdi,Taxa de juros CDI,% a.d.,diaria,2022-11-01,2022,11,0.05078800
12,cdi,Taxa de juros CDI,% a.d.,diaria,2022-11-03,2022,11,0.05078800
12,cdi,Taxa de juros CDI,% a.d.,diaria,2022-11-04,2022,11,0.05078800
12,cdi,Taxa de juros CDI,% a.d.,diaria,2022-11-07,2022,11,0.05078800
12,cdi,Taxa de juros CDI,% a.d.,diaria,2022-11-08,2022,11,0.05078800
12,cdi,Taxa de juros CDI,% a.d.,diaria,2022-11-09,2022,11,0.05078800
12,cdi,Taxa de juros CDI,% a.d.,diaria,2022-11-10,2022,11,0.05078800
12,cdi,Taxa de juros CDI,% a.d.,diaria,2022-11-11,2022,11,0.05078800
12,cdi,Taxa de juros CDI,% a.d.,diaria,2022-11-14,2022,11,0.05078800
12,cdi,Taxa de juros CDI,% a.d.,diaria,2022-11-16,2022,11,0.05078800
12,cdi,Taxa de juros CDI,% a.d.,diaria,2022-11-17,2022,11,0.05078800
12,cdi,Taxa de juros CDI,% a.d.,diaria,2022-11-18,2022,11,0.05078800
12,cdi,Taxa de juros CDI,% a.d.,diaria,2022-11-21,2022,11,0.05078800
12,cdi,Taxa de juros CDI,% a.d.,diaria,2022-11-22,2022,11,0.05078800
12,cdi,Taxa de juros CDI,% a.d.,diaria,2022-11-23,2022,11,0.05078800
12,cdi,Taxa de juros CDI,% a.d.,diaria,2022-11-24,2022,11,0.05078800
12,cdi,Taxa de juros CDI,% a.d.,diaria,2022-11-25,2022,11,0.05078800
12,cdi,Taxa de juros CDI,% a.d.,diaria,2022-11-28,2022,11,0.05078800
12,cdi,Taxa de juros CDI,% a.d.,diaria,2022-11-29,2022,11,0.05078800
12,cdi,Taxa de juros CDI,% a.d.,diaria,2022-11-30,2022,11,0.05078800
12,cdi,Taxa de juros CDI,% a.d.,diaria,2022-12-01,2022,12,0.05078800
12,cdi,Taxa de juros CDI,% a.d.,diaria,2022-12-02,2022,12,0.05078800
12,cdi,Taxa de juros CDI,% a.d.,diaria,2022-12-05,2022,12,0.05078800
12,cdi,Taxa de juros CDI,% a.d.,diaria,2022-12-06,2022,12,0.05078800
12,cdi,Taxa de juros CDI,% a.d.,diaria,2022-12-07,2022,12,0.05078800
12,cdi,Taxa de juros CDI,% a.d.,diaria,2022-12-08,2022,12,0.05078800
12,cdi,Taxa de juros CDI,% a.d.,diaria,2022-12-09,2022,12,0.05078800
12,cdi,Taxa de juros CDI,% a.d.,diaria,2022-12-12,2022,12,0.05078800
12,cdi,Taxa de juros CDI,% a.d.,diaria,2022-12-13,2022,12,0.05078800
12,cdi,Taxa de juros CDI,% a.d.,diaria,2022-12-14,2022,12,0.05078800
12,cdi,Taxa de juros CDI,% a.d.,diaria,2022-12-15,2022,12,0.05078800
12,cdi,Taxa de juros CDI,% a.d.,diaria,2022-12-16,2022,12,0.05078800
12,cdi,Taxa de juros CDI,% a.d.,diaria,2022-12-19,2022,12,0.05078800
12,cdi,Taxa de juros CDI,% a.d.,diaria,2022-12-20,2022,12,0.05078800
12,cdi,Taxa de juros CDI,% a.d.,diaria,2022-12-21,2022,12,0.05078800
12,cdi,Taxa de juros CDI,% a.d.,diaria,2022-12-22,2022,12,0.05078800
12,cdi,Taxa de juros CDI,% a.d.,diaria,2022-12-23,2022,12,0.05078800
12,cdi,Taxa de juros CDI,% a.d.,diaria,2022-12-26,2022,12,0.05078800
12,cdi,Taxa de juros CDI,% a.d.,diaria,2022-12-27,2022,12,0.05078800
12,cdi,Taxa de juros CDI,% a.d.,diaria,2022-12-28,2022,12,0.05078800
12,cdi,Taxa de juros CDI,% a.d.,diaria,2022-12-29,2022,12,0.05078800
12,cdi,Taxa de juros CDI,% a.d.,diaria,2022-12-30,2022,12,0.05078800
12,cdi,Taxa de juros CDI,% a.d.,diaria,2023-01-02,2023,1,0.05078800
12,cdi,Taxa de juros CDI,% a.d.,diaria,2023-01-03,2023,1,0.05078800
12,cdi,Taxa de juros CDI,% a.d.,diaria,2023-01-04,2023,1,0.05078800
12,cdi,Taxa de juros CDI,% a.d.,diaria,2023-01-05,2023,1,0.05078800
12,cdi,Taxa de juros CDI,% a.d.,diaria,2023-01-06,2023,1,0.05078800
12,cdi,Taxa de juros CDI,% a.d.,diaria,2023-01-09,2023,1,0.05078800
12,cdi,Taxa de juros CDI,% a.d.,diaria,2023-01-10,2023,1,0.05078800
12,cdi,Taxa de juros CDI,% a.d.,diaria,2023-01-11,2023,1,0.05078800
12,cdi,Taxa de juros CDI,% a.d.,diaria,2023-01-12,2023,1,0.05078800
12,cdi,Taxa de juros CDI,% a.d.,diaria,2023-01-13,2023,1,0.05078800
12,cdi,Taxa de juros CDI,% a.d.,diaria,2023-01-16,2023,1,0.05078800
12,cdi,Taxa de juros CDI,% a.d.,diaria,2023-01-17,2023,1,0.05078800
12,cdi,Taxa de juros CDI,% a.d.,diaria,2023-01-18,2023,1,0.05078800
12,cdi,Taxa de juros CDI,% a.d.,diaria,2023-01-19,2023,1,0.05078800
12,cdi,Taxa de juros CDI,% a.d.,diaria,2023-01-20,2023,1,0.05078800
12,cdi,Taxa de juros CDI,% a.d.,diaria,2023-01-23,2023,1,0.05078800
12,cdi,Taxa de juros CDI,% a.d.,diaria,2023-01-24,2023,1,0.05078800
12,cdi,Taxa de juros CDI,% a.d.,diaria,2023-01-25,2023,1,0.05078800
12,cdi,Taxa de juros CDI,% a.d.,diaria,2023-01-26,2023,1,0.05078800
12,cdi,Taxa de juros CDI,% a.d.,diaria,2023-01-27,2023,1,0.05078800
12,cdi,Taxa de juros CDI,% a.d.,diaria,2023-01-30,2023,1,0.05078800
12,cdi,Taxa de juros CDI,% a.d.,diaria,2023-01-31,2023,1,0.05078800
12,cdi,Taxa de juros CDI,% a.d.,diaria,2023-02-01,2023,2,0.05078800
12,cdi,Taxa de juros CDI,% a.d.,diaria,2023-02-02,2023,2,0.05078800
12,cdi,Taxa de juros CDI,% a.d.,diaria,2023-02-03,2023,2,0.05078800
12,cdi,Taxa de juros CDI,% a.d.,diaria,2023-02-06,2023,2,0.05078800
12,cdi,Taxa de juros CDI,% a.d.,diaria,2023-02-07,2023,2,0.05078800
12,cdi,Taxa de juros CDI,% a.d.,diaria,2023-02-08,2023,2,0.05078800
12,cdi,Taxa de juros CDI,% a.d.,diaria,2023-02-09,2023,2,0.05078800
12,cdi,Taxa de juros CDI,% a.d.,diaria,2023-02-10,2023,2,0.05078800
12,cdi,Taxa de juros CDI,% a.d.,diaria,2023-02-13,2023,2,0.05078800
12,cdi,Taxa de juros CDI,% a.d.,diaria,2023-02-14,2023,2,0.05078800
12,cdi,Taxa de juros CDI,% a.d.,diaria,2023-02-15,2023,2,0.05078800
12,cdi,Taxa de juros CDI,% a.d.,diaria,2023-02-16,2023,2,0.05078800
12,cdi,Taxa de juros CDI,% a.d.,diaria,2023-02-17,2023,2,0.05078800
12,cdi,Taxa de juros CDI,% a.d.,diaria,2023-02-22,2023,2,0.05078800
12,cdi,Taxa de juros CDI,% a.d.,diaria,2023-02-23,2023,2,0.05078800
12,cdi,Taxa de juros CDI,% a.d.,diaria,2023-02-24,2023,2,0.05078800
12,cdi,Taxa de juros CDI,% a.d.,diaria,2023-02-27,2023,2,0.05078800
12,cdi,Taxa de juros CDI,% a.d.,diaria,2023-02-28,2023,2,0.05078800
12,cdi,Taxa de juros CDI,% a.d.,diaria,2023-03-01,2023,3,0.05078800
12,cdi,Taxa de juros CDI,% a.d.,diaria,2023-03-02,2023,3,0.05078800
12,cdi,Taxa de juros CDI,% a.d.,diaria,2023-03-03,2023,3,0.05078800
12,cdi,Taxa de juros CDI,% a.d.,diaria,2023-03-06,2023,3,0.05078800
12,cdi,Taxa de juros CDI,% a.d.,diaria,2023-03-07,2023,3,0.05078800
12,cdi,Taxa de juros CDI,% a.d.,diaria,2023-03-08,2023,3,0.05078800
12,cdi,Taxa de juros CDI,% a.d.,diaria,2023-03-09,2023,3,0.05078800
12,cdi,Taxa de juros CDI,% a.d.,diaria,2023-03-10,2023,3,0.05078800
12,cdi,Taxa de juros CDI,% a.d.,diaria,2023-03-13,2023,3,0.05078800
12,cdi,Taxa de juros CDI,% a.d.,diaria,2023-03-14,2023,3,0.05078800
12,cdi,Taxa de juros CDI,% a.d.,diaria,2023-03-15,2023,3,0.05078800
12,cdi,Taxa de juros CDI,% a.d.,diaria,2023-03-16,2023,3,0.05078800
12,cdi,Taxa de juros CDI,% a.d.,diaria,2023-03-17,2023,3,0.05078800
12,cdi,Taxa de juros CDI,% a.d.,diaria,2023-03-20,2023,3,0.05078800
12,cdi,Taxa de juros CDI,% a.d.,diaria,2023-03-21,2023,3,0.05078800
12,cdi,Taxa de juros CDI,% a.d.,diaria,2023-03-22,2023,3,0.05078800
12,cdi,Taxa de juros CDI,% a.d.,diaria,2023-03-23,2023,3,0.05078800
12,cdi,Taxa de juros CDI,% a.d.,diaria,2023-03-24,2023,3,0.05078800
12,cdi,Taxa de juros CDI,% a.d.,diaria,2023-03-27,2023,3,0.05078800
12,cdi,Taxa de juros CDI,% a.d.,diaria,2023-03-28,2023,3,0.05078800
12,cdi,Taxa de juros CDI,% a.d.,diaria,2023-03-29,2023,3,0.05078800
12,cdi,Taxa de juros CDI,% a.d.,diaria,2023-03-30,2023,3,0.05078800
12,cdi,Taxa de juros CDI,% a.d.,diaria,2023-03-31,2023,3,0.05078800
12,cdi,Taxa de juros CDI,% a.d.,diaria,2023-04-03,2023,4,0.05078800
12,cdi,Taxa de juros CDI,% a.d.,diaria,2023-04-04,2023,4,0.05078800
12,cdi,Taxa de juros CDI,% a.d.,diaria,2023-04-05,2023,4,0.05078800
12,cdi,Taxa de juros CDI,% a.d.,diaria,2023-04-06,2023,4,0.05078800
12,cdi,Taxa de juros CDI,% a.d.,diaria,2023-04-10,2023,4,0.05078800
12,cdi,Taxa de juros CDI,% a.d.,diaria,2023-04-11,2023,4,0.05078800
12,cdi,Taxa de juros CDI,% a.d.,diaria,2023-04-12,2023,4,0.05078800
12,cdi,Taxa de juros CDI,% a.d.,diaria,2023-04-13,2023,4,0.05078800
12,cdi,Taxa de juros CDI,% a.d.,diaria,2023-04-14,2023,4,0.05078800
12,cdi,Taxa de juros CDI,% a.d.,diaria,2023-04-17,2023,4,0.05078800
12,cdi,Taxa de juros CDI,% a.d.,diaria,2023-04-18,2023,4,0.05078800
12,cdi,Taxa de juros CDI,% a.d.,diaria,2023-04-19,2023,4,0.05078800
12,cdi,Taxa de juros CDI,% a.d.,diaria,2023-04-20,2023,4,0.05078800
12,cdi,Taxa de juros CDI,% a.d.,diaria,2023-04-24,2023,4,0.05078800
12,cdi,Taxa de juros CDI,% a.d.,diaria,2023-04-25,2023,4,0.05078800
12,cdi,Taxa de juros CDI,% a.d.,diaria,2023-04-26,2023,4,0.05078800
12,cdi,Taxa de juros CDI,% a.d.,diaria,2023-04-27,2023,4,0.05078800
12,cdi,Taxa de juros CDI,% a.d.,diaria,2023-04-28,2023,4,0.05078800
12,cdi,Taxa de juros CDI,% a.d.,diaria,2023-05-02,2023,5,0.05078800
12,cdi,Taxa de juros CDI,% a.d.,diaria,2023-05-03,2023,5,0.05078800
12,cdi,Taxa de juros CDI,% a.d.,diaria,2023-05-04,2023,5,0.05078800
12,cdi,Taxa de juros CDI,% a.d.,diaria,2023-05-05,2023,5,0.05078800
12,cdi,Taxa de juros CDI,% a.d.,diaria,2023-05-08,2023,5,0.05078800
12,cdi,Taxa de juros CDI,% a.d.,diaria,2023-05-09,2023,5,0.05078800
12,cdi,Taxa de juros CDI,% a.d.,diaria,2023-05-10,2023,5,0.05078800
12,cdi,Taxa de juros CDI,% a.d.,diaria,2023-05-11,2023,5,0.05078800
12,cdi,Taxa de juros CDI,% a.d.,diaria,2023-05-12,2023,5,0.05078800
12,cdi,Taxa de juros CDI,% a.d.,diaria,2023-05-15,2023,5,0.05078800
12,cdi,Taxa de juros CDI,% a.d.,diaria,2023-05-16,2023,5,0.05078800
12,cdi,Taxa de juros CDI,% a.d.,diaria,2023-05-17,2023,5,0.05078800
12,cdi,Taxa de juros CDI,% a.d.,diaria,2023-05-18,2023,5,0.05078800
12,cdi,Taxa de juros CDI,% a.d.,diaria,2023-05-19,2023,5,0.05078800
12,cdi,Taxa de juros CDI,% a.d.,diaria,2023-05-22,2023,5,0.05078800
12,cdi,Taxa de juros CDI,% a.d.,diaria,2023-05-23,2023,5,0.05078800
12,cdi,Taxa de juros CDI,% a.d.,diaria,2023-05-24,2023,5,0.05078800
12,cdi,Taxa de juros CDI,% a.d.,diaria,2023-05-25,2023,5,0.05078800
12,cdi,Taxa de juros CDI,% a.d.,diaria,2023-05-26,2023,5,0.05078800
12,cdi,Taxa de juros CDI,% a.d.,diaria,2023-05-29,2023,5,0.05078800
12,cdi,Taxa de juros CDI,% a.d.,diaria,2023-05-30,2023,5,0.05078800
12,cdi,Taxa de juros CDI,% a.d.,diaria,2023-05-31,2023,5,0.05078800
12,cdi,Taxa de juros CDI,% a.d.,diaria,2023-06-01,2023,6,0.05078800
12,cdi,Taxa de juros CDI,% a.d.,diaria,2023-06-02,2023,6,0.05078800
12,cdi,Taxa de juros CDI,% a.d.,diaria,2023-06-05,2023,6,0.05078800
12,cdi,Taxa de juros CDI,% a.d.,diaria,2023-06-06,2023,6,0.05078800
12,cdi,Taxa de juros CDI,% a.d.,diaria,2023-06-07,2023,6,0.05078800
12,cdi,Taxa de juros CDI,% a.d.,diaria,2023-06-09,2023,6,0.05078800
12,cdi,Taxa de juros CDI,% a.d.,diaria,2023-06-12,2023,6,0.05078800
12,cdi,Taxa de juros CDI,% a.d.,diaria,2023-06-13,2023,6,0.05078800
12,cdi,Taxa de juros CDI,% a.d.,diaria,2023-06-14,2023,6,0.05078800
12,cdi,Taxa de juros CDI,% a.d.,diaria,2023-06-15,2023,6,0.05078800
12,cdi,Taxa de juros CDI,% a.d.,diaria,2023-06-16,2023,6,0.05078800
12,cdi,Taxa de juros CDI,% a.d.,diaria,2023-06-19,2023,6,0.05078800
12,cdi,Taxa de juros CDI,% a.d.,diaria,2023-06-20,2023,6,0.05078800
12,cdi,Taxa de juros CDI,% a.d.,diaria,2023-06-21,2023,6,0.05078800
12,cdi,Taxa de juros CDI,% a.d.,diaria,2023-06-22,2023,6,0.05078800
12,cdi,Taxa de juros CDI,% a.d.,diaria,2023-06-23,2023,6,0.05078800
12,cdi,Taxa de juros CDI,% a.d.,diaria,2023-06-26,2023,6,0.05078800
12,cdi,Taxa de juros CDI,% a.d.,diaria,2023-06-27,2023,6,0.05078800
12,cdi,Taxa de juros CDI,% a.d.,diaria,2023-06-28,2023,6,0.05078800
12,cdi,Taxa de juros CDI,% a.d.,diaria,2023-06-29,2023,6,0.05078800
12,cdi,Taxa de juros CDI,% a.d.,diaria,2023-06-30,2023,6,0.05078800
12,cdi,Taxa de juros CDI,% a.d.,diaria,2023-07-03,2023,7,0.05078800
12,cdi,Taxa de juros CDI,% a.d.,diaria,2023-07-04,2023,7,0.05078800
12,cdi,Taxa de juros CDI,% a.d.,diaria,2023-07-05,2023,7,0.05078800
12,cdi,Taxa de juros CDI,% a.d.,diaria,2023-07-06,2023,7,0.05078800
12,cdi,Taxa de juros CDI,% a.d.,diaria,2023-07-07,2023,7,0.05078800
12,cdi,Taxa de juros CDI,% a.d.,diaria,2023-07-10,2023,7,0.05078800
12,cdi,Taxa de juros CDI,% a.d.,diaria,2023-07-11,2023,7,0.05078800
12,cdi,Taxa de juros CDI,% a.d.,diaria,2023-07-12,2023,7,0.05078800
12,cdi,Taxa de juros CDI,% a.d.,diaria,2023-07-13,2023,7,0.05078800
12,cdi,Taxa de juros CDI,% a.d.,diaria,2023-07-14,2023,7,0.05078800
12,cdi,Taxa de juros CDI,% a.d.,diaria,2023-07-17,2023,7,0.05078800
12,cdi,Taxa de juros CDI,% a.d.,diaria,2023-07-18,2023,7,0.05078800
12,cdi,Taxa de juros CDI,% a.d.,diaria,2023-07-19,2023,7,0.05078800
12,cdi,Taxa de juros CDI,% a.d.,diaria,2023-07-20,2023,7,0.05078800
12,cdi,Taxa de juros CDI,% a.d.,diaria,2023-07-21,2023,7,0.05078800
12,cdi,Taxa de juros CDI,% a.d.,diaria,2023-07-24,2023,7,0.05078800
12,cdi,Taxa de juros CDI,% a.d.,diaria,2023-07-25,2023,7,0.05078800
12,cdi,Taxa de juros CDI,% a.d.,diaria,2023-07-26,2023,7,0.05078800
12,cdi,Taxa de juros CDI,% a.d.,diaria,2023-07-27,2023,7,0.05078800
12,cdi,Taxa de juros CDI,% a.d.,diaria,2023-07-28,2023,7,0.05078800
12,cdi,Taxa de juros CDI,% a.d.,diaria,2023-07-31,2023,7,0.05078800
12,cdi,Taxa de juros CDI,% a.d.,diaria,2023-08-01,2023,8,0.05078800
12,cdi,Taxa de juros CDI,% a.d.,diaria,2023-08-02,2023,8,0.05078800
12,cdi,Taxa de juros CDI,% a.d.,diaria,2023-08-03,2023,8,0.04903700
12,cdi,Taxa de juros CDI,% a.d.,diaria,2023-08-04,2023,8,0.04903700
12,cdi,Taxa de juros CDI,% a.d.,diaria,2023-08-07,2023,8,0.04903700
12,cdi,Taxa de juros CDI,% a.d.,diaria,2023-08-08,2023,8,0.04903700
12,cdi,Taxa de juros CDI,% a.d.,diaria,2023-08-09,2023,8,0.04903700
12,cdi,Taxa de juros CDI,% a.d.,diaria,2023-08-10,2023,8,0.04903700
12,cdi,Taxa de juros CDI,% a.d.,diaria,2023-08-11,2023,8,0.04903700
12,cdi,Taxa de juros CDI,% a.d.,diaria,2023-08-14,2023,8,0.04903700
12,cdi,Taxa de juros CDI,% a.d.,diaria,2023-08-15,2023,8,0.04903700
12,cdi,Taxa de juros CDI,% a.d.,diaria,2023-08-16,2023,8,0.04903700
12,cdi,Taxa de juros CDI,% a.d.,diaria,2023-08-17,2023,8,0.04903700
12,cdi,Taxa de juros CDI,% a.d.,diaria,2023-08-18,2023,8,0.04903700
12,cdi,Taxa de juros CDI,% a.d.,diaria,2023-08-21,2023,8,0.04903700
12,cdi,Taxa de juros CDI,% a.d.,diaria,2023-08-22,2023,8,0.04903700
12,cdi,Taxa de juros CDI,% a.d.,diaria,2023-08-23,2023,8,0.04903700
12,cdi,Taxa de juros CDI,% a.d.,diaria,2023-08-24,2023,8,0.04903700
12,cdi,Taxa de juros CDI,% a.d.,diaria,2023-08-25,2023,8,0.04903700
12,cdi,Taxa de juros CDI,% a.d.,diaria,2023-08-28,2023,8,0.04903700
12,cdi,Taxa de juros CDI,% a.d.,diaria,2023-08-29,2023,8,0.04903700
12,cdi,Taxa de juros CDI,% a.d.,diaria,2023-08-30,2023,8,0.04903700
12,cdi,Taxa de juros CDI,% a.d.,diaria,2023-08-31,2023,8,0.04903700
12,cdi,Taxa de juros CDI,% a.d.,diaria,2023-09-01,2023,9,0.04903700
12,cdi,Taxa de juros CDI,% a.d.,diaria,2023-09-04,2023,9,0.04903700
12,cdi,Taxa de juros CDI,% a.d.,diaria,2023-09-05,2023,9,0.04903700
12,cdi,Taxa de juros CDI,% a.d.,diaria,2023-09-06,2023,9,0.04903700
12,cdi,Taxa de juros CDI,% a.d.,diaria,2023-09-08,2023,9,0.04903700
12,cdi,Taxa de juros CDI,% a.d.,diaria,2023-09-11,2023,9,0.04903700
12,cdi,Taxa de juros CDI,% a.d.,diaria,2023-09-12,2023,9,0.04903700
12,cdi,Taxa de juros CDI,% a.d.,diaria,2023-09-13,2023,9,0.04903700
12,cdi,Taxa de juros CDI,% a.d.,diaria,2023-09-14,2023,9,0.04903700
12,cdi,Taxa de juros CDI,% a.d.,diaria,2023-09-15,2023,9,0.04903700
12,cdi,Taxa de juros CDI,% a.d.,diaria,2023-09-18,2023,9,0.04903700
12,cdi,Taxa de juros CDI,% a.d.,diaria,2023-09-19,2023,9,0.04903700
12,cdi,Taxa de juros CDI,% a.d.,diaria,2023-09-20,2023,9,0.04903700
12,cdi,Taxa de juros CDI,% a.d.,diaria,2023-09-21,2023,9,0.04727900
12,cdi,Taxa de juros CDI,% a.d.,diaria,2023-09-22,2023,9,0.04727900
12,cdi,Taxa de juros CDI,% a.d.,diaria,2023-09-25,2023,9,0.04727900
12,cdi,Taxa de juros CDI,% a.d.,diaria,2023-09-26,2023,9,0.04727900
12,cdi,Taxa de juros CDI,% a.d.,diaria,2023-09-27,2023,9,0.04727900
12,cdi,Taxa de juros CDI,% a.d.,diaria,2023-09-28,2023,9,0.04727900
12,cdi,Taxa de juros CDI,% a.d.,diaria,2023-09-29,2023,9,0.04727900
12,cdi,Taxa de juros CDI,% a.d.,diaria,2023-10-02,2023,10,0.04727900
12,cdi,Taxa de juros CDI,% a.d.,diaria,2023-10-03,2023,10,0.04727900
12,cdi,Taxa de juros CDI,% a.d.,diaria,2023-10-04,2023,10,0.04727900
12,cdi,Taxa de juros CDI,% a.d.,diaria,2023-10-05,2023,10,0.04727900
12,cdi,Taxa de juros CDI,% a.d.,diaria,2023-10-06,2023,10,0.04727900
12,cdi,Taxa de juros CDI,% a.d.,diaria,2023-10-09,2023,10,0.04727900
12,cdi,Taxa de juros CDI,% a.d.,diaria,2023-10-10,2023,10,0.04727900
12,cdi,Taxa de juros CDI,% a.d.,diaria,2023-10-11,2023,10,0.04727900
12,cdi,Taxa de juros CDI,% a.d.,diaria,2023-10-13,2023,10,0.04727900
12,cdi,Taxa de juros CDI,% a.d.,diaria,2023-10-16,2023,10,0.04727900
12,cdi,Taxa de juros CDI,% a.d.,diaria,2023-10-17,2023,10,0.04727900
12,cdi,Taxa de juros CDI,% a.d.,diaria,2023-10-18,2023,10,0.04727900
12,cdi,Taxa de juros CDI,% a.d.,diaria,2023-10-19,2023,10,0.04727900
12,cdi,Taxa de juros CDI,% a.d.,diaria,2023-10-20,2023,10,0.04727900
12,cdi,Taxa de juros CDI,% a.d.,diaria,2023-10-23,2023,10,0.04727900
12,cdi,Taxa de juros CDI,% a.d.,diaria,2023-10-24,2023,10,0.04727900
12,cdi,Taxa de juros CDI,% a.d.,diaria,2023-10-25,2023,10,0.04727900
12,cdi,Taxa de juros CDI,% a.d.,diaria,2023-10-26,2023,10,0.04727900
12,cdi,Taxa de juros CDI,% a.d.,diaria,2023-10-27,2023,10,0.04727900
12,cdi,Taxa de juros CDI,% a.d.,diaria,2023-10-30,2023,10,0.04727900
12,cdi,Taxa de juros CDI,% a.d.,diaria,2023-10-31,2023,10,0.04727900
12,cdi,Taxa de juros CDI,% a.d.,diaria,2023-11-01,2023,11,0.04727900
12,cdi,Taxa de juros CDI,% a.d.,diaria,2023-11-03,2023,11,0.04551300
12,cdi,Taxa de juros CDI,% a.d.,diaria,2023-11-06,2023,11,0.04551300
12,cdi,Taxa de juros CDI,% a.d.,diaria,2023-11-07,2023,11,0.04551300
12,cdi,Taxa de juros CDI,% a.d.,diaria,2023-11-08,2023,11,0.04551300
12,cdi,Taxa de juros CDI,% a.d.,diaria,2023-11-09,2023,11,0.04551300
12,cdi,Taxa de juros CDI,% a.d.,diaria,2023-11-10,2023,11,0.04551300
12,cdi,Taxa de juros CDI,% a.d.,diaria,2023-11-13,2023,11,0.04551300
12,cdi,Taxa de juros CDI,% a.d.,diaria,2023-11-14,2023,11,0.04551300
12,cdi,Taxa de juros CDI,% a.d.,diaria,2023-11-16,2023,11,0.04551300
12,cdi,Taxa de juros CDI,% a.d.,diaria,2023-11-17,2023,11,0.04551300
12,cdi,Taxa de juros CDI,% a.d.,diaria,2023-11-20,2023,11,0.04551300
12,cdi,Taxa de juros CDI,% a.d.,diaria,2023-11-21,2023,11,0.04551300
12,cdi,Taxa de juros CDI,% a.d.,diaria,2023-11-22,2023,11,0.04551300
12,cdi,Taxa de juros CDI,% a.d.,diaria,2023-11-23,2023,11,0.04551300
12,cdi,Taxa de juros CDI,% a.d.,diaria,2023-11-24,2023,11,0.04551300
12,cdi,Taxa de juros CDI,% a.d.,diaria,2023-11-27,2023,11,0.04551300
12,cdi,Taxa de juros CDI,% a.d.,diaria,2023-11-28,2023,11,0.04551300
12,cdi,Taxa de juros CDI,% a.d.,diaria,2023-11-29,2023,11,0.04551300
12,cdi,Taxa de juros CDI,% a.d.,diaria,2023-11-30,2023,11,0.04551300
12,cdi,Taxa de juros CDI,% a.d.,diaria,2023-12-01,2023,12,0.04551300
12,cdi,Taxa de juros CDI,% a.d.,diaria,2023-12-04,2023,12,0.04551300
12,cdi,Taxa de juros CDI,% a.d.,diaria,2023-12-05,2023,12,0.04551300
12,cdi,Taxa de juros CDI,% a.d.,diaria,2023-12-06,2023,12,0.04551300
12,cdi,Taxa de juros CDI,% a.d.,diaria,2023-12-07,2023,12,0.04551300
12,cdi,Taxa de juros CDI,% a.d.,diaria,2023-12-08,2023,12,0.04551300
12,cdi,Taxa de juros CDI,% a.d.,diaria,2023-12-11,2023,12,0.04551300
12,cdi,Taxa de juros CDI,% a.d.,diaria,2023-12-12,2023,12,0.04551300
12,cdi,Taxa de juros CDI,% a.d.,diaria,2023-12-13,2023,12,0.04551300
12,cdi,Taxa de juros CDI,% a.d.,diaria,2023-12-14,2023,12,0.04373900
12,cdi,Taxa de juros CDI,% a.d.,diaria,2023-12-15,2023,12,0.04373900
12,cdi,Taxa de juros CDI,% a.d.,diaria,2023-12-18,2023,12,0.04373900
12,cdi,Taxa de juros CDI,% a.d.,diaria,2023-12-19,2023,12,0.04373900
12,cdi,Taxa de juros CDI,% a.d.,diaria,2023-12-20,2023,12,0.04373900
12,cdi,Taxa de juros CDI,% a.d.,diaria,2023-12-21,2023,12,0.04373900
12,cdi,Taxa de juros CDI,% a.d.,diaria,2023-12-22,2023,12,0.04373900
12,cdi,Taxa de juros CDI,% a.d.,diaria,2023-12-26,2023,12,0.04373900
12,cdi,Taxa de juros CDI,% a.d.,diaria,2023-12-27,2023,12,0.04373900
12,cdi,Taxa de juros CDI,% a.d.,diaria,2023-12-28,2023,12,0.04373900
12,cdi,Taxa de juros CDI,% a.d.,diaria,2023-12-29,2023,12,0.04373900
12,cdi,Taxa de juros CDI,% a.d.,diaria,2024-01-02,2024,1,0.04373900
12,cdi,Taxa de juros CDI,% a.d.,diaria,2024-01-03,2024,1,0.04373900
12,cdi,Taxa de juros CDI,% a.d.,diaria,2024-01-04,2024,1,0.04373900
12,cdi,Taxa de juros CDI,% a.d.,diaria,2024-01-05,2024,1,0.04373900
12,cdi,Taxa de juros CDI,% a.d.,diaria,2024-01-08,2024,1,0.04373900
12,cdi,Taxa de juros CDI,% a.d.,diaria,2024-01-09,2024,1,0.04373900
12,cdi,Taxa de juros CDI,% a.d.,diaria,2024-01-10,2024,1,0.04373900
12,cdi,Taxa de juros CDI,% a.d.,diaria,2024-01-11,2024,1,0.04373900
12,cdi,Taxa de juros CDI,% a.d.,diaria,2024-01-12,2024,1,0.04373900
12,cdi,Taxa de juros CDI,% a.d.,diaria,2024-01-15,2024,1,0.04373900
12,cdi,Taxa de juros CDI,% a.d.,diaria,2024-01-16,2024,1,0.04373900
12,cdi,Taxa de juros CDI,% a.d.,diaria,2024-01-17,2024,1,0.04373900
12,cdi,Taxa de juros CDI,% a.d.,diaria,2024-01-18,2024,1,0.04373900
12,cdi,Taxa de juros CDI,% a.d.,diaria,2024-01-19,2024,1,0.04373900
12,cdi,Taxa de juros CDI,% a.d.,diaria,2024-01-22,2024,1,0.04373900
12,cdi,Taxa de juros CDI,% a.d.,diaria,2024-01-23,2024,1,0.04373900
12,cdi,Taxa de juros CDI,% a.d.,diaria,2024-01-24,2024,1,0.04373900
12,cdi,Taxa de juros CDI,% a.d.,diaria,2024-01-25,2024,1,0.04373900
12,cdi,Taxa de juros CDI,% a.d.,diaria,2024-01-26,2024,1,0.04373900
12,cdi,Taxa de juros CDI,% a.d.,diaria,2024-01-29,2024,1,0.04373900
12,cdi,Taxa de juros CDI,% a.d.,diaria,2024-01-30,2024,1,0.04373900
12,cdi,Taxa de juros CDI,% a.d.,diaria,2024-01-31,2024,1,0.04373900
12,cdi,Taxa de juros CDI,% a.d.,diaria,2024-02-01,2024,2,0.04195700
12,cdi,Taxa de juros CDI,% a.d.,diaria,2024-02-02,2024,2,0.04195700
12,cdi,Taxa de juros CDI,% a.d.,diaria,2024-02-05,2024,2,0.04195700
12,cdi,Taxa de juros CDI,% a.d.,diaria,2024-02-06,2024,2,0.04195700
12,cdi,Taxa de juros CDI,% a.d.,diaria,2024-02-07,2024,2,0.04195700
12,cdi,Taxa de juros CDI,% a.d.,diaria,2024-02-08,2024,2,0.04195700
12,cdi,Taxa de juros CDI,% a.d.,diaria,2024-02-09,2024,2,0.04195700
12,cdi,Taxa de juros CDI,% a.d.,diaria,2024-02-14,2024,2,0.04195700
12,cdi,Taxa de juros CDI,% a.d.,diaria,2024-02-15,2024,2,0.04195700
12,cdi,Taxa de juros CDI,% a.d.,diaria,2024-02-16,2024,2,0.04195700
12,cdi,Taxa de juros CDI,% a.d.,diaria,2024-02-19,2024,2,0.04195700
12,cdi,Taxa de juros CDI,% a.d.,diaria,2024-02-20,2024,2,0.04195700
12,cdi,Taxa de juros CDI,% a.d.,diaria,2024-02-21,2024,2,0.04195700
12,cdi,Taxa de juros CDI,% a.d.,diaria,2024-02-22,2024,2,0.04195700
12,cdi,Taxa de juros CDI,% a.d.,diaria,2024-02-23,2024,2,0.04195700
12,cdi,Taxa de juros CDI,% a.d.,diaria,2024-02-26,2024,2,0.04195700
12,cdi,Taxa de juros CDI,% a.d.,diaria,2024-02-27,2024,2,0.04195700
12,cdi,Taxa de juros CDI,% a.d.,diaria,2024-02-28,2024,2,0.04195700
12,cdi,Taxa de juros CDI,% a.d.,diaria,2024-02-29,2024,2,0.04195700
12,cdi,Taxa de juros CDI,% a.d.,diaria,2024-03-01,2024,3,0.04195700
12,cdi,Taxa de juros CDI,% a.d.,diaria,2024-03-04,2024,3,0.04195700
12,cdi,Taxa de juros CDI,% a.d.,diaria,2024-03-05,2024,3,0.04195700
12,cdi,Taxa de juros CDI,% a.d.,diaria,2024-03-06,2024,3,0.04195700
12,cdi,Taxa de juros CDI,% a.d.,diaria,2024-03-07,2024,3,0.04195700
12,cdi,Taxa de juros CDI,% a.d.,diaria,2024-03-08,2024,3,0.04195700
12,cdi,Taxa de juros CDI,% a.d.,diaria,2024-03-11,2024,3,0.04195700
12,cdi,Taxa de juros CDI,% a.d.,diaria,2024-03-12,2024,3,0.04195700
12,cdi,Taxa de juros CDI,% a.d.,diaria,2024-03-13,2024,3,0.04195700
12,cdi,Taxa de juros CDI,% a.d.,diaria,2024-03-14,2024,3,0.04195700
12,cdi,Taxa de juros CDI,% a.d.,diaria,2024-03-15,2024,3,0.04195700
12,cdi,Taxa de juros CDI,% a.d.,diaria,2024-03-18,2024,3,0.04195700
12,cdi,Taxa de juros CDI,% a.d.,diaria,2024-03-19,2024,3,0.04195700
12,cdi,Taxa de juros CDI,% a.d.,diaria,2024-03-20,2024,3,0.04195700
12,cdi,Taxa de juros CDI,% a.d.,diaria,2024-03-21,2024,3,0.04016800
12,cdi,Taxa de juros CDI,% a.d.,diaria,2024-03-22,2024,3,0.04016800
12,cdi,Taxa de juros CDI,% a.d.,diaria,2024-03-25,2024,3,0.04016800
12,cdi,Taxa de juros CDI,% a.d.,diaria,2024-03-26,2024,3,0.04016800
12,cdi,Taxa de juros CDI,% a.d.,diaria,2024-03-27,2024,3,0.04016800
12,cdi,Taxa de juros CDI,% a.d.,diaria,2024-03-28,2024,3,0.04016800
12,cdi,Taxa de juros CDI,% a.d.,diaria,2024-04-01,2024,4,0.04016800
12,cdi,Taxa de juros CDI,% a.d.,diaria,2024-04-02,2024,4,0.04016800
12,cdi,Taxa de juros CDI,% a.d.,diaria,2024-04-03,2024,4,0.04016800
12,cdi,Taxa de juros CDI,% a.d.,diaria,2024-04-04,2024,4,0.04016800
12,cdi,Taxa de juros CDI,% a.d.,diaria,2024-04-05,2024,4,0.04016800
12,cdi,Taxa de juros CDI,% a.d.,diaria,2024-04-08,2024,4,0.04016800
12,cdi,Taxa de juros CDI,% a.d.,diaria,2024-04-09,2024,4,0.04016800
12,cdi,Taxa de juros CDI,% a.d.,diaria,2024-04-10,2024,4,0.04016800
12,cdi,Taxa de juros CDI,% a.d.,diaria,2024-04-11,2024,4,0.04016800
12,cdi,Taxa de juros CDI,% a.d.,diaria,2024-04-12,2024,4,0.04016800
12,cdi,Taxa de juros CDI,% a.d.,diaria,2024-04-15,2024,4,0.04016800
12,cdi,Taxa de juros CDI,% a.d.,diaria,2024-04-16,2024,4,0.04016800
12,cdi,Taxa de juros CDI,% a.d.,diaria,2024-04-17,2024,4,0.04016800
12,cdi,Taxa de juros CDI,% a.d.,diaria,2024-04-18,2024,4,0.04016800
12,cdi,Taxa de juros CDI,% a.d.,diaria,2024-04-19,2024,4,0.04016800
12,cdi,Taxa de juros CDI,% a.d.,diaria,2024-04-22,2024,4,0.04016800
12,cdi,Taxa de juros CDI,% a.d.,diaria,2024-04-23,2024,4,0.04016800
12,cdi,Taxa de juros CDI,% a.d.,diaria,2024-04-24,2024,4,0.04016800
12,cdi,Taxa de juros CDI,% a.d.,diaria,2024-04-25,2024,4,0.04016800
12,cdi,Taxa de juros CDI,% a.d.,diaria,2024-04-26,2024,4,0.04016800
12,cdi,Taxa de juros CDI,% a.d.,diaria,2024-04-29,2024,4,0.04016800
12,cdi,Taxa de juros CDI,% a.d.,diaria,2024-04-30,2024,4,0.04016800
12,cdi,Taxa de juros CDI,% a.d.,diaria,2024-05-02,2024,5,0.04016800
12,cdi,Taxa de juros CDI,% a.d.,diaria,2024-05-03,2024,5,0.04016800
12,cdi,Taxa de juros CDI,% a.d.,diaria,2024-05-06,2024,5,0.04016800
12,cdi,Taxa de juros CDI,% a.d.,diaria,2024-05-07,2024,5,0.04016800
12,cdi,Taxa de juros CDI,% a.d.,diaria,2024-05-08,2024,5,0.04016800
12,cdi,Taxa de juros CDI,% a.d.,diaria,2024-05-09,2024,5,0.03927000
12,cdi,Taxa de juros CDI,% a.d.,diaria,2024-05-10,2024,5,0.03927000
12,cdi,Taxa de juros CDI,% a.d.,diaria,2024-05-13,2024,5,0.03927000
12,cdi,Taxa de juros CDI,% a.d.,diaria,2024-05-14,2024,5,0.03927000
12,cdi,Taxa de juros CDI,% a.d.,diaria,2024-05-15,2024,5,0.03927000
12,cdi,Taxa de juros CDI,% a.d.,diaria,2024-05-16,2024,5,0.03927000
12,cdi,Taxa de juros CDI,% a.d.,diaria,2024-05-17,2024,5,0.03927000
12,cdi,Taxa de juros CDI,% a.d.,diaria,2024-05-20,2024,5,0.03927000
12,cdi,Taxa de juros CDI,% a.d.,diaria,2024-05-21,2024,5,0.03927000
12,cdi,Taxa de juros CDI,% a.d.,diaria,2024-05-22,2024,5,0.03927000
12,cdi,Taxa de juros CDI,% a.d.,diaria,2024-05-23,2024,5,0.03927000
12,cdi,Taxa de juros CDI,% a.d.,diaria,2024-05-24,2024,5,0.03927000
12,cdi,Taxa de juros CDI,% a.d.,diaria,2024-05-27,2024,5,0.03927000
12,cdi,Taxa de juros CDI,% a.d.,diaria,2024-05-28,2024,5,0.03927000
12,cdi,Taxa de juros CDI,% a.d.,diaria,2024-05-29,2024,5,0.03927000
12,cdi,Taxa de juros CDI,% a.d.,diaria,2024-05-31,2024,5,0.03927000
12,cdi,Taxa de juros CDI,% a.d.,diaria,2024-06-03,2024,6,0.03927000
12,cdi,Taxa de juros CDI,% a.d.,diaria,2024-06-04,2024,6,0.03927000
12,cdi,Taxa de juros CDI,% a.d.,diaria,2024-06-05,2024,6,0.03927000
12,cdi,Taxa de juros CDI,% a.d.,diaria,2024-06-06,2024,6,0.03927000
12,cdi,Taxa de juros CDI,% a.d.,diaria,2024-06-07,2024,6,0.03927000
12,cdi,Taxa de juros CDI,% a.d.,diaria,2024-06-10,2024,6,0.03927000
12,cdi,Taxa de juros CDI,% a.d.,diaria,2024-06-11,2024,6,0.03927000
12,cdi,Taxa de juros CDI,% a.d.,diaria,2024-06-12,2024,6,0.03927000
12,cdi,Taxa de juros CDI,% a.d.,diaria,2024-06-13,2024,6,0.03927000
12,cdi,Taxa de juros CDI,% a.d.,diaria,2024-06-14,2024,6,0.03927000
12,cdi,Taxa de juros CDI,% a.d.,diaria,2024-06-17,2024,6,0.03927000
12,cdi,Taxa de juros CDI,% a.d.,diaria,2024-06-18,2024,6,0.03927000
12,cdi,Taxa de juros CDI,% a.d.,diaria,2024-06-19,2024,6,0.03927000
12,cdi,Taxa de juros CDI,% a.d.,diaria,2024-06-20,2024,6,0.03927000
12,cdi,Taxa de juros CDI,% a.d.,diaria,2024-06-21,2024,6,0.03927000
12,cdi,Taxa de juros CDI,% a.d.,diaria,2024-06-24,2024,6,0.03927000
12,cdi,Taxa de juros CDI,% a.d.,diaria,2024-06-25,2024,6,0.03927000
12,cdi,Taxa de juros CDI,% a.d.,diaria,2024-06-26,2024,6,0.03927000
12,cdi,Taxa de juros CDI,% a.d.,diaria,2024-06-27,2024,6,0.03927000
12,cdi,Taxa de juros CDI,% a.d.,diaria,2024-06-28,2024,6,0.03927000
12,cdi,Taxa de juros CDI,% a.d.,diaria,2024-07-01,2024,7,0.03927000
12,cdi,Taxa de juros CDI,% a.d.,diaria,2024-07-02,2024,7,0.03927000
12,cdi,Taxa de juros CDI,% a.d.,diaria,2024-07-03,2024,7,0.03927000
12,cdi,Taxa de juros CDI,% a.d.,diaria,2024-07-04,2024,7,0.03927000
12,cdi,Taxa de juros CDI,% a.d.,diaria,2024-07-05,2024,7,0.03927000
12,cdi,Taxa de juros CDI,% a.d.,diaria,2024-07-08,2024,7,0.03927000
12,cdi,Taxa de juros CDI,% a.d.,diaria,2024-07-09,2024,7,0.03927000
12,cdi,Taxa de juros CDI,% a.d.,diaria,2024-07-10,2024,7,0.03927000
12,cdi,Taxa de juros CDI,% a.d.,diaria,2024-07-11,2024,7,0.03927000
12,cdi,Taxa de juros CDI,% a.d.,diaria,2024-07-12,2024,7,0.03927000
12,cdi,Taxa de juros CDI,% a.d.,diaria,2024-07-15,2024,7,0.03927000
12,cdi,Taxa de juros CDI,% a.d.,diaria,2024-07-16,2024,7,0.03927000
12,cdi,Taxa de juros CDI,% a.d.,diaria,2024-07-17,2024,7,0.03927000
12,cdi,Taxa de juros CDI,% a.d.,diaria,2024-07-18,2024,7,0.03927000
12,cdi,Taxa de juros CDI,% a.d.,diaria,2024-07-19,2024,7,0.03927000
12,cdi,Taxa de juros CDI,% a.d.,diaria,2024-07-22,2024,7,0.03927000
12,cdi,Taxa de juros CDI,% a.d.,diaria,2024-07-23,2024,7,0.03927000
12,cdi,Taxa de juros CDI,% a.d.,diaria,2024-07-24,2024,7,0.03927000
12,cdi,Taxa de juros CDI,% a.d.,diaria,2024-07-25,2024,7,0.03927000
12,cdi,Taxa de juros CDI,% a.d.,diaria,2024-07-26,2024,7,0.03927000
12,cdi,Taxa de juros CDI,% a.d.,diaria,2024-07-29,2024,7,0.03927000
12,cdi,Taxa de juros CDI,% a.d.,diaria,2024-07-30,2024,7,0.03927000
12,cdi,Taxa de juros CDI,% a.d.,diaria,2024-07-31,2024,7,0.03927000
12,cdi,Taxa de juros CDI,% a.d.,diaria,2024-08-01,2024,8,0.03927000
12,cdi,Taxa de juros CDI,% a.d.,diaria,2024-08-02,2024,8,0.03927000
12,cdi,Taxa de juros CDI,% a.d.,diaria,2024-08-05,2024,8,0.03927000
12,cdi,Taxa de juros CDI,% a.d.,diaria,2024-08-06,2024,8,0.03927000
12,cdi,Taxa de juros CDI,% a.d.,diaria,2024-08-07,2024,8,0.03927000
12,cdi,Taxa de juros CDI,% a.d.,diaria,2024-08-08,2024,8,0.03927000
12,cdi,Taxa de juros CDI,% a.d.,diaria,2024-08-09,2024,8,0.03927000
12,cdi,Taxa de juros CDI,% a.d.,diaria,2024-08-12,2024,8,0.03927000
12,cdi,Taxa de juros CDI,% a.d.,diaria,2024-08-13,2024,8,0.03927000
12,cdi,Taxa de juros CDI,% a.d.,diaria,2024-08-14,2024,8,0.03927000
12,cdi,Taxa de juros CDI,% a.d.,diaria,2024-08-15,2024,8,0.03927000
12,cdi,Taxa de juros CDI,% a.d.,diaria,2024-08-16,2024,8,0.03927000
12,cdi,Taxa de juros CDI,% a.d.,diaria,2024-08-19,2024,8,0.03927000
12,cdi,Taxa de juros CDI,% a.d.,diaria,2024-08-20,2024,8,0.03927000
12,cdi,Taxa de juros CDI,% a.d.,diaria,2024-08-21,2024,8,0.03927000
12,cdi,Taxa de juros CDI,% a.d.,diaria,2024-08-22,2024,8,0.03927000
12,cdi,Taxa de juros CDI,% a.d.,diaria,2024-08-23,2024,8,0.03927000
12,cdi,Taxa de juros CDI,% a.d.,diaria,2024-08-26,2024,8,0.03927000
12,cdi,Taxa de juros CDI,% a.d.,diaria,2024-08-27,2024,8,0.03927000
12,cdi,Taxa de juros CDI,% a.d.,diaria,2024-08-28,2024,8,0.03927000
12,cdi,Taxa de juros CDI,% a.d.,diaria,2024-08-29,2024,8,0.03927000
12,cdi,Taxa de juros CDI,% a.d.,diaria,2024-08-30,2024,8,0.03927000
12,cdi,Taxa de juros CDI,% a.d.,diaria,2024-09-02,2024,9,0.03927000
12,cdi,Taxa de juros CDI,% a.d.,diaria,2024-09-03,2024,9,0.03927000
12,cdi,Taxa de juros CDI,% a.d.,diaria,2024-09-04,2024,9,0.03927000
12,cdi,Taxa de juros CDI,% a.d.,diaria,2024-09-05,2024,9,0.03927000
12,cdi,Taxa de juros CDI,% a.d.,diaria,2024-09-06,2024,9,0.03927000
12,cdi,Taxa de juros CDI,% a.d.,diaria,2024-09-09,2024,9,0.03927000
12,cdi,Taxa de juros CDI,% a.d.,diaria,2024-09-10,2024,9,0.03927000
12,cdi,Taxa de juros CDI,% a.d.,diaria,2024-09-11,2024,9,0.03927000
12,cdi,Taxa de juros CDI,% a.d.,diaria,2024-09-12,2024,9,0.03927000
12,cdi,Taxa de juros CDI,% a.d.,diaria,2024-09-13,2024,9,0.03927000
12,cdi,Taxa de juros CDI,% a.d.,diaria,2024-09-16,2024,9,0.03927000
12,cdi,Taxa de juros CDI,% a.d.,diaria,2024-09-17,2024,9,0.03927000
12,cdi,Taxa de juros CDI,% a.d.,diaria,2024-09-18,2024,9,0.03927000
12,cdi,Taxa de juros CDI,% a.d.,diaria,2024-09-19,2024,9,0.04016800
12,cdi,Taxa de juros CDI,% a.d.,diaria,2024-09-20,2024,9,0.04016800
12,cdi,Taxa de juros CDI,% a.d.,diaria,2024-09-23,2024,9,0.04016800
12,cdi,Taxa de juros CDI,% a.d.,diaria,2024-09-24,2024,9,0.04016800
12,cdi,Taxa de juros CDI,% a.d.,diaria,2024-09-25,2024,9,0.04016800
12,cdi,Taxa de juros CDI,% a.d.,diaria,2024-09-26,2024,9,0.04016800
12,cdi,Taxa de juros CDI,% a.d.,diaria,2024-09-27,2024,9,0.04016800
12,cdi,Taxa de juros CDI,% a.d.,diaria,2024-09-30,2024,9,0.04016800
12,cdi,Taxa de juros CDI,% a.d.,diaria,2024-10-01,2024,10,0.04016800
12,cdi,Taxa de juros CDI,% a.d.,diaria,2024-10-02,2024,10,0.04016800
12,cdi,Taxa de juros CDI,% a.d.,diaria,2024-10-03,2024,10,0.04016800
12,cdi,Taxa de juros CDI,% a.d.,diaria,2024-10-04,2024,10,0.04016800
12,cdi,Taxa de juros CDI,% a.d.,diaria,2024-10-07,2024,10,0.04016800
12,cdi,Taxa de juros CDI,% a.d.,diaria,2024-10-08,2024,10,0.04016800
12,cdi,Taxa de juros CDI,% a.d.,diaria,2024-10-09,2024,10,0.04016800
12,cdi,Taxa de juros CDI,% a.d.,diaria,2024-10-10,2024,10,0.04016800
12,cdi,Taxa de juros CDI,% a.d.,diaria,2024-10-11,2024,10,0.04016800
12,cdi,Taxa de juros CDI,% a.d.,diaria,2024-10-14,2024,10,0.04016800
12,cdi,Taxa de juros CDI,% a.d.,diaria,2024-10-15,2024,10,0.04016800
12,cdi,Taxa de juros CDI,% a.d.,diaria,2024-10-16,2024,10,0.04016800
12,cdi,Taxa de juros CDI,% a.d.,diaria,2024-10-17,2024,10,0.04016800
12,cdi,Taxa de juros CDI,% a.d.,diaria,2024-10-18,2024,10,0.04016800
12,cdi,Taxa de juros CDI,% a.d.,diaria,2024-10-21,2024,10,0.04016800
12,cdi,Taxa de juros CDI,% a.d.,diaria,2024-10-22,2024,10,0.04016800
12,cdi,Taxa de juros CDI,% a.d.,diaria,2024-10-23,2024,10,0.04016800
12,cdi,Taxa de juros CDI,% a.d.,diaria,2024-10-24,2024,10,0.04016800
12,cdi,Taxa de juros CDI,% a.d.,diaria,2024-10-25,2024,10,0.04016800
12,cdi,Taxa de juros CDI,% a.d.,diaria,2024-10-28,2024,10,0.04016800
12,cdi,Taxa de juros CDI,% a.d.,diaria,2024-10-29,2024,10,0.04016800
12,cdi,Taxa de juros CDI,% a.d.,diaria,2024-10-30,2024,10,0.04016800
12,cdi,Taxa de juros CDI,% a.d.,diaria,2024-10-31,2024,10,0.04016800
12,cdi,Taxa de juros CDI,% a.d.,diaria,2024-11-01,2024,11,0.04016800
12,cdi,Taxa de juros CDI,% a.d.,diaria,2024-11-04,2024,11,0.04016800
12,cdi,Taxa de juros CDI,% a.d.,diaria,2024-11-05,2024,11,0.04016800
12,cdi,Taxa de juros CDI,% a.d.,diaria,2024-11-06,2024,11,0.04016800
12,cdi,Taxa de juros CDI,% a.d.,diaria,2024-11-07,2024,11,0.04195700
12,cdi,Taxa de juros CDI,% a.d.,diaria,2024-11-08,2024,11,0.04195700
12,cdi,Taxa de juros CDI,% a.d.,diaria,2024-11-11,2024,11,0.04195700
12,cdi,Taxa de juros CDI,% a.d.,diaria,2024-11-12,2024,11,0.04195700
12,cdi,Taxa de juros CDI,% a.d.,diaria,2024-11-13,2024,11,0.04195700
12,cdi,Taxa de juros CDI,% a.d.,diaria,2024-11-14,2024,11,0.04195700
12,cdi,Taxa de juros CDI,% a.d.,diaria,2024-11-18,2024,11,0.04195700
12,cdi,Taxa de juros CDI,% a.d.,diaria,2024-11-19,2024,11,0.04195700
12,cdi,Taxa de juros CDI,% a.d.,diaria,2024-11-21,2024,11,0.04195700
12,cdi,Taxa de juros CDI,% a.d.,diaria,2024-11-22,2024,11,0.04195700
12,cdi,Taxa de juros CDI,% a.d.,diaria,2024-11-25,2024,11,0.04195700
12,cdi,Taxa de juros CDI,% a.d.,diaria,2024-11-26,2024,11,0.04195700
12,cdi,Taxa de juros CDI,% a.d.,diaria,2024-11-27,2024,11,0.04195700
12,cdi,Taxa de juros CDI,% a.d.,diaria,2024-11-28,2024,11,0.04195700
12,cdi,Taxa de juros CDI,% a.d.,diaria,2024-11-29,2024,11,0.04195700
12,cdi,Taxa de juros CDI,% a.d.,diaria,2024-12-02,2024,12,0.04195700
12,cdi,Taxa de juros CDI,% a.d.,diaria,2024-12-03,2024,12,0.04195700
12,cdi,Taxa de juros CDI,% a.d.,diaria,2024-12-04,2024,12,0.04195700
12,cdi,Taxa de juros CDI,% a.d.,diaria,2024-12-05,2024,12,0.04195700
12,cdi,Taxa de juros CDI,% a.d.,diaria,2024-12-06,2024,12,0.04195700
12,cdi,Taxa de juros CDI,% a.d.,diaria,2024-12-09,2024,12,0.04195700
12,cdi,Taxa de juros CDI,% a.d.,diaria,2024-12-10,2024,12,0.04195700
12,cdi,Taxa de juros CDI,% a.d.,diaria,2024-12-11,2024,12,0.04195700
12,cdi,Taxa de juros CDI,% a.d.,diaria,2024-12-12,2024,12,0.04551300
12,cdi,Taxa de juros CDI,% a.d.,diaria,2024-12-13,2024,12,0.04551300
12,cdi,Taxa de juros CDI,% a.d.,diaria,2024-12-16,2024,12,0.04551300
12,cdi,Taxa de juros CDI,% a.d.,diaria,2024-12-17,2024,12,0.04551300
12,cdi,Taxa de juros CDI,% a.d.,diaria,2024-12-18,2024,12,0.04551300
12,cdi,Taxa de juros CDI,% a.d.,diaria,2024-12-19,2024,12,0.04551300
12,cdi,Taxa de juros CDI,% a.d.,diaria,2024-12-20,2024,12,0.04551300
12,cdi,Taxa de juros CDI,% a.d.,diaria,2024-12-23,2024,12,0.04551300
12,cdi,Taxa de juros CDI,% a.d.,diaria,2024-12-24,2024,12,0.04551300
12,cdi,Taxa de juros CDI,% a.d.,diaria,2024-12-26,2024,12,0.04551300
12,cdi,Taxa de juros CDI,% a.d.,diaria,2024-12-27,2024,12,0.04551300
12,cdi,Taxa de juros CDI,% a.d.,diaria,2024-12-30,2024,12,0.04551300
12,cdi,Taxa de juros CDI,% a.d.,diaria,2024-12-31,2024,12,0.04551300
12,cdi,Taxa de juros CDI,% a.d.,diaria,2025-01-02,2025,1,0.04551300
12,cdi,Taxa de juros CDI,% a.d.,diaria,2025-01-03,2025,1,0.04551300
12,cdi,Taxa de juros CDI,% a.d.,diaria,2025-01-06,2025,1,0.04551300
12,cdi,Taxa de juros CDI,% a.d.,diaria,2025-01-07,2025,1,0.04551300
12,cdi,Taxa de juros CDI,% a.d.,diaria,2025-01-08,2025,1,0.04551300
12,cdi,Taxa de juros CDI,% a.d.,diaria,2025-01-09,2025,1,0.04551300
12,cdi,Taxa de juros CDI,% a.d.,diaria,2025-01-10,2025,1,0.04551300
12,cdi,Taxa de juros CDI,% a.d.,diaria,2025-01-13,2025,1,0.04551300
12,cdi,Taxa de juros CDI,% a.d.,diaria,2025-01-14,2025,1,0.04551300
12,cdi,Taxa de juros CDI,% a.d.,diaria,2025-01-15,2025,1,0.04551300
12,cdi,Taxa de juros CDI,% a.d.,diaria,2025-01-16,2025,1,0.04551300
12,cdi,Taxa de juros CDI,% a.d.,diaria,2025-01-17,2025,1,0.04551300
12,cdi,Taxa de juros CDI,% a.d.,diaria,2025-01-20,2025,1,0.04551300
12,cdi,Taxa de juros CDI,% a.d.,diaria,2025-01-21,2025,1,0.04551300
12,cdi,Taxa de juros CDI,% a.d.,diaria,2025-01-22,2025,1,0.04551300
12,cdi,Taxa de juros CDI,% a.d.,diaria,2025-01-23,2025,1,0.04551300
12,cdi,Taxa de juros CDI,% a.d.,diaria,2025-01-24,2025,1,0.04551300
12,cdi,Taxa de juros CDI,% a.d.,diaria,2025-01-27,2025,1,0.04551300
12,cdi,Taxa de juros CDI,% a.d.,diaria,2025-01-28,2025,1,0.04551300
12,cdi,Taxa de juros CDI,% a.d.,diaria,2025-01-29,2025,1,0.04551300
12,cdi,Taxa de juros CDI,% a.d.,diaria,2025-01-30,2025,1,0.04903700
12,cdi,Taxa de juros CDI,% a.d.,diaria,2025-01-31,2025,1,0.04903700
12,cdi,Taxa de juros CDI,% a.d.,diaria,2025-02-03,2025,2,0.04903700
12,cdi,Taxa de juros CDI,% a.d.,diaria,2025-02-04,2025,2,0.04903700
12,cdi,Taxa de juros CDI,% a.d.,diaria,2025-02-05,2025,2,0.04903700
12,cdi,Taxa de juros CDI,% a.d.,diaria,2025-02-06,2025,2,0.04903700
12,cdi,Taxa de juros CDI,% a.d.,diaria,2025-02-07,2025,2,0.04903700
12,cdi,Taxa de juros CDI,% a.d.,diaria,2025-02-10,2025,2,0.04903700
12,cdi,Taxa de juros CDI,% a.d.,diaria,2025-02-11,2025,2,0.04903700
12,cdi,Taxa de juros CDI,% a.d.,diaria,2025-02-12,2025,2,0.04903700
12,cdi,Taxa de juros CDI,% a.d.,diaria,2025-02-13,2025,2,0.04903700
12,cdi,Taxa de juros CDI,% a.d.,diaria,2025-02-14,2025,2,0.04903700
12,cdi,Taxa de juros CDI,% a.d.,diaria,2025-02-17,2025,2,0.04903700
12,cdi,Taxa de juros CDI,% a.d.,diaria,2025-02-18,2025,2,0.04903700
12,cdi,Taxa de juros CDI,% a.d.,diaria,2025-02-19,2025,2,0.04903700
12,cdi,Taxa de juros CDI,% a.d.,diaria,2025-02-20,2025,2,0.04903700
12,cdi,Taxa de juros CDI,% a.d.,diaria,2025-02-21,2025,2,0.04903700
12,cdi,Taxa de juros CDI,% a.d.,diaria,2025-02-24,2025,2,0.04903700
12,cdi,Taxa de juros CDI,% a.d.,diaria,2025-02-25,2025,2,0.04903700
12,cdi,Taxa de juros CDI,% a.d.,diaria,2025-02-26,2025,2,0.04903700
12,cdi,Taxa de juros CDI,% a.d.,diaria,2025-02-27,2025,2,0.04903700
12,cdi,Taxa de juros CDI,% a.d.,diaria,2025-02-28,2025,2,0.04903700
12,cdi,Taxa de juros CDI,% a.d.,diaria,2025-03-05,2025,3,0.04903700
12,cdi,Taxa de juros CDI,% a.d.,diaria,2025-03-06,2025,3,0.04903700
12,cdi,Taxa de juros CDI,% a.d.,diaria,2025-03-07,2025,3,0.04903700
12,cdi,Taxa de juros CDI,% a.d.,diaria,2025-03-10,2025,3,0.04903700
12,cdi,Taxa de juros CDI,% a.d.,diaria,2025-03-11,2025,3,0.04903700
12,cdi,Taxa de juros CDI,% a.d.,diaria,2025-03-12,2025,3,0.04903700
12,cdi,Taxa de juros CDI,% a.d.,diaria,2025-03-13,2025,3,0.04903700
12,cdi,Taxa de juros CDI,% a.d.,diaria,2025-03-14,2025,3,0.04903700
12,cdi,Taxa de juros CDI,% a.d.,diaria,2025-03-17,2025,3,0.04903700
12,cdi,Taxa de juros CDI,% a.d.,diaria,2025-03-18,2025,3,0.04903700
12,cdi,Taxa de juros CDI,% a.d.,diaria,2025-03-19,2025,3,0.04903700
12,cdi,Taxa de juros CDI,% a.d.,diaria,2025-03-20,2025,3,0.05253100
12,cdi,Taxa de juros CDI,% a.d.,diaria,2025-03-21,2025,3,0.05253100
12,cdi,Taxa de juros CDI,% a.d.,diaria,2025-03-24,2025,3,0.05253100
12,cdi,Taxa de juros CDI,% a.d.,diaria,2025-03-25,2025,3,0.05253100
12,cdi,Taxa de juros CDI,% a.d.,diaria,2025-03-26,2025,3,0.05253100
12,cdi,Taxa de juros CDI,% a.d.,diaria,2025-03-27,2025,3,0.05253100
12,cdi,Taxa de juros CDI,% a.d.,diaria,2025-03-28,2025,3,0.05253100
12,cdi,Taxa de juros CDI,% a.d.,diaria,2025-03-31,2025,3,0.05253100
12,cdi,Taxa de juros CDI,% a.d.,diaria,2025-04-01,2025,4,0.05253100
12,cdi,Taxa de juros CDI,% a.d.,diaria,2025-04-02,2025,4,0.05253100
12,cdi,Taxa de juros CDI,% a.d.,diaria,2025-04-03,2025,4,0.05253100
12,cdi,Taxa de juros CDI,% a.d.,diaria,2025-04-04,2025,4,0.05253100
12,cdi,Taxa de juros CDI,% a.d.,diaria,2025-04-07,2025,4,0.05253100
12,cdi,Taxa de juros CDI,% a.d.,diaria,2025-04-08,2025,4,0.05253100
12,cdi,Taxa de juros CDI,% a.d.,diaria,2025-04-09,2025,4,0.05253100
12,cdi,Taxa de juros CDI,% a.d.,diaria,2025-04-10,2025,4,0.05253100
12,cdi,Taxa de juros CDI,% a.d.,diaria,2025-04-11,2025,4,0.05253100
12,cdi,Taxa de juros CDI,% a.d.,diaria,2025-04-14,2025,4,0.05253100
12,cdi,Taxa de juros CDI,% a.d.,diaria,2025-04-15,2025,4,0.05253100
12,cdi,Taxa de juros CDI,% a.d.,diaria,2025-04-16,2025,4,0.05253100
12,cdi,Taxa de juros CDI,% a.d.,diaria,2025-04-17,2025,4,0.05253100
12,cdi,Taxa de juros CDI,% a.d.,diaria,2025-04-22,2025,4,0.05253100
12,cdi,Taxa de juros CDI,% a.d.,diaria,2025-04-23,2025,4,0.05253100
12,cdi,Taxa de juros CDI,% a.d.,diaria,2025-04-24,2025,4,0.05253100
12,cdi,Taxa de juros CDI,% a.d.,diaria,2025-04-25,2025,4,0.05253100
12,cdi,Taxa de juros CDI,% a.d.,diaria,2025-04-28,2025,4,0.05253100
12,cdi,Taxa de juros CDI,% a.d.,diaria,2025-04-29,2025,4,0.05253100
12,cdi,Taxa de juros CDI,% a.d.,diaria,2025-04-30,2025,4,0.05253100
12,cdi,Taxa de juros CDI,% a.d.,diaria,2025-05-02,2025,5,0.05253100
12,cdi,Taxa de juros CDI,% a.d.,diaria,2025-05-05,2025,5,0.05253100
12,cdi,Taxa de juros CDI,% a.d.,diaria,2025-05-06,2025,5,0.05253100
12,cdi,Taxa de juros CDI,% a.d.,diaria,2025-05-07,2025,5,0.05253100
12,cdi,Taxa de juros CDI,% a.d.,diaria,2025-05-08,2025,5,0.05426600
12,cdi,Taxa de juros CDI,% a.d.,diaria,2025-05-09,2025,5,0.05426600
12,cdi,Taxa de juros CDI,% a.d.,diaria,2025-05-12,2025,5,0.05426600
12,cdi,Taxa de juros CDI,% a.d.,diaria,2025-05-13,2025,5,0.05426600
12,cdi,Taxa de juros CDI,% a.d.,diaria,2025-05-14,2025,5,0.05426600
12,cdi,Taxa de juros CDI,% a.d.,diaria,2025-05-15,2025,5,0.05426600
12,cdi,Taxa de juros CDI,% a.d.,diaria,2025-05-16,2025,5,0.05426600
12,cdi,Taxa de juros CDI,% a.d.,diaria,2025-05-19,2025,5,0.05426600
12,cdi,Taxa de juros CDI,% a.d.,diaria,2025-05-20,2025,5,0.05426600
12,cdi,Taxa de juros CDI,% a.d.,diaria,2025-05-21,2025,5,0.05426600
12,cdi,Taxa de juros CDI,% a.d.,diaria,2025-05-22,2025,5,0.05426600
12,cdi,Taxa de juros CDI,% a.d.,diaria,2025-05-23,2025,5,0.05426600
12,cdi,Taxa de juros CDI,% a.d.,diaria,2025-05-26,2025,5,0.05426600
12,cdi,Taxa de juros CDI,% a.d.,diaria,2025-05-27,2025,5,0.05426600
12,cdi,Taxa de juros CDI,% a.d.,diaria,2025-05-28,2025,5,0.05426600
12,cdi,Taxa de juros CDI,% a.d.,diaria,2025-05-29,2025,5,0.05426600
12,cdi,Taxa de juros CDI,% a.d.,diaria,2025-05-30,2025,5,0.05426600
12,cdi,Taxa de juros CDI,% a.d.,diaria,2025-06-02,2025,6,0.05426600
12,cdi,Taxa de juros CDI,% a.d.,diaria,2025-06-03,2025,6,0.05426600
12,cdi,Taxa de juros CDI,% a.d.,diaria,2025-06-04,2025,6,0.05426600
12,cdi,Taxa de juros CDI,% a.d.,diaria,2025-06-05,2025,6,0.05426600
12,cdi,Taxa de juros CDI,% a.d.,diaria,2025-06-06,2025,6,0.05426600
12,cdi,Taxa de juros CDI,% a.d.,diaria,2025-06-09,2025,6,0.05426600
12,cdi,Taxa de juros CDI,% a.d.,diaria,2025-06-10,2025,6,0.05426600
12,cdi,Taxa de juros CDI,% a.d.,diaria,2025-06-11,2025,6,0.05426600
12,cdi,Taxa de juros CDI,% a.d.,diaria,2025-06-12,2025,6,0.05426600
12,cdi,Taxa de juros CDI,% a.d.,diaria,2025-06-13,2025,6,0.05426600
12,cdi,Taxa de juros CDI,% a.d.,diaria,2025-06-16,2025,6,0.05426600
12,cdi,Taxa de juros CDI,% a.d.,diaria,2025-06-17,2025,6,0.05426600
12,cdi,Taxa de juros CDI,% a.d.,diaria,2025-06-18,2025,6,0.05426600
12,cdi,Taxa de juros CDI,% a.d.,diaria,2025-06-20,2025,6,0.05513100
12,cdi,Taxa de juros CDI,% a.d.,diaria,2025-06-23,2025,6,0.05513100
12,cdi,Taxa de juros CDI,% a.d.,diaria,2025-06-24,2025,6,0.05513100
12,cdi,Taxa de juros CDI,% a.d.,diaria,2025-06-25,2025,6,0.05513100
12,cdi,Taxa de juros CDI,% a.d.,diaria,2025-06-26,2025,6,0.05513100
12,cdi,Taxa de juros CDI,% a.d.,diaria,2025-06-27,2025,6,0.05513100
12,cdi,Taxa de juros CDI,% a.d.,diaria,2025-06-30,2025,6,0.05513100
12,cdi,Taxa de juros CDI,% a.d.,diaria,2025-07-01,2025,7,0.05513100
12,cdi,Taxa de juros CDI,% a.d.,diaria,2025-07-02,2025,7,0.05513100
12,cdi,Taxa de juros CDI,% a.d.,diaria,2025-07-03,2025,7,0.05513100
12,cdi,Taxa de juros CDI,% a.d.,diaria,2025-07-04,2025,7,0.05513100
12,cdi,Taxa de juros CDI,% a.d.,diaria,2025-07-07,2025,7,0.05513100
12,cdi,Taxa de juros CDI,% a.d.,diaria,2025-07-08,2025,7,0.05513100
12,cdi,Taxa de juros CDI,% a.d.,diaria,2025-07-09,2025,7,0.05513100
12,cdi,Taxa de juros CDI,% a.d.,diaria,2025-07-10,2025,7,0.05513100
12,cdi,Taxa de juros CDI,% a.d.,diaria,2025-07-11,2025,7,0.05513100
12,cdi,Taxa de juros CDI,% a.d.,diaria,2025-07-14,2025,7,0.05513100
12,cdi,Taxa de juros CDI,% a.d.,diaria,2025-07-15,2025,7,0.05513100
12,cdi,Taxa de juros CDI,% a.d.,diaria,2025-07-16,2025,7,0.05513100
12,cdi,Taxa de juros CDI,% a.d.,diaria,2025-07-17,2025,7,0.05513100
12,cdi,Taxa de juros CDI,% a.d.,diaria,2025-07-18,2025,7,0.05513100
12,cdi,Taxa de juros CDI,% a.d.,diaria,2025-07-21,2025,7,0.05513100
12,cdi,Taxa de juros CDI,% a.d.,diaria,2025-07-22,2025,7,0.05513100
12,cdi,Taxa de juros CDI,% a.d.,diaria,2025-07-23,2025,7,0.05513100
12,cdi,Taxa de juros CDI,% a.d.,diaria,2025-07-24,2025,7,0.05513100
12,cdi,Taxa de juros CDI,% a.d.,diaria,2025-07-25,2025,7,0.05513100
12,cdi,Taxa de juros CDI,% a.d.,diaria,2025-07-28,2025,7,0.05513100
12,cdi,Taxa de juros CDI,% a.d.,diaria,2025-07-29,2025,7,0.05513100
12,cdi,Taxa de juros CDI,% a.d.,diaria,2025-07-30,2025,7,0.05513100
12,cdi,Taxa de juros CDI,% a.d.,diaria,2025-07-31,2025,7,0.05513100
12,cdi,Taxa de juros CDI,% a.d.,diaria,2025-08-01,2025,8,0.05513100
12,cdi,Taxa de juros CDI,% a.d.,diaria,2025-08-04,2025,8,0.05513100
12,cdi,Taxa de juros CDI,% a.d.,diaria,2025-08-05,2025,8,0.05513100
12,cdi,Taxa de juros CDI,% a.d.,diaria,2025-08-06,2025,8,0.05513100
12,cdi,Taxa de juros CDI,% a.d.,diaria,2025-08-07,2025,8,0.05513100
12,cdi,Taxa de juros CDI,% a.d.,diaria,2025-08-08,2025,8,0.05513100
12,cdi,Taxa de juros CDI,% a.d.,diaria,2025-08-11,2025,8,0.05513100
12,cdi,Taxa de juros CDI,% a.d.,diaria,2025-08-12,2025,8,0.05513100
12,cdi,Taxa de juros CDI,% a.d.,diaria,2025-08-13,2025,8,0.05513100
12,cdi,Taxa de juros CDI,% a.d.,diaria,2025-08-14,2025,8,0.05513100
12,cdi,Taxa de juros CDI,% a.d.,diaria,2025-08-15,2025,8,0.05513100
12,cdi,Taxa de juros CDI,% a.d.,diaria,2025-08-18,2025,8,0.05513100
12,cdi,Taxa de juros CDI,% a.d.,diaria,2025-08-19,2025,8,0.05513100
12,cdi,Taxa de juros CDI,% a.d.,diaria,2025-08-20,2025,8,0.05513100
12,cdi,Taxa de juros CDI,% a.d.,diaria,2025-08-21,2025,8,0.05513100
12,cdi,Taxa de juros CDI,% a.d.,diaria,2025-08-22,2025,8,0.05513100
12,cdi,Taxa de juros CDI,% a.d.,diaria,2025-08-25,2025,8,0.05513100
12,cdi,Taxa de juros CDI,% a.d.,diaria,2025-08-26,2025,8,0.05513100
12,cdi,Taxa de juros CDI,% a.d.,diaria,2025-08-27,2025,8,0.05513100
12,cdi,Taxa de juros CDI,% a.d.,diaria,2025-08-28,2025,8,0.05513100
12,cdi,Taxa de juros CDI,% a.d.,diaria,2025-08-29,2025,8,0.05513100
12,cdi,Taxa de juros CDI,% a.d.,diaria,2025-09-01,2025,9,0.05513100
12,cdi,Taxa de juros CDI,% a.d.,diaria,2025-09-02,2025,9,0.05513100
12,cdi,Taxa de juros CDI,% a.d.,diaria,2025-09-03,2025,9,0.05513100
12,cdi,Taxa de juros CDI,% a.d.,diaria,2025-09-04,2025,9,0.05513100
12,cdi,Taxa de juros CDI,% a.d.,diaria,2025-09-05,2025,9,0.05513100
12,cdi,Taxa de juros CDI,% a.d.,diaria,2025-09-08,2025,9,0.05513100
12,cdi,Taxa de juros CDI,% a.d.,diaria,2025-09-09,2025,9,0.05513100
12,cdi,Taxa de juros CDI,% a.d.,diaria,2025-09-10,2025,9,0.05513100
12,cdi,Taxa de juros CDI,% a.d.,diaria,2025-09-11,2025,9,0.05513100
12,cdi,Taxa de juros CDI,% a.d.,diaria,2025-09-12,2025,9,0.05513100
12,cdi,Taxa de juros CDI,% a.d.,diaria,2025-09-15,2025,9,0.05513100
12,cdi,Taxa de juros CDI,% a.d.,diaria,2025-09-16,2025,9,0.05513100
12,cdi,Taxa de juros CDI,% a.d.,diaria,2025-09-17,2025,9,0.05513100
12,cdi,Taxa de juros CDI,% a.d.,diaria,2025-09-18,2025,9,0.05513100
12,cdi,Taxa de juros CDI,% a.d.,diaria,2025-09-19,2025,9,0.05513100
12,cdi,Taxa de juros CDI,% a.d.,diaria,2025-09-22,2025,9,0.05513100
12,cdi,Taxa de juros CDI,% a.d.,diaria,2025-09-23,2025,9,0.05513100
12,cdi,Taxa de juros CDI,% a.d.,diaria,2025-09-24,2025,9,0.05513100
12,cdi,Taxa de juros CDI,% a.d.,diaria,2025-09-25,2025,9,0.05513100
12,cdi,Taxa de juros CDI,% a.d.,diaria,2025-09-26,2025,9,0.05513100
12,cdi,Taxa de juros CDI,% a.d.,diaria,2025-09-29,2025,9,0.05513100
12,cdi,Taxa de juros CDI,% a.d.,diaria,2025-09-30,2025,9,0.05513100
12,cdi,Taxa de juros CDI,% a.d.,diaria,2025-10-01,2025,10,0.05513100
12,cdi,Taxa de juros CDI,% a.d.,diaria,2025-10-02,2025,10,0.05513100
12,cdi,Taxa de juros CDI,% a.d.,diaria,2025-10-03,2025,10,0.05513100
12,cdi,Taxa de juros CDI,% a.d.,diaria,2025-10-06,2025,10,0.05513100
12,cdi,Taxa de juros CDI,% a.d.,diaria,2025-10-07,2025,10,0.05513100
12,cdi,Taxa de juros CDI,% a.d.,diaria,2025-10-08,2025,10,0.05513100
12,cdi,Taxa de juros CDI,% a.d.,diaria,2025-10-09,2025,10,0.05513100
12,cdi,Taxa de juros CDI,% a.d.,diaria,2025-10-10,2025,10,0.05513100
12,cdi,Taxa de juros CDI,% a.d.,diaria,2025-10-13,2025,10,0.05513100
12,cdi,Taxa de juros CDI,% a.d.,diaria,2025-10-14,2025,10,0.05513100
12,cdi,Taxa de juros CDI,% a.d.,diaria,2025-10-15,2025,10,0.05513100
12,cdi,Taxa de juros CDI,% a.d.,diaria,2025-10-16,2025,10,0.05513100
12,cdi,Taxa de juros CDI,% a.d.,diaria,2025-10-17,2025,10,0.05513100
12,cdi,Taxa de juros CDI,% a.d.,diaria,2025-10-20,2025,10,0.05513100
12,cdi,Taxa de juros CDI,% a.d.,diaria,2025-10-21,2025,10,0.05513100
12,cdi,Taxa de juros CDI,% a.d.,diaria,2025-10-22,2025,10,0.05513100
12,cdi,Taxa de juros CDI,% a.d.,diaria,2025-10-23,2025,10,0.05513100
12,cdi,Taxa de juros CDI,% a.d.,diaria,2025-10-24,2025,10,0.05513100
12,cdi,Taxa de juros CDI,% a.d.,diaria,2025-10-27,2025,10,0.05513100
12,cdi,Taxa de juros CDI,% a.d.,diaria,2025-10-28,2025,10,0.05513100
12,cdi,Taxa de juros CDI,% a.d.,diaria,2025-10-29,2025,10,0.05513100
12,cdi,Taxa de juros CDI,% a.d.,diaria,2025-10-30,2025,10,0.05513100
12,cdi,Taxa de juros CDI,% a.d.,diaria,2025-10-31,2025,10,0.05513100
12,cdi,Taxa de juros CDI,% a.d.,diaria,2025-11-03,2025,11,0.05513100
12,cdi,Taxa de juros CDI,% a.d.,diaria,2025-11-04,2025,11,0.05513100
12,cdi,Taxa de juros CDI,% a.d.,diaria,2025-11-05,2025,11,0.05513100
12,cdi,Taxa de juros CDI,% a.d.,diaria,2025-11-06,2025,11,0.05513100
12,cdi,Taxa de juros CDI,% a.d.,diaria,2025-11-07,2025,11,0.05513100
12,cdi,Taxa de juros CDI,% a.d.,diaria,2025-11-10,2025,11,0.05513100
12,cdi,Taxa de juros CDI,% a.d.,diaria,2025-11-11,2025,11,0.05513100
12,cdi,Taxa de juros CDI,% a.d.,diaria,2025-11-12,2025,11,0.05513100
12,cdi,Taxa de juros CDI,% a.d.,diaria,2025-11-13,2025,11,0.05513100
12,cdi,Taxa de juros CDI,% a.d.,diaria,2025-11-14,2025,11,0.05513100
12,cdi,Taxa de juros CDI,% a.d.,diaria,2025-11-17,2025,11,0.05513100
12,cdi,Taxa de juros CDI,% a.d.,diaria,2025-11-18,2025,11,0.05513100
12,cdi,Taxa de juros CDI,% a.d.,diaria,2025-11-19,2025,11,0.05513100
12,cdi,Taxa de juros CDI,% a.d.,diaria,2025-11-21,2025,11,0.05513100
12,cdi,Taxa de juros CDI,% a.d.,diaria,2025-11-24,2025,11,0.05513100
12,cdi,Taxa de juros CDI,% a.d.,diaria,2025-11-25,2025,11,0.05513100
12,cdi,Taxa de juros CDI,% a.d.,diaria,2025-11-26,2025,11,0.05513100
12,cdi,Taxa de juros CDI,% a.d.,diaria,2025-11-27,2025,11,0.05513100
12,cdi,Taxa de juros CDI,% a.d.,diaria,2025-11-28,2025,11,0.05513100
12,cdi,Taxa de juros CDI,% a.d.,diaria,2025-12-01,2025,12,0.05513100
12,cdi,Taxa de juros CDI,% a.d.,diaria,2025-12-02,2025,12,0.05513100
12,cdi,Taxa de juros CDI,% a.d.,diaria,2025-12-03,2025,12,0.05513100
12,cdi,Taxa de juros CDI,% a.d.,diaria,2025-12-04,2025,12,0.05513100
12,cdi,Taxa de juros CDI,% a.d.,diaria,2025-12-05,2025,12,0.05513100
12,cdi,Taxa de juros CDI,% a.d.,diaria,2025-12-08,2025,12,0.05513100
12,cdi,Taxa de juros CDI,% a.d.,diaria,2025-12-09,2025,12,0.05513100
12,cdi,Taxa de juros CDI,% a.d.,diaria,2025-12-10,2025,12,0.05513100
12,cdi,Taxa de juros CDI,% a.d.,diaria,2025-12-11,2025,12,0.05513100
12,cdi,Taxa de juros CDI,% a.d.,diaria,2025-12-12,2025,12,0.05513100
12,cdi,Taxa de juros CDI,% a.d.,diaria,2025-12-15,2025,12,0.05513100
12,cdi,Taxa de juros CDI,% a.d.,diaria,2025-12-16,2025,12,0.05513100
12,cdi,Taxa de juros CDI,% a.d.,diaria,2025-12-17,2025,12,0.05513100
12,cdi,Taxa de juros CDI,% a.d.,diaria,2025-12-18,2025,12,0.05513100
12,cdi,Taxa de juros CDI,% a.d.,diaria,2025-12-19,2025,12,0.05513100
12,cdi,Taxa de juros CDI,% a.d.,diaria,2025-12-22,2025,12,0.05513100
12,cdi,Taxa de juros CDI,% a.d.,diaria,2025-12-23,2025,12,0.05513100
12,cdi,Taxa de juros CDI,% a.d.,diaria,2025-12-24,2025,12,0.05513100
12,cdi,Taxa de juros CDI,% a.d.,diaria,2025-12-26,2025,12,0.05513100
12,cdi,Taxa de juros CDI,% a.d.,diaria,2025-12-29,2025,12,0.05513100
12,cdi,Taxa de juros CDI,% a.d.,diaria,2025-12-30,2025,12,0.05513100
12,cdi,Taxa de juros CDI,% a.d.,diaria,2025-12-31,2025,12,0.05513100
12,cdi,Taxa de juros CDI,% a.d.,diaria,2026-01-02,2026,1,0.05513100
12,cdi,Taxa de juros CDI,% a.d.,diaria,2026-01-05,2026,1,0.05513100
12,cdi,Taxa de juros CDI,% a.d.,diaria,2026-01-06,2026,1,0.05513100
12,cdi,Taxa de juros CDI,% a.d.,diaria,2026-01-07,2026,1,0.05513100
12,cdi,Taxa de juros CDI,% a.d.,diaria,2026-01-08,2026,1,0.05513100
12,cdi,Taxa de juros CDI,% a.d.,diaria,2026-01-09,2026,1,0.05513100
12,cdi,Taxa de juros CDI,% a.d.,diaria,2026-01-12,2026,1,0.05513100
12,cdi,Taxa de juros CDI,% a.d.,diaria,2026-01-13,2026,1,0.05513100
12,cdi,Taxa de juros CDI,% a.d.,diaria,2026-01-14,2026,1,0.05513100
12,cdi,Taxa de juros CDI,% a.d.,diaria,2026-01-15,2026,1,0.05513100
12,cdi,Taxa de juros CDI,% a.d.,diaria,2026-01-16,2026,1,0.05513100
12,cdi,Taxa de juros CDI,% a.d.,diaria,2026-01-19,2026,1,0.05513100
12,cdi,Taxa de juros CDI,% a.d.,diaria,2026-01-20,2026,1,0.05513100
12,cdi,Taxa de juros CDI,% a.d.,diaria,2026-01-21,2026,1,0.05513100
12,cdi,Taxa de juros CDI,% a.d.,diaria,2026-01-22,2026,1,0.05513100
12,cdi,Taxa de juros CDI,% a.d.,diaria,2026-01-23,2026,1,0.05513100
12,cdi,Taxa de juros CDI,% a.d.,diaria,2026-01-26,2026,1,0.05513100
12,cdi,Taxa de juros CDI,% a.d.,diaria,2026-01-27,2026,1,0.05513100
12,cdi,Taxa de juros CDI,% a.d.,diaria,2026-01-28,2026,1,0.05513100
12,cdi,Taxa de juros CDI,% a.d.,diaria,2026-01-29,2026,1,0.05513100
12,cdi,Taxa de juros CDI,% a.d.,diaria,2026-01-30,2026,1,0.05513100
12,cdi,Taxa de juros CDI,% a.d.,diaria,2026-02-02,2026,2,0.05513100
12,cdi,Taxa de juros CDI,% a.d.,diaria,2026-02-03,2026,2,0.05513100
12,cdi,Taxa de juros CDI,% a.d.,diaria,2026-02-04,2026,2,0.05513100
12,cdi,Taxa de juros CDI,% a.d.,diaria,2026-02-05,2026,2,0.05513100
12,cdi,Taxa de juros CDI,% a.d.,diaria,2026-02-06,2026,2,0.05513100
12,cdi,Taxa de juros CDI,% a.d.,diaria,2026-02-09,2026,2,0.05513100
12,cdi,Taxa de juros CDI,% a.d.,diaria,2026-02-10,2026,2,0.05513100
12,cdi,Taxa de juros CDI,% a.d.,diaria,2026-02-11,2026,2,0.05513100
12,cdi,Taxa de juros CDI,% a.d.,diaria,2026-02-12,2026,2,0.05513100
12,cdi,Taxa de juros CDI,% a.d.,diaria,2026-02-13,2026,2,0.05513100
12,cdi,Taxa de juros CDI,% a.d.,diaria,2026-02-18,2026,2,0.05513100
12,cdi,Taxa de juros CDI,% a.d.,diaria,2026-02-19,2026,2,0.05513100
12,cdi,Taxa de juros CDI,% a.d.,diaria,2026-02-20,2026,2,0.05513100
12,cdi,Taxa de juros CDI,% a.d.,diaria,2026-02-23,2026,2,0.05513100
12,cdi,Taxa de juros CDI,% a.d.,diaria,2026-02-24,2026,2,0.05513100
12,cdi,Taxa de juros CDI,% a.d.,diaria,2026-02-25,2026,2,0.05513100
12,cdi,Taxa de juros CDI,% a.d.,diaria,2026-02-26,2026,2,0.05513100
12,cdi,Taxa de juros CDI,% a.d.,diaria,2026-02-27,2026,2,0.05513100
12,cdi,Taxa de juros CDI,% a.d.,diaria,2026-03-02,2026,3,0.05513100
12,cdi,Taxa de juros CDI,% a.d.,diaria,2026-03-03,2026,3,0.05513100
12,cdi,Taxa de juros CDI,% a.d.,diaria,2026-03-04,2026,3,0.05513100
12,cdi,Taxa de juros CDI,% a.d.,diaria,2026-03-05,2026,3,0.05513100
12,cdi,Taxa de juros CDI,% a.d.,diaria,2026-03-06,2026,3,0.05513100
12,cdi,Taxa de juros CDI,% a.d.,diaria,2026-03-09,2026,3,0.05513100
12,cdi,Taxa de juros CDI,% a.d.,diaria,2026-03-10,2026,3,0.05513100
12,cdi,Taxa de juros CDI,% a.d.,diaria,2026-03-11,2026,3,0.05513100
12,cdi,Taxa de juros CDI,% a.d.,diaria,2026-03-12,2026,3,0.05513100
12,cdi,Taxa de juros CDI,% a.d.,diaria,2026-03-13,2026,3,0.05513100
12,cdi,Taxa de juros CDI,% a.d.,diaria,2026-03-16,2026,3,0.05513100
12,cdi,Taxa de juros CDI,% a.d.,diaria,2026-03-17,2026,3,0.05513100
12,cdi,Taxa de juros CDI,% a.d.,diaria,2026-03-18,2026,3,0.05513100
12,cdi,Taxa de juros CDI,% a.d.,diaria,2026-03-19,2026,3,0.05426600
12,cdi,Taxa de juros CDI,% a.d.,diaria,2026-03-20,2026,3,0.05426600
12,cdi,Taxa de juros CDI,% a.d.,diaria,2026-03-23,2026,3,0.05426600
12,cdi,Taxa de juros CDI,% a.d.,diaria,2026-03-24,2026,3,0.05426600
12,cdi,Taxa de juros CDI,% a.d.,diaria,2026-03-25,2026,3,0.05426600
12,cdi,Taxa de juros CDI,% a.d.,diaria,2026-03-26,2026,3,0.05426600
12,cdi,Taxa de juros CDI,% a.d.,diaria,2026-03-27,2026,3,0.05426600
12,cdi,Taxa de juros CDI,% a.d.,diaria,2026-03-30,2026,3,0.05426600
12,cdi,Taxa de juros CDI,% a.d.,diaria,2026-03-31,2026,3,0.05426600
12,cdi,Taxa de juros CDI,% a.d.,diaria,2026-04-01,2026,4,0.05426600
12,cdi,Taxa de juros CDI,% a.d.,diaria,2026-04-02,2026,4,0.05426600
12,cdi,Taxa de juros CDI,% a.d.,diaria,2026-04-06,2026,4,0.05426600
12,cdi,Taxa de juros CDI,% a.d.,diaria,2026-04-07,2026,4,0.05426600
12,cdi,Taxa de juros CDI,% a.d.,diaria,2026-04-08,2026,4,0.05426600
12,cdi,Taxa de juros CDI,% a.d.,diaria,2026-04-09,2026,4,0.05426600
12,cdi,Taxa de juros CDI,% a.d.,diaria,2026-04-10,2026,4,0.05426600
12,cdi,Taxa de juros CDI,% a.d.,diaria,2026-04-13,2026,4,0.05426600
12,cdi,Taxa de juros CDI,% a.d.,diaria,2026-04-14,2026,4,0.05426600
12,cdi,Taxa de juros CDI,% a.d.,diaria,2026-04-15,2026,4,0.05426600
12,cdi,Taxa de juros CDI,% a.d.,diaria,2026-04-16,2026,4,0.05426600
12,cdi,Taxa de juros CDI,% a.d.,diaria,2026-04-17,2026,4,0.05426600
12,cdi,Taxa de juros CDI,% a.d.,diaria,2026-04-20,2026,4,0.05426600
12,cdi,Taxa de juros CDI,% a.d.,diaria,2026-04-22,2026,4,0.05426600
12,cdi,Taxa de juros CDI,% a.d.,diaria,2026-04-23,2026,4,0.05426600
12,cdi,Taxa de juros CDI,% a.d.,diaria,2026-04-24,2026,4,0.05426600
12,cdi,Taxa de juros CDI,% a.d.,diaria,2026-04-27,2026,4,0.05426600
12,cdi,Taxa de juros CDI,% a.d.,diaria,2026-04-28,2026,4,0.05426600
12,cdi,Taxa de juros CDI,% a.d.,diaria,2026-04-29,2026,4,0.05426600
12,cdi,Taxa de juros CDI,% a.d.,diaria,2026-04-30,2026,4,0.05340000
12,cdi,Taxa de juros CDI,% a.d.,diaria,2026-05-04,2026,5,0.05340000
12,cdi,Taxa de juros CDI,% a.d.,diaria,2026-05-05,2026,5,0.05340000
12,cdi,Taxa de juros CDI,% a.d.,diaria,2026-05-06,2026,5,0.05340000
12,cdi,Taxa de juros CDI,% a.d.,diaria,2026-05-07,2026,5,0.05340000
12,cdi,Taxa de juros CDI,% a.d.,diaria,2026-05-08,2026,5,0.05340000
12,cdi,Taxa de juros CDI,% a.d.,diaria,2026-05-11,2026,5,0.05340000
12,cdi,Taxa de juros CDI,% a.d.,diaria,2026-05-12,2026,5,0.05340000
12,cdi,Taxa de juros CDI,% a.d.,diaria,2026-05-13,2026,5,0.05340000
12,cdi,Taxa de juros CDI,% a.d.,diaria,2026-05-14,2026,5,0.05340000
12,cdi,Taxa de juros CDI,% a.d.,diaria,2026-05-15,2026,5,0.05340000
12,cdi,Taxa de juros CDI,% a.d.,diaria,2026-05-18,2026,5,0.05340000
12,cdi,Taxa de juros CDI,% a.d.,diaria,2026-05-19,2026,5,0.05340000
12,cdi,Taxa de juros CDI,% a.d.,diaria,2026-05-20,2026,5,0.05340000
12,cdi,Taxa de juros CDI,% a.d.,diaria,2026-05-21,2026,5,0.05340000
12,cdi,Taxa de juros CDI,% a.d.,diaria,2026-05-22,2026,5,0.05340000
12,cdi,Taxa de juros CDI,% a.d.,diaria,2026-05-25,2026,5,0.05340000
12,cdi,Taxa de juros CDI,% a.d.,diaria,2026-05-26,2026,5,0.05340000
12,cdi,Taxa de juros CDI,% a.d.,diaria,2026-05-27,2026,5,0.05340000
12,cdi,Taxa de juros CDI,% a.d.,diaria,2026-05-28,2026,5,0.05340000
12,cdi,Taxa de juros CDI,% a.d.,diaria,2026-05-29,2026,5,0.05340000
12,cdi,Taxa de juros CDI,% a.d.,diaria,2026-06-01,2026,6,0.05340000
12,cdi,Taxa de juros CDI,% a.d.,diaria,2026-06-02,2026,6,0.05340000
12,cdi,Taxa de juros CDI,% a.d.,diaria,2026-06-03,2026,6,0.05340000
12,cdi,Taxa de juros CDI,% a.d.,diaria,2026-06-05,2026,6,0.05340000
12,cdi,Taxa de juros CDI,% a.d.,diaria,2026-06-08,2026,6,0.05340000
12,cdi,Taxa de juros CDI,% a.d.,diaria,2026-06-09,2026,6,0.05340000
12,cdi,Taxa de juros CDI,% a.d.,diaria,2026-06-10,2026,6,0.05340000
12,cdi,Taxa de juros CDI,% a.d.,diaria,2026-06-11,2026,6,0.05340000
12,cdi,Taxa de juros CDI,% a.d.,diaria,2026-06-12,2026,6,0.05340000
12,cdi,Taxa de juros CDI,% a.d.,diaria,2026-06-15,2026,6,0.05340000
12,cdi,Taxa de juros CDI,% a.d.,diaria,2026-06-16,2026,6,0.05340000
12,cdi,Taxa de juros CDI,% a.d.,diaria,2026-06-17,2026,6,0.05340000
12,cdi,Taxa de juros CDI,% a.d.,diaria,2026-06-18,2026,6,0.05253100
12,cdi,Taxa de juros CDI,% a.d.,diaria,2026-06-19,2026,6,0.05253100
12,cdi,Taxa de juros CDI,% a.d.,diaria,2026-06-22,2026,6,0.05253100
12,cdi,Taxa de juros CDI,% a.d.,diaria,2026-06-23,2026,6,0.05253100
12,cdi,Taxa de juros CDI,% a.d.,diaria,2026-06-24,2026,6,0.05253100
12,cdi,Taxa de juros CDI,% a.d.,diaria,2026-06-25,2026,6,0.05253100
12,cdi,Taxa de juros CDI,% a.d.,diaria,2026-06-26,2026,6,0.05253100
12,cdi,Taxa de juros CDI,% a.d.,diaria,2026-06-29,2026,6,0.05253100
12,cdi,Taxa de juros CDI,% a.d.,diaria,2026-06-30,2026,6,0.05253100
12,cdi,Taxa de juros CDI,% a.d.,diaria,2026-07-01,2026,7,0.05253100
12,cdi,Taxa de juros CDI,% a.d.,diaria,2026-07-02,2026,7,0.05253100
12,cdi,Taxa de juros CDI,% a.d.,diaria,2026-07-03,2026,7,0.05253100
12,cdi,Taxa de juros CDI,% a.d.,diaria,2026-07-06,2026,7,0.05253100
12,cdi,Taxa de juros CDI,% a.d.,diaria,2026-07-07,2026,7,0.05253100
12,cdi,Taxa de juros CDI,% a.d.,diaria,2026-07-08,2026,7,0.05253100
12,cdi,Taxa de juros CDI,% a.d.,diaria,2026-07-09,2026,7,0.05253100
12,cdi,Taxa de juros CDI,% a.d.,diaria,2026-07-10,2026,7,0.05253100
12,cdi,Taxa de juros CDI,% a.d.,diaria,2026-07-13,2026,7,0.05253100
12,cdi,Taxa de juros CDI,% a.d.,diaria,2026-07-14,2026,7,0.05253100
12,cdi,Taxa de juros CDI,% a.d.,diaria,2026-07-15,2026,7,0.05253100
12,cdi,Taxa de juros CDI,% a.d.,diaria,2026-07-16,2026,7,0.05253100
12,cdi,Taxa de juros CDI,% a.d.,diaria,2026-07-17,2026,7,0.05253100
12,cdi,Taxa de juros CDI,% a.d.,diaria,2026-07-20,2026,7,0.05253100
12,cdi,Taxa de juros CDI,% a.d.,diaria,2026-07-21,2026,7,0.05253100
12,cdi,Taxa de juros CDI,% a.d.,diaria,2026-07-22,2026,7,0.05253100
12,cdi,Taxa de juros CDI,% a.d.,diaria,2026-07-23,2026,7,0.05253100
12,cdi,Taxa de juros CDI,% a.d.,diaria,2026-07-24,2026,7,0.05253100
12,cdi,Taxa de juros CDI,% a.d.,diaria,2026-07-27,2026,7,0.05253100
12,cdi,Taxa de juros CDI,% a.d.,diaria,2026-07-28,2026,7,0.05253100
12,cdi,Taxa de juros CDI,% a.d.,diaria,2026-07-29,2026,7,0.05253100
12,cdi,Taxa de juros CDI,% a.d.,diaria,2026-07-30,2026,7,0.05253100
12,cdi,Taxa de juros CDI,% a.d.,diaria,2026-07-31,2026,7,0.05253100
12,cdi,Taxa de juros CDI,% a.d.,diaria,2026-08-03,2026,8,0.05253100
12,cdi,Taxa de juros CDI,% a.d.,diaria,2026-08-04,2026,8,0.05253100
432,selic_meta,Meta Selic,% a.a.,diaria,2016-01-01,2016,1,14.25000000
432,selic_meta,Meta Selic,% a.a.,diaria,2016-01-02,2016,1,14.25000000
432,selic_meta,Meta Selic,% a.a.,diaria,2016-01-03,2016,1,14.25000000
432,selic_meta,Meta Selic,% a.a.,diaria,2016-01-04,2016,1,14.25000000
432,selic_meta,Meta Selic,% a.a.,diaria,2016-01-05,2016,1,14.25000000
432,selic_meta,Meta Selic,% a.a.,diaria,2016-01-06,2016,1,14.25000000
432,selic_meta,Meta Selic,% a.a.,diaria,2016-01-07,2016,1,14.25000000
432,selic_meta,Meta Selic,% a.a.,diaria,2016-01-08,2016,1,14.25000000
432,selic_meta,Meta Selic,% a.a.,diaria,2016-01-09,2016,1,14.25000000
432,selic_meta,Meta Selic,% a.a.,diaria,2016-01-10,2016,1,14.25000000
432,selic_meta,Meta Selic,% a.a.,diaria,2016-01-11,2016,1,14.25000000
432,selic_meta,Meta Selic,% a.a.,diaria,2016-01-12,2016,1,14.25000000
432,selic_meta,Meta Selic,% a.a.,diaria,2016-01-13,2016,1,14.25000000
432,selic_meta,Meta Selic,% a.a.,diaria,2016-01-14,2016,1,14.25000000
432,selic_meta,Meta Selic,% a.a.,diaria,2016-01-15,2016,1,14.25000000
432,selic_meta,Meta Selic,% a.a.,diaria,2016-01-16,2016,1,14.25000000
432,selic_meta,Meta Selic,% a.a.,diaria,2016-01-17,2016,1,14.25000000
432,selic_meta,Meta Selic,% a.a.,diaria,2016-01-18,2016,1,14.25000000
432,selic_meta,Meta Selic,% a.a.,diaria,2016-01-19,2016,1,14.25000000
432,selic_meta,Meta Selic,% a.a.,diaria,2016-01-20,2016,1,14.25000000
432,selic_meta,Meta Selic,% a.a.,diaria,2016-01-21,2016,1,14.25000000
432,selic_meta,Meta Selic,% a.a.,diaria,2016-01-22,2016,1,14.25000000
432,selic_meta,Meta Selic,% a.a.,diaria,2016-01-23,2016,1,14.25000000
432,selic_meta,Meta Selic,% a.a.,diaria,2016-01-24,2016,1,14.25000000
432,selic_meta,Meta Selic,% a.a.,diaria,2016-01-25,2016,1,14.25000000
432,selic_meta,Meta Selic,% a.a.,diaria,2016-01-26,2016,1,14.25000000
432,selic_meta,Meta Selic,% a.a.,diaria,2016-01-27,2016,1,14.25000000
432,selic_meta,Meta Selic,% a.a.,diaria,2016-01-28,2016,1,14.25000000
432,selic_meta,Meta Selic,% a.a.,diaria,2016-01-29,2016,1,14.25000000
432,selic_meta,Meta Selic,% a.a.,diaria,2016-01-30,2016,1,14.25000000
432,selic_meta,Meta Selic,% a.a.,diaria,2016-01-31,2016,1,14.25000000
432,selic_meta,Meta Selic,% a.a.,diaria,2016-02-01,2016,2,14.25000000
432,selic_meta,Meta Selic,% a.a.,diaria,2016-02-02,2016,2,14.25000000
432,selic_meta,Meta Selic,% a.a.,diaria,2016-02-03,2016,2,14.25000000
432,selic_meta,Meta Selic,% a.a.,diaria,2016-02-04,2016,2,14.25000000
432,selic_meta,Meta Selic,% a.a.,diaria,2016-02-05,2016,2,14.25000000
432,selic_meta,Meta Selic,% a.a.,diaria,2016-02-06,2016,2,14.25000000
432,selic_meta,Meta Selic,% a.a.,diaria,2016-02-07,2016,2,14.25000000
432,selic_meta,Meta Selic,% a.a.,diaria,2016-02-08,2016,2,14.25000000
432,selic_meta,Meta Selic,% a.a.,diaria,2016-02-09,2016,2,14.25000000
432,selic_meta,Meta Selic,% a.a.,diaria,2016-02-10,2016,2,14.25000000
432,selic_meta,Meta Selic,% a.a.,diaria,2016-02-11,2016,2,14.25000000
432,selic_meta,Meta Selic,% a.a.,diaria,2016-02-12,2016,2,14.25000000
432,selic_meta,Meta Selic,% a.a.,diaria,2016-02-13,2016,2,14.25000000
432,selic_meta,Meta Selic,% a.a.,diaria,2016-02-14,2016,2,14.25000000
432,selic_meta,Meta Selic,% a.a.,diaria,2016-02-15,2016,2,14.25000000
432,selic_meta,Meta Selic,% a.a.,diaria,2016-02-16,2016,2,14.25000000
432,selic_meta,Meta Selic,% a.a.,diaria,2016-02-17,2016,2,14.25000000
432,selic_meta,Meta Selic,% a.a.,diaria,2016-02-18,2016,2,14.25000000
432,selic_meta,Meta Selic,% a.a.,diaria,2016-02-19,2016,2,14.25000000
432,selic_meta,Meta Selic,% a.a.,diaria,2016-02-20,2016,2,14.25000000
432,selic_meta,Meta Selic,% a.a.,diaria,2016-02-21,2016,2,14.25000000
432,selic_meta,Meta Selic,% a.a.,diaria,2016-02-22,2016,2,14.25000000
432,selic_meta,Meta Selic,% a.a.,diaria,2016-02-23,2016,2,14.25000000
432,selic_meta,Meta Selic,% a.a.,diaria,2016-02-24,2016,2,14.25000000
432,selic_meta,Meta Selic,% a.a.,diaria,2016-02-25,2016,2,14.25000000
432,selic_meta,Meta Selic,% a.a.,diaria,2016-02-26,2016,2,14.25000000
432,selic_meta,Meta Selic,% a.a.,diaria,2016-02-27,2016,2,14.25000000
432,selic_meta,Meta Selic,% a.a.,diaria,2016-02-28,2016,2,14.25000000
432,selic_meta,Meta Selic,% a.a.,diaria,2016-02-29,2016,2,14.25000000
432,selic_meta,Meta Selic,% a.a.,diaria,2016-03-01,2016,3,14.25000000
432,selic_meta,Meta Selic,% a.a.,diaria,2016-03-02,2016,3,14.25000000
432,selic_meta,Meta Selic,% a.a.,diaria,2016-03-03,2016,3,14.25000000
432,selic_meta,Meta Selic,% a.a.,diaria,2016-03-04,2016,3,14.25000000
432,selic_meta,Meta Selic,% a.a.,diaria,2016-03-05,2016,3,14.25000000
432,selic_meta,Meta Selic,% a.a.,diaria,2016-03-06,2016,3,14.25000000
432,selic_meta,Meta Selic,% a.a.,diaria,2016-03-07,2016,3,14.25000000
432,selic_meta,Meta Selic,% a.a.,diaria,2016-03-08,2016,3,14.25000000
432,selic_meta,Meta Selic,% a.a.,diaria,2016-03-09,2016,3,14.25000000
432,selic_meta,Meta Selic,% a.a.,diaria,2016-03-10,2016,3,14.25000000
432,selic_meta,Meta Selic,% a.a.,diaria,2016-03-11,2016,3,14.25000000
432,selic_meta,Meta Selic,% a.a.,diaria,2016-03-12,2016,3,14.25000000
432,selic_meta,Meta Selic,% a.a.,diaria,2016-03-13,2016,3,14.25000000
432,selic_meta,Meta Selic,% a.a.,diaria,2016-03-14,2016,3,14.25000000
432,selic_meta,Meta Selic,% a.a.,diaria,2016-03-15,2016,3,14.25000000
432,selic_meta,Meta Selic,% a.a.,diaria,2016-03-16,2016,3,14.25000000
432,selic_meta,Meta Selic,% a.a.,diaria,2016-03-17,2016,3,14.25000000
432,selic_meta,Meta Selic,% a.a.,diaria,2016-03-18,2016,3,14.25000000
432,selic_meta,Meta Selic,% a.a.,diaria,2016-03-19,2016,3,14.25000000
432,selic_meta,Meta Selic,% a.a.,diaria,2016-03-20,2016,3,14.25000000
432,selic_meta,Meta Selic,% a.a.,diaria,2016-03-21,2016,3,14.25000000
432,selic_meta,Meta Selic,% a.a.,diaria,2016-03-22,2016,3,14.25000000
432,selic_meta,Meta Selic,% a.a.,diaria,2016-03-23,2016,3,14.25000000
432,selic_meta,Meta Selic,% a.a.,diaria,2016-03-24,2016,3,14.25000000
432,selic_meta,Meta Selic,% a.a.,diaria,2016-03-25,2016,3,14.25000000
432,selic_meta,Meta Selic,% a.a.,diaria,2016-03-26,2016,3,14.25000000
432,selic_meta,Meta Selic,% a.a.,diaria,2016-03-27,2016,3,14.25000000
432,selic_meta,Meta Selic,% a.a.,diaria,2016-03-28,2016,3,14.25000000
432,selic_meta,Meta Selic,% a.a.,diaria,2016-03-29,2016,3,14.25000000
432,selic_meta,Meta Selic,% a.a.,diaria,2016-03-30,2016,3,14.25000000
432,selic_meta,Meta Selic,% a.a.,diaria,2016-03-31,2016,3,14.25000000
432,selic_meta,Meta Selic,% a.a.,diaria,2016-04-01,2016,4,14.25000000
432,selic_meta,Meta Selic,% a.a.,diaria,2016-04-02,2016,4,14.25000000
432,selic_meta,Meta Selic,% a.a.,diaria,2016-04-03,2016,4,14.25000000
432,selic_meta,Meta Selic,% a.a.,diaria,2016-04-04,2016,4,14.25000000
432,selic_meta,Meta Selic,% a.a.,diaria,2016-04-05,2016,4,14.25000000
432,selic_meta,Meta Selic,% a.a.,diaria,2016-04-06,2016,4,14.25000000
432,selic_meta,Meta Selic,% a.a.,diaria,2016-04-07,2016,4,14.25000000
432,selic_meta,Meta Selic,% a.a.,diaria,2016-04-08,2016,4,14.25000000
432,selic_meta,Meta Selic,% a.a.,diaria,2016-04-09,2016,4,14.25000000
432,selic_meta,Meta Selic,% a.a.,diaria,2016-04-10,2016,4,14.25000000
432,selic_meta,Meta Selic,% a.a.,diaria,2016-04-11,2016,4,14.25000000
432,selic_meta,Meta Selic,% a.a.,diaria,2016-04-12,2016,4,14.25000000
432,selic_meta,Meta Selic,% a.a.,diaria,2016-04-13,2016,4,14.25000000
432,selic_meta,Meta Selic,% a.a.,diaria,2016-04-14,2016,4,14.25000000
432,selic_meta,Meta Selic,% a.a.,diaria,2016-04-15,2016,4,14.25000000
432,selic_meta,Meta Selic,% a.a.,diaria,2016-04-16,2016,4,14.25000000
432,selic_meta,Meta Selic,% a.a.,diaria,2016-04-17,2016,4,14.25000000
432,selic_meta,Meta Selic,% a.a.,diaria,2016-04-18,2016,4,14.25000000
432,selic_meta,Meta Selic,% a.a.,diaria,2016-04-19,2016,4,14.25000000
432,selic_meta,Meta Selic,% a.a.,diaria,2016-04-20,2016,4,14.25000000
432,selic_meta,Meta Selic,% a.a.,diaria,2016-04-21,2016,4,14.25000000
432,selic_meta,Meta Selic,% a.a.,diaria,2016-04-22,2016,4,14.25000000
432,selic_meta,Meta Selic,% a.a.,diaria,2016-04-23,2016,4,14.25000000
432,selic_meta,Meta Selic,% a.a.,diaria,2016-04-24,2016,4,14.25000000
432,selic_meta,Meta Selic,% a.a.,diaria,2016-04-25,2016,4,14.25000000
432,selic_meta,Meta Selic,% a.a.,diaria,2016-04-26,2016,4,14.25000000
432,selic_meta,Meta Selic,% a.a.,diaria,2016-04-27,2016,4,14.25000000
432,selic_meta,Meta Selic,% a.a.,diaria,2016-04-28,2016,4,14.25000000
432,selic_meta,Meta Selic,% a.a.,diaria,2016-04-29,2016,4,14.25000000
432,selic_meta,Meta Selic,% a.a.,diaria,2016-04-30,2016,4,14.25000000
432,selic_meta,Meta Selic,% a.a.,diaria,2016-05-01,2016,5,14.25000000
432,selic_meta,Meta Selic,% a.a.,diaria,2016-05-02,2016,5,14.25000000
432,selic_meta,Meta Selic,% a.a.,diaria,2016-05-03,2016,5,14.25000000
432,selic_meta,Meta Selic,% a.a.,diaria,2016-05-04,2016,5,14.25000000
432,selic_meta,Meta Selic,% a.a.,diaria,2016-05-05,2016,5,14.25000000
432,selic_meta,Meta Selic,% a.a.,diaria,2016-05-06,2016,5,14.25000000
432,selic_meta,Meta Selic,% a.a.,diaria,2016-05-07,2016,5,14.25000000
432,selic_meta,Meta Selic,% a.a.,diaria,2016-05-08,2016,5,14.25000000
432,selic_meta,Meta Selic,% a.a.,diaria,2016-05-09,2016,5,14.25000000
432,selic_meta,Meta Selic,% a.a.,diaria,2016-05-10,2016,5,14.25000000
432,selic_meta,Meta Selic,% a.a.,diaria,2016-05-11,2016,5,14.25000000
432,selic_meta,Meta Selic,% a.a.,diaria,2016-05-12,2016,5,14.25000000
432,selic_meta,Meta Selic,% a.a.,diaria,2016-05-13,2016,5,14.25000000
432,selic_meta,Meta Selic,% a.a.,diaria,2016-05-14,2016,5,14.25000000
432,selic_meta,Meta Selic,% a.a.,diaria,2016-05-15,2016,5,14.25000000
432,selic_meta,Meta Selic,% a.a.,diaria,2016-05-16,2016,5,14.25000000
432,selic_meta,Meta Selic,% a.a.,diaria,2016-05-17,2016,5,14.25000000
432,selic_meta,Meta Selic,% a.a.,diaria,2016-05-18,2016,5,14.25000000
432,selic_meta,Meta Selic,% a.a.,diaria,2016-05-19,2016,5,14.25000000
432,selic_meta,Meta Selic,% a.a.,diaria,2016-05-20,2016,5,14.25000000
432,selic_meta,Meta Selic,% a.a.,diaria,2016-05-21,2016,5,14.25000000
432,selic_meta,Meta Selic,% a.a.,diaria,2016-05-22,2016,5,14.25000000
432,selic_meta,Meta Selic,% a.a.,diaria,2016-05-23,2016,5,14.25000000
432,selic_meta,Meta Selic,% a.a.,diaria,2016-05-24,2016,5,14.25000000
432,selic_meta,Meta Selic,% a.a.,diaria,2016-05-25,2016,5,14.25000000
432,selic_meta,Meta Selic,% a.a.,diaria,2016-05-26,2016,5,14.25000000
432,selic_meta,Meta Selic,% a.a.,diaria,2016-05-27,2016,5,14.25000000
432,selic_meta,Meta Selic,% a.a.,diaria,2016-05-28,2016,5,14.25000000
432,selic_meta,Meta Selic,% a.a.,diaria,2016-05-29,2016,5,14.25000000
432,selic_meta,Meta Selic,% a.a.,diaria,2016-05-30,2016,5,14.25000000
432,selic_meta,Meta Selic,% a.a.,diaria,2016-05-31,2016,5,14.25000000
432,selic_meta,Meta Selic,% a.a.,diaria,2016-06-01,2016,6,14.25000000
432,selic_meta,Meta Selic,% a.a.,diaria,2016-06-02,2016,6,14.25000000
432,selic_meta,Meta Selic,% a.a.,diaria,2016-06-03,2016,6,14.25000000
432,selic_meta,Meta Selic,% a.a.,diaria,2016-06-04,2016,6,14.25000000
432,selic_meta,Meta Selic,% a.a.,diaria,2016-06-05,2016,6,14.25000000
432,selic_meta,Meta Selic,% a.a.,diaria,2016-06-06,2016,6,14.25000000
432,selic_meta,Meta Selic,% a.a.,diaria,2016-06-07,2016,6,14.25000000
432,selic_meta,Meta Selic,% a.a.,diaria,2016-06-08,2016,6,14.25000000
432,selic_meta,Meta Selic,% a.a.,diaria,2016-06-09,2016,6,14.25000000
432,selic_meta,Meta Selic,% a.a.,diaria,2016-06-10,2016,6,14.25000000
432,selic_meta,Meta Selic,% a.a.,diaria,2016-06-11,2016,6,14.25000000
432,selic_meta,Meta Selic,% a.a.,diaria,2016-06-12,2016,6,14.25000000
432,selic_meta,Meta Selic,% a.a.,diaria,2016-06-13,2016,6,14.25000000
432,selic_meta,Meta Selic,% a.a.,diaria,2016-06-14,2016,6,14.25000000
432,selic_meta,Meta Selic,% a.a.,diaria,2016-06-15,2016,6,14.25000000
432,selic_meta,Meta Selic,% a.a.,diaria,2016-06-16,2016,6,14.25000000
432,selic_meta,Meta Selic,% a.a.,diaria,2016-06-17,2016,6,14.25000000
432,selic_meta,Meta Selic,% a.a.,diaria,2016-06-18,2016,6,14.25000000
432,selic_meta,Meta Selic,% a.a.,diaria,2016-06-19,2016,6,14.25000000
432,selic_meta,Meta Selic,% a.a.,diaria,2016-06-20,2016,6,14.25000000
432,selic_meta,Meta Selic,% a.a.,diaria,2016-06-21,2016,6,14.25000000
432,selic_meta,Meta Selic,% a.a.,diaria,2016-06-22,2016,6,14.25000000
432,selic_meta,Meta Selic,% a.a.,diaria,2016-06-23,2016,6,14.25000000
432,selic_meta,Meta Selic,% a.a.,diaria,2016-06-24,2016,6,14.25000000
432,selic_meta,Meta Selic,% a.a.,diaria,2016-06-25,2016,6,14.25000000
432,selic_meta,Meta Selic,% a.a.,diaria,2016-06-26,2016,6,14.25000000
432,selic_meta,Meta Selic,% a.a.,diaria,2016-06-27,2016,6,14.25000000
432,selic_meta,Meta Selic,% a.a.,diaria,2016-06-28,2016,6,14.25000000
432,selic_meta,Meta Selic,% a.a.,diaria,2016-06-29,2016,6,14.25000000
432,selic_meta,Meta Selic,% a.a.,diaria,2016-06-30,2016,6,14.25000000
432,selic_meta,Meta Selic,% a.a.,diaria,2016-07-01,2016,7,14.25000000
432,selic_meta,Meta Selic,% a.a.,diaria,2016-07-02,2016,7,14.25000000
432,selic_meta,Meta Selic,% a.a.,diaria,2016-07-03,2016,7,14.25000000
432,selic_meta,Meta Selic,% a.a.,diaria,2016-07-04,2016,7,14.25000000
432,selic_meta,Meta Selic,% a.a.,diaria,2016-07-05,2016,7,14.25000000
432,selic_meta,Meta Selic,% a.a.,diaria,2016-07-06,2016,7,14.25000000
432,selic_meta,Meta Selic,% a.a.,diaria,2016-07-07,2016,7,14.25000000
432,selic_meta,Meta Selic,% a.a.,diaria,2016-07-08,2016,7,14.25000000
432,selic_meta,Meta Selic,% a.a.,diaria,2016-07-09,2016,7,14.25000000
432,selic_meta,Meta Selic,% a.a.,diaria,2016-07-10,2016,7,14.25000000
432,selic_meta,Meta Selic,% a.a.,diaria,2016-07-11,2016,7,14.25000000
432,selic_meta,Meta Selic,% a.a.,diaria,2016-07-12,2016,7,14.25000000
432,selic_meta,Meta Selic,% a.a.,diaria,2016-07-13,2016,7,14.25000000
432,selic_meta,Meta Selic,% a.a.,diaria,2016-07-14,2016,7,14.25000000
432,selic_meta,Meta Selic,% a.a.,diaria,2016-07-15,2016,7,14.25000000
432,selic_meta,Meta Selic,% a.a.,diaria,2016-07-16,2016,7,14.25000000
432,selic_meta,Meta Selic,% a.a.,diaria,2016-07-17,2016,7,14.25000000
432,selic_meta,Meta Selic,% a.a.,diaria,2016-07-18,2016,7,14.25000000
432,selic_meta,Meta Selic,% a.a.,diaria,2016-07-19,2016,7,14.25000000
432,selic_meta,Meta Selic,% a.a.,diaria,2016-07-20,2016,7,14.25000000
432,selic_meta,Meta Selic,% a.a.,diaria,2016-07-21,2016,7,14.25000000
432,selic_meta,Meta Selic,% a.a.,diaria,2016-07-22,2016,7,14.25000000
432,selic_meta,Meta Selic,% a.a.,diaria,2016-07-23,2016,7,14.25000000
432,selic_meta,Meta Selic,% a.a.,diaria,2016-07-24,2016,7,14.25000000
432,selic_meta,Meta Selic,% a.a.,diaria,2016-07-25,2016,7,14.25000000
432,selic_meta,Meta Selic,% a.a.,diaria,2016-07-26,2016,7,14.25000000
432,selic_meta,Meta Selic,% a.a.,diaria,2016-07-27,2016,7,14.25000000
432,selic_meta,Meta Selic,% a.a.,diaria,2016-07-28,2016,7,14.25000000
432,selic_meta,Meta Selic,% a.a.,diaria,2016-07-29,2016,7,14.25000000
432,selic_meta,Meta Selic,% a.a.,diaria,2016-07-30,2016,7,14.25000000
432,selic_meta,Meta Selic,% a.a.,diaria,2016-07-31,2016,7,14.25000000
432,selic_meta,Meta Selic,% a.a.,diaria,2016-08-01,2016,8,14.25000000
432,selic_meta,Meta Selic,% a.a.,diaria,2016-08-02,2016,8,14.25000000
432,selic_meta,Meta Selic,% a.a.,diaria,2016-08-03,2016,8,14.25000000
432,selic_meta,Meta Selic,% a.a.,diaria,2016-08-04,2016,8,14.25000000
432,selic_meta,Meta Selic,% a.a.,diaria,2016-08-05,2016,8,14.25000000
432,selic_meta,Meta Selic,% a.a.,diaria,2016-08-06,2016,8,14.25000000
432,selic_meta,Meta Selic,% a.a.,diaria,2016-08-07,2016,8,14.25000000
432,selic_meta,Meta Selic,% a.a.,diaria,2016-08-08,2016,8,14.25000000
432,selic_meta,Meta Selic,% a.a.,diaria,2016-08-09,2016,8,14.25000000
432,selic_meta,Meta Selic,% a.a.,diaria,2016-08-10,2016,8,14.25000000
432,selic_meta,Meta Selic,% a.a.,diaria,2016-08-11,2016,8,14.25000000
432,selic_meta,Meta Selic,% a.a.,diaria,2016-08-12,2016,8,14.25000000
432,selic_meta,Meta Selic,% a.a.,diaria,2016-08-13,2016,8,14.25000000
432,selic_meta,Meta Selic,% a.a.,diaria,2016-08-14,2016,8,14.25000000
432,selic_meta,Meta Selic,% a.a.,diaria,2016-08-15,2016,8,14.25000000
432,selic_meta,Meta Selic,% a.a.,diaria,2016-08-16,2016,8,14.25000000
432,selic_meta,Meta Selic,% a.a.,diaria,2016-08-17,2016,8,14.25000000
432,selic_meta,Meta Selic,% a.a.,diaria,2016-08-18,2016,8,14.25000000
432,selic_meta,Meta Selic,% a.a.,diaria,2016-08-19,2016,8,14.25000000
432,selic_meta,Meta Selic,% a.a.,diaria,2016-08-20,2016,8,14.25000000
432,selic_meta,Meta Selic,% a.a.,diaria,2016-08-21,2016,8,14.25000000
432,selic_meta,Meta Selic,% a.a.,diaria,2016-08-22,2016,8,14.25000000
432,selic_meta,Meta Selic,% a.a.,diaria,2016-08-23,2016,8,14.25000000
432,selic_meta,Meta Selic,% a.a.,diaria,2016-08-24,2016,8,14.25000000
432,selic_meta,Meta Selic,% a.a.,diaria,2016-08-25,2016,8,14.25000000
432,selic_meta,Meta Selic,% a.a.,diaria,2016-08-26,2016,8,14.25000000
432,selic_meta,Meta Selic,% a.a.,diaria,2016-08-27,2016,8,14.25000000
432,selic_meta,Meta Selic,% a.a.,diaria,2016-08-28,2016,8,14.25000000
432,selic_meta,Meta Selic,% a.a.,diaria,2016-08-29,2016,8,14.25000000
432,selic_meta,Meta Selic,% a.a.,diaria,2016-08-30,2016,8,14.25000000
432,selic_meta,Meta Selic,% a.a.,diaria,2016-08-31,2016,8,14.25000000
432,selic_meta,Meta Selic,% a.a.,diaria,2016-09-01,2016,9,14.25000000
432,selic_meta,Meta Selic,% a.a.,diaria,2016-09-02,2016,9,14.25000000
432,selic_meta,Meta Selic,% a.a.,diaria,2016-09-03,2016,9,14.25000000
432,selic_meta,Meta Selic,% a.a.,diaria,2016-09-04,2016,9,14.25000000
432,selic_meta,Meta Selic,% a.a.,diaria,2016-09-05,2016,9,14.25000000
432,selic_meta,Meta Selic,% a.a.,diaria,2016-09-06,2016,9,14.25000000
432,selic_meta,Meta Selic,% a.a.,diaria,2016-09-07,2016,9,14.25000000
432,selic_meta,Meta Selic,% a.a.,diaria,2016-09-08,2016,9,14.25000000
432,selic_meta,Meta Selic,% a.a.,diaria,2016-09-09,2016,9,14.25000000
432,selic_meta,Meta Selic,% a.a.,diaria,2016-09-10,2016,9,14.25000000
432,selic_meta,Meta Selic,% a.a.,diaria,2016-09-11,2016,9,14.25000000
432,selic_meta,Meta Selic,% a.a.,diaria,2016-09-12,2016,9,14.25000000
432,selic_meta,Meta Selic,% a.a.,diaria,2016-09-13,2016,9,14.25000000
432,selic_meta,Meta Selic,% a.a.,diaria,2016-09-14,2016,9,14.25000000
432,selic_meta,Meta Selic,% a.a.,diaria,2016-09-15,2016,9,14.25000000
432,selic_meta,Meta Selic,% a.a.,diaria,2016-09-16,2016,9,14.25000000
432,selic_meta,Meta Selic,% a.a.,diaria,2016-09-17,2016,9,14.25000000
432,selic_meta,Meta Selic,% a.a.,diaria,2016-09-18,2016,9,14.25000000
432,selic_meta,Meta Selic,% a.a.,diaria,2016-09-19,2016,9,14.25000000
432,selic_meta,Meta Selic,% a.a.,diaria,2016-09-20,2016,9,14.25000000
432,selic_meta,Meta Selic,% a.a.,diaria,2016-09-21,2016,9,14.25000000
432,selic_meta,Meta Selic,% a.a.,diaria,2016-09-22,2016,9,14.25000000
432,selic_meta,Meta Selic,% a.a.,diaria,2016-09-23,2016,9,14.25000000
432,selic_meta,Meta Selic,% a.a.,diaria,2016-09-24,2016,9,14.25000000
432,selic_meta,Meta Selic,% a.a.,diaria,2016-09-25,2016,9,14.25000000
432,selic_meta,Meta Selic,% a.a.,diaria,2016-09-26,2016,9,14.25000000
432,selic_meta,Meta Selic,% a.a.,diaria,2016-09-27,2016,9,14.25000000
432,selic_meta,Meta Selic,% a.a.,diaria,2016-09-28,2016,9,14.25000000
432,selic_meta,Meta Selic,% a.a.,diaria,2016-09-29,2016,9,14.25000000
432,selic_meta,Meta Selic,% a.a.,diaria,2016-09-30,2016,9,14.25000000
432,selic_meta,Meta Selic,% a.a.,diaria,2016-10-01,2016,10,14.25000000
432,selic_meta,Meta Selic,% a.a.,diaria,2016-10-02,2016,10,14.25000000
432,selic_meta,Meta Selic,% a.a.,diaria,2016-10-03,2016,10,14.25000000
432,selic_meta,Meta Selic,% a.a.,diaria,2016-10-04,2016,10,14.25000000
432,selic_meta,Meta Selic,% a.a.,diaria,2016-10-05,2016,10,14.25000000
432,selic_meta,Meta Selic,% a.a.,diaria,2016-10-06,2016,10,14.25000000
432,selic_meta,Meta Selic,% a.a.,diaria,2016-10-07,2016,10,14.25000000
432,selic_meta,Meta Selic,% a.a.,diaria,2016-10-08,2016,10,14.25000000
432,selic_meta,Meta Selic,% a.a.,diaria,2016-10-09,2016,10,14.25000000
432,selic_meta,Meta Selic,% a.a.,diaria,2016-10-10,2016,10,14.25000000
432,selic_meta,Meta Selic,% a.a.,diaria,2016-10-11,2016,10,14.25000000
432,selic_meta,Meta Selic,% a.a.,diaria,2016-10-12,2016,10,14.25000000
432,selic_meta,Meta Selic,% a.a.,diaria,2016-10-13,2016,10,14.25000000
432,selic_meta,Meta Selic,% a.a.,diaria,2016-10-14,2016,10,14.25000000
432,selic_meta,Meta Selic,% a.a.,diaria,2016-10-15,2016,10,14.25000000
432,selic_meta,Meta Selic,% a.a.,diaria,2016-10-16,2016,10,14.25000000
432,selic_meta,Meta Selic,% a.a.,diaria,2016-10-17,2016,10,14.25000000
432,selic_meta,Meta Selic,% a.a.,diaria,2016-10-18,2016,10,14.25000000
432,selic_meta,Meta Selic,% a.a.,diaria,2016-10-19,2016,10,14.25000000
432,selic_meta,Meta Selic,% a.a.,diaria,2016-10-20,2016,10,14.00000000
432,selic_meta,Meta Selic,% a.a.,diaria,2016-10-21,2016,10,14.00000000
432,selic_meta,Meta Selic,% a.a.,diaria,2016-10-22,2016,10,14.00000000
432,selic_meta,Meta Selic,% a.a.,diaria,2016-10-23,2016,10,14.00000000
432,selic_meta,Meta Selic,% a.a.,diaria,2016-10-24,2016,10,14.00000000
432,selic_meta,Meta Selic,% a.a.,diaria,2016-10-25,2016,10,14.00000000
432,selic_meta,Meta Selic,% a.a.,diaria,2016-10-26,2016,10,14.00000000
432,selic_meta,Meta Selic,% a.a.,diaria,2016-10-27,2016,10,14.00000000
432,selic_meta,Meta Selic,% a.a.,diaria,2016-10-28,2016,10,14.00000000
432,selic_meta,Meta Selic,% a.a.,diaria,2016-10-29,2016,10,14.00000000
432,selic_meta,Meta Selic,% a.a.,diaria,2016-10-30,2016,10,14.00000000
432,selic_meta,Meta Selic,% a.a.,diaria,2016-10-31,2016,10,14.00000000
432,selic_meta,Meta Selic,% a.a.,diaria,2016-11-01,2016,11,14.00000000
432,selic_meta,Meta Selic,% a.a.,diaria,2016-11-02,2016,11,14.00000000
432,selic_meta,Meta Selic,% a.a.,diaria,2016-11-03,2016,11,14.00000000
432,selic_meta,Meta Selic,% a.a.,diaria,2016-11-04,2016,11,14.00000000
432,selic_meta,Meta Selic,% a.a.,diaria,2016-11-05,2016,11,14.00000000
432,selic_meta,Meta Selic,% a.a.,diaria,2016-11-06,2016,11,14.00000000
432,selic_meta,Meta Selic,% a.a.,diaria,2016-11-07,2016,11,14.00000000
432,selic_meta,Meta Selic,% a.a.,diaria,2016-11-08,2016,11,14.00000000
432,selic_meta,Meta Selic,% a.a.,diaria,2016-11-09,2016,11,14.00000000
432,selic_meta,Meta Selic,% a.a.,diaria,2016-11-10,2016,11,14.00000000
432,selic_meta,Meta Selic,% a.a.,diaria,2016-11-11,2016,11,14.00000000
432,selic_meta,Meta Selic,% a.a.,diaria,2016-11-12,2016,11,14.00000000
432,selic_meta,Meta Selic,% a.a.,diaria,2016-11-13,2016,11,14.00000000
432,selic_meta,Meta Selic,% a.a.,diaria,2016-11-14,2016,11,14.00000000
432,selic_meta,Meta Selic,% a.a.,diaria,2016-11-15,2016,11,14.00000000
432,selic_meta,Meta Selic,% a.a.,diaria,2016-11-16,2016,11,14.00000000
432,selic_meta,Meta Selic,% a.a.,diaria,2016-11-17,2016,11,14.00000000
432,selic_meta,Meta Selic,% a.a.,diaria,2016-11-18,2016,11,14.00000000
432,selic_meta,Meta Selic,% a.a.,diaria,2016-11-19,2016,11,14.00000000
432,selic_meta,Meta Selic,% a.a.,diaria,2016-11-20,2016,11,14.00000000
432,selic_meta,Meta Selic,% a.a.,diaria,2016-11-21,2016,11,14.00000000
432,selic_meta,Meta Selic,% a.a.,diaria,2016-11-22,2016,11,14.00000000
432,selic_meta,Meta Selic,% a.a.,diaria,2016-11-23,2016,11,14.00000000
432,selic_meta,Meta Selic,% a.a.,diaria,2016-11-24,2016,11,14.00000000
432,selic_meta,Meta Selic,% a.a.,diaria,2016-11-25,2016,11,14.00000000
432,selic_meta,Meta Selic,% a.a.,diaria,2016-11-26,2016,11,14.00000000
432,selic_meta,Meta Selic,% a.a.,diaria,2016-11-27,2016,11,14.00000000
432,selic_meta,Meta Selic,% a.a.,diaria,2016-11-28,2016,11,14.00000000
432,selic_meta,Meta Selic,% a.a.,diaria,2016-11-29,2016,11,14.00000000
432,selic_meta,Meta Selic,% a.a.,diaria,2016-11-30,2016,11,14.00000000
432,selic_meta,Meta Selic,% a.a.,diaria,2016-12-01,2016,12,13.75000000
432,selic_meta,Meta Selic,% a.a.,diaria,2016-12-02,2016,12,13.75000000
432,selic_meta,Meta Selic,% a.a.,diaria,2016-12-03,2016,12,13.75000000
432,selic_meta,Meta Selic,% a.a.,diaria,2016-12-04,2016,12,13.75000000
432,selic_meta,Meta Selic,% a.a.,diaria,2016-12-05,2016,12,13.75000000
432,selic_meta,Meta Selic,% a.a.,diaria,2016-12-06,2016,12,13.75000000
432,selic_meta,Meta Selic,% a.a.,diaria,2016-12-07,2016,12,13.75000000
432,selic_meta,Meta Selic,% a.a.,diaria,2016-12-08,2016,12,13.75000000
432,selic_meta,Meta Selic,% a.a.,diaria,2016-12-09,2016,12,13.75000000
432,selic_meta,Meta Selic,% a.a.,diaria,2016-12-10,2016,12,13.75000000
432,selic_meta,Meta Selic,% a.a.,diaria,2016-12-11,2016,12,13.75000000
432,selic_meta,Meta Selic,% a.a.,diaria,2016-12-12,2016,12,13.75000000
432,selic_meta,Meta Selic,% a.a.,diaria,2016-12-13,2016,12,13.75000000
432,selic_meta,Meta Selic,% a.a.,diaria,2016-12-14,2016,12,13.75000000
432,selic_meta,Meta Selic,% a.a.,diaria,2016-12-15,2016,12,13.75000000
432,selic_meta,Meta Selic,% a.a.,diaria,2016-12-16,2016,12,13.75000000
432,selic_meta,Meta Selic,% a.a.,diaria,2016-12-17,2016,12,13.75000000
432,selic_meta,Meta Selic,% a.a.,diaria,2016-12-18,2016,12,13.75000000
432,selic_meta,Meta Selic,% a.a.,diaria,2016-12-19,2016,12,13.75000000
432,selic_meta,Meta Selic,% a.a.,diaria,2016-12-20,2016,12,13.75000000
432,selic_meta,Meta Selic,% a.a.,diaria,2016-12-21,2016,12,13.75000000
432,selic_meta,Meta Selic,% a.a.,diaria,2016-12-22,2016,12,13.75000000
432,selic_meta,Meta Selic,% a.a.,diaria,2016-12-23,2016,12,13.75000000
432,selic_meta,Meta Selic,% a.a.,diaria,2016-12-24,2016,12,13.75000000
432,selic_meta,Meta Selic,% a.a.,diaria,2016-12-25,2016,12,13.75000000
432,selic_meta,Meta Selic,% a.a.,diaria,2016-12-26,2016,12,13.75000000
432,selic_meta,Meta Selic,% a.a.,diaria,2016-12-27,2016,12,13.75000000
432,selic_meta,Meta Selic,% a.a.,diaria,2016-12-28,2016,12,13.75000000
432,selic_meta,Meta Selic,% a.a.,diaria,2016-12-29,2016,12,13.75000000
432,selic_meta,Meta Selic,% a.a.,diaria,2016-12-30,2016,12,13.75000000
432,selic_meta,Meta Selic,% a.a.,diaria,2016-12-31,2016,12,13.75000000
432,selic_meta,Meta Selic,% a.a.,diaria,2017-01-01,2017,1,13.75000000
432,selic_meta,Meta Selic,% a.a.,diaria,2017-01-02,2017,1,13.75000000
432,selic_meta,Meta Selic,% a.a.,diaria,2017-01-03,2017,1,13.75000000
432,selic_meta,Meta Selic,% a.a.,diaria,2017-01-04,2017,1,13.75000000
432,selic_meta,Meta Selic,% a.a.,diaria,2017-01-05,2017,1,13.75000000
432,selic_meta,Meta Selic,% a.a.,diaria,2017-01-06,2017,1,13.75000000
432,selic_meta,Meta Selic,% a.a.,diaria,2017-01-07,2017,1,13.75000000
432,selic_meta,Meta Selic,% a.a.,diaria,2017-01-08,2017,1,13.75000000
432,selic_meta,Meta Selic,% a.a.,diaria,2017-01-09,2017,1,13.75000000
432,selic_meta,Meta Selic,% a.a.,diaria,2017-01-10,2017,1,13.75000000
432,selic_meta,Meta Selic,% a.a.,diaria,2017-01-11,2017,1,13.75000000
432,selic_meta,Meta Selic,% a.a.,diaria,2017-01-12,2017,1,13.00000000
432,selic_meta,Meta Selic,% a.a.,diaria,2017-01-13,2017,1,13.00000000
432,selic_meta,Meta Selic,% a.a.,diaria,2017-01-14,2017,1,13.00000000
432,selic_meta,Meta Selic,% a.a.,diaria,2017-01-15,2017,1,13.00000000
432,selic_meta,Meta Selic,% a.a.,diaria,2017-01-16,2017,1,13.00000000
432,selic_meta,Meta Selic,% a.a.,diaria,2017-01-17,2017,1,13.00000000
432,selic_meta,Meta Selic,% a.a.,diaria,2017-01-18,2017,1,13.00000000
432,selic_meta,Meta Selic,% a.a.,diaria,2017-01-19,2017,1,13.00000000
432,selic_meta,Meta Selic,% a.a.,diaria,2017-01-20,2017,1,13.00000000
432,selic_meta,Meta Selic,% a.a.,diaria,2017-01-21,2017,1,13.00000000
432,selic_meta,Meta Selic,% a.a.,diaria,2017-01-22,2017,1,13.00000000
432,selic_meta,Meta Selic,% a.a.,diaria,2017-01-23,2017,1,13.00000000
432,selic_meta,Meta Selic,% a.a.,diaria,2017-01-24,2017,1,13.00000000
432,selic_meta,Meta Selic,% a.a.,diaria,2017-01-25,2017,1,13.00000000
432,selic_meta,Meta Selic,% a.a.,diaria,2017-01-26,2017,1,13.00000000
432,selic_meta,Meta Selic,% a.a.,diaria,2017-01-27,2017,1,13.00000000
432,selic_meta,Meta Selic,% a.a.,diaria,2017-01-28,2017,1,13.00000000
432,selic_meta,Meta Selic,% a.a.,diaria,2017-01-29,2017,1,13.00000000
432,selic_meta,Meta Selic,% a.a.,diaria,2017-01-30,2017,1,13.00000000
432,selic_meta,Meta Selic,% a.a.,diaria,2017-01-31,2017,1,13.00000000
432,selic_meta,Meta Selic,% a.a.,diaria,2017-02-01,2017,2,13.00000000
432,selic_meta,Meta Selic,% a.a.,diaria,2017-02-02,2017,2,13.00000000
432,selic_meta,Meta Selic,% a.a.,diaria,2017-02-03,2017,2,13.00000000
432,selic_meta,Meta Selic,% a.a.,diaria,2017-02-04,2017,2,13.00000000
432,selic_meta,Meta Selic,% a.a.,diaria,2017-02-05,2017,2,13.00000000
432,selic_meta,Meta Selic,% a.a.,diaria,2017-02-06,2017,2,13.00000000
432,selic_meta,Meta Selic,% a.a.,diaria,2017-02-07,2017,2,13.00000000
432,selic_meta,Meta Selic,% a.a.,diaria,2017-02-08,2017,2,13.00000000
432,selic_meta,Meta Selic,% a.a.,diaria,2017-02-09,2017,2,13.00000000
432,selic_meta,Meta Selic,% a.a.,diaria,2017-02-10,2017,2,13.00000000
432,selic_meta,Meta Selic,% a.a.,diaria,2017-02-11,2017,2,13.00000000
432,selic_meta,Meta Selic,% a.a.,diaria,2017-02-12,2017,2,13.00000000
432,selic_meta,Meta Selic,% a.a.,diaria,2017-02-13,2017,2,13.00000000
432,selic_meta,Meta Selic,% a.a.,diaria,2017-02-14,2017,2,13.00000000
432,selic_meta,Meta Selic,% a.a.,diaria,2017-02-15,2017,2,13.00000000
432,selic_meta,Meta Selic,% a.a.,diaria,2017-02-16,2017,2,13.00000000
432,selic_meta,Meta Selic,% a.a.,diaria,2017-02-17,2017,2,13.00000000
432,selic_meta,Meta Selic,% a.a.,diaria,2017-02-18,2017,2,13.00000000
432,selic_meta,Meta Selic,% a.a.,diaria,2017-02-19,2017,2,13.00000000
432,selic_meta,Meta Selic,% a.a.,diaria,2017-02-20,2017,2,13.00000000
432,selic_meta,Meta Selic,% a.a.,diaria,2017-02-21,2017,2,13.00000000
432,selic_meta,Meta Selic,% a.a.,diaria,2017-02-22,2017,2,13.00000000
432,selic_meta,Meta Selic,% a.a.,diaria,2017-02-23,2017,2,12.25000000
432,selic_meta,Meta Selic,% a.a.,diaria,2017-02-24,2017,2,12.25000000
432,selic_meta,Meta Selic,% a.a.,diaria,2017-02-25,2017,2,12.25000000
432,selic_meta,Meta Selic,% a.a.,diaria,2017-02-26,2017,2,12.25000000
432,selic_meta,Meta Selic,% a.a.,diaria,2017-02-27,2017,2,12.25000000
432,selic_meta,Meta Selic,% a.a.,diaria,2017-02-28,2017,2,12.25000000
432,selic_meta,Meta Selic,% a.a.,diaria,2017-03-01,2017,3,12.25000000
432,selic_meta,Meta Selic,% a.a.,diaria,2017-03-02,2017,3,12.25000000
432,selic_meta,Meta Selic,% a.a.,diaria,2017-03-03,2017,3,12.25000000
432,selic_meta,Meta Selic,% a.a.,diaria,2017-03-04,2017,3,12.25000000
432,selic_meta,Meta Selic,% a.a.,diaria,2017-03-05,2017,3,12.25000000
432,selic_meta,Meta Selic,% a.a.,diaria,2017-03-06,2017,3,12.25000000
432,selic_meta,Meta Selic,% a.a.,diaria,2017-03-07,2017,3,12.25000000
432,selic_meta,Meta Selic,% a.a.,diaria,2017-03-08,2017,3,12.25000000
432,selic_meta,Meta Selic,% a.a.,diaria,2017-03-09,2017,3,12.25000000
432,selic_meta,Meta Selic,% a.a.,diaria,2017-03-10,2017,3,12.25000000
432,selic_meta,Meta Selic,% a.a.,diaria,2017-03-11,2017,3,12.25000000
432,selic_meta,Meta Selic,% a.a.,diaria,2017-03-12,2017,3,12.25000000
432,selic_meta,Meta Selic,% a.a.,diaria,2017-03-13,2017,3,12.25000000
432,selic_meta,Meta Selic,% a.a.,diaria,2017-03-14,2017,3,12.25000000
432,selic_meta,Meta Selic,% a.a.,diaria,2017-03-15,2017,3,12.25000000
432,selic_meta,Meta Selic,% a.a.,diaria,2017-03-16,2017,3,12.25000000
432,selic_meta,Meta Selic,% a.a.,diaria,2017-03-17,2017,3,12.25000000
432,selic_meta,Meta Selic,% a.a.,diaria,2017-03-18,2017,3,12.25000000
432,selic_meta,Meta Selic,% a.a.,diaria,2017-03-19,2017,3,12.25000000
432,selic_meta,Meta Selic,% a.a.,diaria,2017-03-20,2017,3,12.25000000
432,selic_meta,Meta Selic,% a.a.,diaria,2017-03-21,2017,3,12.25000000
432,selic_meta,Meta Selic,% a.a.,diaria,2017-03-22,2017,3,12.25000000
432,selic_meta,Meta Selic,% a.a.,diaria,2017-03-23,2017,3,12.25000000
432,selic_meta,Meta Selic,% a.a.,diaria,2017-03-24,2017,3,12.25000000
432,selic_meta,Meta Selic,% a.a.,diaria,2017-03-25,2017,3,12.25000000
432,selic_meta,Meta Selic,% a.a.,diaria,2017-03-26,2017,3,12.25000000
432,selic_meta,Meta Selic,% a.a.,diaria,2017-03-27,2017,3,12.25000000
432,selic_meta,Meta Selic,% a.a.,diaria,2017-03-28,2017,3,12.25000000
432,selic_meta,Meta Selic,% a.a.,diaria,2017-03-29,2017,3,12.25000000
432,selic_meta,Meta Selic,% a.a.,diaria,2017-03-30,2017,3,12.25000000
432,selic_meta,Meta Selic,% a.a.,diaria,2017-03-31,2017,3,12.25000000
432,selic_meta,Meta Selic,% a.a.,diaria,2017-04-01,2017,4,12.25000000
432,selic_meta,Meta Selic,% a.a.,diaria,2017-04-02,2017,4,12.25000000
432,selic_meta,Meta Selic,% a.a.,diaria,2017-04-03,2017,4,12.25000000
432,selic_meta,Meta Selic,% a.a.,diaria,2017-04-04,2017,4,12.25000000
432,selic_meta,Meta Selic,% a.a.,diaria,2017-04-05,2017,4,12.25000000
432,selic_meta,Meta Selic,% a.a.,diaria,2017-04-06,2017,4,12.25000000
432,selic_meta,Meta Selic,% a.a.,diaria,2017-04-07,2017,4,12.25000000
432,selic_meta,Meta Selic,% a.a.,diaria,2017-04-08,2017,4,12.25000000
432,selic_meta,Meta Selic,% a.a.,diaria,2017-04-09,2017,4,12.25000000
432,selic_meta,Meta Selic,% a.a.,diaria,2017-04-10,2017,4,12.25000000
432,selic_meta,Meta Selic,% a.a.,diaria,2017-04-11,2017,4,12.25000000
432,selic_meta,Meta Selic,% a.a.,diaria,2017-04-12,2017,4,12.25000000
432,selic_meta,Meta Selic,% a.a.,diaria,2017-04-13,2017,4,11.25000000
432,selic_meta,Meta Selic,% a.a.,diaria,2017-04-14,2017,4,11.25000000
432,selic_meta,Meta Selic,% a.a.,diaria,2017-04-15,2017,4,11.25000000
432,selic_meta,Meta Selic,% a.a.,diaria,2017-04-16,2017,4,11.25000000
432,selic_meta,Meta Selic,% a.a.,diaria,2017-04-17,2017,4,11.25000000
432,selic_meta,Meta Selic,% a.a.,diaria,2017-04-18,2017,4,11.25000000
432,selic_meta,Meta Selic,% a.a.,diaria,2017-04-19,2017,4,11.25000000
432,selic_meta,Meta Selic,% a.a.,diaria,2017-04-20,2017,4,11.25000000
432,selic_meta,Meta Selic,% a.a.,diaria,2017-04-21,2017,4,11.25000000
432,selic_meta,Meta Selic,% a.a.,diaria,2017-04-22,2017,4,11.25000000
432,selic_meta,Meta Selic,% a.a.,diaria,2017-04-23,2017,4,11.25000000
432,selic_meta,Meta Selic,% a.a.,diaria,2017-04-24,2017,4,11.25000000
432,selic_meta,Meta Selic,% a.a.,diaria,2017-04-25,2017,4,11.25000000
432,selic_meta,Meta Selic,% a.a.,diaria,2017-04-26,2017,4,11.25000000
432,selic_meta,Meta Selic,% a.a.,diaria,2017-04-27,2017,4,11.25000000
432,selic_meta,Meta Selic,% a.a.,diaria,2017-04-28,2017,4,11.25000000
432,selic_meta,Meta Selic,% a.a.,diaria,2017-04-29,2017,4,11.25000000
432,selic_meta,Meta Selic,% a.a.,diaria,2017-04-30,2017,4,11.25000000
432,selic_meta,Meta Selic,% a.a.,diaria,2017-05-01,2017,5,11.25000000
432,selic_meta,Meta Selic,% a.a.,diaria,2017-05-02,2017,5,11.25000000
432,selic_meta,Meta Selic,% a.a.,diaria,2017-05-03,2017,5,11.25000000
432,selic_meta,Meta Selic,% a.a.,diaria,2017-05-04,2017,5,11.25000000
432,selic_meta,Meta Selic,% a.a.,diaria,2017-05-05,2017,5,11.25000000
432,selic_meta,Meta Selic,% a.a.,diaria,2017-05-06,2017,5,11.25000000
432,selic_meta,Meta Selic,% a.a.,diaria,2017-05-07,2017,5,11.25000000
432,selic_meta,Meta Selic,% a.a.,diaria,2017-05-08,2017,5,11.25000000
432,selic_meta,Meta Selic,% a.a.,diaria,2017-05-09,2017,5,11.25000000
432,selic_meta,Meta Selic,% a.a.,diaria,2017-05-10,2017,5,11.25000000
432,selic_meta,Meta Selic,% a.a.,diaria,2017-05-11,2017,5,11.25000000
432,selic_meta,Meta Selic,% a.a.,diaria,2017-05-12,2017,5,11.25000000
432,selic_meta,Meta Selic,% a.a.,diaria,2017-05-13,2017,5,11.25000000
432,selic_meta,Meta Selic,% a.a.,diaria,2017-05-14,2017,5,11.25000000
432,selic_meta,Meta Selic,% a.a.,diaria,2017-05-15,2017,5,11.25000000
432,selic_meta,Meta Selic,% a.a.,diaria,2017-05-16,2017,5,11.25000000
432,selic_meta,Meta Selic,% a.a.,diaria,2017-05-17,2017,5,11.25000000
432,selic_meta,Meta Selic,% a.a.,diaria,2017-05-18,2017,5,11.25000000
432,selic_meta,Meta Selic,% a.a.,diaria,2017-05-19,2017,5,11.25000000
432,selic_meta,Meta Selic,% a.a.,diaria,2017-05-20,2017,5,11.25000000
432,selic_meta,Meta Selic,% a.a.,diaria,2017-05-21,2017,5,11.25000000
432,selic_meta,Meta Selic,% a.a.,diaria,2017-05-22,2017,5,11.25000000
432,selic_meta,Meta Selic,% a.a.,diaria,2017-05-23,2017,5,11.25000000
432,selic_meta,Meta Selic,% a.a.,diaria,2017-05-24,2017,5,11.25000000
432,selic_meta,Meta Selic,% a.a.,diaria,2017-05-25,2017,5,11.25000000
432,selic_meta,Meta Selic,% a.a.,diaria,2017-05-26,2017,5,11.25000000
432,selic_meta,Meta Selic,% a.a.,diaria,2017-05-27,2017,5,11.25000000
432,selic_meta,Meta Selic,% a.a.,diaria,2017-05-28,2017,5,11.25000000
432,selic_meta,Meta Selic,% a.a.,diaria,2017-05-29,2017,5,11.25000000
432,selic_meta,Meta Selic,% a.a.,diaria,2017-05-30,2017,5,11.25000000
432,selic_meta,Meta Selic,% a.a.,diaria,2017-05-31,2017,5,11.25000000
432,selic_meta,Meta Selic,% a.a.,diaria,2017-06-01,2017,6,10.25000000
432,selic_meta,Meta Selic,% a.a.,diaria,2017-06-02,2017,6,10.25000000
432,selic_meta,Meta Selic,% a.a.,diaria,2017-06-03,2017,6,10.25000000
432,selic_meta,Meta Selic,% a.a.,diaria,2017-06-04,2017,6,10.25000000
432,selic_meta,Meta Selic,% a.a.,diaria,2017-06-05,2017,6,10.25000000
432,selic_meta,Meta Selic,% a.a.,diaria,2017-06-06,2017,6,10.25000000
432,selic_meta,Meta Selic,% a.a.,diaria,2017-06-07,2017,6,10.25000000
432,selic_meta,Meta Selic,% a.a.,diaria,2017-06-08,2017,6,10.25000000
432,selic_meta,Meta Selic,% a.a.,diaria,2017-06-09,2017,6,10.25000000
432,selic_meta,Meta Selic,% a.a.,diaria,2017-06-10,2017,6,10.25000000
432,selic_meta,Meta Selic,% a.a.,diaria,2017-06-11,2017,6,10.25000000
432,selic_meta,Meta Selic,% a.a.,diaria,2017-06-12,2017,6,10.25000000
432,selic_meta,Meta Selic,% a.a.,diaria,2017-06-13,2017,6,10.25000000
432,selic_meta,Meta Selic,% a.a.,diaria,2017-06-14,2017,6,10.25000000
432,selic_meta,Meta Selic,% a.a.,diaria,2017-06-15,2017,6,10.25000000
432,selic_meta,Meta Selic,% a.a.,diaria,2017-06-16,2017,6,10.25000000
432,selic_meta,Meta Selic,% a.a.,diaria,2017-06-17,2017,6,10.25000000
432,selic_meta,Meta Selic,% a.a.,diaria,2017-06-18,2017,6,10.25000000
432,selic_meta,Meta Selic,% a.a.,diaria,2017-06-19,2017,6,10.25000000
432,selic_meta,Meta Selic,% a.a.,diaria,2017-06-20,2017,6,10.25000000
432,selic_meta,Meta Selic,% a.a.,diaria,2017-06-21,2017,6,10.25000000
432,selic_meta,Meta Selic,% a.a.,diaria,2017-06-22,2017,6,10.25000000
432,selic_meta,Meta Selic,% a.a.,diaria,2017-06-23,2017,6,10.25000000
432,selic_meta,Meta Selic,% a.a.,diaria,2017-06-24,2017,6,10.25000000
432,selic_meta,Meta Selic,% a.a.,diaria,2017-06-25,2017,6,10.25000000
432,selic_meta,Meta Selic,% a.a.,diaria,2017-06-26,2017,6,10.25000000
432,selic_meta,Meta Selic,% a.a.,diaria,2017-06-27,2017,6,10.25000000
432,selic_meta,Meta Selic,% a.a.,diaria,2017-06-28,2017,6,10.25000000
432,selic_meta,Meta Selic,% a.a.,diaria,2017-06-29,2017,6,10.25000000
432,selic_meta,Meta Selic,% a.a.,diaria,2017-06-30,2017,6,10.25000000
432,selic_meta,Meta Selic,% a.a.,diaria,2017-07-01,2017,7,10.25000000
432,selic_meta,Meta Selic,% a.a.,diaria,2017-07-02,2017,7,10.25000000
432,selic_meta,Meta Selic,% a.a.,diaria,2017-07-03,2017,7,10.25000000
432,selic_meta,Meta Selic,% a.a.,diaria,2017-07-04,2017,7,10.25000000
432,selic_meta,Meta Selic,% a.a.,diaria,2017-07-05,2017,7,10.25000000
432,selic_meta,Meta Selic,% a.a.,diaria,2017-07-06,2017,7,10.25000000
432,selic_meta,Meta Selic,% a.a.,diaria,2017-07-07,2017,7,10.25000000
432,selic_meta,Meta Selic,% a.a.,diaria,2017-07-08,2017,7,10.25000000
432,selic_meta,Meta Selic,% a.a.,diaria,2017-07-09,2017,7,10.25000000
432,selic_meta,Meta Selic,% a.a.,diaria,2017-07-10,2017,7,10.25000000
432,selic_meta,Meta Selic,% a.a.,diaria,2017-07-11,2017,7,10.25000000
432,selic_meta,Meta Selic,% a.a.,diaria,2017-07-12,2017,7,10.25000000
432,selic_meta,Meta Selic,% a.a.,diaria,2017-07-13,2017,7,10.25000000
432,selic_meta,Meta Selic,% a.a.,diaria,2017-07-14,2017,7,10.25000000
432,selic_meta,Meta Selic,% a.a.,diaria,2017-07-15,2017,7,10.25000000
432,selic_meta,Meta Selic,% a.a.,diaria,2017-07-16,2017,7,10.25000000
432,selic_meta,Meta Selic,% a.a.,diaria,2017-07-17,2017,7,10.25000000
432,selic_meta,Meta Selic,% a.a.,diaria,2017-07-18,2017,7,10.25000000
432,selic_meta,Meta Selic,% a.a.,diaria,2017-07-19,2017,7,10.25000000
432,selic_meta,Meta Selic,% a.a.,diaria,2017-07-20,2017,7,10.25000000
432,selic_meta,Meta Selic,% a.a.,diaria,2017-07-21,2017,7,10.25000000
432,selic_meta,Meta Selic,% a.a.,diaria,2017-07-22,2017,7,10.25000000
432,selic_meta,Meta Selic,% a.a.,diaria,2017-07-23,2017,7,10.25000000
432,selic_meta,Meta Selic,% a.a.,diaria,2017-07-24,2017,7,10.25000000
432,selic_meta,Meta Selic,% a.a.,diaria,2017-07-25,2017,7,10.25000000
432,selic_meta,Meta Selic,% a.a.,diaria,2017-07-26,2017,7,10.25000000
432,selic_meta,Meta Selic,% a.a.,diaria,2017-07-27,2017,7,9.25000000
432,selic_meta,Meta Selic,% a.a.,diaria,2017-07-28,2017,7,9.25000000
432,selic_meta,Meta Selic,% a.a.,diaria,2017-07-29,2017,7,9.25000000
432,selic_meta,Meta Selic,% a.a.,diaria,2017-07-30,2017,7,9.25000000
432,selic_meta,Meta Selic,% a.a.,diaria,2017-07-31,2017,7,9.25000000
432,selic_meta,Meta Selic,% a.a.,diaria,2017-08-01,2017,8,9.25000000
432,selic_meta,Meta Selic,% a.a.,diaria,2017-08-02,2017,8,9.25000000
432,selic_meta,Meta Selic,% a.a.,diaria,2017-08-03,2017,8,9.25000000
432,selic_meta,Meta Selic,% a.a.,diaria,2017-08-04,2017,8,9.25000000
432,selic_meta,Meta Selic,% a.a.,diaria,2017-08-05,2017,8,9.25000000
432,selic_meta,Meta Selic,% a.a.,diaria,2017-08-06,2017,8,9.25000000
432,selic_meta,Meta Selic,% a.a.,diaria,2017-08-07,2017,8,9.25000000
432,selic_meta,Meta Selic,% a.a.,diaria,2017-08-08,2017,8,9.25000000
432,selic_meta,Meta Selic,% a.a.,diaria,2017-08-09,2017,8,9.25000000
432,selic_meta,Meta Selic,% a.a.,diaria,2017-08-10,2017,8,9.25000000
432,selic_meta,Meta Selic,% a.a.,diaria,2017-08-11,2017,8,9.25000000
432,selic_meta,Meta Selic,% a.a.,diaria,2017-08-12,2017,8,9.25000000
432,selic_meta,Meta Selic,% a.a.,diaria,2017-08-13,2017,8,9.25000000
432,selic_meta,Meta Selic,% a.a.,diaria,2017-08-14,2017,8,9.25000000
432,selic_meta,Meta Selic,% a.a.,diaria,2017-08-15,2017,8,9.25000000
432,selic_meta,Meta Selic,% a.a.,diaria,2017-08-16,2017,8,9.25000000
432,selic_meta,Meta Selic,% a.a.,diaria,2017-08-17,2017,8,9.25000000
432,selic_meta,Meta Selic,% a.a.,diaria,2017-08-18,2017,8,9.25000000
432,selic_meta,Meta Selic,% a.a.,diaria,2017-08-19,2017,8,9.25000000
432,selic_meta,Meta Selic,% a.a.,diaria,2017-08-20,2017,8,9.25000000
432,selic_meta,Meta Selic,% a.a.,diaria,2017-08-21,2017,8,9.25000000
432,selic_meta,Meta Selic,% a.a.,diaria,2017-08-22,2017,8,9.25000000
432,selic_meta,Meta Selic,% a.a.,diaria,2017-08-23,2017,8,9.25000000
432,selic_meta,Meta Selic,% a.a.,diaria,2017-08-24,2017,8,9.25000000
432,selic_meta,Meta Selic,% a.a.,diaria,2017-08-25,2017,8,9.25000000
432,selic_meta,Meta Selic,% a.a.,diaria,2017-08-26,2017,8,9.25000000
432,selic_meta,Meta Selic,% a.a.,diaria,2017-08-27,2017,8,9.25000000
432,selic_meta,Meta Selic,% a.a.,diaria,2017-08-28,2017,8,9.25000000
432,selic_meta,Meta Selic,% a.a.,diaria,2017-08-29,2017,8,9.25000000
432,selic_meta,Meta Selic,% a.a.,diaria,2017-08-30,2017,8,9.25000000
432,selic_meta,Meta Selic,% a.a.,diaria,2017-08-31,2017,8,9.25000000
432,selic_meta,Meta Selic,% a.a.,diaria,2017-09-01,2017,9,9.25000000
432,selic_meta,Meta Selic,% a.a.,diaria,2017-09-02,2017,9,9.25000000
432,selic_meta,Meta Selic,% a.a.,diaria,2017-09-03,2017,9,9.25000000
432,selic_meta,Meta Selic,% a.a.,diaria,2017-09-04,2017,9,9.25000000
432,selic_meta,Meta Selic,% a.a.,diaria,2017-09-05,2017,9,9.25000000
432,selic_meta,Meta Selic,% a.a.,diaria,2017-09-06,2017,9,9.25000000
432,selic_meta,Meta Selic,% a.a.,diaria,2017-09-07,2017,9,9.25000000
432,selic_meta,Meta Selic,% a.a.,diaria,2017-09-08,2017,9,8.25000000
432,selic_meta,Meta Selic,% a.a.,diaria,2017-09-09,2017,9,8.25000000
432,selic_meta,Meta Selic,% a.a.,diaria,2017-09-10,2017,9,8.25000000
432,selic_meta,Meta Selic,% a.a.,diaria,2017-09-11,2017,9,8.25000000
432,selic_meta,Meta Selic,% a.a.,diaria,2017-09-12,2017,9,8.25000000
432,selic_meta,Meta Selic,% a.a.,diaria,2017-09-13,2017,9,8.25000000
432,selic_meta,Meta Selic,% a.a.,diaria,2017-09-14,2017,9,8.25000000
432,selic_meta,Meta Selic,% a.a.,diaria,2017-09-15,2017,9,8.25000000
432,selic_meta,Meta Selic,% a.a.,diaria,2017-09-16,2017,9,8.25000000
432,selic_meta,Meta Selic,% a.a.,diaria,2017-09-17,2017,9,8.25000000
432,selic_meta,Meta Selic,% a.a.,diaria,2017-09-18,2017,9,8.25000000
432,selic_meta,Meta Selic,% a.a.,diaria,2017-09-19,2017,9,8.25000000
432,selic_meta,Meta Selic,% a.a.,diaria,2017-09-20,2017,9,8.25000000
432,selic_meta,Meta Selic,% a.a.,diaria,2017-09-21,2017,9,8.25000000
432,selic_meta,Meta Selic,% a.a.,diaria,2017-09-22,2017,9,8.25000000
432,selic_meta,Meta Selic,% a.a.,diaria,2017-09-23,2017,9,8.25000000
432,selic_meta,Meta Selic,% a.a.,diaria,2017-09-24,2017,9,8.25000000
432,selic_meta,Meta Selic,% a.a.,diaria,2017-09-25,2017,9,8.25000000
432,selic_meta,Meta Selic,% a.a.,diaria,2017-09-26,2017,9,8.25000000
432,selic_meta,Meta Selic,% a.a.,diaria,2017-09-27,2017,9,8.25000000
432,selic_meta,Meta Selic,% a.a.,diaria,2017-09-28,2017,9,8.25000000
432,selic_meta,Meta Selic,% a.a.,diaria,2017-09-29,2017,9,8.25000000
432,selic_meta,Meta Selic,% a.a.,diaria,2017-09-30,2017,9,8.25000000
432,selic_meta,Meta Selic,% a.a.,diaria,2017-10-01,2017,10,8.25000000
432,selic_meta,Meta Selic,% a.a.,diaria,2017-10-02,2017,10,8.25000000
432,selic_meta,Meta Selic,% a.a.,diaria,2017-10-03,2017,10,8.25000000
432,selic_meta,Meta Selic,% a.a.,diaria,2017-10-04,2017,10,8.25000000
432,selic_meta,Meta Selic,% a.a.,diaria,2017-10-05,2017,10,8.25000000
432,selic_meta,Meta Selic,% a.a.,diaria,2017-10-06,2017,10,8.25000000
432,selic_meta,Meta Selic,% a.a.,diaria,2017-10-07,2017,10,8.25000000
432,selic_meta,Meta Selic,% a.a.,diaria,2017-10-08,2017,10,8.25000000
432,selic_meta,Meta Selic,% a.a.,diaria,2017-10-09,2017,10,8.25000000
432,selic_meta,Meta Selic,% a.a.,diaria,2017-10-10,2017,10,8.25000000
432,selic_meta,Meta Selic,% a.a.,diaria,2017-10-11,2017,10,8.25000000
432,selic_meta,Meta Selic,% a.a.,diaria,2017-10-12,2017,10,8.25000000
432,selic_meta,Meta Selic,% a.a.,diaria,2017-10-13,2017,10,8.25000000
432,selic_meta,Meta Selic,% a.a.,diaria,2017-10-14,2017,10,8.25000000
432,selic_meta,Meta Selic,% a.a.,diaria,2017-10-15,2017,10,8.25000000
432,selic_meta,Meta Selic,% a.a.,diaria,2017-10-16,2017,10,8.25000000
432,selic_meta,Meta Selic,% a.a.,diaria,2017-10-17,2017,10,8.25000000
432,selic_meta,Meta Selic,% a.a.,diaria,2017-10-18,2017,10,8.25000000
432,selic_meta,Meta Selic,% a.a.,diaria,2017-10-19,2017,10,8.25000000
432,selic_meta,Meta Selic,% a.a.,diaria,2017-10-20,2017,10,8.25000000
432,selic_meta,Meta Selic,% a.a.,diaria,2017-10-21,2017,10,8.25000000
432,selic_meta,Meta Selic,% a.a.,diaria,2017-10-22,2017,10,8.25000000
432,selic_meta,Meta Selic,% a.a.,diaria,2017-10-23,2017,10,8.25000000
432,selic_meta,Meta Selic,% a.a.,diaria,2017-10-24,2017,10,8.25000000
432,selic_meta,Meta Selic,% a.a.,diaria,2017-10-25,2017,10,8.25000000
432,selic_meta,Meta Selic,% a.a.,diaria,2017-10-26,2017,10,7.50000000
432,selic_meta,Meta Selic,% a.a.,diaria,2017-10-27,2017,10,7.50000000
432,selic_meta,Meta Selic,% a.a.,diaria,2017-10-28,2017,10,7.50000000
432,selic_meta,Meta Selic,% a.a.,diaria,2017-10-29,2017,10,7.50000000
432,selic_meta,Meta Selic,% a.a.,diaria,2017-10-30,2017,10,7.50000000
432,selic_meta,Meta Selic,% a.a.,diaria,2017-10-31,2017,10,7.50000000
432,selic_meta,Meta Selic,% a.a.,diaria,2017-11-01,2017,11,7.50000000
432,selic_meta,Meta Selic,% a.a.,diaria,2017-11-02,2017,11,7.50000000
432,selic_meta,Meta Selic,% a.a.,diaria,2017-11-03,2017,11,7.50000000
432,selic_meta,Meta Selic,% a.a.,diaria,2017-11-04,2017,11,7.50000000
432,selic_meta,Meta Selic,% a.a.,diaria,2017-11-05,2017,11,7.50000000
432,selic_meta,Meta Selic,% a.a.,diaria,2017-11-06,2017,11,7.50000000
432,selic_meta,Meta Selic,% a.a.,diaria,2017-11-07,2017,11,7.50000000
432,selic_meta,Meta Selic,% a.a.,diaria,2017-11-08,2017,11,7.50000000
432,selic_meta,Meta Selic,% a.a.,diaria,2017-11-09,2017,11,7.50000000
432,selic_meta,Meta Selic,% a.a.,diaria,2017-11-10,2017,11,7.50000000
432,selic_meta,Meta Selic,% a.a.,diaria,2017-11-11,2017,11,7.50000000
432,selic_meta,Meta Selic,% a.a.,diaria,2017-11-12,2017,11,7.50000000
432,selic_meta,Meta Selic,% a.a.,diaria,2017-11-13,2017,11,7.50000000
432,selic_meta,Meta Selic,% a.a.,diaria,2017-11-14,2017,11,7.50000000
432,selic_meta,Meta Selic,% a.a.,diaria,2017-11-15,2017,11,7.50000000
432,selic_meta,Meta Selic,% a.a.,diaria,2017-11-16,2017,11,7.50000000
432,selic_meta,Meta Selic,% a.a.,diaria,2017-11-17,2017,11,7.50000000
432,selic_meta,Meta Selic,% a.a.,diaria,2017-11-18,2017,11,7.50000000
432,selic_meta,Meta Selic,% a.a.,diaria,2017-11-19,2017,11,7.50000000
432,selic_meta,Meta Selic,% a.a.,diaria,2017-11-20,2017,11,7.50000000
432,selic_meta,Meta Selic,% a.a.,diaria,2017-11-21,2017,11,7.50000000
432,selic_meta,Meta Selic,% a.a.,diaria,2017-11-22,2017,11,7.50000000
432,selic_meta,Meta Selic,% a.a.,diaria,2017-11-23,2017,11,7.50000000
432,selic_meta,Meta Selic,% a.a.,diaria,2017-11-24,2017,11,7.50000000
432,selic_meta,Meta Selic,% a.a.,diaria,2017-11-25,2017,11,7.50000000
432,selic_meta,Meta Selic,% a.a.,diaria,2017-11-26,2017,11,7.50000000
432,selic_meta,Meta Selic,% a.a.,diaria,2017-11-27,2017,11,7.50000000
432,selic_meta,Meta Selic,% a.a.,diaria,2017-11-28,2017,11,7.50000000
432,selic_meta,Meta Selic,% a.a.,diaria,2017-11-29,2017,11,7.50000000
432,selic_meta,Meta Selic,% a.a.,diaria,2017-11-30,2017,11,7.50000000
432,selic_meta,Meta Selic,% a.a.,diaria,2017-12-01,2017,12,7.50000000
432,selic_meta,Meta Selic,% a.a.,diaria,2017-12-02,2017,12,7.50000000
432,selic_meta,Meta Selic,% a.a.,diaria,2017-12-03,2017,12,7.50000000
432,selic_meta,Meta Selic,% a.a.,diaria,2017-12-04,2017,12,7.50000000
432,selic_meta,Meta Selic,% a.a.,diaria,2017-12-05,2017,12,7.50000000
432,selic_meta,Meta Selic,% a.a.,diaria,2017-12-06,2017,12,7.50000000
432,selic_meta,Meta Selic,% a.a.,diaria,2017-12-07,2017,12,7.00000000
432,selic_meta,Meta Selic,% a.a.,diaria,2017-12-08,2017,12,7.00000000
432,selic_meta,Meta Selic,% a.a.,diaria,2017-12-09,2017,12,7.00000000
432,selic_meta,Meta Selic,% a.a.,diaria,2017-12-10,2017,12,7.00000000
432,selic_meta,Meta Selic,% a.a.,diaria,2017-12-11,2017,12,7.00000000
432,selic_meta,Meta Selic,% a.a.,diaria,2017-12-12,2017,12,7.00000000
432,selic_meta,Meta Selic,% a.a.,diaria,2017-12-13,2017,12,7.00000000
432,selic_meta,Meta Selic,% a.a.,diaria,2017-12-14,2017,12,7.00000000
432,selic_meta,Meta Selic,% a.a.,diaria,2017-12-15,2017,12,7.00000000
432,selic_meta,Meta Selic,% a.a.,diaria,2017-12-16,2017,12,7.00000000
432,selic_meta,Meta Selic,% a.a.,diaria,2017-12-17,2017,12,7.00000000
432,selic_meta,Meta Selic,% a.a.,diaria,2017-12-18,2017,12,7.00000000
432,selic_meta,Meta Selic,% a.a.,diaria,2017-12-19,2017,12,7.00000000
432,selic_meta,Meta Selic,% a.a.,diaria,2017-12-20,2017,12,7.00000000
432,selic_meta,Meta Selic,% a.a.,diaria,2017-12-21,2017,12,7.00000000
432,selic_meta,Meta Selic,% a.a.,diaria,2017-12-22,2017,12,7.00000000
432,selic_meta,Meta Selic,% a.a.,diaria,2017-12-23,2017,12,7.00000000
432,selic_meta,Meta Selic,% a.a.,diaria,2017-12-24,2017,12,7.00000000
432,selic_meta,Meta Selic,% a.a.,diaria,2017-12-25,2017,12,7.00000000
432,selic_meta,Meta Selic,% a.a.,diaria,2017-12-26,2017,12,7.00000000
432,selic_meta,Meta Selic,% a.a.,diaria,2017-12-27,2017,12,7.00000000
432,selic_meta,Meta Selic,% a.a.,diaria,2017-12-28,2017,12,7.00000000
432,selic_meta,Meta Selic,% a.a.,diaria,2017-12-29,2017,12,7.00000000
432,selic_meta,Meta Selic,% a.a.,diaria,2017-12-30,2017,12,7.00000000
432,selic_meta,Meta Selic,% a.a.,diaria,2017-12-31,2017,12,7.00000000
432,selic_meta,Meta Selic,% a.a.,diaria,2018-01-01,2018,1,7.00000000
432,selic_meta,Meta Selic,% a.a.,diaria,2018-01-02,2018,1,7.00000000
432,selic_meta,Meta Selic,% a.a.,diaria,2018-01-03,2018,1,7.00000000
432,selic_meta,Meta Selic,% a.a.,diaria,2018-01-04,2018,1,7.00000000
432,selic_meta,Meta Selic,% a.a.,diaria,2018-01-05,2018,1,7.00000000
432,selic_meta,Meta Selic,% a.a.,diaria,2018-01-06,2018,1,7.00000000
432,selic_meta,Meta Selic,% a.a.,diaria,2018-01-07,2018,1,7.00000000
432,selic_meta,Meta Selic,% a.a.,diaria,2018-01-08,2018,1,7.00000000
432,selic_meta,Meta Selic,% a.a.,diaria,2018-01-09,2018,1,7.00000000
432,selic_meta,Meta Selic,% a.a.,diaria,2018-01-10,2018,1,7.00000000
432,selic_meta,Meta Selic,% a.a.,diaria,2018-01-11,2018,1,7.00000000
432,selic_meta,Meta Selic,% a.a.,diaria,2018-01-12,2018,1,7.00000000
432,selic_meta,Meta Selic,% a.a.,diaria,2018-01-13,2018,1,7.00000000
432,selic_meta,Meta Selic,% a.a.,diaria,2018-01-14,2018,1,7.00000000
432,selic_meta,Meta Selic,% a.a.,diaria,2018-01-15,2018,1,7.00000000
432,selic_meta,Meta Selic,% a.a.,diaria,2018-01-16,2018,1,7.00000000
432,selic_meta,Meta Selic,% a.a.,diaria,2018-01-17,2018,1,7.00000000
432,selic_meta,Meta Selic,% a.a.,diaria,2018-01-18,2018,1,7.00000000
432,selic_meta,Meta Selic,% a.a.,diaria,2018-01-19,2018,1,7.00000000
432,selic_meta,Meta Selic,% a.a.,diaria,2018-01-20,2018,1,7.00000000
432,selic_meta,Meta Selic,% a.a.,diaria,2018-01-21,2018,1,7.00000000
432,selic_meta,Meta Selic,% a.a.,diaria,2018-01-22,2018,1,7.00000000
432,selic_meta,Meta Selic,% a.a.,diaria,2018-01-23,2018,1,7.00000000
432,selic_meta,Meta Selic,% a.a.,diaria,2018-01-24,2018,1,7.00000000
432,selic_meta,Meta Selic,% a.a.,diaria,2018-01-25,2018,1,7.00000000
432,selic_meta,Meta Selic,% a.a.,diaria,2018-01-26,2018,1,7.00000000
432,selic_meta,Meta Selic,% a.a.,diaria,2018-01-27,2018,1,7.00000000
432,selic_meta,Meta Selic,% a.a.,diaria,2018-01-28,2018,1,7.00000000
432,selic_meta,Meta Selic,% a.a.,diaria,2018-01-29,2018,1,7.00000000
432,selic_meta,Meta Selic,% a.a.,diaria,2018-01-30,2018,1,7.00000000
432,selic_meta,Meta Selic,% a.a.,diaria,2018-01-31,2018,1,7.00000000
432,selic_meta,Meta Selic,% a.a.,diaria,2018-02-01,2018,2,7.00000000
432,selic_meta,Meta Selic,% a.a.,diaria,2018-02-02,2018,2,7.00000000
432,selic_meta,Meta Selic,% a.a.,diaria,2018-02-03,2018,2,7.00000000
432,selic_meta,Meta Selic,% a.a.,diaria,2018-02-04,2018,2,7.00000000
432,selic_meta,Meta Selic,% a.a.,diaria,2018-02-05,2018,2,7.00000000
432,selic_meta,Meta Selic,% a.a.,diaria,2018-02-06,2018,2,7.00000000
432,selic_meta,Meta Selic,% a.a.,diaria,2018-02-07,2018,2,7.00000000
432,selic_meta,Meta Selic,% a.a.,diaria,2018-02-08,2018,2,6.75000000
432,selic_meta,Meta Selic,% a.a.,diaria,2018-02-09,2018,2,6.75000000
432,selic_meta,Meta Selic,% a.a.,diaria,2018-02-10,2018,2,6.75000000
432,selic_meta,Meta Selic,% a.a.,diaria,2018-02-11,2018,2,6.75000000
432,selic_meta,Meta Selic,% a.a.,diaria,2018-02-12,2018,2,6.75000000
432,selic_meta,Meta Selic,% a.a.,diaria,2018-02-13,2018,2,6.75000000
432,selic_meta,Meta Selic,% a.a.,diaria,2018-02-14,2018,2,6.75000000
432,selic_meta,Meta Selic,% a.a.,diaria,2018-02-15,2018,2,6.75000000
432,selic_meta,Meta Selic,% a.a.,diaria,2018-02-16,2018,2,6.75000000
432,selic_meta,Meta Selic,% a.a.,diaria,2018-02-17,2018,2,6.75000000
432,selic_meta,Meta Selic,% a.a.,diaria,2018-02-18,2018,2,6.75000000
432,selic_meta,Meta Selic,% a.a.,diaria,2018-02-19,2018,2,6.75000000
432,selic_meta,Meta Selic,% a.a.,diaria,2018-02-20,2018,2,6.75000000
432,selic_meta,Meta Selic,% a.a.,diaria,2018-02-21,2018,2,6.75000000
432,selic_meta,Meta Selic,% a.a.,diaria,2018-02-22,2018,2,6.75000000
432,selic_meta,Meta Selic,% a.a.,diaria,2018-02-23,2018,2,6.75000000
432,selic_meta,Meta Selic,% a.a.,diaria,2018-02-24,2018,2,6.75000000
432,selic_meta,Meta Selic,% a.a.,diaria,2018-02-25,2018,2,6.75000000
432,selic_meta,Meta Selic,% a.a.,diaria,2018-02-26,2018,2,6.75000000
432,selic_meta,Meta Selic,% a.a.,diaria,2018-02-27,2018,2,6.75000000
432,selic_meta,Meta Selic,% a.a.,diaria,2018-02-28,2018,2,6.75000000
432,selic_meta,Meta Selic,% a.a.,diaria,2018-03-01,2018,3,6.75000000
432,selic_meta,Meta Selic,% a.a.,diaria,2018-03-02,2018,3,6.75000000
432,selic_meta,Meta Selic,% a.a.,diaria,2018-03-03,2018,3,6.75000000
432,selic_meta,Meta Selic,% a.a.,diaria,2018-03-04,2018,3,6.75000000
432,selic_meta,Meta Selic,% a.a.,diaria,2018-03-05,2018,3,6.75000000
432,selic_meta,Meta Selic,% a.a.,diaria,2018-03-06,2018,3,6.75000000
432,selic_meta,Meta Selic,% a.a.,diaria,2018-03-07,2018,3,6.75000000
432,selic_meta,Meta Selic,% a.a.,diaria,2018-03-08,2018,3,6.75000000
432,selic_meta,Meta Selic,% a.a.,diaria,2018-03-09,2018,3,6.75000000
432,selic_meta,Meta Selic,% a.a.,diaria,2018-03-10,2018,3,6.75000000
432,selic_meta,Meta Selic,% a.a.,diaria,2018-03-11,2018,3,6.75000000
432,selic_meta,Meta Selic,% a.a.,diaria,2018-03-12,2018,3,6.75000000
432,selic_meta,Meta Selic,% a.a.,diaria,2018-03-13,2018,3,6.75000000
432,selic_meta,Meta Selic,% a.a.,diaria,2018-03-14,2018,3,6.75000000
432,selic_meta,Meta Selic,% a.a.,diaria,2018-03-15,2018,3,6.75000000
432,selic_meta,Meta Selic,% a.a.,diaria,2018-03-16,2018,3,6.75000000
432,selic_meta,Meta Selic,% a.a.,diaria,2018-03-17,2018,3,6.75000000
432,selic_meta,Meta Selic,% a.a.,diaria,2018-03-18,2018,3,6.75000000
432,selic_meta,Meta Selic,% a.a.,diaria,2018-03-19,2018,3,6.75000000
432,selic_meta,Meta Selic,% a.a.,diaria,2018-03-20,2018,3,6.75000000
432,selic_meta,Meta Selic,% a.a.,diaria,2018-03-21,2018,3,6.75000000
432,selic_meta,Meta Selic,% a.a.,diaria,2018-03-22,2018,3,6.50000000
432,selic_meta,Meta Selic,% a.a.,diaria,2018-03-23,2018,3,6.50000000
432,selic_meta,Meta Selic,% a.a.,diaria,2018-03-24,2018,3,6.50000000
432,selic_meta,Meta Selic,% a.a.,diaria,2018-03-25,2018,3,6.50000000
432,selic_meta,Meta Selic,% a.a.,diaria,2018-03-26,2018,3,6.50000000
432,selic_meta,Meta Selic,% a.a.,diaria,2018-03-27,2018,3,6.50000000
432,selic_meta,Meta Selic,% a.a.,diaria,2018-03-28,2018,3,6.50000000
432,selic_meta,Meta Selic,% a.a.,diaria,2018-03-29,2018,3,6.50000000
432,selic_meta,Meta Selic,% a.a.,diaria,2018-03-30,2018,3,6.50000000
432,selic_meta,Meta Selic,% a.a.,diaria,2018-03-31,2018,3,6.50000000
432,selic_meta,Meta Selic,% a.a.,diaria,2018-04-01,2018,4,6.50000000
432,selic_meta,Meta Selic,% a.a.,diaria,2018-04-02,2018,4,6.50000000
432,selic_meta,Meta Selic,% a.a.,diaria,2018-04-03,2018,4,6.50000000
432,selic_meta,Meta Selic,% a.a.,diaria,2018-04-04,2018,4,6.50000000
432,selic_meta,Meta Selic,% a.a.,diaria,2018-04-05,2018,4,6.50000000
432,selic_meta,Meta Selic,% a.a.,diaria,2018-04-06,2018,4,6.50000000
432,selic_meta,Meta Selic,% a.a.,diaria,2018-04-07,2018,4,6.50000000
432,selic_meta,Meta Selic,% a.a.,diaria,2018-04-08,2018,4,6.50000000
432,selic_meta,Meta Selic,% a.a.,diaria,2018-04-09,2018,4,6.50000000
432,selic_meta,Meta Selic,% a.a.,diaria,2018-04-10,2018,4,6.50000000
432,selic_meta,Meta Selic,% a.a.,diaria,2018-04-11,2018,4,6.50000000
432,selic_meta,Meta Selic,% a.a.,diaria,2018-04-12,2018,4,6.50000000
432,selic_meta,Meta Selic,% a.a.,diaria,2018-04-13,2018,4,6.50000000
432,selic_meta,Meta Selic,% a.a.,diaria,2018-04-14,2018,4,6.50000000
432,selic_meta,Meta Selic,% a.a.,diaria,2018-04-15,2018,4,6.50000000
432,selic_meta,Meta Selic,% a.a.,diaria,2018-04-16,2018,4,6.50000000
432,selic_meta,Meta Selic,% a.a.,diaria,2018-04-17,2018,4,6.50000000
432,selic_meta,Meta Selic,% a.a.,diaria,2018-04-18,2018,4,6.50000000
432,selic_meta,Meta Selic,% a.a.,diaria,2018-04-19,2018,4,6.50000000
432,selic_meta,Meta Selic,% a.a.,diaria,2018-04-20,2018,4,6.50000000
432,selic_meta,Meta Selic,% a.a.,diaria,2018-04-21,2018,4,6.50000000
432,selic_meta,Meta Selic,% a.a.,diaria,2018-04-22,2018,4,6.50000000
432,selic_meta,Meta Selic,% a.a.,diaria,2018-04-23,2018,4,6.50000000
432,selic_meta,Meta Selic,% a.a.,diaria,2018-04-24,2018,4,6.50000000
432,selic_meta,Meta Selic,% a.a.,diaria,2018-04-25,2018,4,6.50000000
432,selic_meta,Meta Selic,% a.a.,diaria,2018-04-26,2018,4,6.50000000
432,selic_meta,Meta Selic,% a.a.,diaria,2018-04-27,2018,4,6.50000000
432,selic_meta,Meta Selic,% a.a.,diaria,2018-04-28,2018,4,6.50000000
432,selic_meta,Meta Selic,% a.a.,diaria,2018-04-29,2018,4,6.50000000
432,selic_meta,Meta Selic,% a.a.,diaria,2018-04-30,2018,4,6.50000000
432,selic_meta,Meta Selic,% a.a.,diaria,2018-05-01,2018,5,6.50000000
432,selic_meta,Meta Selic,% a.a.,diaria,2018-05-02,2018,5,6.50000000
432,selic_meta,Meta Selic,% a.a.,diaria,2018-05-03,2018,5,6.50000000
432,selic_meta,Meta Selic,% a.a.,diaria,2018-05-04,2018,5,6.50000000
432,selic_meta,Meta Selic,% a.a.,diaria,2018-05-05,2018,5,6.50000000
432,selic_meta,Meta Selic,% a.a.,diaria,2018-05-06,2018,5,6.50000000
432,selic_meta,Meta Selic,% a.a.,diaria,2018-05-07,2018,5,6.50000000
432,selic_meta,Meta Selic,% a.a.,diaria,2018-05-08,2018,5,6.50000000
432,selic_meta,Meta Selic,% a.a.,diaria,2018-05-09,2018,5,6.50000000
432,selic_meta,Meta Selic,% a.a.,diaria,2018-05-10,2018,5,6.50000000
432,selic_meta,Meta Selic,% a.a.,diaria,2018-05-11,2018,5,6.50000000
432,selic_meta,Meta Selic,% a.a.,diaria,2018-05-12,2018,5,6.50000000
432,selic_meta,Meta Selic,% a.a.,diaria,2018-05-13,2018,5,6.50000000
432,selic_meta,Meta Selic,% a.a.,diaria,2018-05-14,2018,5,6.50000000
432,selic_meta,Meta Selic,% a.a.,diaria,2018-05-15,2018,5,6.50000000
432,selic_meta,Meta Selic,% a.a.,diaria,2018-05-16,2018,5,6.50000000
432,selic_meta,Meta Selic,% a.a.,diaria,2018-05-17,2018,5,6.50000000
432,selic_meta,Meta Selic,% a.a.,diaria,2018-05-18,2018,5,6.50000000
432,selic_meta,Meta Selic,% a.a.,diaria,2018-05-19,2018,5,6.50000000
432,selic_meta,Meta Selic,% a.a.,diaria,2018-05-20,2018,5,6.50000000
432,selic_meta,Meta Selic,% a.a.,diaria,2018-05-21,2018,5,6.50000000
432,selic_meta,Meta Selic,% a.a.,diaria,2018-05-22,2018,5,6.50000000
432,selic_meta,Meta Selic,% a.a.,diaria,2018-05-23,2018,5,6.50000000
432,selic_meta,Meta Selic,% a.a.,diaria,2018-05-24,2018,5,6.50000000
432,selic_meta,Meta Selic,% a.a.,diaria,2018-05-25,2018,5,6.50000000
432,selic_meta,Meta Selic,% a.a.,diaria,2018-05-26,2018,5,6.50000000
432,selic_meta,Meta Selic,% a.a.,diaria,2018-05-27,2018,5,6.50000000
432,selic_meta,Meta Selic,% a.a.,diaria,2018-05-28,2018,5,6.50000000
432,selic_meta,Meta Selic,% a.a.,diaria,2018-05-29,2018,5,6.50000000
432,selic_meta,Meta Selic,% a.a.,diaria,2018-05-30,2018,5,6.50000000
432,selic_meta,Meta Selic,% a.a.,diaria,2018-05-31,2018,5,6.50000000
432,selic_meta,Meta Selic,% a.a.,diaria,2018-06-01,2018,6,6.50000000
432,selic_meta,Meta Selic,% a.a.,diaria,2018-06-02,2018,6,6.50000000
432,selic_meta,Meta Selic,% a.a.,diaria,2018-06-03,2018,6,6.50000000
432,selic_meta,Meta Selic,% a.a.,diaria,2018-06-04,2018,6,6.50000000
432,selic_meta,Meta Selic,% a.a.,diaria,2018-06-05,2018,6,6.50000000
432,selic_meta,Meta Selic,% a.a.,diaria,2018-06-06,2018,6,6.50000000
432,selic_meta,Meta Selic,% a.a.,diaria,2018-06-07,2018,6,6.50000000
432,selic_meta,Meta Selic,% a.a.,diaria,2018-06-08,2018,6,6.50000000
432,selic_meta,Meta Selic,% a.a.,diaria,2018-06-09,2018,6,6.50000000
432,selic_meta,Meta Selic,% a.a.,diaria,2018-06-10,2018,6,6.50000000
432,selic_meta,Meta Selic,% a.a.,diaria,2018-06-11,2018,6,6.50000000
432,selic_meta,Meta Selic,% a.a.,diaria,2018-06-12,2018,6,6.50000000
432,selic_meta,Meta Selic,% a.a.,diaria,2018-06-13,2018,6,6.50000000
432,selic_meta,Meta Selic,% a.a.,diaria,2018-06-14,2018,6,6.50000000
432,selic_meta,Meta Selic,% a.a.,diaria,2018-06-15,2018,6,6.50000000
432,selic_meta,Meta Selic,% a.a.,diaria,2018-06-16,2018,6,6.50000000
432,selic_meta,Meta Selic,% a.a.,diaria,2018-06-17,2018,6,6.50000000
432,selic_meta,Meta Selic,% a.a.,diaria,2018-06-18,2018,6,6.50000000
432,selic_meta,Meta Selic,% a.a.,diaria,2018-06-19,2018,6,6.50000000
432,selic_meta,Meta Selic,% a.a.,diaria,2018-06-20,2018,6,6.50000000
432,selic_meta,Meta Selic,% a.a.,diaria,2018-06-21,2018,6,6.50000000
432,selic_meta,Meta Selic,% a.a.,diaria,2018-06-22,2018,6,6.50000000
432,selic_meta,Meta Selic,% a.a.,diaria,2018-06-23,2018,6,6.50000000
432,selic_meta,Meta Selic,% a.a.,diaria,2018-06-24,2018,6,6.50000000
432,selic_meta,Meta Selic,% a.a.,diaria,2018-06-25,2018,6,6.50000000
432,selic_meta,Meta Selic,% a.a.,diaria,2018-06-26,2018,6,6.50000000
432,selic_meta,Meta Selic,% a.a.,diaria,2018-06-27,2018,6,6.50000000
432,selic_meta,Meta Selic,% a.a.,diaria,2018-06-28,2018,6,6.50000000
432,selic_meta,Meta Selic,% a.a.,diaria,2018-06-29,2018,6,6.50000000
432,selic_meta,Meta Selic,% a.a.,diaria,2018-06-30,2018,6,6.50000000
432,selic_meta,Meta Selic,% a.a.,diaria,2018-07-01,2018,7,6.50000000
432,selic_meta,Meta Selic,% a.a.,diaria,2018-07-02,2018,7,6.50000000
432,selic_meta,Meta Selic,% a.a.,diaria,2018-07-03,2018,7,6.50000000
432,selic_meta,Meta Selic,% a.a.,diaria,2018-07-04,2018,7,6.50000000
432,selic_meta,Meta Selic,% a.a.,diaria,2018-07-05,2018,7,6.50000000
432,selic_meta,Meta Selic,% a.a.,diaria,2018-07-06,2018,7,6.50000000
432,selic_meta,Meta Selic,% a.a.,diaria,2018-07-07,2018,7,6.50000000
432,selic_meta,Meta Selic,% a.a.,diaria,2018-07-08,2018,7,6.50000000
432,selic_meta,Meta Selic,% a.a.,diaria,2018-07-09,2018,7,6.50000000
432,selic_meta,Meta Selic,% a.a.,diaria,2018-07-10,2018,7,6.50000000
432,selic_meta,Meta Selic,% a.a.,diaria,2018-07-11,2018,7,6.50000000
432,selic_meta,Meta Selic,% a.a.,diaria,2018-07-12,2018,7,6.50000000
432,selic_meta,Meta Selic,% a.a.,diaria,2018-07-13,2018,7,6.50000000
432,selic_meta,Meta Selic,% a.a.,diaria,2018-07-14,2018,7,6.50000000
432,selic_meta,Meta Selic,% a.a.,diaria,2018-07-15,2018,7,6.50000000
432,selic_meta,Meta Selic,% a.a.,diaria,2018-07-16,2018,7,6.50000000
432,selic_meta,Meta Selic,% a.a.,diaria,2018-07-17,2018,7,6.50000000
432,selic_meta,Meta Selic,% a.a.,diaria,2018-07-18,2018,7,6.50000000
432,selic_meta,Meta Selic,% a.a.,diaria,2018-07-19,2018,7,6.50000000
432,selic_meta,Meta Selic,% a.a.,diaria,2018-07-20,2018,7,6.50000000
432,selic_meta,Meta Selic,% a.a.,diaria,2018-07-21,2018,7,6.50000000
432,selic_meta,Meta Selic,% a.a.,diaria,2018-07-22,2018,7,6.50000000
432,selic_meta,Meta Selic,% a.a.,diaria,2018-07-23,2018,7,6.50000000
432,selic_meta,Meta Selic,% a.a.,diaria,2018-07-24,2018,7,6.50000000
432,selic_meta,Meta Selic,% a.a.,diaria,2018-07-25,2018,7,6.50000000
432,selic_meta,Meta Selic,% a.a.,diaria,2018-07-26,2018,7,6.50000000
432,selic_meta,Meta Selic,% a.a.,diaria,2018-07-27,2018,7,6.50000000
432,selic_meta,Meta Selic,% a.a.,diaria,2018-07-28,2018,7,6.50000000
432,selic_meta,Meta Selic,% a.a.,diaria,2018-07-29,2018,7,6.50000000
432,selic_meta,Meta Selic,% a.a.,diaria,2018-07-30,2018,7,6.50000000
432,selic_meta,Meta Selic,% a.a.,diaria,2018-07-31,2018,7,6.50000000
432,selic_meta,Meta Selic,% a.a.,diaria,2018-08-01,2018,8,6.50000000
432,selic_meta,Meta Selic,% a.a.,diaria,2018-08-02,2018,8,6.50000000
432,selic_meta,Meta Selic,% a.a.,diaria,2018-08-03,2018,8,6.50000000
432,selic_meta,Meta Selic,% a.a.,diaria,2018-08-04,2018,8,6.50000000
432,selic_meta,Meta Selic,% a.a.,diaria,2018-08-05,2018,8,6.50000000
432,selic_meta,Meta Selic,% a.a.,diaria,2018-08-06,2018,8,6.50000000
432,selic_meta,Meta Selic,% a.a.,diaria,2018-08-07,2018,8,6.50000000
432,selic_meta,Meta Selic,% a.a.,diaria,2018-08-08,2018,8,6.50000000
432,selic_meta,Meta Selic,% a.a.,diaria,2018-08-09,2018,8,6.50000000
432,selic_meta,Meta Selic,% a.a.,diaria,2018-08-10,2018,8,6.50000000
432,selic_meta,Meta Selic,% a.a.,diaria,2018-08-11,2018,8,6.50000000
432,selic_meta,Meta Selic,% a.a.,diaria,2018-08-12,2018,8,6.50000000
432,selic_meta,Meta Selic,% a.a.,diaria,2018-08-13,2018,8,6.50000000
432,selic_meta,Meta Selic,% a.a.,diaria,2018-08-14,2018,8,6.50000000
432,selic_meta,Meta Selic,% a.a.,diaria,2018-08-15,2018,8,6.50000000
432,selic_meta,Meta Selic,% a.a.,diaria,2018-08-16,2018,8,6.50000000
432,selic_meta,Meta Selic,% a.a.,diaria,2018-08-17,2018,8,6.50000000
432,selic_meta,Meta Selic,% a.a.,diaria,2018-08-18,2018,8,6.50000000
432,selic_meta,Meta Selic,% a.a.,diaria,2018-08-19,2018,8,6.50000000
432,selic_meta,Meta Selic,% a.a.,diaria,2018-08-20,2018,8,6.50000000
432,selic_meta,Meta Selic,% a.a.,diaria,2018-08-21,2018,8,6.50000000
432,selic_meta,Meta Selic,% a.a.,diaria,2018-08-22,2018,8,6.50000000
432,selic_meta,Meta Selic,% a.a.,diaria,2018-08-23,2018,8,6.50000000
432,selic_meta,Meta Selic,% a.a.,diaria,2018-08-24,2018,8,6.50000000
432,selic_meta,Meta Selic,% a.a.,diaria,2018-08-25,2018,8,6.50000000
432,selic_meta,Meta Selic,% a.a.,diaria,2018-08-26,2018,8,6.50000000
432,selic_meta,Meta Selic,% a.a.,diaria,2018-08-27,2018,8,6.50000000
432,selic_meta,Meta Selic,% a.a.,diaria,2018-08-28,2018,8,6.50000000
432,selic_meta,Meta Selic,% a.a.,diaria,2018-08-29,2018,8,6.50000000
432,selic_meta,Meta Selic,% a.a.,diaria,2018-08-30,2018,8,6.50000000
432,selic_meta,Meta Selic,% a.a.,diaria,2018-08-31,2018,8,6.50000000
432,selic_meta,Meta Selic,% a.a.,diaria,2018-09-01,2018,9,6.50000000
432,selic_meta,Meta Selic,% a.a.,diaria,2018-09-02,2018,9,6.50000000
432,selic_meta,Meta Selic,% a.a.,diaria,2018-09-03,2018,9,6.50000000
432,selic_meta,Meta Selic,% a.a.,diaria,2018-09-04,2018,9,6.50000000
432,selic_meta,Meta Selic,% a.a.,diaria,2018-09-05,2018,9,6.50000000
432,selic_meta,Meta Selic,% a.a.,diaria,2018-09-06,2018,9,6.50000000
432,selic_meta,Meta Selic,% a.a.,diaria,2018-09-07,2018,9,6.50000000
432,selic_meta,Meta Selic,% a.a.,diaria,2018-09-08,2018,9,6.50000000
432,selic_meta,Meta Selic,% a.a.,diaria,2018-09-09,2018,9,6.50000000
432,selic_meta,Meta Selic,% a.a.,diaria,2018-09-10,2018,9,6.50000000
432,selic_meta,Meta Selic,% a.a.,diaria,2018-09-11,2018,9,6.50000000
432,selic_meta,Meta Selic,% a.a.,diaria,2018-09-12,2018,9,6.50000000
432,selic_meta,Meta Selic,% a.a.,diaria,2018-09-13,2018,9,6.50000000
432,selic_meta,Meta Selic,% a.a.,diaria,2018-09-14,2018,9,6.50000000
432,selic_meta,Meta Selic,% a.a.,diaria,2018-09-15,2018,9,6.50000000
432,selic_meta,Meta Selic,% a.a.,diaria,2018-09-16,2018,9,6.50000000
432,selic_meta,Meta Selic,% a.a.,diaria,2018-09-17,2018,9,6.50000000
432,selic_meta,Meta Selic,% a.a.,diaria,2018-09-18,2018,9,6.50000000
432,selic_meta,Meta Selic,% a.a.,diaria,2018-09-19,2018,9,6.50000000
432,selic_meta,Meta Selic,% a.a.,diaria,2018-09-20,2018,9,6.50000000
432,selic_meta,Meta Selic,% a.a.,diaria,2018-09-21,2018,9,6.50000000
432,selic_meta,Meta Selic,% a.a.,diaria,2018-09-22,2018,9,6.50000000
432,selic_meta,Meta Selic,% a.a.,diaria,2018-09-23,2018,9,6.50000000
432,selic_meta,Meta Selic,% a.a.,diaria,2018-09-24,2018,9,6.50000000
432,selic_meta,Meta Selic,% a.a.,diaria,2018-09-25,2018,9,6.50000000
432,selic_meta,Meta Selic,% a.a.,diaria,2018-09-26,2018,9,6.50000000
432,selic_meta,Meta Selic,% a.a.,diaria,2018-09-27,2018,9,6.50000000
432,selic_meta,Meta Selic,% a.a.,diaria,2018-09-28,2018,9,6.50000000
432,selic_meta,Meta Selic,% a.a.,diaria,2018-09-29,2018,9,6.50000000
432,selic_meta,Meta Selic,% a.a.,diaria,2018-09-30,2018,9,6.50000000
432,selic_meta,Meta Selic,% a.a.,diaria,2018-10-01,2018,10,6.50000000
432,selic_meta,Meta Selic,% a.a.,diaria,2018-10-02,2018,10,6.50000000
432,selic_meta,Meta Selic,% a.a.,diaria,2018-10-03,2018,10,6.50000000
432,selic_meta,Meta Selic,% a.a.,diaria,2018-10-04,2018,10,6.50000000
432,selic_meta,Meta Selic,% a.a.,diaria,2018-10-05,2018,10,6.50000000
432,selic_meta,Meta Selic,% a.a.,diaria,2018-10-06,2018,10,6.50000000
432,selic_meta,Meta Selic,% a.a.,diaria,2018-10-07,2018,10,6.50000000
432,selic_meta,Meta Selic,% a.a.,diaria,2018-10-08,2018,10,6.50000000
432,selic_meta,Meta Selic,% a.a.,diaria,2018-10-09,2018,10,6.50000000
432,selic_meta,Meta Selic,% a.a.,diaria,2018-10-10,2018,10,6.50000000
432,selic_meta,Meta Selic,% a.a.,diaria,2018-10-11,2018,10,6.50000000
432,selic_meta,Meta Selic,% a.a.,diaria,2018-10-12,2018,10,6.50000000
432,selic_meta,Meta Selic,% a.a.,diaria,2018-10-13,2018,10,6.50000000
432,selic_meta,Meta Selic,% a.a.,diaria,2018-10-14,2018,10,6.50000000
432,selic_meta,Meta Selic,% a.a.,diaria,2018-10-15,2018,10,6.50000000
432,selic_meta,Meta Selic,% a.a.,diaria,2018-10-16,2018,10,6.50000000
432,selic_meta,Meta Selic,% a.a.,diaria,2018-10-17,2018,10,6.50000000
432,selic_meta,Meta Selic,% a.a.,diaria,2018-10-18,2018,10,6.50000000
432,selic_meta,Meta Selic,% a.a.,diaria,2018-10-19,2018,10,6.50000000
432,selic_meta,Meta Selic,% a.a.,diaria,2018-10-20,2018,10,6.50000000
432,selic_meta,Meta Selic,% a.a.,diaria,2018-10-21,2018,10,6.50000000
432,selic_meta,Meta Selic,% a.a.,diaria,2018-10-22,2018,10,6.50000000
432,selic_meta,Meta Selic,% a.a.,diaria,2018-10-23,2018,10,6.50000000
432,selic_meta,Meta Selic,% a.a.,diaria,2018-10-24,2018,10,6.50000000
432,selic_meta,Meta Selic,% a.a.,diaria,2018-10-25,2018,10,6.50000000
432,selic_meta,Meta Selic,% a.a.,diaria,2018-10-26,2018,10,6.50000000
432,selic_meta,Meta Selic,% a.a.,diaria,2018-10-27,2018,10,6.50000000
432,selic_meta,Meta Selic,% a.a.,diaria,2018-10-28,2018,10,6.50000000
432,selic_meta,Meta Selic,% a.a.,diaria,2018-10-29,2018,10,6.50000000
432,selic_meta,Meta Selic,% a.a.,diaria,2018-10-30,2018,10,6.50000000
432,selic_meta,Meta Selic,% a.a.,diaria,2018-10-31,2018,10,6.50000000
432,selic_meta,Meta Selic,% a.a.,diaria,2018-11-01,2018,11,6.50000000
432,selic_meta,Meta Selic,% a.a.,diaria,2018-11-02,2018,11,6.50000000
432,selic_meta,Meta Selic,% a.a.,diaria,2018-11-03,2018,11,6.50000000
432,selic_meta,Meta Selic,% a.a.,diaria,2018-11-04,2018,11,6.50000000
432,selic_meta,Meta Selic,% a.a.,diaria,2018-11-05,2018,11,6.50000000
432,selic_meta,Meta Selic,% a.a.,diaria,2018-11-06,2018,11,6.50000000
432,selic_meta,Meta Selic,% a.a.,diaria,2018-11-07,2018,11,6.50000000
432,selic_meta,Meta Selic,% a.a.,diaria,2018-11-08,2018,11,6.50000000
432,selic_meta,Meta Selic,% a.a.,diaria,2018-11-09,2018,11,6.50000000
432,selic_meta,Meta Selic,% a.a.,diaria,2018-11-10,2018,11,6.50000000
432,selic_meta,Meta Selic,% a.a.,diaria,2018-11-11,2018,11,6.50000000
432,selic_meta,Meta Selic,% a.a.,diaria,2018-11-12,2018,11,6.50000000
432,selic_meta,Meta Selic,% a.a.,diaria,2018-11-13,2018,11,6.50000000
432,selic_meta,Meta Selic,% a.a.,diaria,2018-11-14,2018,11,6.50000000
432,selic_meta,Meta Selic,% a.a.,diaria,2018-11-15,2018,11,6.50000000
432,selic_meta,Meta Selic,% a.a.,diaria,2018-11-16,2018,11,6.50000000
432,selic_meta,Meta Selic,% a.a.,diaria,2018-11-17,2018,11,6.50000000
432,selic_meta,Meta Selic,% a.a.,diaria,2018-11-18,2018,11,6.50000000
432,selic_meta,Meta Selic,% a.a.,diaria,2018-11-19,2018,11,6.50000000
432,selic_meta,Meta Selic,% a.a.,diaria,2018-11-20,2018,11,6.50000000
432,selic_meta,Meta Selic,% a.a.,diaria,2018-11-21,2018,11,6.50000000
432,selic_meta,Meta Selic,% a.a.,diaria,2018-11-22,2018,11,6.50000000
432,selic_meta,Meta Selic,% a.a.,diaria,2018-11-23,2018,11,6.50000000
432,selic_meta,Meta Selic,% a.a.,diaria,2018-11-24,2018,11,6.50000000
432,selic_meta,Meta Selic,% a.a.,diaria,2018-11-25,2018,11,6.50000000
432,selic_meta,Meta Selic,% a.a.,diaria,2018-11-26,2018,11,6.50000000
432,selic_meta,Meta Selic,% a.a.,diaria,2018-11-27,2018,11,6.50000000
432,selic_meta,Meta Selic,% a.a.,diaria,2018-11-28,2018,11,6.50000000
432,selic_meta,Meta Selic,% a.a.,diaria,2018-11-29,2018,11,6.50000000
432,selic_meta,Meta Selic,% a.a.,diaria,2018-11-30,2018,11,6.50000000
432,selic_meta,Meta Selic,% a.a.,diaria,2018-12-01,2018,12,6.50000000
432,selic_meta,Meta Selic,% a.a.,diaria,2018-12-02,2018,12,6.50000000
432,selic_meta,Meta Selic,% a.a.,diaria,2018-12-03,2018,12,6.50000000
432,selic_meta,Meta Selic,% a.a.,diaria,2018-12-04,2018,12,6.50000000
432,selic_meta,Meta Selic,% a.a.,diaria,2018-12-05,2018,12,6.50000000
432,selic_meta,Meta Selic,% a.a.,diaria,2018-12-06,2018,12,6.50000000
432,selic_meta,Meta Selic,% a.a.,diaria,2018-12-07,2018,12,6.50000000
432,selic_meta,Meta Selic,% a.a.,diaria,2018-12-08,2018,12,6.50000000
432,selic_meta,Meta Selic,% a.a.,diaria,2018-12-09,2018,12,6.50000000
432,selic_meta,Meta Selic,% a.a.,diaria,2018-12-10,2018,12,6.50000000
432,selic_meta,Meta Selic,% a.a.,diaria,2018-12-11,2018,12,6.50000000
432,selic_meta,Meta Selic,% a.a.,diaria,2018-12-12,2018,12,6.50000000
432,selic_meta,Meta Selic,% a.a.,diaria,2018-12-13,2018,12,6.50000000
432,selic_meta,Meta Selic,% a.a.,diaria,2018-12-14,2018,12,6.50000000
432,selic_meta,Meta Selic,% a.a.,diaria,2018-12-15,2018,12,6.50000000
432,selic_meta,Meta Selic,% a.a.,diaria,2018-12-16,2018,12,6.50000000
432,selic_meta,Meta Selic,% a.a.,diaria,2018-12-17,2018,12,6.50000000
432,selic_meta,Meta Selic,% a.a.,diaria,2018-12-18,2018,12,6.50000000
432,selic_meta,Meta Selic,% a.a.,diaria,2018-12-19,2018,12,6.50000000
432,selic_meta,Meta Selic,% a.a.,diaria,2018-12-20,2018,12,6.50000000
432,selic_meta,Meta Selic,% a.a.,diaria,2018-12-21,2018,12,6.50000000
432,selic_meta,Meta Selic,% a.a.,diaria,2018-12-22,2018,12,6.50000000
432,selic_meta,Meta Selic,% a.a.,diaria,2018-12-23,2018,12,6.50000000
432,selic_meta,Meta Selic,% a.a.,diaria,2018-12-24,2018,12,6.50000000
432,selic_meta,Meta Selic,% a.a.,diaria,2018-12-25,2018,12,6.50000000
432,selic_meta,Meta Selic,% a.a.,diaria,2018-12-26,2018,12,6.50000000
432,selic_meta,Meta Selic,% a.a.,diaria,2018-12-27,2018,12,6.50000000
432,selic_meta,Meta Selic,% a.a.,diaria,2018-12-28,2018,12,6.50000000
432,selic_meta,Meta Selic,% a.a.,diaria,2018-12-29,2018,12,6.50000000
432,selic_meta,Meta Selic,% a.a.,diaria,2018-12-30,2018,12,6.50000000
432,selic_meta,Meta Selic,% a.a.,diaria,2018-12-31,2018,12,6.50000000
432,selic_meta,Meta Selic,% a.a.,diaria,2019-01-01,2019,1,6.50000000
432,selic_meta,Meta Selic,% a.a.,diaria,2019-01-02,2019,1,6.50000000
432,selic_meta,Meta Selic,% a.a.,diaria,2019-01-03,2019,1,6.50000000
432,selic_meta,Meta Selic,% a.a.,diaria,2019-01-04,2019,1,6.50000000
432,selic_meta,Meta Selic,% a.a.,diaria,2019-01-05,2019,1,6.50000000
432,selic_meta,Meta Selic,% a.a.,diaria,2019-01-06,2019,1,6.50000000
432,selic_meta,Meta Selic,% a.a.,diaria,2019-01-07,2019,1,6.50000000
432,selic_meta,Meta Selic,% a.a.,diaria,2019-01-08,2019,1,6.50000000
432,selic_meta,Meta Selic,% a.a.,diaria,2019-01-09,2019,1,6.50000000
432,selic_meta,Meta Selic,% a.a.,diaria,2019-01-10,2019,1,6.50000000
432,selic_meta,Meta Selic,% a.a.,diaria,2019-01-11,2019,1,6.50000000
432,selic_meta,Meta Selic,% a.a.,diaria,2019-01-12,2019,1,6.50000000
432,selic_meta,Meta Selic,% a.a.,diaria,2019-01-13,2019,1,6.50000000
432,selic_meta,Meta Selic,% a.a.,diaria,2019-01-14,2019,1,6.50000000
432,selic_meta,Meta Selic,% a.a.,diaria,2019-01-15,2019,1,6.50000000
432,selic_meta,Meta Selic,% a.a.,diaria,2019-01-16,2019,1,6.50000000
432,selic_meta,Meta Selic,% a.a.,diaria,2019-01-17,2019,1,6.50000000
432,selic_meta,Meta Selic,% a.a.,diaria,2019-01-18,2019,1,6.50000000
432,selic_meta,Meta Selic,% a.a.,diaria,2019-01-19,2019,1,6.50000000
432,selic_meta,Meta Selic,% a.a.,diaria,2019-01-20,2019,1,6.50000000
432,selic_meta,Meta Selic,% a.a.,diaria,2019-01-21,2019,1,6.50000000
432,selic_meta,Meta Selic,% a.a.,diaria,2019-01-22,2019,1,6.50000000
432,selic_meta,Meta Selic,% a.a.,diaria,2019-01-23,2019,1,6.50000000
432,selic_meta,Meta Selic,% a.a.,diaria,2019-01-24,2019,1,6.50000000
432,selic_meta,Meta Selic,% a.a.,diaria,2019-01-25,2019,1,6.50000000
432,selic_meta,Meta Selic,% a.a.,diaria,2019-01-26,2019,1,6.50000000
432,selic_meta,Meta Selic,% a.a.,diaria,2019-01-27,2019,1,6.50000000
432,selic_meta,Meta Selic,% a.a.,diaria,2019-01-28,2019,1,6.50000000
432,selic_meta,Meta Selic,% a.a.,diaria,2019-01-29,2019,1,6.50000000
432,selic_meta,Meta Selic,% a.a.,diaria,2019-01-30,2019,1,6.50000000
432,selic_meta,Meta Selic,% a.a.,diaria,2019-01-31,2019,1,6.50000000
432,selic_meta,Meta Selic,% a.a.,diaria,2019-02-01,2019,2,6.50000000
432,selic_meta,Meta Selic,% a.a.,diaria,2019-02-02,2019,2,6.50000000
432,selic_meta,Meta Selic,% a.a.,diaria,2019-02-03,2019,2,6.50000000
432,selic_meta,Meta Selic,% a.a.,diaria,2019-02-04,2019,2,6.50000000
432,selic_meta,Meta Selic,% a.a.,diaria,2019-02-05,2019,2,6.50000000
432,selic_meta,Meta Selic,% a.a.,diaria,2019-02-06,2019,2,6.50000000
432,selic_meta,Meta Selic,% a.a.,diaria,2019-02-07,2019,2,6.50000000
432,selic_meta,Meta Selic,% a.a.,diaria,2019-02-08,2019,2,6.50000000
432,selic_meta,Meta Selic,% a.a.,diaria,2019-02-09,2019,2,6.50000000
432,selic_meta,Meta Selic,% a.a.,diaria,2019-02-10,2019,2,6.50000000
432,selic_meta,Meta Selic,% a.a.,diaria,2019-02-11,2019,2,6.50000000
432,selic_meta,Meta Selic,% a.a.,diaria,2019-02-12,2019,2,6.50000000
432,selic_meta,Meta Selic,% a.a.,diaria,2019-02-13,2019,2,6.50000000
432,selic_meta,Meta Selic,% a.a.,diaria,2019-02-14,2019,2,6.50000000
432,selic_meta,Meta Selic,% a.a.,diaria,2019-02-15,2019,2,6.50000000
432,selic_meta,Meta Selic,% a.a.,diaria,2019-02-16,2019,2,6.50000000
432,selic_meta,Meta Selic,% a.a.,diaria,2019-02-17,2019,2,6.50000000
432,selic_meta,Meta Selic,% a.a.,diaria,2019-02-18,2019,2,6.50000000
432,selic_meta,Meta Selic,% a.a.,diaria,2019-02-19,2019,2,6.50000000
432,selic_meta,Meta Selic,% a.a.,diaria,2019-02-20,2019,2,6.50000000
432,selic_meta,Meta Selic,% a.a.,diaria,2019-02-21,2019,2,6.50000000
432,selic_meta,Meta Selic,% a.a.,diaria,2019-02-22,2019,2,6.50000000
432,selic_meta,Meta Selic,% a.a.,diaria,2019-02-23,2019,2,6.50000000
432,selic_meta,Meta Selic,% a.a.,diaria,2019-02-24,2019,2,6.50000000
432,selic_meta,Meta Selic,% a.a.,diaria,2019-02-25,2019,2,6.50000000
432,selic_meta,Meta Selic,% a.a.,diaria,2019-02-26,2019,2,6.50000000
432,selic_meta,Meta Selic,% a.a.,diaria,2019-02-27,2019,2,6.50000000
432,selic_meta,Meta Selic,% a.a.,diaria,2019-02-28,2019,2,6.50000000
432,selic_meta,Meta Selic,% a.a.,diaria,2019-03-01,2019,3,6.50000000
432,selic_meta,Meta Selic,% a.a.,diaria,2019-03-02,2019,3,6.50000000
432,selic_meta,Meta Selic,% a.a.,diaria,2019-03-03,2019,3,6.50000000
432,selic_meta,Meta Selic,% a.a.,diaria,2019-03-04,2019,3,6.50000000
432,selic_meta,Meta Selic,% a.a.,diaria,2019-03-05,2019,3,6.50000000
432,selic_meta,Meta Selic,% a.a.,diaria,2019-03-06,2019,3,6.50000000
432,selic_meta,Meta Selic,% a.a.,diaria,2019-03-07,2019,3,6.50000000
432,selic_meta,Meta Selic,% a.a.,diaria,2019-03-08,2019,3,6.50000000
432,selic_meta,Meta Selic,% a.a.,diaria,2019-03-09,2019,3,6.50000000
432,selic_meta,Meta Selic,% a.a.,diaria,2019-03-10,2019,3,6.50000000
432,selic_meta,Meta Selic,% a.a.,diaria,2019-03-11,2019,3,6.50000000
432,selic_meta,Meta Selic,% a.a.,diaria,2019-03-12,2019,3,6.50000000
432,selic_meta,Meta Selic,% a.a.,diaria,2019-03-13,2019,3,6.50000000
432,selic_meta,Meta Selic,% a.a.,diaria,2019-03-14,2019,3,6.50000000
432,selic_meta,Meta Selic,% a.a.,diaria,2019-03-15,2019,3,6.50000000
432,selic_meta,Meta Selic,% a.a.,diaria,2019-03-16,2019,3,6.50000000
432,selic_meta,Meta Selic,% a.a.,diaria,2019-03-17,2019,3,6.50000000
432,selic_meta,Meta Selic,% a.a.,diaria,2019-03-18,2019,3,6.50000000
432,selic_meta,Meta Selic,% a.a.,diaria,2019-03-19,2019,3,6.50000000
432,selic_meta,Meta Selic,% a.a.,diaria,2019-03-20,2019,3,6.50000000
432,selic_meta,Meta Selic,% a.a.,diaria,2019-03-21,2019,3,6.50000000
432,selic_meta,Meta Selic,% a.a.,diaria,2019-03-22,2019,3,6.50000000
432,selic_meta,Meta Selic,% a.a.,diaria,2019-03-23,2019,3,6.50000000
432,selic_meta,Meta Selic,% a.a.,diaria,2019-03-24,2019,3,6.50000000
432,selic_meta,Meta Selic,% a.a.,diaria,2019-03-25,2019,3,6.50000000
432,selic_meta,Meta Selic,% a.a.,diaria,2019-03-26,2019,3,6.50000000
432,selic_meta,Meta Selic,% a.a.,diaria,2019-03-27,2019,3,6.50000000
432,selic_meta,Meta Selic,% a.a.,diaria,2019-03-28,2019,3,6.50000000
432,selic_meta,Meta Selic,% a.a.,diaria,2019-03-29,2019,3,6.50000000
432,selic_meta,Meta Selic,% a.a.,diaria,2019-03-30,2019,3,6.50000000
432,selic_meta,Meta Selic,% a.a.,diaria,2019-03-31,2019,3,6.50000000
432,selic_meta,Meta Selic,% a.a.,diaria,2019-04-01,2019,4,6.50000000
432,selic_meta,Meta Selic,% a.a.,diaria,2019-04-02,2019,4,6.50000000
432,selic_meta,Meta Selic,% a.a.,diaria,2019-04-03,2019,4,6.50000000
432,selic_meta,Meta Selic,% a.a.,diaria,2019-04-04,2019,4,6.50000000
432,selic_meta,Meta Selic,% a.a.,diaria,2019-04-05,2019,4,6.50000000
432,selic_meta,Meta Selic,% a.a.,diaria,2019-04-06,2019,4,6.50000000
432,selic_meta,Meta Selic,% a.a.,diaria,2019-04-07,2019,4,6.50000000
432,selic_meta,Meta Selic,% a.a.,diaria,2019-04-08,2019,4,6.50000000
432,selic_meta,Meta Selic,% a.a.,diaria,2019-04-09,2019,4,6.50000000
432,selic_meta,Meta Selic,% a.a.,diaria,2019-04-10,2019,4,6.50000000
432,selic_meta,Meta Selic,% a.a.,diaria,2019-04-11,2019,4,6.50000000
432,selic_meta,Meta Selic,% a.a.,diaria,2019-04-12,2019,4,6.50000000
432,selic_meta,Meta Selic,% a.a.,diaria,2019-04-13,2019,4,6.50000000
432,selic_meta,Meta Selic,% a.a.,diaria,2019-04-14,2019,4,6.50000000
432,selic_meta,Meta Selic,% a.a.,diaria,2019-04-15,2019,4,6.50000000
432,selic_meta,Meta Selic,% a.a.,diaria,2019-04-16,2019,4,6.50000000
432,selic_meta,Meta Selic,% a.a.,diaria,2019-04-17,2019,4,6.50000000
432,selic_meta,Meta Selic,% a.a.,diaria,2019-04-18,2019,4,6.50000000
432,selic_meta,Meta Selic,% a.a.,diaria,2019-04-19,2019,4,6.50000000
432,selic_meta,Meta Selic,% a.a.,diaria,2019-04-20,2019,4,6.50000000
432,selic_meta,Meta Selic,% a.a.,diaria,2019-04-21,2019,4,6.50000000
432,selic_meta,Meta Selic,% a.a.,diaria,2019-04-22,2019,4,6.50000000
432,selic_meta,Meta Selic,% a.a.,diaria,2019-04-23,2019,4,6.50000000
432,selic_meta,Meta Selic,% a.a.,diaria,2019-04-24,2019,4,6.50000000
432,selic_meta,Meta Selic,% a.a.,diaria,2019-04-25,2019,4,6.50000000
432,selic_meta,Meta Selic,% a.a.,diaria,2019-04-26,2019,4,6.50000000
432,selic_meta,Meta Selic,% a.a.,diaria,2019-04-27,2019,4,6.50000000
432,selic_meta,Meta Selic,% a.a.,diaria,2019-04-28,2019,4,6.50000000
432,selic_meta,Meta Selic,% a.a.,diaria,2019-04-29,2019,4,6.50000000
432,selic_meta,Meta Selic,% a.a.,diaria,2019-04-30,2019,4,6.50000000
432,selic_meta,Meta Selic,% a.a.,diaria,2019-05-01,2019,5,6.50000000
432,selic_meta,Meta Selic,% a.a.,diaria,2019-05-02,2019,5,6.50000000
432,selic_meta,Meta Selic,% a.a.,diaria,2019-05-03,2019,5,6.50000000
432,selic_meta,Meta Selic,% a.a.,diaria,2019-05-04,2019,5,6.50000000
432,selic_meta,Meta Selic,% a.a.,diaria,2019-05-05,2019,5,6.50000000
432,selic_meta,Meta Selic,% a.a.,diaria,2019-05-06,2019,5,6.50000000
432,selic_meta,Meta Selic,% a.a.,diaria,2019-05-07,2019,5,6.50000000
432,selic_meta,Meta Selic,% a.a.,diaria,2019-05-08,2019,5,6.50000000
432,selic_meta,Meta Selic,% a.a.,diaria,2019-05-09,2019,5,6.50000000
432,selic_meta,Meta Selic,% a.a.,diaria,2019-05-10,2019,5,6.50000000
432,selic_meta,Meta Selic,% a.a.,diaria,2019-05-11,2019,5,6.50000000
432,selic_meta,Meta Selic,% a.a.,diaria,2019-05-12,2019,5,6.50000000
432,selic_meta,Meta Selic,% a.a.,diaria,2019-05-13,2019,5,6.50000000
432,selic_meta,Meta Selic,% a.a.,diaria,2019-05-14,2019,5,6.50000000
432,selic_meta,Meta Selic,% a.a.,diaria,2019-05-15,2019,5,6.50000000
432,selic_meta,Meta Selic,% a.a.,diaria,2019-05-16,2019,5,6.50000000
432,selic_meta,Meta Selic,% a.a.,diaria,2019-05-17,2019,5,6.50000000
432,selic_meta,Meta Selic,% a.a.,diaria,2019-05-18,2019,5,6.50000000
432,selic_meta,Meta Selic,% a.a.,diaria,2019-05-19,2019,5,6.50000000
432,selic_meta,Meta Selic,% a.a.,diaria,2019-05-20,2019,5,6.50000000
432,selic_meta,Meta Selic,% a.a.,diaria,2019-05-21,2019,5,6.50000000
432,selic_meta,Meta Selic,% a.a.,diaria,2019-05-22,2019,5,6.50000000
432,selic_meta,Meta Selic,% a.a.,diaria,2019-05-23,2019,5,6.50000000
432,selic_meta,Meta Selic,% a.a.,diaria,2019-05-24,2019,5,6.50000000
432,selic_meta,Meta Selic,% a.a.,diaria,2019-05-25,2019,5,6.50000000
432,selic_meta,Meta Selic,% a.a.,diaria,2019-05-26,2019,5,6.50000000
432,selic_meta,Meta Selic,% a.a.,diaria,2019-05-27,2019,5,6.50000000
432,selic_meta,Meta Selic,% a.a.,diaria,2019-05-28,2019,5,6.50000000
432,selic_meta,Meta Selic,% a.a.,diaria,2019-05-29,2019,5,6.50000000
432,selic_meta,Meta Selic,% a.a.,diaria,2019-05-30,2019,5,6.50000000
432,selic_meta,Meta Selic,% a.a.,diaria,2019-05-31,2019,5,6.50000000
432,selic_meta,Meta Selic,% a.a.,diaria,2019-06-01,2019,6,6.50000000
432,selic_meta,Meta Selic,% a.a.,diaria,2019-06-02,2019,6,6.50000000
432,selic_meta,Meta Selic,% a.a.,diaria,2019-06-03,2019,6,6.50000000
432,selic_meta,Meta Selic,% a.a.,diaria,2019-06-04,2019,6,6.50000000
432,selic_meta,Meta Selic,% a.a.,diaria,2019-06-05,2019,6,6.50000000
432,selic_meta,Meta Selic,% a.a.,diaria,2019-06-06,2019,6,6.50000000
432,selic_meta,Meta Selic,% a.a.,diaria,2019-06-07,2019,6,6.50000000
432,selic_meta,Meta Selic,% a.a.,diaria,2019-06-08,2019,6,6.50000000
432,selic_meta,Meta Selic,% a.a.,diaria,2019-06-09,2019,6,6.50000000
432,selic_meta,Meta Selic,% a.a.,diaria,2019-06-10,2019,6,6.50000000
432,selic_meta,Meta Selic,% a.a.,diaria,2019-06-11,2019,6,6.50000000
432,selic_meta,Meta Selic,% a.a.,diaria,2019-06-12,2019,6,6.50000000
432,selic_meta,Meta Selic,% a.a.,diaria,2019-06-13,2019,6,6.50000000
432,selic_meta,Meta Selic,% a.a.,diaria,2019-06-14,2019,6,6.50000000
432,selic_meta,Meta Selic,% a.a.,diaria,2019-06-15,2019,6,6.50000000
432,selic_meta,Meta Selic,% a.a.,diaria,2019-06-16,2019,6,6.50000000
432,selic_meta,Meta Selic,% a.a.,diaria,2019-06-17,2019,6,6.50000000
432,selic_meta,Meta Selic,% a.a.,diaria,2019-06-18,2019,6,6.50000000
432,selic_meta,Meta Selic,% a.a.,diaria,2019-06-19,2019,6,6.50000000
432,selic_meta,Meta Selic,% a.a.,diaria,2019-06-20,2019,6,6.50000000
432,selic_meta,Meta Selic,% a.a.,diaria,2019-06-21,2019,6,6.50000000
432,selic_meta,Meta Selic,% a.a.,diaria,2019-06-22,2019,6,6.50000000
432,selic_meta,Meta Selic,% a.a.,diaria,2019-06-23,2019,6,6.50000000
432,selic_meta,Meta Selic,% a.a.,diaria,2019-06-24,2019,6,6.50000000
432,selic_meta,Meta Selic,% a.a.,diaria,2019-06-25,2019,6,6.50000000
432,selic_meta,Meta Selic,% a.a.,diaria,2019-06-26,2019,6,6.50000000
432,selic_meta,Meta Selic,% a.a.,diaria,2019-06-27,2019,6,6.50000000
432,selic_meta,Meta Selic,% a.a.,diaria,2019-06-28,2019,6,6.50000000
432,selic_meta,Meta Selic,% a.a.,diaria,2019-06-29,2019,6,6.50000000
432,selic_meta,Meta Selic,% a.a.,diaria,2019-06-30,2019,6,6.50000000
432,selic_meta,Meta Selic,% a.a.,diaria,2019-07-01,2019,7,6.50000000
432,selic_meta,Meta Selic,% a.a.,diaria,2019-07-02,2019,7,6.50000000
432,selic_meta,Meta Selic,% a.a.,diaria,2019-07-03,2019,7,6.50000000
432,selic_meta,Meta Selic,% a.a.,diaria,2019-07-04,2019,7,6.50000000
432,selic_meta,Meta Selic,% a.a.,diaria,2019-07-05,2019,7,6.50000000
432,selic_meta,Meta Selic,% a.a.,diaria,2019-07-06,2019,7,6.50000000
432,selic_meta,Meta Selic,% a.a.,diaria,2019-07-07,2019,7,6.50000000
432,selic_meta,Meta Selic,% a.a.,diaria,2019-07-08,2019,7,6.50000000
432,selic_meta,Meta Selic,% a.a.,diaria,2019-07-09,2019,7,6.50000000
432,selic_meta,Meta Selic,% a.a.,diaria,2019-07-10,2019,7,6.50000000
432,selic_meta,Meta Selic,% a.a.,diaria,2019-07-11,2019,7,6.50000000
432,selic_meta,Meta Selic,% a.a.,diaria,2019-07-12,2019,7,6.50000000
432,selic_meta,Meta Selic,% a.a.,diaria,2019-07-13,2019,7,6.50000000
432,selic_meta,Meta Selic,% a.a.,diaria,2019-07-14,2019,7,6.50000000
432,selic_meta,Meta Selic,% a.a.,diaria,2019-07-15,2019,7,6.50000000
432,selic_meta,Meta Selic,% a.a.,diaria,2019-07-16,2019,7,6.50000000
432,selic_meta,Meta Selic,% a.a.,diaria,2019-07-17,2019,7,6.50000000
432,selic_meta,Meta Selic,% a.a.,diaria,2019-07-18,2019,7,6.50000000
432,selic_meta,Meta Selic,% a.a.,diaria,2019-07-19,2019,7,6.50000000
432,selic_meta,Meta Selic,% a.a.,diaria,2019-07-20,2019,7,6.50000000
432,selic_meta,Meta Selic,% a.a.,diaria,2019-07-21,2019,7,6.50000000
432,selic_meta,Meta Selic,% a.a.,diaria,2019-07-22,2019,7,6.50000000
432,selic_meta,Meta Selic,% a.a.,diaria,2019-07-23,2019,7,6.50000000
432,selic_meta,Meta Selic,% a.a.,diaria,2019-07-24,2019,7,6.50000000
432,selic_meta,Meta Selic,% a.a.,diaria,2019-07-25,2019,7,6.50000000
432,selic_meta,Meta Selic,% a.a.,diaria,2019-07-26,2019,7,6.50000000
432,selic_meta,Meta Selic,% a.a.,diaria,2019-07-27,2019,7,6.50000000
432,selic_meta,Meta Selic,% a.a.,diaria,2019-07-28,2019,7,6.50000000
432,selic_meta,Meta Selic,% a.a.,diaria,2019-07-29,2019,7,6.50000000
432,selic_meta,Meta Selic,% a.a.,diaria,2019-07-30,2019,7,6.50000000
432,selic_meta,Meta Selic,% a.a.,diaria,2019-07-31,2019,7,6.50000000
432,selic_meta,Meta Selic,% a.a.,diaria,2019-08-01,2019,8,6.00000000
432,selic_meta,Meta Selic,% a.a.,diaria,2019-08-02,2019,8,6.00000000
432,selic_meta,Meta Selic,% a.a.,diaria,2019-08-03,2019,8,6.00000000
432,selic_meta,Meta Selic,% a.a.,diaria,2019-08-04,2019,8,6.00000000
432,selic_meta,Meta Selic,% a.a.,diaria,2019-08-05,2019,8,6.00000000
432,selic_meta,Meta Selic,% a.a.,diaria,2019-08-06,2019,8,6.00000000
432,selic_meta,Meta Selic,% a.a.,diaria,2019-08-07,2019,8,6.00000000
432,selic_meta,Meta Selic,% a.a.,diaria,2019-08-08,2019,8,6.00000000
432,selic_meta,Meta Selic,% a.a.,diaria,2019-08-09,2019,8,6.00000000
432,selic_meta,Meta Selic,% a.a.,diaria,2019-08-10,2019,8,6.00000000
432,selic_meta,Meta Selic,% a.a.,diaria,2019-08-11,2019,8,6.00000000
432,selic_meta,Meta Selic,% a.a.,diaria,2019-08-12,2019,8,6.00000000
432,selic_meta,Meta Selic,% a.a.,diaria,2019-08-13,2019,8,6.00000000
432,selic_meta,Meta Selic,% a.a.,diaria,2019-08-14,2019,8,6.00000000
432,selic_meta,Meta Selic,% a.a.,diaria,2019-08-15,2019,8,6.00000000
432,selic_meta,Meta Selic,% a.a.,diaria,2019-08-16,2019,8,6.00000000
432,selic_meta,Meta Selic,% a.a.,diaria,2019-08-17,2019,8,6.00000000
432,selic_meta,Meta Selic,% a.a.,diaria,2019-08-18,2019,8,6.00000000
432,selic_meta,Meta Selic,% a.a.,diaria,2019-08-19,2019,8,6.00000000
432,selic_meta,Meta Selic,% a.a.,diaria,2019-08-20,2019,8,6.00000000
432,selic_meta,Meta Selic,% a.a.,diaria,2019-08-21,2019,8,6.00000000
432,selic_meta,Meta Selic,% a.a.,diaria,2019-08-22,2019,8,6.00000000
432,selic_meta,Meta Selic,% a.a.,diaria,2019-08-23,2019,8,6.00000000
432,selic_meta,Meta Selic,% a.a.,diaria,2019-08-24,2019,8,6.00000000
432,selic_meta,Meta Selic,% a.a.,diaria,2019-08-25,2019,8,6.00000000
432,selic_meta,Meta Selic,% a.a.,diaria,2019-08-26,2019,8,6.00000000
432,selic_meta,Meta Selic,% a.a.,diaria,2019-08-27,2019,8,6.00000000
432,selic_meta,Meta Selic,% a.a.,diaria,2019-08-28,2019,8,6.00000000
432,selic_meta,Meta Selic,% a.a.,diaria,2019-08-29,2019,8,6.00000000
432,selic_meta,Meta Selic,% a.a.,diaria,2019-08-30,2019,8,6.00000000
432,selic_meta,Meta Selic,% a.a.,diaria,2019-08-31,2019,8,6.00000000
432,selic_meta,Meta Selic,% a.a.,diaria,2019-09-01,2019,9,6.00000000
432,selic_meta,Meta Selic,% a.a.,diaria,2019-09-02,2019,9,6.00000000
432,selic_meta,Meta Selic,% a.a.,diaria,2019-09-03,2019,9,6.00000000
432,selic_meta,Meta Selic,% a.a.,diaria,2019-09-04,2019,9,6.00000000
432,selic_meta,Meta Selic,% a.a.,diaria,2019-09-05,2019,9,6.00000000
432,selic_meta,Meta Selic,% a.a.,diaria,2019-09-06,2019,9,6.00000000
432,selic_meta,Meta Selic,% a.a.,diaria,2019-09-07,2019,9,6.00000000
432,selic_meta,Meta Selic,% a.a.,diaria,2019-09-08,2019,9,6.00000000
432,selic_meta,Meta Selic,% a.a.,diaria,2019-09-09,2019,9,6.00000000
432,selic_meta,Meta Selic,% a.a.,diaria,2019-09-10,2019,9,6.00000000
432,selic_meta,Meta Selic,% a.a.,diaria,2019-09-11,2019,9,6.00000000
432,selic_meta,Meta Selic,% a.a.,diaria,2019-09-12,2019,9,6.00000000
432,selic_meta,Meta Selic,% a.a.,diaria,2019-09-13,2019,9,6.00000000
432,selic_meta,Meta Selic,% a.a.,diaria,2019-09-14,2019,9,6.00000000
432,selic_meta,Meta Selic,% a.a.,diaria,2019-09-15,2019,9,6.00000000
432,selic_meta,Meta Selic,% a.a.,diaria,2019-09-16,2019,9,6.00000000
432,selic_meta,Meta Selic,% a.a.,diaria,2019-09-17,2019,9,6.00000000
432,selic_meta,Meta Selic,% a.a.,diaria,2019-09-18,2019,9,6.00000000
432,selic_meta,Meta Selic,% a.a.,diaria,2019-09-19,2019,9,5.50000000
432,selic_meta,Meta Selic,% a.a.,diaria,2019-09-20,2019,9,5.50000000
432,selic_meta,Meta Selic,% a.a.,diaria,2019-09-21,2019,9,5.50000000
432,selic_meta,Meta Selic,% a.a.,diaria,2019-09-22,2019,9,5.50000000
432,selic_meta,Meta Selic,% a.a.,diaria,2019-09-23,2019,9,5.50000000
432,selic_meta,Meta Selic,% a.a.,diaria,2019-09-24,2019,9,5.50000000
432,selic_meta,Meta Selic,% a.a.,diaria,2019-09-25,2019,9,5.50000000
432,selic_meta,Meta Selic,% a.a.,diaria,2019-09-26,2019,9,5.50000000
432,selic_meta,Meta Selic,% a.a.,diaria,2019-09-27,2019,9,5.50000000
432,selic_meta,Meta Selic,% a.a.,diaria,2019-09-28,2019,9,5.50000000
432,selic_meta,Meta Selic,% a.a.,diaria,2019-09-29,2019,9,5.50000000
432,selic_meta,Meta Selic,% a.a.,diaria,2019-09-30,2019,9,5.50000000
432,selic_meta,Meta Selic,% a.a.,diaria,2019-10-01,2019,10,5.50000000
432,selic_meta,Meta Selic,% a.a.,diaria,2019-10-02,2019,10,5.50000000
432,selic_meta,Meta Selic,% a.a.,diaria,2019-10-03,2019,10,5.50000000
432,selic_meta,Meta Selic,% a.a.,diaria,2019-10-04,2019,10,5.50000000
432,selic_meta,Meta Selic,% a.a.,diaria,2019-10-05,2019,10,5.50000000
432,selic_meta,Meta Selic,% a.a.,diaria,2019-10-06,2019,10,5.50000000
432,selic_meta,Meta Selic,% a.a.,diaria,2019-10-07,2019,10,5.50000000
432,selic_meta,Meta Selic,% a.a.,diaria,2019-10-08,2019,10,5.50000000
432,selic_meta,Meta Selic,% a.a.,diaria,2019-10-09,2019,10,5.50000000
432,selic_meta,Meta Selic,% a.a.,diaria,2019-10-10,2019,10,5.50000000
432,selic_meta,Meta Selic,% a.a.,diaria,2019-10-11,2019,10,5.50000000
432,selic_meta,Meta Selic,% a.a.,diaria,2019-10-12,2019,10,5.50000000
432,selic_meta,Meta Selic,% a.a.,diaria,2019-10-13,2019,10,5.50000000
432,selic_meta,Meta Selic,% a.a.,diaria,2019-10-14,2019,10,5.50000000
432,selic_meta,Meta Selic,% a.a.,diaria,2019-10-15,2019,10,5.50000000
432,selic_meta,Meta Selic,% a.a.,diaria,2019-10-16,2019,10,5.50000000
432,selic_meta,Meta Selic,% a.a.,diaria,2019-10-17,2019,10,5.50000000
432,selic_meta,Meta Selic,% a.a.,diaria,2019-10-18,2019,10,5.50000000
432,selic_meta,Meta Selic,% a.a.,diaria,2019-10-19,2019,10,5.50000000
432,selic_meta,Meta Selic,% a.a.,diaria,2019-10-20,2019,10,5.50000000
432,selic_meta,Meta Selic,% a.a.,diaria,2019-10-21,2019,10,5.50000000
432,selic_meta,Meta Selic,% a.a.,diaria,2019-10-22,2019,10,5.50000000
432,selic_meta,Meta Selic,% a.a.,diaria,2019-10-23,2019,10,5.50000000
432,selic_meta,Meta Selic,% a.a.,diaria,2019-10-24,2019,10,5.50000000
432,selic_meta,Meta Selic,% a.a.,diaria,2019-10-25,2019,10,5.50000000
432,selic_meta,Meta Selic,% a.a.,diaria,2019-10-26,2019,10,5.50000000
432,selic_meta,Meta Selic,% a.a.,diaria,2019-10-27,2019,10,5.50000000
432,selic_meta,Meta Selic,% a.a.,diaria,2019-10-28,2019,10,5.50000000
432,selic_meta,Meta Selic,% a.a.,diaria,2019-10-29,2019,10,5.50000000
432,selic_meta,Meta Selic,% a.a.,diaria,2019-10-30,2019,10,5.50000000
432,selic_meta,Meta Selic,% a.a.,diaria,2019-10-31,2019,10,5.00000000
432,selic_meta,Meta Selic,% a.a.,diaria,2019-11-01,2019,11,5.00000000
432,selic_meta,Meta Selic,% a.a.,diaria,2019-11-02,2019,11,5.00000000
432,selic_meta,Meta Selic,% a.a.,diaria,2019-11-03,2019,11,5.00000000
432,selic_meta,Meta Selic,% a.a.,diaria,2019-11-04,2019,11,5.00000000
432,selic_meta,Meta Selic,% a.a.,diaria,2019-11-05,2019,11,5.00000000
432,selic_meta,Meta Selic,% a.a.,diaria,2019-11-06,2019,11,5.00000000
432,selic_meta,Meta Selic,% a.a.,diaria,2019-11-07,2019,11,5.00000000
432,selic_meta,Meta Selic,% a.a.,diaria,2019-11-08,2019,11,5.00000000
432,selic_meta,Meta Selic,% a.a.,diaria,2019-11-09,2019,11,5.00000000
432,selic_meta,Meta Selic,% a.a.,diaria,2019-11-10,2019,11,5.00000000
432,selic_meta,Meta Selic,% a.a.,diaria,2019-11-11,2019,11,5.00000000
432,selic_meta,Meta Selic,% a.a.,diaria,2019-11-12,2019,11,5.00000000
432,selic_meta,Meta Selic,% a.a.,diaria,2019-11-13,2019,11,5.00000000
432,selic_meta,Meta Selic,% a.a.,diaria,2019-11-14,2019,11,5.00000000
432,selic_meta,Meta Selic,% a.a.,diaria,2019-11-15,2019,11,5.00000000
432,selic_meta,Meta Selic,% a.a.,diaria,2019-11-16,2019,11,5.00000000
432,selic_meta,Meta Selic,% a.a.,diaria,2019-11-17,2019,11,5.00000000
432,selic_meta,Meta Selic,% a.a.,diaria,2019-11-18,2019,11,5.00000000
432,selic_meta,Meta Selic,% a.a.,diaria,2019-11-19,2019,11,5.00000000
432,selic_meta,Meta Selic,% a.a.,diaria,2019-11-20,2019,11,5.00000000
432,selic_meta,Meta Selic,% a.a.,diaria,2019-11-21,2019,11,5.00000000
432,selic_meta,Meta Selic,% a.a.,diaria,2019-11-22,2019,11,5.00000000
432,selic_meta,Meta Selic,% a.a.,diaria,2019-11-23,2019,11,5.00000000
432,selic_meta,Meta Selic,% a.a.,diaria,2019-11-24,2019,11,5.00000000
432,selic_meta,Meta Selic,% a.a.,diaria,2019-11-25,2019,11,5.00000000
432,selic_meta,Meta Selic,% a.a.,diaria,2019-11-26,2019,11,5.00000000
432,selic_meta,Meta Selic,% a.a.,diaria,2019-11-27,2019,11,5.00000000
432,selic_meta,Meta Selic,% a.a.,diaria,2019-11-28,2019,11,5.00000000
432,selic_meta,Meta Selic,% a.a.,diaria,2019-11-29,2019,11,5.00000000
432,selic_meta,Meta Selic,% a.a.,diaria,2019-11-30,2019,11,5.00000000
432,selic_meta,Meta Selic,% a.a.,diaria,2019-12-01,2019,12,5.00000000
432,selic_meta,Meta Selic,% a.a.,diaria,2019-12-02,2019,12,5.00000000
432,selic_meta,Meta Selic,% a.a.,diaria,2019-12-03,2019,12,5.00000000
432,selic_meta,Meta Selic,% a.a.,diaria,2019-12-04,2019,12,5.00000000
432,selic_meta,Meta Selic,% a.a.,diaria,2019-12-05,2019,12,5.00000000
432,selic_meta,Meta Selic,% a.a.,diaria,2019-12-06,2019,12,5.00000000
432,selic_meta,Meta Selic,% a.a.,diaria,2019-12-07,2019,12,5.00000000
432,selic_meta,Meta Selic,% a.a.,diaria,2019-12-08,2019,12,5.00000000
432,selic_meta,Meta Selic,% a.a.,diaria,2019-12-09,2019,12,5.00000000
432,selic_meta,Meta Selic,% a.a.,diaria,2019-12-10,2019,12,5.00000000
432,selic_meta,Meta Selic,% a.a.,diaria,2019-12-11,2019,12,5.00000000
432,selic_meta,Meta Selic,% a.a.,diaria,2019-12-12,2019,12,4.50000000
432,selic_meta,Meta Selic,% a.a.,diaria,2019-12-13,2019,12,4.50000000
432,selic_meta,Meta Selic,% a.a.,diaria,2019-12-14,2019,12,4.50000000
432,selic_meta,Meta Selic,% a.a.,diaria,2019-12-15,2019,12,4.50000000
432,selic_meta,Meta Selic,% a.a.,diaria,2019-12-16,2019,12,4.50000000
432,selic_meta,Meta Selic,% a.a.,diaria,2019-12-17,2019,12,4.50000000
432,selic_meta,Meta Selic,% a.a.,diaria,2019-12-18,2019,12,4.50000000
432,selic_meta,Meta Selic,% a.a.,diaria,2019-12-19,2019,12,4.50000000
432,selic_meta,Meta Selic,% a.a.,diaria,2019-12-20,2019,12,4.50000000
432,selic_meta,Meta Selic,% a.a.,diaria,2019-12-21,2019,12,4.50000000
432,selic_meta,Meta Selic,% a.a.,diaria,2019-12-22,2019,12,4.50000000
432,selic_meta,Meta Selic,% a.a.,diaria,2019-12-23,2019,12,4.50000000
432,selic_meta,Meta Selic,% a.a.,diaria,2019-12-24,2019,12,4.50000000
432,selic_meta,Meta Selic,% a.a.,diaria,2019-12-25,2019,12,4.50000000
432,selic_meta,Meta Selic,% a.a.,diaria,2019-12-26,2019,12,4.50000000
432,selic_meta,Meta Selic,% a.a.,diaria,2019-12-27,2019,12,4.50000000
432,selic_meta,Meta Selic,% a.a.,diaria,2019-12-28,2019,12,4.50000000
432,selic_meta,Meta Selic,% a.a.,diaria,2019-12-29,2019,12,4.50000000
432,selic_meta,Meta Selic,% a.a.,diaria,2019-12-30,2019,12,4.50000000
432,selic_meta,Meta Selic,% a.a.,diaria,2019-12-31,2019,12,4.50000000
432,selic_meta,Meta Selic,% a.a.,diaria,2020-01-01,2020,1,4.50000000
432,selic_meta,Meta Selic,% a.a.,diaria,2020-01-02,2020,1,4.50000000
432,selic_meta,Meta Selic,% a.a.,diaria,2020-01-03,2020,1,4.50000000
432,selic_meta,Meta Selic,% a.a.,diaria,2020-01-04,2020,1,4.50000000
432,selic_meta,Meta Selic,% a.a.,diaria,2020-01-05,2020,1,4.50000000
432,selic_meta,Meta Selic,% a.a.,diaria,2020-01-06,2020,1,4.50000000
432,selic_meta,Meta Selic,% a.a.,diaria,2020-01-07,2020,1,4.50000000
432,selic_meta,Meta Selic,% a.a.,diaria,2020-01-08,2020,1,4.50000000
432,selic_meta,Meta Selic,% a.a.,diaria,2020-01-09,2020,1,4.50000000
432,selic_meta,Meta Selic,% a.a.,diaria,2020-01-10,2020,1,4.50000000
432,selic_meta,Meta Selic,% a.a.,diaria,2020-01-11,2020,1,4.50000000
432,selic_meta,Meta Selic,% a.a.,diaria,2020-01-12,2020,1,4.50000000
432,selic_meta,Meta Selic,% a.a.,diaria,2020-01-13,2020,1,4.50000000
432,selic_meta,Meta Selic,% a.a.,diaria,2020-01-14,2020,1,4.50000000
432,selic_meta,Meta Selic,% a.a.,diaria,2020-01-15,2020,1,4.50000000
432,selic_meta,Meta Selic,% a.a.,diaria,2020-01-16,2020,1,4.50000000
432,selic_meta,Meta Selic,% a.a.,diaria,2020-01-17,2020,1,4.50000000
432,selic_meta,Meta Selic,% a.a.,diaria,2020-01-18,2020,1,4.50000000
432,selic_meta,Meta Selic,% a.a.,diaria,2020-01-19,2020,1,4.50000000
432,selic_meta,Meta Selic,% a.a.,diaria,2020-01-20,2020,1,4.50000000
432,selic_meta,Meta Selic,% a.a.,diaria,2020-01-21,2020,1,4.50000000
432,selic_meta,Meta Selic,% a.a.,diaria,2020-01-22,2020,1,4.50000000
432,selic_meta,Meta Selic,% a.a.,diaria,2020-01-23,2020,1,4.50000000
432,selic_meta,Meta Selic,% a.a.,diaria,2020-01-24,2020,1,4.50000000
432,selic_meta,Meta Selic,% a.a.,diaria,2020-01-25,2020,1,4.50000000
432,selic_meta,Meta Selic,% a.a.,diaria,2020-01-26,2020,1,4.50000000
432,selic_meta,Meta Selic,% a.a.,diaria,2020-01-27,2020,1,4.50000000
432,selic_meta,Meta Selic,% a.a.,diaria,2020-01-28,2020,1,4.50000000
432,selic_meta,Meta Selic,% a.a.,diaria,2020-01-29,2020,1,4.50000000
432,selic_meta,Meta Selic,% a.a.,diaria,2020-01-30,2020,1,4.50000000
432,selic_meta,Meta Selic,% a.a.,diaria,2020-01-31,2020,1,4.50000000
432,selic_meta,Meta Selic,% a.a.,diaria,2020-02-01,2020,2,4.50000000
432,selic_meta,Meta Selic,% a.a.,diaria,2020-02-02,2020,2,4.50000000
432,selic_meta,Meta Selic,% a.a.,diaria,2020-02-03,2020,2,4.50000000
432,selic_meta,Meta Selic,% a.a.,diaria,2020-02-04,2020,2,4.50000000
432,selic_meta,Meta Selic,% a.a.,diaria,2020-02-05,2020,2,4.50000000
432,selic_meta,Meta Selic,% a.a.,diaria,2020-02-06,2020,2,4.25000000
432,selic_meta,Meta Selic,% a.a.,diaria,2020-02-07,2020,2,4.25000000
432,selic_meta,Meta Selic,% a.a.,diaria,2020-02-08,2020,2,4.25000000
432,selic_meta,Meta Selic,% a.a.,diaria,2020-02-09,2020,2,4.25000000
432,selic_meta,Meta Selic,% a.a.,diaria,2020-02-10,2020,2,4.25000000
432,selic_meta,Meta Selic,% a.a.,diaria,2020-02-11,2020,2,4.25000000
432,selic_meta,Meta Selic,% a.a.,diaria,2020-02-12,2020,2,4.25000000
432,selic_meta,Meta Selic,% a.a.,diaria,2020-02-13,2020,2,4.25000000
432,selic_meta,Meta Selic,% a.a.,diaria,2020-02-14,2020,2,4.25000000
432,selic_meta,Meta Selic,% a.a.,diaria,2020-02-15,2020,2,4.25000000
432,selic_meta,Meta Selic,% a.a.,diaria,2020-02-16,2020,2,4.25000000
432,selic_meta,Meta Selic,% a.a.,diaria,2020-02-17,2020,2,4.25000000
432,selic_meta,Meta Selic,% a.a.,diaria,2020-02-18,2020,2,4.25000000
432,selic_meta,Meta Selic,% a.a.,diaria,2020-02-19,2020,2,4.25000000
432,selic_meta,Meta Selic,% a.a.,diaria,2020-02-20,2020,2,4.25000000
432,selic_meta,Meta Selic,% a.a.,diaria,2020-02-21,2020,2,4.25000000
432,selic_meta,Meta Selic,% a.a.,diaria,2020-02-22,2020,2,4.25000000
432,selic_meta,Meta Selic,% a.a.,diaria,2020-02-23,2020,2,4.25000000
432,selic_meta,Meta Selic,% a.a.,diaria,2020-02-24,2020,2,4.25000000
432,selic_meta,Meta Selic,% a.a.,diaria,2020-02-25,2020,2,4.25000000
432,selic_meta,Meta Selic,% a.a.,diaria,2020-02-26,2020,2,4.25000000
432,selic_meta,Meta Selic,% a.a.,diaria,2020-02-27,2020,2,4.25000000
432,selic_meta,Meta Selic,% a.a.,diaria,2020-02-28,2020,2,4.25000000
432,selic_meta,Meta Selic,% a.a.,diaria,2020-02-29,2020,2,4.25000000
432,selic_meta,Meta Selic,% a.a.,diaria,2020-03-01,2020,3,4.25000000
432,selic_meta,Meta Selic,% a.a.,diaria,2020-03-02,2020,3,4.25000000
432,selic_meta,Meta Selic,% a.a.,diaria,2020-03-03,2020,3,4.25000000
432,selic_meta,Meta Selic,% a.a.,diaria,2020-03-04,2020,3,4.25000000
432,selic_meta,Meta Selic,% a.a.,diaria,2020-03-05,2020,3,4.25000000
432,selic_meta,Meta Selic,% a.a.,diaria,2020-03-06,2020,3,4.25000000
432,selic_meta,Meta Selic,% a.a.,diaria,2020-03-07,2020,3,4.25000000
432,selic_meta,Meta Selic,% a.a.,diaria,2020-03-08,2020,3,4.25000000
432,selic_meta,Meta Selic,% a.a.,diaria,2020-03-09,2020,3,4.25000000
432,selic_meta,Meta Selic,% a.a.,diaria,2020-03-10,2020,3,4.25000000
432,selic_meta,Meta Selic,% a.a.,diaria,2020-03-11,2020,3,4.25000000
432,selic_meta,Meta Selic,% a.a.,diaria,2020-03-12,2020,3,4.25000000
432,selic_meta,Meta Selic,% a.a.,diaria,2020-03-13,2020,3,4.25000000
432,selic_meta,Meta Selic,% a.a.,diaria,2020-03-14,2020,3,4.25000000
432,selic_meta,Meta Selic,% a.a.,diaria,2020-03-15,2020,3,4.25000000
432,selic_meta,Meta Selic,% a.a.,diaria,2020-03-16,2020,3,4.25000000
432,selic_meta,Meta Selic,% a.a.,diaria,2020-03-17,2020,3,4.25000000
432,selic_meta,Meta Selic,% a.a.,diaria,2020-03-18,2020,3,4.25000000
432,selic_meta,Meta Selic,% a.a.,diaria,2020-03-19,2020,3,3.75000000
432,selic_meta,Meta Selic,% a.a.,diaria,2020-03-20,2020,3,3.75000000
432,selic_meta,Meta Selic,% a.a.,diaria,2020-03-21,2020,3,3.75000000
432,selic_meta,Meta Selic,% a.a.,diaria,2020-03-22,2020,3,3.75000000
432,selic_meta,Meta Selic,% a.a.,diaria,2020-03-23,2020,3,3.75000000
432,selic_meta,Meta Selic,% a.a.,diaria,2020-03-24,2020,3,3.75000000
432,selic_meta,Meta Selic,% a.a.,diaria,2020-03-25,2020,3,3.75000000
432,selic_meta,Meta Selic,% a.a.,diaria,2020-03-26,2020,3,3.75000000
432,selic_meta,Meta Selic,% a.a.,diaria,2020-03-27,2020,3,3.75000000
432,selic_meta,Meta Selic,% a.a.,diaria,2020-03-28,2020,3,3.75000000
432,selic_meta,Meta Selic,% a.a.,diaria,2020-03-29,2020,3,3.75000000
432,selic_meta,Meta Selic,% a.a.,diaria,2020-03-30,2020,3,3.75000000
432,selic_meta,Meta Selic,% a.a.,diaria,2020-03-31,2020,3,3.75000000
432,selic_meta,Meta Selic,% a.a.,diaria,2020-04-01,2020,4,3.75000000
432,selic_meta,Meta Selic,% a.a.,diaria,2020-04-02,2020,4,3.75000000
432,selic_meta,Meta Selic,% a.a.,diaria,2020-04-03,2020,4,3.75000000
432,selic_meta,Meta Selic,% a.a.,diaria,2020-04-04,2020,4,3.75000000
432,selic_meta,Meta Selic,% a.a.,diaria,2020-04-05,2020,4,3.75000000
432,selic_meta,Meta Selic,% a.a.,diaria,2020-04-06,2020,4,3.75000000
432,selic_meta,Meta Selic,% a.a.,diaria,2020-04-07,2020,4,3.75000000
432,selic_meta,Meta Selic,% a.a.,diaria,2020-04-08,2020,4,3.75000000
432,selic_meta,Meta Selic,% a.a.,diaria,2020-04-09,2020,4,3.75000000
432,selic_meta,Meta Selic,% a.a.,diaria,2020-04-10,2020,4,3.75000000
432,selic_meta,Meta Selic,% a.a.,diaria,2020-04-11,2020,4,3.75000000
432,selic_meta,Meta Selic,% a.a.,diaria,2020-04-12,2020,4,3.75000000
432,selic_meta,Meta Selic,% a.a.,diaria,2020-04-13,2020,4,3.75000000
432,selic_meta,Meta Selic,% a.a.,diaria,2020-04-14,2020,4,3.75000000
432,selic_meta,Meta Selic,% a.a.,diaria,2020-04-15,2020,4,3.75000000
432,selic_meta,Meta Selic,% a.a.,diaria,2020-04-16,2020,4,3.75000000
432,selic_meta,Meta Selic,% a.a.,diaria,2020-04-17,2020,4,3.75000000
432,selic_meta,Meta Selic,% a.a.,diaria,2020-04-18,2020,4,3.75000000
432,selic_meta,Meta Selic,% a.a.,diaria,2020-04-19,2020,4,3.75000000
432,selic_meta,Meta Selic,% a.a.,diaria,2020-04-20,2020,4,3.75000000
432,selic_meta,Meta Selic,% a.a.,diaria,2020-04-21,2020,4,3.75000000
432,selic_meta,Meta Selic,% a.a.,diaria,2020-04-22,2020,4,3.75000000
432,selic_meta,Meta Selic,% a.a.,diaria,2020-04-23,2020,4,3.75000000
432,selic_meta,Meta Selic,% a.a.,diaria,2020-04-24,2020,4,3.75000000
432,selic_meta,Meta Selic,% a.a.,diaria,2020-04-25,2020,4,3.75000000
432,selic_meta,Meta Selic,% a.a.,diaria,2020-04-26,2020,4,3.75000000
432,selic_meta,Meta Selic,% a.a.,diaria,2020-04-27,2020,4,3.75000000
432,selic_meta,Meta Selic,% a.a.,diaria,2020-04-28,2020,4,3.75000000
432,selic_meta,Meta Selic,% a.a.,diaria,2020-04-29,2020,4,3.75000000
432,selic_meta,Meta Selic,% a.a.,diaria,2020-04-30,2020,4,3.75000000
432,selic_meta,Meta Selic,% a.a.,diaria,2020-05-01,2020,5,3.75000000
432,selic_meta,Meta Selic,% a.a.,diaria,2020-05-02,2020,5,3.75000000
432,selic_meta,Meta Selic,% a.a.,diaria,2020-05-03,2020,5,3.75000000
432,selic_meta,Meta Selic,% a.a.,diaria,2020-05-04,2020,5,3.75000000
432,selic_meta,Meta Selic,% a.a.,diaria,2020-05-05,2020,5,3.75000000
432,selic_meta,Meta Selic,% a.a.,diaria,2020-05-06,2020,5,3.75000000
432,selic_meta,Meta Selic,% a.a.,diaria,2020-05-07,2020,5,3.00000000
432,selic_meta,Meta Selic,% a.a.,diaria,2020-05-08,2020,5,3.00000000
432,selic_meta,Meta Selic,% a.a.,diaria,2020-05-09,2020,5,3.00000000
432,selic_meta,Meta Selic,% a.a.,diaria,2020-05-10,2020,5,3.00000000
432,selic_meta,Meta Selic,% a.a.,diaria,2020-05-11,2020,5,3.00000000
432,selic_meta,Meta Selic,% a.a.,diaria,2020-05-12,2020,5,3.00000000
432,selic_meta,Meta Selic,% a.a.,diaria,2020-05-13,2020,5,3.00000000
432,selic_meta,Meta Selic,% a.a.,diaria,2020-05-14,2020,5,3.00000000
432,selic_meta,Meta Selic,% a.a.,diaria,2020-05-15,2020,5,3.00000000
432,selic_meta,Meta Selic,% a.a.,diaria,2020-05-16,2020,5,3.00000000
432,selic_meta,Meta Selic,% a.a.,diaria,2020-05-17,2020,5,3.00000000
432,selic_meta,Meta Selic,% a.a.,diaria,2020-05-18,2020,5,3.00000000
432,selic_meta,Meta Selic,% a.a.,diaria,2020-05-19,2020,5,3.00000000
432,selic_meta,Meta Selic,% a.a.,diaria,2020-05-20,2020,5,3.00000000
432,selic_meta,Meta Selic,% a.a.,diaria,2020-05-21,2020,5,3.00000000
432,selic_meta,Meta Selic,% a.a.,diaria,2020-05-22,2020,5,3.00000000
432,selic_meta,Meta Selic,% a.a.,diaria,2020-05-23,2020,5,3.00000000
432,selic_meta,Meta Selic,% a.a.,diaria,2020-05-24,2020,5,3.00000000
432,selic_meta,Meta Selic,% a.a.,diaria,2020-05-25,2020,5,3.00000000
432,selic_meta,Meta Selic,% a.a.,diaria,2020-05-26,2020,5,3.00000000
432,selic_meta,Meta Selic,% a.a.,diaria,2020-05-27,2020,5,3.00000000
432,selic_meta,Meta Selic,% a.a.,diaria,2020-05-28,2020,5,3.00000000
432,selic_meta,Meta Selic,% a.a.,diaria,2020-05-29,2020,5,3.00000000
432,selic_meta,Meta Selic,% a.a.,diaria,2020-05-30,2020,5,3.00000000
432,selic_meta,Meta Selic,% a.a.,diaria,2020-05-31,2020,5,3.00000000
432,selic_meta,Meta Selic,% a.a.,diaria,2020-06-01,2020,6,3.00000000
432,selic_meta,Meta Selic,% a.a.,diaria,2020-06-02,2020,6,3.00000000
432,selic_meta,Meta Selic,% a.a.,diaria,2020-06-03,2020,6,3.00000000
432,selic_meta,Meta Selic,% a.a.,diaria,2020-06-04,2020,6,3.00000000
432,selic_meta,Meta Selic,% a.a.,diaria,2020-06-05,2020,6,3.00000000
432,selic_meta,Meta Selic,% a.a.,diaria,2020-06-06,2020,6,3.00000000
432,selic_meta,Meta Selic,% a.a.,diaria,2020-06-07,2020,6,3.00000000
432,selic_meta,Meta Selic,% a.a.,diaria,2020-06-08,2020,6,3.00000000
432,selic_meta,Meta Selic,% a.a.,diaria,2020-06-09,2020,6,3.00000000
432,selic_meta,Meta Selic,% a.a.,diaria,2020-06-10,2020,6,3.00000000
432,selic_meta,Meta Selic,% a.a.,diaria,2020-06-11,2020,6,3.00000000
432,selic_meta,Meta Selic,% a.a.,diaria,2020-06-12,2020,6,3.00000000
432,selic_meta,Meta Selic,% a.a.,diaria,2020-06-13,2020,6,3.00000000
432,selic_meta,Meta Selic,% a.a.,diaria,2020-06-14,2020,6,3.00000000
432,selic_meta,Meta Selic,% a.a.,diaria,2020-06-15,2020,6,3.00000000
432,selic_meta,Meta Selic,% a.a.,diaria,2020-06-16,2020,6,3.00000000
432,selic_meta,Meta Selic,% a.a.,diaria,2020-06-17,2020,6,3.00000000
432,selic_meta,Meta Selic,% a.a.,diaria,2020-06-18,2020,6,2.25000000
432,selic_meta,Meta Selic,% a.a.,diaria,2020-06-19,2020,6,2.25000000
432,selic_meta,Meta Selic,% a.a.,diaria,2020-06-20,2020,6,2.25000000
432,selic_meta,Meta Selic,% a.a.,diaria,2020-06-21,2020,6,2.25000000
432,selic_meta,Meta Selic,% a.a.,diaria,2020-06-22,2020,6,2.25000000
432,selic_meta,Meta Selic,% a.a.,diaria,2020-06-23,2020,6,2.25000000
432,selic_meta,Meta Selic,% a.a.,diaria,2020-06-24,2020,6,2.25000000
432,selic_meta,Meta Selic,% a.a.,diaria,2020-06-25,2020,6,2.25000000
432,selic_meta,Meta Selic,% a.a.,diaria,2020-06-26,2020,6,2.25000000
432,selic_meta,Meta Selic,% a.a.,diaria,2020-06-27,2020,6,2.25000000
432,selic_meta,Meta Selic,% a.a.,diaria,2020-06-28,2020,6,2.25000000
432,selic_meta,Meta Selic,% a.a.,diaria,2020-06-29,2020,6,2.25000000
432,selic_meta,Meta Selic,% a.a.,diaria,2020-06-30,2020,6,2.25000000
432,selic_meta,Meta Selic,% a.a.,diaria,2020-07-01,2020,7,2.25000000
432,selic_meta,Meta Selic,% a.a.,diaria,2020-07-02,2020,7,2.25000000
432,selic_meta,Meta Selic,% a.a.,diaria,2020-07-03,2020,7,2.25000000
432,selic_meta,Meta Selic,% a.a.,diaria,2020-07-04,2020,7,2.25000000
432,selic_meta,Meta Selic,% a.a.,diaria,2020-07-05,2020,7,2.25000000
432,selic_meta,Meta Selic,% a.a.,diaria,2020-07-06,2020,7,2.25000000
432,selic_meta,Meta Selic,% a.a.,diaria,2020-07-07,2020,7,2.25000000
432,selic_meta,Meta Selic,% a.a.,diaria,2020-07-08,2020,7,2.25000000
432,selic_meta,Meta Selic,% a.a.,diaria,2020-07-09,2020,7,2.25000000
432,selic_meta,Meta Selic,% a.a.,diaria,2020-07-10,2020,7,2.25000000
432,selic_meta,Meta Selic,% a.a.,diaria,2020-07-11,2020,7,2.25000000
432,selic_meta,Meta Selic,% a.a.,diaria,2020-07-12,2020,7,2.25000000
432,selic_meta,Meta Selic,% a.a.,diaria,2020-07-13,2020,7,2.25000000
432,selic_meta,Meta Selic,% a.a.,diaria,2020-07-14,2020,7,2.25000000
432,selic_meta,Meta Selic,% a.a.,diaria,2020-07-15,2020,7,2.25000000
432,selic_meta,Meta Selic,% a.a.,diaria,2020-07-16,2020,7,2.25000000
432,selic_meta,Meta Selic,% a.a.,diaria,2020-07-17,2020,7,2.25000000
432,selic_meta,Meta Selic,% a.a.,diaria,2020-07-18,2020,7,2.25000000
432,selic_meta,Meta Selic,% a.a.,diaria,2020-07-19,2020,7,2.25000000
432,selic_meta,Meta Selic,% a.a.,diaria,2020-07-20,2020,7,2.25000000
432,selic_meta,Meta Selic,% a.a.,diaria,2020-07-21,2020,7,2.25000000
432,selic_meta,Meta Selic,% a.a.,diaria,2020-07-22,2020,7,2.25000000
432,selic_meta,Meta Selic,% a.a.,diaria,2020-07-23,2020,7,2.25000000
432,selic_meta,Meta Selic,% a.a.,diaria,2020-07-24,2020,7,2.25000000
432,selic_meta,Meta Selic,% a.a.,diaria,2020-07-25,2020,7,2.25000000
432,selic_meta,Meta Selic,% a.a.,diaria,2020-07-26,2020,7,2.25000000
432,selic_meta,Meta Selic,% a.a.,diaria,2020-07-27,2020,7,2.25000000
432,selic_meta,Meta Selic,% a.a.,diaria,2020-07-28,2020,7,2.25000000
432,selic_meta,Meta Selic,% a.a.,diaria,2020-07-29,2020,7,2.25000000
432,selic_meta,Meta Selic,% a.a.,diaria,2020-07-30,2020,7,2.25000000
432,selic_meta,Meta Selic,% a.a.,diaria,2020-07-31,2020,7,2.25000000
432,selic_meta,Meta Selic,% a.a.,diaria,2020-08-01,2020,8,2.25000000
432,selic_meta,Meta Selic,% a.a.,diaria,2020-08-02,2020,8,2.25000000
432,selic_meta,Meta Selic,% a.a.,diaria,2020-08-03,2020,8,2.25000000
432,selic_meta,Meta Selic,% a.a.,diaria,2020-08-04,2020,8,2.25000000
432,selic_meta,Meta Selic,% a.a.,diaria,2020-08-05,2020,8,2.25000000
432,selic_meta,Meta Selic,% a.a.,diaria,2020-08-06,2020,8,2.00000000
432,selic_meta,Meta Selic,% a.a.,diaria,2020-08-07,2020,8,2.00000000
432,selic_meta,Meta Selic,% a.a.,diaria,2020-08-08,2020,8,2.00000000
432,selic_meta,Meta Selic,% a.a.,diaria,2020-08-09,2020,8,2.00000000
432,selic_meta,Meta Selic,% a.a.,diaria,2020-08-10,2020,8,2.00000000
432,selic_meta,Meta Selic,% a.a.,diaria,2020-08-11,2020,8,2.00000000
432,selic_meta,Meta Selic,% a.a.,diaria,2020-08-12,2020,8,2.00000000
432,selic_meta,Meta Selic,% a.a.,diaria,2020-08-13,2020,8,2.00000000
432,selic_meta,Meta Selic,% a.a.,diaria,2020-08-14,2020,8,2.00000000
432,selic_meta,Meta Selic,% a.a.,diaria,2020-08-15,2020,8,2.00000000
432,selic_meta,Meta Selic,% a.a.,diaria,2020-08-16,2020,8,2.00000000
432,selic_meta,Meta Selic,% a.a.,diaria,2020-08-17,2020,8,2.00000000
432,selic_meta,Meta Selic,% a.a.,diaria,2020-08-18,2020,8,2.00000000
432,selic_meta,Meta Selic,% a.a.,diaria,2020-08-19,2020,8,2.00000000
432,selic_meta,Meta Selic,% a.a.,diaria,2020-08-20,2020,8,2.00000000
432,selic_meta,Meta Selic,% a.a.,diaria,2020-08-21,2020,8,2.00000000
432,selic_meta,Meta Selic,% a.a.,diaria,2020-08-22,2020,8,2.00000000
432,selic_meta,Meta Selic,% a.a.,diaria,2020-08-23,2020,8,2.00000000
432,selic_meta,Meta Selic,% a.a.,diaria,2020-08-24,2020,8,2.00000000
432,selic_meta,Meta Selic,% a.a.,diaria,2020-08-25,2020,8,2.00000000
432,selic_meta,Meta Selic,% a.a.,diaria,2020-08-26,2020,8,2.00000000
432,selic_meta,Meta Selic,% a.a.,diaria,2020-08-27,2020,8,2.00000000
432,selic_meta,Meta Selic,% a.a.,diaria,2020-08-28,2020,8,2.00000000
432,selic_meta,Meta Selic,% a.a.,diaria,2020-08-29,2020,8,2.00000000
432,selic_meta,Meta Selic,% a.a.,diaria,2020-08-30,2020,8,2.00000000
432,selic_meta,Meta Selic,% a.a.,diaria,2020-08-31,2020,8,2.00000000
432,selic_meta,Meta Selic,% a.a.,diaria,2020-09-01,2020,9,2.00000000
432,selic_meta,Meta Selic,% a.a.,diaria,2020-09-02,2020,9,2.00000000
432,selic_meta,Meta Selic,% a.a.,diaria,2020-09-03,2020,9,2.00000000
432,selic_meta,Meta Selic,% a.a.,diaria,2020-09-04,2020,9,2.00000000
432,selic_meta,Meta Selic,% a.a.,diaria,2020-09-05,2020,9,2.00000000
432,selic_meta,Meta Selic,% a.a.,diaria,2020-09-06,2020,9,2.00000000
432,selic_meta,Meta Selic,% a.a.,diaria,2020-09-07,2020,9,2.00000000
432,selic_meta,Meta Selic,% a.a.,diaria,2020-09-08,2020,9,2.00000000
432,selic_meta,Meta Selic,% a.a.,diaria,2020-09-09,2020,9,2.00000000
432,selic_meta,Meta Selic,% a.a.,diaria,2020-09-10,2020,9,2.00000000
432,selic_meta,Meta Selic,% a.a.,diaria,2020-09-11,2020,9,2.00000000
432,selic_meta,Meta Selic,% a.a.,diaria,2020-09-12,2020,9,2.00000000
432,selic_meta,Meta Selic,% a.a.,diaria,2020-09-13,2020,9,2.00000000
432,selic_meta,Meta Selic,% a.a.,diaria,2020-09-14,2020,9,2.00000000
432,selic_meta,Meta Selic,% a.a.,diaria,2020-09-15,2020,9,2.00000000
432,selic_meta,Meta Selic,% a.a.,diaria,2020-09-16,2020,9,2.00000000
432,selic_meta,Meta Selic,% a.a.,diaria,2020-09-17,2020,9,2.00000000
432,selic_meta,Meta Selic,% a.a.,diaria,2020-09-18,2020,9,2.00000000
432,selic_meta,Meta Selic,% a.a.,diaria,2020-09-19,2020,9,2.00000000
432,selic_meta,Meta Selic,% a.a.,diaria,2020-09-20,2020,9,2.00000000
432,selic_meta,Meta Selic,% a.a.,diaria,2020-09-21,2020,9,2.00000000
432,selic_meta,Meta Selic,% a.a.,diaria,2020-09-22,2020,9,2.00000000
432,selic_meta,Meta Selic,% a.a.,diaria,2020-09-23,2020,9,2.00000000
432,selic_meta,Meta Selic,% a.a.,diaria,2020-09-24,2020,9,2.00000000
432,selic_meta,Meta Selic,% a.a.,diaria,2020-09-25,2020,9,2.00000000
432,selic_meta,Meta Selic,% a.a.,diaria,2020-09-26,2020,9,2.00000000
432,selic_meta,Meta Selic,% a.a.,diaria,2020-09-27,2020,9,2.00000000
432,selic_meta,Meta Selic,% a.a.,diaria,2020-09-28,2020,9,2.00000000
432,selic_meta,Meta Selic,% a.a.,diaria,2020-09-29,2020,9,2.00000000
432,selic_meta,Meta Selic,% a.a.,diaria,2020-09-30,2020,9,2.00000000
432,selic_meta,Meta Selic,% a.a.,diaria,2020-10-01,2020,10,2.00000000
432,selic_meta,Meta Selic,% a.a.,diaria,2020-10-02,2020,10,2.00000000
432,selic_meta,Meta Selic,% a.a.,diaria,2020-10-03,2020,10,2.00000000
432,selic_meta,Meta Selic,% a.a.,diaria,2020-10-04,2020,10,2.00000000
432,selic_meta,Meta Selic,% a.a.,diaria,2020-10-05,2020,10,2.00000000
432,selic_meta,Meta Selic,% a.a.,diaria,2020-10-06,2020,10,2.00000000
432,selic_meta,Meta Selic,% a.a.,diaria,2020-10-07,2020,10,2.00000000
432,selic_meta,Meta Selic,% a.a.,diaria,2020-10-08,2020,10,2.00000000
432,selic_meta,Meta Selic,% a.a.,diaria,2020-10-09,2020,10,2.00000000
432,selic_meta,Meta Selic,% a.a.,diaria,2020-10-10,2020,10,2.00000000
432,selic_meta,Meta Selic,% a.a.,diaria,2020-10-11,2020,10,2.00000000
432,selic_meta,Meta Selic,% a.a.,diaria,2020-10-12,2020,10,2.00000000
432,selic_meta,Meta Selic,% a.a.,diaria,2020-10-13,2020,10,2.00000000
432,selic_meta,Meta Selic,% a.a.,diaria,2020-10-14,2020,10,2.00000000
432,selic_meta,Meta Selic,% a.a.,diaria,2020-10-15,2020,10,2.00000000
432,selic_meta,Meta Selic,% a.a.,diaria,2020-10-16,2020,10,2.00000000
432,selic_meta,Meta Selic,% a.a.,diaria,2020-10-17,2020,10,2.00000000
432,selic_meta,Meta Selic,% a.a.,diaria,2020-10-18,2020,10,2.00000000
432,selic_meta,Meta Selic,% a.a.,diaria,2020-10-19,2020,10,2.00000000
432,selic_meta,Meta Selic,% a.a.,diaria,2020-10-20,2020,10,2.00000000
432,selic_meta,Meta Selic,% a.a.,diaria,2020-10-21,2020,10,2.00000000
432,selic_meta,Meta Selic,% a.a.,diaria,2020-10-22,2020,10,2.00000000
432,selic_meta,Meta Selic,% a.a.,diaria,2020-10-23,2020,10,2.00000000
432,selic_meta,Meta Selic,% a.a.,diaria,2020-10-24,2020,10,2.00000000
432,selic_meta,Meta Selic,% a.a.,diaria,2020-10-25,2020,10,2.00000000
432,selic_meta,Meta Selic,% a.a.,diaria,2020-10-26,2020,10,2.00000000
432,selic_meta,Meta Selic,% a.a.,diaria,2020-10-27,2020,10,2.00000000
432,selic_meta,Meta Selic,% a.a.,diaria,2020-10-28,2020,10,2.00000000
432,selic_meta,Meta Selic,% a.a.,diaria,2020-10-29,2020,10,2.00000000
432,selic_meta,Meta Selic,% a.a.,diaria,2020-10-30,2020,10,2.00000000
432,selic_meta,Meta Selic,% a.a.,diaria,2020-10-31,2020,10,2.00000000
432,selic_meta,Meta Selic,% a.a.,diaria,2020-11-01,2020,11,2.00000000
432,selic_meta,Meta Selic,% a.a.,diaria,2020-11-02,2020,11,2.00000000
432,selic_meta,Meta Selic,% a.a.,diaria,2020-11-03,2020,11,2.00000000
432,selic_meta,Meta Selic,% a.a.,diaria,2020-11-04,2020,11,2.00000000
432,selic_meta,Meta Selic,% a.a.,diaria,2020-11-05,2020,11,2.00000000
432,selic_meta,Meta Selic,% a.a.,diaria,2020-11-06,2020,11,2.00000000
432,selic_meta,Meta Selic,% a.a.,diaria,2020-11-07,2020,11,2.00000000
432,selic_meta,Meta Selic,% a.a.,diaria,2020-11-08,2020,11,2.00000000
432,selic_meta,Meta Selic,% a.a.,diaria,2020-11-09,2020,11,2.00000000
432,selic_meta,Meta Selic,% a.a.,diaria,2020-11-10,2020,11,2.00000000
432,selic_meta,Meta Selic,% a.a.,diaria,2020-11-11,2020,11,2.00000000
432,selic_meta,Meta Selic,% a.a.,diaria,2020-11-12,2020,11,2.00000000
432,selic_meta,Meta Selic,% a.a.,diaria,2020-11-13,2020,11,2.00000000
432,selic_meta,Meta Selic,% a.a.,diaria,2020-11-14,2020,11,2.00000000
432,selic_meta,Meta Selic,% a.a.,diaria,2020-11-15,2020,11,2.00000000
432,selic_meta,Meta Selic,% a.a.,diaria,2020-11-16,2020,11,2.00000000
432,selic_meta,Meta Selic,% a.a.,diaria,2020-11-17,2020,11,2.00000000
432,selic_meta,Meta Selic,% a.a.,diaria,2020-11-18,2020,11,2.00000000
432,selic_meta,Meta Selic,% a.a.,diaria,2020-11-19,2020,11,2.00000000
432,selic_meta,Meta Selic,% a.a.,diaria,2020-11-20,2020,11,2.00000000
432,selic_meta,Meta Selic,% a.a.,diaria,2020-11-21,2020,11,2.00000000
432,selic_meta,Meta Selic,% a.a.,diaria,2020-11-22,2020,11,2.00000000
432,selic_meta,Meta Selic,% a.a.,diaria,2020-11-23,2020,11,2.00000000
432,selic_meta,Meta Selic,% a.a.,diaria,2020-11-24,2020,11,2.00000000
432,selic_meta,Meta Selic,% a.a.,diaria,2020-11-25,2020,11,2.00000000
432,selic_meta,Meta Selic,% a.a.,diaria,2020-11-26,2020,11,2.00000000
432,selic_meta,Meta Selic,% a.a.,diaria,2020-11-27,2020,11,2.00000000
432,selic_meta,Meta Selic,% a.a.,diaria,2020-11-28,2020,11,2.00000000
432,selic_meta,Meta Selic,% a.a.,diaria,2020-11-29,2020,11,2.00000000
432,selic_meta,Meta Selic,% a.a.,diaria,2020-11-30,2020,11,2.00000000
432,selic_meta,Meta Selic,% a.a.,diaria,2020-12-01,2020,12,2.00000000
432,selic_meta,Meta Selic,% a.a.,diaria,2020-12-02,2020,12,2.00000000
432,selic_meta,Meta Selic,% a.a.,diaria,2020-12-03,2020,12,2.00000000
432,selic_meta,Meta Selic,% a.a.,diaria,2020-12-04,2020,12,2.00000000
432,selic_meta,Meta Selic,% a.a.,diaria,2020-12-05,2020,12,2.00000000
432,selic_meta,Meta Selic,% a.a.,diaria,2020-12-06,2020,12,2.00000000
432,selic_meta,Meta Selic,% a.a.,diaria,2020-12-07,2020,12,2.00000000
432,selic_meta,Meta Selic,% a.a.,diaria,2020-12-08,2020,12,2.00000000
432,selic_meta,Meta Selic,% a.a.,diaria,2020-12-09,2020,12,2.00000000
432,selic_meta,Meta Selic,% a.a.,diaria,2020-12-10,2020,12,2.00000000
432,selic_meta,Meta Selic,% a.a.,diaria,2020-12-11,2020,12,2.00000000
432,selic_meta,Meta Selic,% a.a.,diaria,2020-12-12,2020,12,2.00000000
432,selic_meta,Meta Selic,% a.a.,diaria,2020-12-13,2020,12,2.00000000
432,selic_meta,Meta Selic,% a.a.,diaria,2020-12-14,2020,12,2.00000000
432,selic_meta,Meta Selic,% a.a.,diaria,2020-12-15,2020,12,2.00000000
432,selic_meta,Meta Selic,% a.a.,diaria,2020-12-16,2020,12,2.00000000
432,selic_meta,Meta Selic,% a.a.,diaria,2020-12-17,2020,12,2.00000000
432,selic_meta,Meta Selic,% a.a.,diaria,2020-12-18,2020,12,2.00000000
432,selic_meta,Meta Selic,% a.a.,diaria,2020-12-19,2020,12,2.00000000
432,selic_meta,Meta Selic,% a.a.,diaria,2020-12-20,2020,12,2.00000000
432,selic_meta,Meta Selic,% a.a.,diaria,2020-12-21,2020,12,2.00000000
432,selic_meta,Meta Selic,% a.a.,diaria,2020-12-22,2020,12,2.00000000
432,selic_meta,Meta Selic,% a.a.,diaria,2020-12-23,2020,12,2.00000000
432,selic_meta,Meta Selic,% a.a.,diaria,2020-12-24,2020,12,2.00000000
432,selic_meta,Meta Selic,% a.a.,diaria,2020-12-25,2020,12,2.00000000
432,selic_meta,Meta Selic,% a.a.,diaria,2020-12-26,2020,12,2.00000000
432,selic_meta,Meta Selic,% a.a.,diaria,2020-12-27,2020,12,2.00000000
432,selic_meta,Meta Selic,% a.a.,diaria,2020-12-28,2020,12,2.00000000
432,selic_meta,Meta Selic,% a.a.,diaria,2020-12-29,2020,12,2.00000000
432,selic_meta,Meta Selic,% a.a.,diaria,2020-12-30,2020,12,2.00000000
432,selic_meta,Meta Selic,% a.a.,diaria,2020-12-31,2020,12,2.00000000
432,selic_meta,Meta Selic,% a.a.,diaria,2021-01-01,2021,1,2.00000000
432,selic_meta,Meta Selic,% a.a.,diaria,2021-01-02,2021,1,2.00000000
432,selic_meta,Meta Selic,% a.a.,diaria,2021-01-03,2021,1,2.00000000
432,selic_meta,Meta Selic,% a.a.,diaria,2021-01-04,2021,1,2.00000000
432,selic_meta,Meta Selic,% a.a.,diaria,2021-01-05,2021,1,2.00000000
432,selic_meta,Meta Selic,% a.a.,diaria,2021-01-06,2021,1,2.00000000
432,selic_meta,Meta Selic,% a.a.,diaria,2021-01-07,2021,1,2.00000000
432,selic_meta,Meta Selic,% a.a.,diaria,2021-01-08,2021,1,2.00000000
432,selic_meta,Meta Selic,% a.a.,diaria,2021-01-09,2021,1,2.00000000
432,selic_meta,Meta Selic,% a.a.,diaria,2021-01-10,2021,1,2.00000000
432,selic_meta,Meta Selic,% a.a.,diaria,2021-01-11,2021,1,2.00000000
432,selic_meta,Meta Selic,% a.a.,diaria,2021-01-12,2021,1,2.00000000
432,selic_meta,Meta Selic,% a.a.,diaria,2021-01-13,2021,1,2.00000000
432,selic_meta,Meta Selic,% a.a.,diaria,2021-01-14,2021,1,2.00000000
432,selic_meta,Meta Selic,% a.a.,diaria,2021-01-15,2021,1,2.00000000
432,selic_meta,Meta Selic,% a.a.,diaria,2021-01-16,2021,1,2.00000000
432,selic_meta,Meta Selic,% a.a.,diaria,2021-01-17,2021,1,2.00000000
432,selic_meta,Meta Selic,% a.a.,diaria,2021-01-18,2021,1,2.00000000
432,selic_meta,Meta Selic,% a.a.,diaria,2021-01-19,2021,1,2.00000000
432,selic_meta,Meta Selic,% a.a.,diaria,2021-01-20,2021,1,2.00000000
432,selic_meta,Meta Selic,% a.a.,diaria,2021-01-21,2021,1,2.00000000
432,selic_meta,Meta Selic,% a.a.,diaria,2021-01-22,2021,1,2.00000000
432,selic_meta,Meta Selic,% a.a.,diaria,2021-01-23,2021,1,2.00000000
432,selic_meta,Meta Selic,% a.a.,diaria,2021-01-24,2021,1,2.00000000
432,selic_meta,Meta Selic,% a.a.,diaria,2021-01-25,2021,1,2.00000000
432,selic_meta,Meta Selic,% a.a.,diaria,2021-01-26,2021,1,2.00000000
432,selic_meta,Meta Selic,% a.a.,diaria,2021-01-27,2021,1,2.00000000
432,selic_meta,Meta Selic,% a.a.,diaria,2021-01-28,2021,1,2.00000000
432,selic_meta,Meta Selic,% a.a.,diaria,2021-01-29,2021,1,2.00000000
432,selic_meta,Meta Selic,% a.a.,diaria,2021-01-30,2021,1,2.00000000
432,selic_meta,Meta Selic,% a.a.,diaria,2021-01-31,2021,1,2.00000000
432,selic_meta,Meta Selic,% a.a.,diaria,2021-02-01,2021,2,2.00000000
432,selic_meta,Meta Selic,% a.a.,diaria,2021-02-02,2021,2,2.00000000
432,selic_meta,Meta Selic,% a.a.,diaria,2021-02-03,2021,2,2.00000000
432,selic_meta,Meta Selic,% a.a.,diaria,2021-02-04,2021,2,2.00000000
432,selic_meta,Meta Selic,% a.a.,diaria,2021-02-05,2021,2,2.00000000
432,selic_meta,Meta Selic,% a.a.,diaria,2021-02-06,2021,2,2.00000000
432,selic_meta,Meta Selic,% a.a.,diaria,2021-02-07,2021,2,2.00000000
432,selic_meta,Meta Selic,% a.a.,diaria,2021-02-08,2021,2,2.00000000
432,selic_meta,Meta Selic,% a.a.,diaria,2021-02-09,2021,2,2.00000000
432,selic_meta,Meta Selic,% a.a.,diaria,2021-02-10,2021,2,2.00000000
432,selic_meta,Meta Selic,% a.a.,diaria,2021-02-11,2021,2,2.00000000
432,selic_meta,Meta Selic,% a.a.,diaria,2021-02-12,2021,2,2.00000000
432,selic_meta,Meta Selic,% a.a.,diaria,2021-02-13,2021,2,2.00000000
432,selic_meta,Meta Selic,% a.a.,diaria,2021-02-14,2021,2,2.00000000
432,selic_meta,Meta Selic,% a.a.,diaria,2021-02-15,2021,2,2.00000000
432,selic_meta,Meta Selic,% a.a.,diaria,2021-02-16,2021,2,2.00000000
432,selic_meta,Meta Selic,% a.a.,diaria,2021-02-17,2021,2,2.00000000
432,selic_meta,Meta Selic,% a.a.,diaria,2021-02-18,2021,2,2.00000000
432,selic_meta,Meta Selic,% a.a.,diaria,2021-02-19,2021,2,2.00000000
432,selic_meta,Meta Selic,% a.a.,diaria,2021-02-20,2021,2,2.00000000
432,selic_meta,Meta Selic,% a.a.,diaria,2021-02-21,2021,2,2.00000000
432,selic_meta,Meta Selic,% a.a.,diaria,2021-02-22,2021,2,2.00000000
432,selic_meta,Meta Selic,% a.a.,diaria,2021-02-23,2021,2,2.00000000
432,selic_meta,Meta Selic,% a.a.,diaria,2021-02-24,2021,2,2.00000000
432,selic_meta,Meta Selic,% a.a.,diaria,2021-02-25,2021,2,2.00000000
432,selic_meta,Meta Selic,% a.a.,diaria,2021-02-26,2021,2,2.00000000
432,selic_meta,Meta Selic,% a.a.,diaria,2021-02-27,2021,2,2.00000000
432,selic_meta,Meta Selic,% a.a.,diaria,2021-02-28,2021,2,2.00000000
432,selic_meta,Meta Selic,% a.a.,diaria,2021-03-01,2021,3,2.00000000
432,selic_meta,Meta Selic,% a.a.,diaria,2021-03-02,2021,3,2.00000000
432,selic_meta,Meta Selic,% a.a.,diaria,2021-03-03,2021,3,2.00000000
432,selic_meta,Meta Selic,% a.a.,diaria,2021-03-04,2021,3,2.00000000
432,selic_meta,Meta Selic,% a.a.,diaria,2021-03-05,2021,3,2.00000000
432,selic_meta,Meta Selic,% a.a.,diaria,2021-03-06,2021,3,2.00000000
432,selic_meta,Meta Selic,% a.a.,diaria,2021-03-07,2021,3,2.00000000
432,selic_meta,Meta Selic,% a.a.,diaria,2021-03-08,2021,3,2.00000000
432,selic_meta,Meta Selic,% a.a.,diaria,2021-03-09,2021,3,2.00000000
432,selic_meta,Meta Selic,% a.a.,diaria,2021-03-10,2021,3,2.00000000
432,selic_meta,Meta Selic,% a.a.,diaria,2021-03-11,2021,3,2.00000000
432,selic_meta,Meta Selic,% a.a.,diaria,2021-03-12,2021,3,2.00000000
432,selic_meta,Meta Selic,% a.a.,diaria,2021-03-13,2021,3,2.00000000
432,selic_meta,Meta Selic,% a.a.,diaria,2021-03-14,2021,3,2.00000000
432,selic_meta,Meta Selic,% a.a.,diaria,2021-03-15,2021,3,2.00000000
432,selic_meta,Meta Selic,% a.a.,diaria,2021-03-16,2021,3,2.00000000
432,selic_meta,Meta Selic,% a.a.,diaria,2021-03-17,2021,3,2.00000000
432,selic_meta,Meta Selic,% a.a.,diaria,2021-03-18,2021,3,2.75000000
432,selic_meta,Meta Selic,% a.a.,diaria,2021-03-19,2021,3,2.75000000
432,selic_meta,Meta Selic,% a.a.,diaria,2021-03-20,2021,3,2.75000000
432,selic_meta,Meta Selic,% a.a.,diaria,2021-03-21,2021,3,2.75000000
432,selic_meta,Meta Selic,% a.a.,diaria,2021-03-22,2021,3,2.75000000
432,selic_meta,Meta Selic,% a.a.,diaria,2021-03-23,2021,3,2.75000000
432,selic_meta,Meta Selic,% a.a.,diaria,2021-03-24,2021,3,2.75000000
432,selic_meta,Meta Selic,% a.a.,diaria,2021-03-25,2021,3,2.75000000
432,selic_meta,Meta Selic,% a.a.,diaria,2021-03-26,2021,3,2.75000000
432,selic_meta,Meta Selic,% a.a.,diaria,2021-03-27,2021,3,2.75000000
432,selic_meta,Meta Selic,% a.a.,diaria,2021-03-28,2021,3,2.75000000
432,selic_meta,Meta Selic,% a.a.,diaria,2021-03-29,2021,3,2.75000000
432,selic_meta,Meta Selic,% a.a.,diaria,2021-03-30,2021,3,2.75000000
432,selic_meta,Meta Selic,% a.a.,diaria,2021-03-31,2021,3,2.75000000
432,selic_meta,Meta Selic,% a.a.,diaria,2021-04-01,2021,4,2.75000000
432,selic_meta,Meta Selic,% a.a.,diaria,2021-04-02,2021,4,2.75000000
432,selic_meta,Meta Selic,% a.a.,diaria,2021-04-03,2021,4,2.75000000
432,selic_meta,Meta Selic,% a.a.,diaria,2021-04-04,2021,4,2.75000000
432,selic_meta,Meta Selic,% a.a.,diaria,2021-04-05,2021,4,2.75000000
432,selic_meta,Meta Selic,% a.a.,diaria,2021-04-06,2021,4,2.75000000
432,selic_meta,Meta Selic,% a.a.,diaria,2021-04-07,2021,4,2.75000000
432,selic_meta,Meta Selic,% a.a.,diaria,2021-04-08,2021,4,2.75000000
432,selic_meta,Meta Selic,% a.a.,diaria,2021-04-09,2021,4,2.75000000
432,selic_meta,Meta Selic,% a.a.,diaria,2021-04-10,2021,4,2.75000000
432,selic_meta,Meta Selic,% a.a.,diaria,2021-04-11,2021,4,2.75000000
432,selic_meta,Meta Selic,% a.a.,diaria,2021-04-12,2021,4,2.75000000
432,selic_meta,Meta Selic,% a.a.,diaria,2021-04-13,2021,4,2.75000000
432,selic_meta,Meta Selic,% a.a.,diaria,2021-04-14,2021,4,2.75000000
432,selic_meta,Meta Selic,% a.a.,diaria,2021-04-15,2021,4,2.75000000
432,selic_meta,Meta Selic,% a.a.,diaria,2021-04-16,2021,4,2.75000000
432,selic_meta,Meta Selic,% a.a.,diaria,2021-04-17,2021,4,2.75000000
432,selic_meta,Meta Selic,% a.a.,diaria,2021-04-18,2021,4,2.75000000
432,selic_meta,Meta Selic,% a.a.,diaria,2021-04-19,2021,4,2.75000000
432,selic_meta,Meta Selic,% a.a.,diaria,2021-04-20,2021,4,2.75000000
432,selic_meta,Meta Selic,% a.a.,diaria,2021-04-21,2021,4,2.75000000
432,selic_meta,Meta Selic,% a.a.,diaria,2021-04-22,2021,4,2.75000000
432,selic_meta,Meta Selic,% a.a.,diaria,2021-04-23,2021,4,2.75000000
432,selic_meta,Meta Selic,% a.a.,diaria,2021-04-24,2021,4,2.75000000
432,selic_meta,Meta Selic,% a.a.,diaria,2021-04-25,2021,4,2.75000000
432,selic_meta,Meta Selic,% a.a.,diaria,2021-04-26,2021,4,2.75000000
432,selic_meta,Meta Selic,% a.a.,diaria,2021-04-27,2021,4,2.75000000
432,selic_meta,Meta Selic,% a.a.,diaria,2021-04-28,2021,4,2.75000000
432,selic_meta,Meta Selic,% a.a.,diaria,2021-04-29,2021,4,2.75000000
432,selic_meta,Meta Selic,% a.a.,diaria,2021-04-30,2021,4,2.75000000
432,selic_meta,Meta Selic,% a.a.,diaria,2021-05-01,2021,5,2.75000000
432,selic_meta,Meta Selic,% a.a.,diaria,2021-05-02,2021,5,2.75000000
432,selic_meta,Meta Selic,% a.a.,diaria,2021-05-03,2021,5,2.75000000
432,selic_meta,Meta Selic,% a.a.,diaria,2021-05-04,2021,5,2.75000000
432,selic_meta,Meta Selic,% a.a.,diaria,2021-05-05,2021,5,2.75000000
432,selic_meta,Meta Selic,% a.a.,diaria,2021-05-06,2021,5,3.50000000
432,selic_meta,Meta Selic,% a.a.,diaria,2021-05-07,2021,5,3.50000000
432,selic_meta,Meta Selic,% a.a.,diaria,2021-05-08,2021,5,3.50000000
432,selic_meta,Meta Selic,% a.a.,diaria,2021-05-09,2021,5,3.50000000
432,selic_meta,Meta Selic,% a.a.,diaria,2021-05-10,2021,5,3.50000000
432,selic_meta,Meta Selic,% a.a.,diaria,2021-05-11,2021,5,3.50000000
432,selic_meta,Meta Selic,% a.a.,diaria,2021-05-12,2021,5,3.50000000
432,selic_meta,Meta Selic,% a.a.,diaria,2021-05-13,2021,5,3.50000000
432,selic_meta,Meta Selic,% a.a.,diaria,2021-05-14,2021,5,3.50000000
432,selic_meta,Meta Selic,% a.a.,diaria,2021-05-15,2021,5,3.50000000
432,selic_meta,Meta Selic,% a.a.,diaria,2021-05-16,2021,5,3.50000000
432,selic_meta,Meta Selic,% a.a.,diaria,2021-05-17,2021,5,3.50000000
432,selic_meta,Meta Selic,% a.a.,diaria,2021-05-18,2021,5,3.50000000
432,selic_meta,Meta Selic,% a.a.,diaria,2021-05-19,2021,5,3.50000000
432,selic_meta,Meta Selic,% a.a.,diaria,2021-05-20,2021,5,3.50000000
432,selic_meta,Meta Selic,% a.a.,diaria,2021-05-21,2021,5,3.50000000
432,selic_meta,Meta Selic,% a.a.,diaria,2021-05-22,2021,5,3.50000000
432,selic_meta,Meta Selic,% a.a.,diaria,2021-05-23,2021,5,3.50000000
432,selic_meta,Meta Selic,% a.a.,diaria,2021-05-24,2021,5,3.50000000
432,selic_meta,Meta Selic,% a.a.,diaria,2021-05-25,2021,5,3.50000000
432,selic_meta,Meta Selic,% a.a.,diaria,2021-05-26,2021,5,3.50000000
432,selic_meta,Meta Selic,% a.a.,diaria,2021-05-27,2021,5,3.50000000
432,selic_meta,Meta Selic,% a.a.,diaria,2021-05-28,2021,5,3.50000000
432,selic_meta,Meta Selic,% a.a.,diaria,2021-05-29,2021,5,3.50000000
432,selic_meta,Meta Selic,% a.a.,diaria,2021-05-30,2021,5,3.50000000
432,selic_meta,Meta Selic,% a.a.,diaria,2021-05-31,2021,5,3.50000000
432,selic_meta,Meta Selic,% a.a.,diaria,2021-06-01,2021,6,3.50000000
432,selic_meta,Meta Selic,% a.a.,diaria,2021-06-02,2021,6,3.50000000
432,selic_meta,Meta Selic,% a.a.,diaria,2021-06-03,2021,6,3.50000000
432,selic_meta,Meta Selic,% a.a.,diaria,2021-06-04,2021,6,3.50000000
432,selic_meta,Meta Selic,% a.a.,diaria,2021-06-05,2021,6,3.50000000
432,selic_meta,Meta Selic,% a.a.,diaria,2021-06-06,2021,6,3.50000000
432,selic_meta,Meta Selic,% a.a.,diaria,2021-06-07,2021,6,3.50000000
432,selic_meta,Meta Selic,% a.a.,diaria,2021-06-08,2021,6,3.50000000
432,selic_meta,Meta Selic,% a.a.,diaria,2021-06-09,2021,6,3.50000000
432,selic_meta,Meta Selic,% a.a.,diaria,2021-06-10,2021,6,3.50000000
432,selic_meta,Meta Selic,% a.a.,diaria,2021-06-11,2021,6,3.50000000
432,selic_meta,Meta Selic,% a.a.,diaria,2021-06-12,2021,6,3.50000000
432,selic_meta,Meta Selic,% a.a.,diaria,2021-06-13,2021,6,3.50000000
432,selic_meta,Meta Selic,% a.a.,diaria,2021-06-14,2021,6,3.50000000
432,selic_meta,Meta Selic,% a.a.,diaria,2021-06-15,2021,6,3.50000000
432,selic_meta,Meta Selic,% a.a.,diaria,2021-06-16,2021,6,3.50000000
432,selic_meta,Meta Selic,% a.a.,diaria,2021-06-17,2021,6,4.25000000
432,selic_meta,Meta Selic,% a.a.,diaria,2021-06-18,2021,6,4.25000000
432,selic_meta,Meta Selic,% a.a.,diaria,2021-06-19,2021,6,4.25000000
432,selic_meta,Meta Selic,% a.a.,diaria,2021-06-20,2021,6,4.25000000
432,selic_meta,Meta Selic,% a.a.,diaria,2021-06-21,2021,6,4.25000000
432,selic_meta,Meta Selic,% a.a.,diaria,2021-06-22,2021,6,4.25000000
432,selic_meta,Meta Selic,% a.a.,diaria,2021-06-23,2021,6,4.25000000
432,selic_meta,Meta Selic,% a.a.,diaria,2021-06-24,2021,6,4.25000000
432,selic_meta,Meta Selic,% a.a.,diaria,2021-06-25,2021,6,4.25000000
432,selic_meta,Meta Selic,% a.a.,diaria,2021-06-26,2021,6,4.25000000
432,selic_meta,Meta Selic,% a.a.,diaria,2021-06-27,2021,6,4.25000000
432,selic_meta,Meta Selic,% a.a.,diaria,2021-06-28,2021,6,4.25000000
432,selic_meta,Meta Selic,% a.a.,diaria,2021-06-29,2021,6,4.25000000
432,selic_meta,Meta Selic,% a.a.,diaria,2021-06-30,2021,6,4.25000000
432,selic_meta,Meta Selic,% a.a.,diaria,2021-07-01,2021,7,4.25000000
432,selic_meta,Meta Selic,% a.a.,diaria,2021-07-02,2021,7,4.25000000
432,selic_meta,Meta Selic,% a.a.,diaria,2021-07-03,2021,7,4.25000000
432,selic_meta,Meta Selic,% a.a.,diaria,2021-07-04,2021,7,4.25000000
432,selic_meta,Meta Selic,% a.a.,diaria,2021-07-05,2021,7,4.25000000
432,selic_meta,Meta Selic,% a.a.,diaria,2021-07-06,2021,7,4.25000000
432,selic_meta,Meta Selic,% a.a.,diaria,2021-07-07,2021,7,4.25000000
432,selic_meta,Meta Selic,% a.a.,diaria,2021-07-08,2021,7,4.25000000
432,selic_meta,Meta Selic,% a.a.,diaria,2021-07-09,2021,7,4.25000000
432,selic_meta,Meta Selic,% a.a.,diaria,2021-07-10,2021,7,4.25000000
432,selic_meta,Meta Selic,% a.a.,diaria,2021-07-11,2021,7,4.25000000
432,selic_meta,Meta Selic,% a.a.,diaria,2021-07-12,2021,7,4.25000000
432,selic_meta,Meta Selic,% a.a.,diaria,2021-07-13,2021,7,4.25000000
432,selic_meta,Meta Selic,% a.a.,diaria,2021-07-14,2021,7,4.25000000
432,selic_meta,Meta Selic,% a.a.,diaria,2021-07-15,2021,7,4.25000000
432,selic_meta,Meta Selic,% a.a.,diaria,2021-07-16,2021,7,4.25000000
432,selic_meta,Meta Selic,% a.a.,diaria,2021-07-17,2021,7,4.25000000
432,selic_meta,Meta Selic,% a.a.,diaria,2021-07-18,2021,7,4.25000000
432,selic_meta,Meta Selic,% a.a.,diaria,2021-07-19,2021,7,4.25000000
432,selic_meta,Meta Selic,% a.a.,diaria,2021-07-20,2021,7,4.25000000
432,selic_meta,Meta Selic,% a.a.,diaria,2021-07-21,2021,7,4.25000000
432,selic_meta,Meta Selic,% a.a.,diaria,2021-07-22,2021,7,4.25000000
432,selic_meta,Meta Selic,% a.a.,diaria,2021-07-23,2021,7,4.25000000
432,selic_meta,Meta Selic,% a.a.,diaria,2021-07-24,2021,7,4.25000000
432,selic_meta,Meta Selic,% a.a.,diaria,2021-07-25,2021,7,4.25000000
432,selic_meta,Meta Selic,% a.a.,diaria,2021-07-26,2021,7,4.25000000
432,selic_meta,Meta Selic,% a.a.,diaria,2021-07-27,2021,7,4.25000000
432,selic_meta,Meta Selic,% a.a.,diaria,2021-07-28,2021,7,4.25000000
432,selic_meta,Meta Selic,% a.a.,diaria,2021-07-29,2021,7,4.25000000
432,selic_meta,Meta Selic,% a.a.,diaria,2021-07-30,2021,7,4.25000000
432,selic_meta,Meta Selic,% a.a.,diaria,2021-07-31,2021,7,4.25000000
432,selic_meta,Meta Selic,% a.a.,diaria,2021-08-01,2021,8,4.25000000
432,selic_meta,Meta Selic,% a.a.,diaria,2021-08-02,2021,8,4.25000000
432,selic_meta,Meta Selic,% a.a.,diaria,2021-08-03,2021,8,4.25000000
432,selic_meta,Meta Selic,% a.a.,diaria,2021-08-04,2021,8,4.25000000
432,selic_meta,Meta Selic,% a.a.,diaria,2021-08-05,2021,8,5.25000000
432,selic_meta,Meta Selic,% a.a.,diaria,2021-08-06,2021,8,5.25000000
432,selic_meta,Meta Selic,% a.a.,diaria,2021-08-07,2021,8,5.25000000
432,selic_meta,Meta Selic,% a.a.,diaria,2021-08-08,2021,8,5.25000000
432,selic_meta,Meta Selic,% a.a.,diaria,2021-08-09,2021,8,5.25000000
432,selic_meta,Meta Selic,% a.a.,diaria,2021-08-10,2021,8,5.25000000
432,selic_meta,Meta Selic,% a.a.,diaria,2021-08-11,2021,8,5.25000000
432,selic_meta,Meta Selic,% a.a.,diaria,2021-08-12,2021,8,5.25000000
432,selic_meta,Meta Selic,% a.a.,diaria,2021-08-13,2021,8,5.25000000
432,selic_meta,Meta Selic,% a.a.,diaria,2021-08-14,2021,8,5.25000000
432,selic_meta,Meta Selic,% a.a.,diaria,2021-08-15,2021,8,5.25000000
432,selic_meta,Meta Selic,% a.a.,diaria,2021-08-16,2021,8,5.25000000
432,selic_meta,Meta Selic,% a.a.,diaria,2021-08-17,2021,8,5.25000000
432,selic_meta,Meta Selic,% a.a.,diaria,2021-08-18,2021,8,5.25000000
432,selic_meta,Meta Selic,% a.a.,diaria,2021-08-19,2021,8,5.25000000
432,selic_meta,Meta Selic,% a.a.,diaria,2021-08-20,2021,8,5.25000000
432,selic_meta,Meta Selic,% a.a.,diaria,2021-08-21,2021,8,5.25000000
432,selic_meta,Meta Selic,% a.a.,diaria,2021-08-22,2021,8,5.25000000
432,selic_meta,Meta Selic,% a.a.,diaria,2021-08-23,2021,8,5.25000000
432,selic_meta,Meta Selic,% a.a.,diaria,2021-08-24,2021,8,5.25000000
432,selic_meta,Meta Selic,% a.a.,diaria,2021-08-25,2021,8,5.25000000
432,selic_meta,Meta Selic,% a.a.,diaria,2021-08-26,2021,8,5.25000000
432,selic_meta,Meta Selic,% a.a.,diaria,2021-08-27,2021,8,5.25000000
432,selic_meta,Meta Selic,% a.a.,diaria,2021-08-28,2021,8,5.25000000
432,selic_meta,Meta Selic,% a.a.,diaria,2021-08-29,2021,8,5.25000000
432,selic_meta,Meta Selic,% a.a.,diaria,2021-08-30,2021,8,5.25000000
432,selic_meta,Meta Selic,% a.a.,diaria,2021-08-31,2021,8,5.25000000
432,selic_meta,Meta Selic,% a.a.,diaria,2021-09-01,2021,9,5.25000000
432,selic_meta,Meta Selic,% a.a.,diaria,2021-09-02,2021,9,5.25000000
432,selic_meta,Meta Selic,% a.a.,diaria,2021-09-03,2021,9,5.25000000
432,selic_meta,Meta Selic,% a.a.,diaria,2021-09-04,2021,9,5.25000000
432,selic_meta,Meta Selic,% a.a.,diaria,2021-09-05,2021,9,5.25000000
432,selic_meta,Meta Selic,% a.a.,diaria,2021-09-06,2021,9,5.25000000
432,selic_meta,Meta Selic,% a.a.,diaria,2021-09-07,2021,9,5.25000000
432,selic_meta,Meta Selic,% a.a.,diaria,2021-09-08,2021,9,5.25000000
432,selic_meta,Meta Selic,% a.a.,diaria,2021-09-09,2021,9,5.25000000
432,selic_meta,Meta Selic,% a.a.,diaria,2021-09-10,2021,9,5.25000000
432,selic_meta,Meta Selic,% a.a.,diaria,2021-09-11,2021,9,5.25000000
432,selic_meta,Meta Selic,% a.a.,diaria,2021-09-12,2021,9,5.25000000
432,selic_meta,Meta Selic,% a.a.,diaria,2021-09-13,2021,9,5.25000000
432,selic_meta,Meta Selic,% a.a.,diaria,2021-09-14,2021,9,5.25000000
432,selic_meta,Meta Selic,% a.a.,diaria,2021-09-15,2021,9,5.25000000
432,selic_meta,Meta Selic,% a.a.,diaria,2021-09-16,2021,9,5.25000000
432,selic_meta,Meta Selic,% a.a.,diaria,2021-09-17,2021,9,5.25000000
432,selic_meta,Meta Selic,% a.a.,diaria,2021-09-18,2021,9,5.25000000
432,selic_meta,Meta Selic,% a.a.,diaria,2021-09-19,2021,9,5.25000000
432,selic_meta,Meta Selic,% a.a.,diaria,2021-09-20,2021,9,5.25000000
432,selic_meta,Meta Selic,% a.a.,diaria,2021-09-21,2021,9,5.25000000
432,selic_meta,Meta Selic,% a.a.,diaria,2021-09-22,2021,9,5.25000000
432,selic_meta,Meta Selic,% a.a.,diaria,2021-09-23,2021,9,6.25000000
432,selic_meta,Meta Selic,% a.a.,diaria,2021-09-24,2021,9,6.25000000
432,selic_meta,Meta Selic,% a.a.,diaria,2021-09-25,2021,9,6.25000000
432,selic_meta,Meta Selic,% a.a.,diaria,2021-09-26,2021,9,6.25000000
432,selic_meta,Meta Selic,% a.a.,diaria,2021-09-27,2021,9,6.25000000
432,selic_meta,Meta Selic,% a.a.,diaria,2021-09-28,2021,9,6.25000000
432,selic_meta,Meta Selic,% a.a.,diaria,2021-09-29,2021,9,6.25000000
432,selic_meta,Meta Selic,% a.a.,diaria,2021-09-30,2021,9,6.25000000
432,selic_meta,Meta Selic,% a.a.,diaria,2021-10-01,2021,10,6.25000000
432,selic_meta,Meta Selic,% a.a.,diaria,2021-10-02,2021,10,6.25000000
432,selic_meta,Meta Selic,% a.a.,diaria,2021-10-03,2021,10,6.25000000
432,selic_meta,Meta Selic,% a.a.,diaria,2021-10-04,2021,10,6.25000000
432,selic_meta,Meta Selic,% a.a.,diaria,2021-10-05,2021,10,6.25000000
432,selic_meta,Meta Selic,% a.a.,diaria,2021-10-06,2021,10,6.25000000
432,selic_meta,Meta Selic,% a.a.,diaria,2021-10-07,2021,10,6.25000000
432,selic_meta,Meta Selic,% a.a.,diaria,2021-10-08,2021,10,6.25000000
432,selic_meta,Meta Selic,% a.a.,diaria,2021-10-09,2021,10,6.25000000
432,selic_meta,Meta Selic,% a.a.,diaria,2021-10-10,2021,10,6.25000000
432,selic_meta,Meta Selic,% a.a.,diaria,2021-10-11,2021,10,6.25000000
432,selic_meta,Meta Selic,% a.a.,diaria,2021-10-12,2021,10,6.25000000
432,selic_meta,Meta Selic,% a.a.,diaria,2021-10-13,2021,10,6.25000000
432,selic_meta,Meta Selic,% a.a.,diaria,2021-10-14,2021,10,6.25000000
432,selic_meta,Meta Selic,% a.a.,diaria,2021-10-15,2021,10,6.25000000
432,selic_meta,Meta Selic,% a.a.,diaria,2021-10-16,2021,10,6.25000000
432,selic_meta,Meta Selic,% a.a.,diaria,2021-10-17,2021,10,6.25000000
432,selic_meta,Meta Selic,% a.a.,diaria,2021-10-18,2021,10,6.25000000
432,selic_meta,Meta Selic,% a.a.,diaria,2021-10-19,2021,10,6.25000000
432,selic_meta,Meta Selic,% a.a.,diaria,2021-10-20,2021,10,6.25000000
432,selic_meta,Meta Selic,% a.a.,diaria,2021-10-21,2021,10,6.25000000
432,selic_meta,Meta Selic,% a.a.,diaria,2021-10-22,2021,10,6.25000000
432,selic_meta,Meta Selic,% a.a.,diaria,2021-10-23,2021,10,6.25000000
432,selic_meta,Meta Selic,% a.a.,diaria,2021-10-24,2021,10,6.25000000
432,selic_meta,Meta Selic,% a.a.,diaria,2021-10-25,2021,10,6.25000000
432,selic_meta,Meta Selic,% a.a.,diaria,2021-10-26,2021,10,6.25000000
432,selic_meta,Meta Selic,% a.a.,diaria,2021-10-27,2021,10,6.25000000
432,selic_meta,Meta Selic,% a.a.,diaria,2021-10-28,2021,10,7.75000000
432,selic_meta,Meta Selic,% a.a.,diaria,2021-10-29,2021,10,7.75000000
432,selic_meta,Meta Selic,% a.a.,diaria,2021-10-30,2021,10,7.75000000
432,selic_meta,Meta Selic,% a.a.,diaria,2021-10-31,2021,10,7.75000000
432,selic_meta,Meta Selic,% a.a.,diaria,2021-11-01,2021,11,7.75000000
432,selic_meta,Meta Selic,% a.a.,diaria,2021-11-02,2021,11,7.75000000
432,selic_meta,Meta Selic,% a.a.,diaria,2021-11-03,2021,11,7.75000000
432,selic_meta,Meta Selic,% a.a.,diaria,2021-11-04,2021,11,7.75000000
432,selic_meta,Meta Selic,% a.a.,diaria,2021-11-05,2021,11,7.75000000
432,selic_meta,Meta Selic,% a.a.,diaria,2021-11-06,2021,11,7.75000000
432,selic_meta,Meta Selic,% a.a.,diaria,2021-11-07,2021,11,7.75000000
432,selic_meta,Meta Selic,% a.a.,diaria,2021-11-08,2021,11,7.75000000
432,selic_meta,Meta Selic,% a.a.,diaria,2021-11-09,2021,11,7.75000000
432,selic_meta,Meta Selic,% a.a.,diaria,2021-11-10,2021,11,7.75000000
432,selic_meta,Meta Selic,% a.a.,diaria,2021-11-11,2021,11,7.75000000
432,selic_meta,Meta Selic,% a.a.,diaria,2021-11-12,2021,11,7.75000000
432,selic_meta,Meta Selic,% a.a.,diaria,2021-11-13,2021,11,7.75000000
432,selic_meta,Meta Selic,% a.a.,diaria,2021-11-14,2021,11,7.75000000
432,selic_meta,Meta Selic,% a.a.,diaria,2021-11-15,2021,11,7.75000000
432,selic_meta,Meta Selic,% a.a.,diaria,2021-11-16,2021,11,7.75000000
432,selic_meta,Meta Selic,% a.a.,diaria,2021-11-17,2021,11,7.75000000
432,selic_meta,Meta Selic,% a.a.,diaria,2021-11-18,2021,11,7.75000000
432,selic_meta,Meta Selic,% a.a.,diaria,2021-11-19,2021,11,7.75000000
432,selic_meta,Meta Selic,% a.a.,diaria,2021-11-20,2021,11,7.75000000
432,selic_meta,Meta Selic,% a.a.,diaria,2021-11-21,2021,11,7.75000000
432,selic_meta,Meta Selic,% a.a.,diaria,2021-11-22,2021,11,7.75000000
432,selic_meta,Meta Selic,% a.a.,diaria,2021-11-23,2021,11,7.75000000
432,selic_meta,Meta Selic,% a.a.,diaria,2021-11-24,2021,11,7.75000000
432,selic_meta,Meta Selic,% a.a.,diaria,2021-11-25,2021,11,7.75000000
432,selic_meta,Meta Selic,% a.a.,diaria,2021-11-26,2021,11,7.75000000
432,selic_meta,Meta Selic,% a.a.,diaria,2021-11-27,2021,11,7.75000000
432,selic_meta,Meta Selic,% a.a.,diaria,2021-11-28,2021,11,7.75000000
432,selic_meta,Meta Selic,% a.a.,diaria,2021-11-29,2021,11,7.75000000
432,selic_meta,Meta Selic,% a.a.,diaria,2021-11-30,2021,11,7.75000000
432,selic_meta,Meta Selic,% a.a.,diaria,2021-12-01,2021,12,7.75000000
432,selic_meta,Meta Selic,% a.a.,diaria,2021-12-02,2021,12,7.75000000
432,selic_meta,Meta Selic,% a.a.,diaria,2021-12-03,2021,12,7.75000000
432,selic_meta,Meta Selic,% a.a.,diaria,2021-12-04,2021,12,7.75000000
432,selic_meta,Meta Selic,% a.a.,diaria,2021-12-05,2021,12,7.75000000
432,selic_meta,Meta Selic,% a.a.,diaria,2021-12-06,2021,12,7.75000000
432,selic_meta,Meta Selic,% a.a.,diaria,2021-12-07,2021,12,7.75000000
432,selic_meta,Meta Selic,% a.a.,diaria,2021-12-08,2021,12,7.75000000
432,selic_meta,Meta Selic,% a.a.,diaria,2021-12-09,2021,12,9.25000000
432,selic_meta,Meta Selic,% a.a.,diaria,2021-12-10,2021,12,9.25000000
432,selic_meta,Meta Selic,% a.a.,diaria,2021-12-11,2021,12,9.25000000
432,selic_meta,Meta Selic,% a.a.,diaria,2021-12-12,2021,12,9.25000000
432,selic_meta,Meta Selic,% a.a.,diaria,2021-12-13,2021,12,9.25000000
432,selic_meta,Meta Selic,% a.a.,diaria,2021-12-14,2021,12,9.25000000
432,selic_meta,Meta Selic,% a.a.,diaria,2021-12-15,2021,12,9.25000000
432,selic_meta,Meta Selic,% a.a.,diaria,2021-12-16,2021,12,9.25000000
432,selic_meta,Meta Selic,% a.a.,diaria,2021-12-17,2021,12,9.25000000
432,selic_meta,Meta Selic,% a.a.,diaria,2021-12-18,2021,12,9.25000000
432,selic_meta,Meta Selic,% a.a.,diaria,2021-12-19,2021,12,9.25000000
432,selic_meta,Meta Selic,% a.a.,diaria,2021-12-20,2021,12,9.25000000
432,selic_meta,Meta Selic,% a.a.,diaria,2021-12-21,2021,12,9.25000000
432,selic_meta,Meta Selic,% a.a.,diaria,2021-12-22,2021,12,9.25000000
432,selic_meta,Meta Selic,% a.a.,diaria,2021-12-23,2021,12,9.25000000
432,selic_meta,Meta Selic,% a.a.,diaria,2021-12-24,2021,12,9.25000000
432,selic_meta,Meta Selic,% a.a.,diaria,2021-12-25,2021,12,9.25000000
432,selic_meta,Meta Selic,% a.a.,diaria,2021-12-26,2021,12,9.25000000
432,selic_meta,Meta Selic,% a.a.,diaria,2021-12-27,2021,12,9.25000000
432,selic_meta,Meta Selic,% a.a.,diaria,2021-12-28,2021,12,9.25000000
432,selic_meta,Meta Selic,% a.a.,diaria,2021-12-29,2021,12,9.25000000
432,selic_meta,Meta Selic,% a.a.,diaria,2021-12-30,2021,12,9.25000000
432,selic_meta,Meta Selic,% a.a.,diaria,2021-12-31,2021,12,9.25000000
432,selic_meta,Meta Selic,% a.a.,diaria,2022-01-01,2022,1,9.25000000
432,selic_meta,Meta Selic,% a.a.,diaria,2022-01-02,2022,1,9.25000000
432,selic_meta,Meta Selic,% a.a.,diaria,2022-01-03,2022,1,9.25000000
432,selic_meta,Meta Selic,% a.a.,diaria,2022-01-04,2022,1,9.25000000
432,selic_meta,Meta Selic,% a.a.,diaria,2022-01-05,2022,1,9.25000000
432,selic_meta,Meta Selic,% a.a.,diaria,2022-01-06,2022,1,9.25000000
432,selic_meta,Meta Selic,% a.a.,diaria,2022-01-07,2022,1,9.25000000
432,selic_meta,Meta Selic,% a.a.,diaria,2022-01-08,2022,1,9.25000000
432,selic_meta,Meta Selic,% a.a.,diaria,2022-01-09,2022,1,9.25000000
432,selic_meta,Meta Selic,% a.a.,diaria,2022-01-10,2022,1,9.25000000
432,selic_meta,Meta Selic,% a.a.,diaria,2022-01-11,2022,1,9.25000000
432,selic_meta,Meta Selic,% a.a.,diaria,2022-01-12,2022,1,9.25000000
432,selic_meta,Meta Selic,% a.a.,diaria,2022-01-13,2022,1,9.25000000
432,selic_meta,Meta Selic,% a.a.,diaria,2022-01-14,2022,1,9.25000000
432,selic_meta,Meta Selic,% a.a.,diaria,2022-01-15,2022,1,9.25000000
432,selic_meta,Meta Selic,% a.a.,diaria,2022-01-16,2022,1,9.25000000
432,selic_meta,Meta Selic,% a.a.,diaria,2022-01-17,2022,1,9.25000000
432,selic_meta,Meta Selic,% a.a.,diaria,2022-01-18,2022,1,9.25000000
432,selic_meta,Meta Selic,% a.a.,diaria,2022-01-19,2022,1,9.25000000
432,selic_meta,Meta Selic,% a.a.,diaria,2022-01-20,2022,1,9.25000000
432,selic_meta,Meta Selic,% a.a.,diaria,2022-01-21,2022,1,9.25000000
432,selic_meta,Meta Selic,% a.a.,diaria,2022-01-22,2022,1,9.25000000
432,selic_meta,Meta Selic,% a.a.,diaria,2022-01-23,2022,1,9.25000000
432,selic_meta,Meta Selic,% a.a.,diaria,2022-01-24,2022,1,9.25000000
432,selic_meta,Meta Selic,% a.a.,diaria,2022-01-25,2022,1,9.25000000
432,selic_meta,Meta Selic,% a.a.,diaria,2022-01-26,2022,1,9.25000000
432,selic_meta,Meta Selic,% a.a.,diaria,2022-01-27,2022,1,9.25000000
432,selic_meta,Meta Selic,% a.a.,diaria,2022-01-28,2022,1,9.25000000
432,selic_meta,Meta Selic,% a.a.,diaria,2022-01-29,2022,1,9.25000000
432,selic_meta,Meta Selic,% a.a.,diaria,2022-01-30,2022,1,9.25000000
432,selic_meta,Meta Selic,% a.a.,diaria,2022-01-31,2022,1,9.25000000
432,selic_meta,Meta Selic,% a.a.,diaria,2022-02-01,2022,2,9.25000000
432,selic_meta,Meta Selic,% a.a.,diaria,2022-02-02,2022,2,9.25000000
432,selic_meta,Meta Selic,% a.a.,diaria,2022-02-03,2022,2,10.75000000
432,selic_meta,Meta Selic,% a.a.,diaria,2022-02-04,2022,2,10.75000000
432,selic_meta,Meta Selic,% a.a.,diaria,2022-02-05,2022,2,10.75000000
432,selic_meta,Meta Selic,% a.a.,diaria,2022-02-06,2022,2,10.75000000
432,selic_meta,Meta Selic,% a.a.,diaria,2022-02-07,2022,2,10.75000000
432,selic_meta,Meta Selic,% a.a.,diaria,2022-02-08,2022,2,10.75000000
432,selic_meta,Meta Selic,% a.a.,diaria,2022-02-09,2022,2,10.75000000
432,selic_meta,Meta Selic,% a.a.,diaria,2022-02-10,2022,2,10.75000000
432,selic_meta,Meta Selic,% a.a.,diaria,2022-02-11,2022,2,10.75000000
432,selic_meta,Meta Selic,% a.a.,diaria,2022-02-12,2022,2,10.75000000
432,selic_meta,Meta Selic,% a.a.,diaria,2022-02-13,2022,2,10.75000000
432,selic_meta,Meta Selic,% a.a.,diaria,2022-02-14,2022,2,10.75000000
432,selic_meta,Meta Selic,% a.a.,diaria,2022-02-15,2022,2,10.75000000
432,selic_meta,Meta Selic,% a.a.,diaria,2022-02-16,2022,2,10.75000000
432,selic_meta,Meta Selic,% a.a.,diaria,2022-02-17,2022,2,10.75000000
432,selic_meta,Meta Selic,% a.a.,diaria,2022-02-18,2022,2,10.75000000
432,selic_meta,Meta Selic,% a.a.,diaria,2022-02-19,2022,2,10.75000000
432,selic_meta,Meta Selic,% a.a.,diaria,2022-02-20,2022,2,10.75000000
432,selic_meta,Meta Selic,% a.a.,diaria,2022-02-21,2022,2,10.75000000
432,selic_meta,Meta Selic,% a.a.,diaria,2022-02-22,2022,2,10.75000000
432,selic_meta,Meta Selic,% a.a.,diaria,2022-02-23,2022,2,10.75000000
432,selic_meta,Meta Selic,% a.a.,diaria,2022-02-24,2022,2,10.75000000
432,selic_meta,Meta Selic,% a.a.,diaria,2022-02-25,2022,2,10.75000000
432,selic_meta,Meta Selic,% a.a.,diaria,2022-02-26,2022,2,10.75000000
432,selic_meta,Meta Selic,% a.a.,diaria,2022-02-27,2022,2,10.75000000
432,selic_meta,Meta Selic,% a.a.,diaria,2022-02-28,2022,2,10.75000000
432,selic_meta,Meta Selic,% a.a.,diaria,2022-03-01,2022,3,10.75000000
432,selic_meta,Meta Selic,% a.a.,diaria,2022-03-02,2022,3,10.75000000
432,selic_meta,Meta Selic,% a.a.,diaria,2022-03-03,2022,3,10.75000000
432,selic_meta,Meta Selic,% a.a.,diaria,2022-03-04,2022,3,10.75000000
432,selic_meta,Meta Selic,% a.a.,diaria,2022-03-05,2022,3,10.75000000
432,selic_meta,Meta Selic,% a.a.,diaria,2022-03-06,2022,3,10.75000000
432,selic_meta,Meta Selic,% a.a.,diaria,2022-03-07,2022,3,10.75000000
432,selic_meta,Meta Selic,% a.a.,diaria,2022-03-08,2022,3,10.75000000
432,selic_meta,Meta Selic,% a.a.,diaria,2022-03-09,2022,3,10.75000000
432,selic_meta,Meta Selic,% a.a.,diaria,2022-03-10,2022,3,10.75000000
432,selic_meta,Meta Selic,% a.a.,diaria,2022-03-11,2022,3,10.75000000
432,selic_meta,Meta Selic,% a.a.,diaria,2022-03-12,2022,3,10.75000000
432,selic_meta,Meta Selic,% a.a.,diaria,2022-03-13,2022,3,10.75000000
432,selic_meta,Meta Selic,% a.a.,diaria,2022-03-14,2022,3,10.75000000
432,selic_meta,Meta Selic,% a.a.,diaria,2022-03-15,2022,3,10.75000000
432,selic_meta,Meta Selic,% a.a.,diaria,2022-03-16,2022,3,10.75000000
432,selic_meta,Meta Selic,% a.a.,diaria,2022-03-17,2022,3,11.75000000
432,selic_meta,Meta Selic,% a.a.,diaria,2022-03-18,2022,3,11.75000000
432,selic_meta,Meta Selic,% a.a.,diaria,2022-03-19,2022,3,11.75000000
432,selic_meta,Meta Selic,% a.a.,diaria,2022-03-20,2022,3,11.75000000
432,selic_meta,Meta Selic,% a.a.,diaria,2022-03-21,2022,3,11.75000000
432,selic_meta,Meta Selic,% a.a.,diaria,2022-03-22,2022,3,11.75000000
432,selic_meta,Meta Selic,% a.a.,diaria,2022-03-23,2022,3,11.75000000
432,selic_meta,Meta Selic,% a.a.,diaria,2022-03-24,2022,3,11.75000000
432,selic_meta,Meta Selic,% a.a.,diaria,2022-03-25,2022,3,11.75000000
432,selic_meta,Meta Selic,% a.a.,diaria,2022-03-26,2022,3,11.75000000
432,selic_meta,Meta Selic,% a.a.,diaria,2022-03-27,2022,3,11.75000000
432,selic_meta,Meta Selic,% a.a.,diaria,2022-03-28,2022,3,11.75000000
432,selic_meta,Meta Selic,% a.a.,diaria,2022-03-29,2022,3,11.75000000
432,selic_meta,Meta Selic,% a.a.,diaria,2022-03-30,2022,3,11.75000000
432,selic_meta,Meta Selic,% a.a.,diaria,2022-03-31,2022,3,11.75000000
432,selic_meta,Meta Selic,% a.a.,diaria,2022-04-01,2022,4,11.75000000
432,selic_meta,Meta Selic,% a.a.,diaria,2022-04-02,2022,4,11.75000000
432,selic_meta,Meta Selic,% a.a.,diaria,2022-04-03,2022,4,11.75000000
432,selic_meta,Meta Selic,% a.a.,diaria,2022-04-04,2022,4,11.75000000
432,selic_meta,Meta Selic,% a.a.,diaria,2022-04-05,2022,4,11.75000000
432,selic_meta,Meta Selic,% a.a.,diaria,2022-04-06,2022,4,11.75000000
432,selic_meta,Meta Selic,% a.a.,diaria,2022-04-07,2022,4,11.75000000
432,selic_meta,Meta Selic,% a.a.,diaria,2022-04-08,2022,4,11.75000000
432,selic_meta,Meta Selic,% a.a.,diaria,2022-04-09,2022,4,11.75000000
432,selic_meta,Meta Selic,% a.a.,diaria,2022-04-10,2022,4,11.75000000
432,selic_meta,Meta Selic,% a.a.,diaria,2022-04-11,2022,4,11.75000000
432,selic_meta,Meta Selic,% a.a.,diaria,2022-04-12,2022,4,11.75000000
432,selic_meta,Meta Selic,% a.a.,diaria,2022-04-13,2022,4,11.75000000
432,selic_meta,Meta Selic,% a.a.,diaria,2022-04-14,2022,4,11.75000000
432,selic_meta,Meta Selic,% a.a.,diaria,2022-04-15,2022,4,11.75000000
432,selic_meta,Meta Selic,% a.a.,diaria,2022-04-16,2022,4,11.75000000
432,selic_meta,Meta Selic,% a.a.,diaria,2022-04-17,2022,4,11.75000000
432,selic_meta,Meta Selic,% a.a.,diaria,2022-04-18,2022,4,11.75000000
432,selic_meta,Meta Selic,% a.a.,diaria,2022-04-19,2022,4,11.75000000
432,selic_meta,Meta Selic,% a.a.,diaria,2022-04-20,2022,4,11.75000000
432,selic_meta,Meta Selic,% a.a.,diaria,2022-04-21,2022,4,11.75000000
432,selic_meta,Meta Selic,% a.a.,diaria,2022-04-22,2022,4,11.75000000
432,selic_meta,Meta Selic,% a.a.,diaria,2022-04-23,2022,4,11.75000000
432,selic_meta,Meta Selic,% a.a.,diaria,2022-04-24,2022,4,11.75000000
432,selic_meta,Meta Selic,% a.a.,diaria,2022-04-25,2022,4,11.75000000
432,selic_meta,Meta Selic,% a.a.,diaria,2022-04-26,2022,4,11.75000000
432,selic_meta,Meta Selic,% a.a.,diaria,2022-04-27,2022,4,11.75000000
432,selic_meta,Meta Selic,% a.a.,diaria,2022-04-28,2022,4,11.75000000
432,selic_meta,Meta Selic,% a.a.,diaria,2022-04-29,2022,4,11.75000000
432,selic_meta,Meta Selic,% a.a.,diaria,2022-04-30,2022,4,11.75000000
432,selic_meta,Meta Selic,% a.a.,diaria,2022-05-01,2022,5,11.75000000
432,selic_meta,Meta Selic,% a.a.,diaria,2022-05-02,2022,5,11.75000000
432,selic_meta,Meta Selic,% a.a.,diaria,2022-05-03,2022,5,11.75000000
432,selic_meta,Meta Selic,% a.a.,diaria,2022-05-04,2022,5,11.75000000
432,selic_meta,Meta Selic,% a.a.,diaria,2022-05-05,2022,5,12.75000000
432,selic_meta,Meta Selic,% a.a.,diaria,2022-05-06,2022,5,12.75000000
432,selic_meta,Meta Selic,% a.a.,diaria,2022-05-07,2022,5,12.75000000
432,selic_meta,Meta Selic,% a.a.,diaria,2022-05-08,2022,5,12.75000000
432,selic_meta,Meta Selic,% a.a.,diaria,2022-05-09,2022,5,12.75000000
432,selic_meta,Meta Selic,% a.a.,diaria,2022-05-10,2022,5,12.75000000
432,selic_meta,Meta Selic,% a.a.,diaria,2022-05-11,2022,5,12.75000000
432,selic_meta,Meta Selic,% a.a.,diaria,2022-05-12,2022,5,12.75000000
432,selic_meta,Meta Selic,% a.a.,diaria,2022-05-13,2022,5,12.75000000
432,selic_meta,Meta Selic,% a.a.,diaria,2022-05-14,2022,5,12.75000000
432,selic_meta,Meta Selic,% a.a.,diaria,2022-05-15,2022,5,12.75000000
432,selic_meta,Meta Selic,% a.a.,diaria,2022-05-16,2022,5,12.75000000
432,selic_meta,Meta Selic,% a.a.,diaria,2022-05-17,2022,5,12.75000000
432,selic_meta,Meta Selic,% a.a.,diaria,2022-05-18,2022,5,12.75000000
432,selic_meta,Meta Selic,% a.a.,diaria,2022-05-19,2022,5,12.75000000
432,selic_meta,Meta Selic,% a.a.,diaria,2022-05-20,2022,5,12.75000000
432,selic_meta,Meta Selic,% a.a.,diaria,2022-05-21,2022,5,12.75000000
432,selic_meta,Meta Selic,% a.a.,diaria,2022-05-22,2022,5,12.75000000
432,selic_meta,Meta Selic,% a.a.,diaria,2022-05-23,2022,5,12.75000000
432,selic_meta,Meta Selic,% a.a.,diaria,2022-05-24,2022,5,12.75000000
432,selic_meta,Meta Selic,% a.a.,diaria,2022-05-25,2022,5,12.75000000
432,selic_meta,Meta Selic,% a.a.,diaria,2022-05-26,2022,5,12.75000000
432,selic_meta,Meta Selic,% a.a.,diaria,2022-05-27,2022,5,12.75000000
432,selic_meta,Meta Selic,% a.a.,diaria,2022-05-28,2022,5,12.75000000
432,selic_meta,Meta Selic,% a.a.,diaria,2022-05-29,2022,5,12.75000000
432,selic_meta,Meta Selic,% a.a.,diaria,2022-05-30,2022,5,12.75000000
432,selic_meta,Meta Selic,% a.a.,diaria,2022-05-31,2022,5,12.75000000
432,selic_meta,Meta Selic,% a.a.,diaria,2022-06-01,2022,6,12.75000000
432,selic_meta,Meta Selic,% a.a.,diaria,2022-06-02,2022,6,12.75000000
432,selic_meta,Meta Selic,% a.a.,diaria,2022-06-03,2022,6,12.75000000
432,selic_meta,Meta Selic,% a.a.,diaria,2022-06-04,2022,6,12.75000000
432,selic_meta,Meta Selic,% a.a.,diaria,2022-06-05,2022,6,12.75000000
432,selic_meta,Meta Selic,% a.a.,diaria,2022-06-06,2022,6,12.75000000
432,selic_meta,Meta Selic,% a.a.,diaria,2022-06-07,2022,6,12.75000000
432,selic_meta,Meta Selic,% a.a.,diaria,2022-06-08,2022,6,12.75000000
432,selic_meta,Meta Selic,% a.a.,diaria,2022-06-09,2022,6,12.75000000
432,selic_meta,Meta Selic,% a.a.,diaria,2022-06-10,2022,6,12.75000000
432,selic_meta,Meta Selic,% a.a.,diaria,2022-06-11,2022,6,12.75000000
432,selic_meta,Meta Selic,% a.a.,diaria,2022-06-12,2022,6,12.75000000
432,selic_meta,Meta Selic,% a.a.,diaria,2022-06-13,2022,6,12.75000000
432,selic_meta,Meta Selic,% a.a.,diaria,2022-06-14,2022,6,12.75000000
432,selic_meta,Meta Selic,% a.a.,diaria,2022-06-15,2022,6,12.75000000
432,selic_meta,Meta Selic,% a.a.,diaria,2022-06-16,2022,6,13.25000000
432,selic_meta,Meta Selic,% a.a.,diaria,2022-06-17,2022,6,13.25000000
432,selic_meta,Meta Selic,% a.a.,diaria,2022-06-18,2022,6,13.25000000
432,selic_meta,Meta Selic,% a.a.,diaria,2022-06-19,2022,6,13.25000000
432,selic_meta,Meta Selic,% a.a.,diaria,2022-06-20,2022,6,13.25000000
432,selic_meta,Meta Selic,% a.a.,diaria,2022-06-21,2022,6,13.25000000
432,selic_meta,Meta Selic,% a.a.,diaria,2022-06-22,2022,6,13.25000000
432,selic_meta,Meta Selic,% a.a.,diaria,2022-06-23,2022,6,13.25000000
432,selic_meta,Meta Selic,% a.a.,diaria,2022-06-24,2022,6,13.25000000
432,selic_meta,Meta Selic,% a.a.,diaria,2022-06-25,2022,6,13.25000000
432,selic_meta,Meta Selic,% a.a.,diaria,2022-06-26,2022,6,13.25000000
432,selic_meta,Meta Selic,% a.a.,diaria,2022-06-27,2022,6,13.25000000
432,selic_meta,Meta Selic,% a.a.,diaria,2022-06-28,2022,6,13.25000000
432,selic_meta,Meta Selic,% a.a.,diaria,2022-06-29,2022,6,13.25000000
432,selic_meta,Meta Selic,% a.a.,diaria,2022-06-30,2022,6,13.25000000
432,selic_meta,Meta Selic,% a.a.,diaria,2022-07-01,2022,7,13.25000000
432,selic_meta,Meta Selic,% a.a.,diaria,2022-07-02,2022,7,13.25000000
432,selic_meta,Meta Selic,% a.a.,diaria,2022-07-03,2022,7,13.25000000
432,selic_meta,Meta Selic,% a.a.,diaria,2022-07-04,2022,7,13.25000000
432,selic_meta,Meta Selic,% a.a.,diaria,2022-07-05,2022,7,13.25000000
432,selic_meta,Meta Selic,% a.a.,diaria,2022-07-06,2022,7,13.25000000
432,selic_meta,Meta Selic,% a.a.,diaria,2022-07-07,2022,7,13.25000000
432,selic_meta,Meta Selic,% a.a.,diaria,2022-07-08,2022,7,13.25000000
432,selic_meta,Meta Selic,% a.a.,diaria,2022-07-09,2022,7,13.25000000
432,selic_meta,Meta Selic,% a.a.,diaria,2022-07-10,2022,7,13.25000000
432,selic_meta,Meta Selic,% a.a.,diaria,2022-07-11,2022,7,13.25000000
432,selic_meta,Meta Selic,% a.a.,diaria,2022-07-12,2022,7,13.25000000
432,selic_meta,Meta Selic,% a.a.,diaria,2022-07-13,2022,7,13.25000000
432,selic_meta,Meta Selic,% a.a.,diaria,2022-07-14,2022,7,13.25000000
432,selic_meta,Meta Selic,% a.a.,diaria,2022-07-15,2022,7,13.25000000
432,selic_meta,Meta Selic,% a.a.,diaria,2022-07-16,2022,7,13.25000000
432,selic_meta,Meta Selic,% a.a.,diaria,2022-07-17,2022,7,13.25000000
432,selic_meta,Meta Selic,% a.a.,diaria,2022-07-18,2022,7,13.25000000
432,selic_meta,Meta Selic,% a.a.,diaria,2022-07-19,2022,7,13.25000000
432,selic_meta,Meta Selic,% a.a.,diaria,2022-07-20,2022,7,13.25000000
432,selic_meta,Meta Selic,% a.a.,diaria,2022-07-21,2022,7,13.25000000
432,selic_meta,Meta Selic,% a.a.,diaria,2022-07-22,2022,7,13.25000000
432,selic_meta,Meta Selic,% a.a.,diaria,2022-07-23,2022,7,13.25000000
432,selic_meta,Meta Selic,% a.a.,diaria,2022-07-24,2022,7,13.25000000
432,selic_meta,Meta Selic,% a.a.,diaria,2022-07-25,2022,7,13.25000000
432,selic_meta,Meta Selic,% a.a.,diaria,2022-07-26,2022,7,13.25000000
432,selic_meta,Meta Selic,% a.a.,diaria,2022-07-27,2022,7,13.25000000
432,selic_meta,Meta Selic,% a.a.,diaria,2022-07-28,2022,7,13.25000000
432,selic_meta,Meta Selic,% a.a.,diaria,2022-07-29,2022,7,13.25000000
432,selic_meta,Meta Selic,% a.a.,diaria,2022-07-30,2022,7,13.25000000
432,selic_meta,Meta Selic,% a.a.,diaria,2022-07-31,2022,7,13.25000000
432,selic_meta,Meta Selic,% a.a.,diaria,2022-08-01,2022,8,13.25000000
432,selic_meta,Meta Selic,% a.a.,diaria,2022-08-02,2022,8,13.25000000
432,selic_meta,Meta Selic,% a.a.,diaria,2022-08-03,2022,8,13.25000000
432,selic_meta,Meta Selic,% a.a.,diaria,2022-08-04,2022,8,13.75000000
432,selic_meta,Meta Selic,% a.a.,diaria,2022-08-05,2022,8,13.75000000
432,selic_meta,Meta Selic,% a.a.,diaria,2022-08-06,2022,8,13.75000000
432,selic_meta,Meta Selic,% a.a.,diaria,2022-08-07,2022,8,13.75000000
432,selic_meta,Meta Selic,% a.a.,diaria,2022-08-08,2022,8,13.75000000
432,selic_meta,Meta Selic,% a.a.,diaria,2022-08-09,2022,8,13.75000000
432,selic_meta,Meta Selic,% a.a.,diaria,2022-08-10,2022,8,13.75000000
432,selic_meta,Meta Selic,% a.a.,diaria,2022-08-11,2022,8,13.75000000
432,selic_meta,Meta Selic,% a.a.,diaria,2022-08-12,2022,8,13.75000000
432,selic_meta,Meta Selic,% a.a.,diaria,2022-08-13,2022,8,13.75000000
432,selic_meta,Meta Selic,% a.a.,diaria,2022-08-14,2022,8,13.75000000
432,selic_meta,Meta Selic,% a.a.,diaria,2022-08-15,2022,8,13.75000000
432,selic_meta,Meta Selic,% a.a.,diaria,2022-08-16,2022,8,13.75000000
432,selic_meta,Meta Selic,% a.a.,diaria,2022-08-17,2022,8,13.75000000
432,selic_meta,Meta Selic,% a.a.,diaria,2022-08-18,2022,8,13.75000000
432,selic_meta,Meta Selic,% a.a.,diaria,2022-08-19,2022,8,13.75000000
432,selic_meta,Meta Selic,% a.a.,diaria,2022-08-20,2022,8,13.75000000
432,selic_meta,Meta Selic,% a.a.,diaria,2022-08-21,2022,8,13.75000000
432,selic_meta,Meta Selic,% a.a.,diaria,2022-08-22,2022,8,13.75000000
432,selic_meta,Meta Selic,% a.a.,diaria,2022-08-23,2022,8,13.75000000
432,selic_meta,Meta Selic,% a.a.,diaria,2022-08-24,2022,8,13.75000000
432,selic_meta,Meta Selic,% a.a.,diaria,2022-08-25,2022,8,13.75000000
432,selic_meta,Meta Selic,% a.a.,diaria,2022-08-26,2022,8,13.75000000
432,selic_meta,Meta Selic,% a.a.,diaria,2022-08-27,2022,8,13.75000000
432,selic_meta,Meta Selic,% a.a.,diaria,2022-08-28,2022,8,13.75000000
432,selic_meta,Meta Selic,% a.a.,diaria,2022-08-29,2022,8,13.75000000
432,selic_meta,Meta Selic,% a.a.,diaria,2022-08-30,2022,8,13.75000000
432,selic_meta,Meta Selic,% a.a.,diaria,2022-08-31,2022,8,13.75000000
432,selic_meta,Meta Selic,% a.a.,diaria,2022-09-01,2022,9,13.75000000
432,selic_meta,Meta Selic,% a.a.,diaria,2022-09-02,2022,9,13.75000000
432,selic_meta,Meta Selic,% a.a.,diaria,2022-09-03,2022,9,13.75000000
432,selic_meta,Meta Selic,% a.a.,diaria,2022-09-04,2022,9,13.75000000
432,selic_meta,Meta Selic,% a.a.,diaria,2022-09-05,2022,9,13.75000000
432,selic_meta,Meta Selic,% a.a.,diaria,2022-09-06,2022,9,13.75000000
432,selic_meta,Meta Selic,% a.a.,diaria,2022-09-07,2022,9,13.75000000
432,selic_meta,Meta Selic,% a.a.,diaria,2022-09-08,2022,9,13.75000000
432,selic_meta,Meta Selic,% a.a.,diaria,2022-09-09,2022,9,13.75000000
432,selic_meta,Meta Selic,% a.a.,diaria,2022-09-10,2022,9,13.75000000
432,selic_meta,Meta Selic,% a.a.,diaria,2022-09-11,2022,9,13.75000000
432,selic_meta,Meta Selic,% a.a.,diaria,2022-09-12,2022,9,13.75000000
432,selic_meta,Meta Selic,% a.a.,diaria,2022-09-13,2022,9,13.75000000
432,selic_meta,Meta Selic,% a.a.,diaria,2022-09-14,2022,9,13.75000000
432,selic_meta,Meta Selic,% a.a.,diaria,2022-09-15,2022,9,13.75000000
432,selic_meta,Meta Selic,% a.a.,diaria,2022-09-16,2022,9,13.75000000
432,selic_meta,Meta Selic,% a.a.,diaria,2022-09-17,2022,9,13.75000000
432,selic_meta,Meta Selic,% a.a.,diaria,2022-09-18,2022,9,13.75000000
432,selic_meta,Meta Selic,% a.a.,diaria,2022-09-19,2022,9,13.75000000
432,selic_meta,Meta Selic,% a.a.,diaria,2022-09-20,2022,9,13.75000000
432,selic_meta,Meta Selic,% a.a.,diaria,2022-09-21,2022,9,13.75000000
432,selic_meta,Meta Selic,% a.a.,diaria,2022-09-22,2022,9,13.75000000
432,selic_meta,Meta Selic,% a.a.,diaria,2022-09-23,2022,9,13.75000000
432,selic_meta,Meta Selic,% a.a.,diaria,2022-09-24,2022,9,13.75000000
432,selic_meta,Meta Selic,% a.a.,diaria,2022-09-25,2022,9,13.75000000
432,selic_meta,Meta Selic,% a.a.,diaria,2022-09-26,2022,9,13.75000000
432,selic_meta,Meta Selic,% a.a.,diaria,2022-09-27,2022,9,13.75000000
432,selic_meta,Meta Selic,% a.a.,diaria,2022-09-28,2022,9,13.75000000
432,selic_meta,Meta Selic,% a.a.,diaria,2022-09-29,2022,9,13.75000000
432,selic_meta,Meta Selic,% a.a.,diaria,2022-09-30,2022,9,13.75000000
432,selic_meta,Meta Selic,% a.a.,diaria,2022-10-01,2022,10,13.75000000
432,selic_meta,Meta Selic,% a.a.,diaria,2022-10-02,2022,10,13.75000000
432,selic_meta,Meta Selic,% a.a.,diaria,2022-10-03,2022,10,13.75000000
432,selic_meta,Meta Selic,% a.a.,diaria,2022-10-04,2022,10,13.75000000
432,selic_meta,Meta Selic,% a.a.,diaria,2022-10-05,2022,10,13.75000000
432,selic_meta,Meta Selic,% a.a.,diaria,2022-10-06,2022,10,13.75000000
432,selic_meta,Meta Selic,% a.a.,diaria,2022-10-07,2022,10,13.75000000
432,selic_meta,Meta Selic,% a.a.,diaria,2022-10-08,2022,10,13.75000000
432,selic_meta,Meta Selic,% a.a.,diaria,2022-10-09,2022,10,13.75000000
432,selic_meta,Meta Selic,% a.a.,diaria,2022-10-10,2022,10,13.75000000
432,selic_meta,Meta Selic,% a.a.,diaria,2022-10-11,2022,10,13.75000000
432,selic_meta,Meta Selic,% a.a.,diaria,2022-10-12,2022,10,13.75000000
432,selic_meta,Meta Selic,% a.a.,diaria,2022-10-13,2022,10,13.75000000
432,selic_meta,Meta Selic,% a.a.,diaria,2022-10-14,2022,10,13.75000000
432,selic_meta,Meta Selic,% a.a.,diaria,2022-10-15,2022,10,13.75000000
432,selic_meta,Meta Selic,% a.a.,diaria,2022-10-16,2022,10,13.75000000
432,selic_meta,Meta Selic,% a.a.,diaria,2022-10-17,2022,10,13.75000000
432,selic_meta,Meta Selic,% a.a.,diaria,2022-10-18,2022,10,13.75000000
432,selic_meta,Meta Selic,% a.a.,diaria,2022-10-19,2022,10,13.75000000
432,selic_meta,Meta Selic,% a.a.,diaria,2022-10-20,2022,10,13.75000000
432,selic_meta,Meta Selic,% a.a.,diaria,2022-10-21,2022,10,13.75000000
432,selic_meta,Meta Selic,% a.a.,diaria,2022-10-22,2022,10,13.75000000
432,selic_meta,Meta Selic,% a.a.,diaria,2022-10-23,2022,10,13.75000000
432,selic_meta,Meta Selic,% a.a.,diaria,2022-10-24,2022,10,13.75000000
432,selic_meta,Meta Selic,% a.a.,diaria,2022-10-25,2022,10,13.75000000
432,selic_meta,Meta Selic,% a.a.,diaria,2022-10-26,2022,10,13.75000000
432,selic_meta,Meta Selic,% a.a.,diaria,2022-10-27,2022,10,13.75000000
432,selic_meta,Meta Selic,% a.a.,diaria,2022-10-28,2022,10,13.75000000
432,selic_meta,Meta Selic,% a.a.,diaria,2022-10-29,2022,10,13.75000000
432,selic_meta,Meta Selic,% a.a.,diaria,2022-10-30,2022,10,13.75000000
432,selic_meta,Meta Selic,% a.a.,diaria,2022-10-31,2022,10,13.75000000
432,selic_meta,Meta Selic,% a.a.,diaria,2022-11-01,2022,11,13.75000000
432,selic_meta,Meta Selic,% a.a.,diaria,2022-11-02,2022,11,13.75000000
432,selic_meta,Meta Selic,% a.a.,diaria,2022-11-03,2022,11,13.75000000
432,selic_meta,Meta Selic,% a.a.,diaria,2022-11-04,2022,11,13.75000000
432,selic_meta,Meta Selic,% a.a.,diaria,2022-11-05,2022,11,13.75000000
432,selic_meta,Meta Selic,% a.a.,diaria,2022-11-06,2022,11,13.75000000
432,selic_meta,Meta Selic,% a.a.,diaria,2022-11-07,2022,11,13.75000000
432,selic_meta,Meta Selic,% a.a.,diaria,2022-11-08,2022,11,13.75000000
432,selic_meta,Meta Selic,% a.a.,diaria,2022-11-09,2022,11,13.75000000
432,selic_meta,Meta Selic,% a.a.,diaria,2022-11-10,2022,11,13.75000000
432,selic_meta,Meta Selic,% a.a.,diaria,2022-11-11,2022,11,13.75000000
432,selic_meta,Meta Selic,% a.a.,diaria,2022-11-12,2022,11,13.75000000
432,selic_meta,Meta Selic,% a.a.,diaria,2022-11-13,2022,11,13.75000000
432,selic_meta,Meta Selic,% a.a.,diaria,2022-11-14,2022,11,13.75000000
432,selic_meta,Meta Selic,% a.a.,diaria,2022-11-15,2022,11,13.75000000
432,selic_meta,Meta Selic,% a.a.,diaria,2022-11-16,2022,11,13.75000000
432,selic_meta,Meta Selic,% a.a.,diaria,2022-11-17,2022,11,13.75000000
432,selic_meta,Meta Selic,% a.a.,diaria,2022-11-18,2022,11,13.75000000
432,selic_meta,Meta Selic,% a.a.,diaria,2022-11-19,2022,11,13.75000000
432,selic_meta,Meta Selic,% a.a.,diaria,2022-11-20,2022,11,13.75000000
432,selic_meta,Meta Selic,% a.a.,diaria,2022-11-21,2022,11,13.75000000
432,selic_meta,Meta Selic,% a.a.,diaria,2022-11-22,2022,11,13.75000000
432,selic_meta,Meta Selic,% a.a.,diaria,2022-11-23,2022,11,13.75000000
432,selic_meta,Meta Selic,% a.a.,diaria,2022-11-24,2022,11,13.75000000
432,selic_meta,Meta Selic,% a.a.,diaria,2022-11-25,2022,11,13.75000000
432,selic_meta,Meta Selic,% a.a.,diaria,2022-11-26,2022,11,13.75000000
432,selic_meta,Meta Selic,% a.a.,diaria,2022-11-27,2022,11,13.75000000
432,selic_meta,Meta Selic,% a.a.,diaria,2022-11-28,2022,11,13.75000000
432,selic_meta,Meta Selic,% a.a.,diaria,2022-11-29,2022,11,13.75000000
432,selic_meta,Meta Selic,% a.a.,diaria,2022-11-30,2022,11,13.75000000
432,selic_meta,Meta Selic,% a.a.,diaria,2022-12-01,2022,12,13.75000000
432,selic_meta,Meta Selic,% a.a.,diaria,2022-12-02,2022,12,13.75000000
432,selic_meta,Meta Selic,% a.a.,diaria,2022-12-03,2022,12,13.75000000
432,selic_meta,Meta Selic,% a.a.,diaria,2022-12-04,2022,12,13.75000000
432,selic_meta,Meta Selic,% a.a.,diaria,2022-12-05,2022,12,13.75000000
432,selic_meta,Meta Selic,% a.a.,diaria,2022-12-06,2022,12,13.75000000
432,selic_meta,Meta Selic,% a.a.,diaria,2022-12-07,2022,12,13.75000000
432,selic_meta,Meta Selic,% a.a.,diaria,2022-12-08,2022,12,13.75000000
432,selic_meta,Meta Selic,% a.a.,diaria,2022-12-09,2022,12,13.75000000
432,selic_meta,Meta Selic,% a.a.,diaria,2022-12-10,2022,12,13.75000000
432,selic_meta,Meta Selic,% a.a.,diaria,2022-12-11,2022,12,13.75000000
432,selic_meta,Meta Selic,% a.a.,diaria,2022-12-12,2022,12,13.75000000
432,selic_meta,Meta Selic,% a.a.,diaria,2022-12-13,2022,12,13.75000000
432,selic_meta,Meta Selic,% a.a.,diaria,2022-12-14,2022,12,13.75000000
432,selic_meta,Meta Selic,% a.a.,diaria,2022-12-15,2022,12,13.75000000
432,selic_meta,Meta Selic,% a.a.,diaria,2022-12-16,2022,12,13.75000000
432,selic_meta,Meta Selic,% a.a.,diaria,2022-12-17,2022,12,13.75000000
432,selic_meta,Meta Selic,% a.a.,diaria,2022-12-18,2022,12,13.75000000
432,selic_meta,Meta Selic,% a.a.,diaria,2022-12-19,2022,12,13.75000000
432,selic_meta,Meta Selic,% a.a.,diaria,2022-12-20,2022,12,13.75000000
432,selic_meta,Meta Selic,% a.a.,diaria,2022-12-21,2022,12,13.75000000
432,selic_meta,Meta Selic,% a.a.,diaria,2022-12-22,2022,12,13.75000000
432,selic_meta,Meta Selic,% a.a.,diaria,2022-12-23,2022,12,13.75000000
432,selic_meta,Meta Selic,% a.a.,diaria,2022-12-24,2022,12,13.75000000
432,selic_meta,Meta Selic,% a.a.,diaria,2022-12-25,2022,12,13.75000000
432,selic_meta,Meta Selic,% a.a.,diaria,2022-12-26,2022,12,13.75000000
432,selic_meta,Meta Selic,% a.a.,diaria,2022-12-27,2022,12,13.75000000
432,selic_meta,Meta Selic,% a.a.,diaria,2022-12-28,2022,12,13.75000000
432,selic_meta,Meta Selic,% a.a.,diaria,2022-12-29,2022,12,13.75000000
432,selic_meta,Meta Selic,% a.a.,diaria,2022-12-30,2022,12,13.75000000
432,selic_meta,Meta Selic,% a.a.,diaria,2022-12-31,2022,12,13.75000000
432,selic_meta,Meta Selic,% a.a.,diaria,2023-01-01,2023,1,13.75000000
432,selic_meta,Meta Selic,% a.a.,diaria,2023-01-02,2023,1,13.75000000
432,selic_meta,Meta Selic,% a.a.,diaria,2023-01-03,2023,1,13.75000000
432,selic_meta,Meta Selic,% a.a.,diaria,2023-01-04,2023,1,13.75000000
432,selic_meta,Meta Selic,% a.a.,diaria,2023-01-05,2023,1,13.75000000
432,selic_meta,Meta Selic,% a.a.,diaria,2023-01-06,2023,1,13.75000000
432,selic_meta,Meta Selic,% a.a.,diaria,2023-01-07,2023,1,13.75000000
432,selic_meta,Meta Selic,% a.a.,diaria,2023-01-08,2023,1,13.75000000
432,selic_meta,Meta Selic,% a.a.,diaria,2023-01-09,2023,1,13.75000000
432,selic_meta,Meta Selic,% a.a.,diaria,2023-01-10,2023,1,13.75000000
432,selic_meta,Meta Selic,% a.a.,diaria,2023-01-11,2023,1,13.75000000
432,selic_meta,Meta Selic,% a.a.,diaria,2023-01-12,2023,1,13.75000000
432,selic_meta,Meta Selic,% a.a.,diaria,2023-01-13,2023,1,13.75000000
432,selic_meta,Meta Selic,% a.a.,diaria,2023-01-14,2023,1,13.75000000
432,selic_meta,Meta Selic,% a.a.,diaria,2023-01-15,2023,1,13.75000000
432,selic_meta,Meta Selic,% a.a.,diaria,2023-01-16,2023,1,13.75000000
432,selic_meta,Meta Selic,% a.a.,diaria,2023-01-17,2023,1,13.75000000
432,selic_meta,Meta Selic,% a.a.,diaria,2023-01-18,2023,1,13.75000000
432,selic_meta,Meta Selic,% a.a.,diaria,2023-01-19,2023,1,13.75000000
432,selic_meta,Meta Selic,% a.a.,diaria,2023-01-20,2023,1,13.75000000
432,selic_meta,Meta Selic,% a.a.,diaria,2023-01-21,2023,1,13.75000000
432,selic_meta,Meta Selic,% a.a.,diaria,2023-01-22,2023,1,13.75000000
432,selic_meta,Meta Selic,% a.a.,diaria,2023-01-23,2023,1,13.75000000
432,selic_meta,Meta Selic,% a.a.,diaria,2023-01-24,2023,1,13.75000000
432,selic_meta,Meta Selic,% a.a.,diaria,2023-01-25,2023,1,13.75000000
432,selic_meta,Meta Selic,% a.a.,diaria,2023-01-26,2023,1,13.75000000
432,selic_meta,Meta Selic,% a.a.,diaria,2023-01-27,2023,1,13.75000000
432,selic_meta,Meta Selic,% a.a.,diaria,2023-01-28,2023,1,13.75000000
432,selic_meta,Meta Selic,% a.a.,diaria,2023-01-29,2023,1,13.75000000
432,selic_meta,Meta Selic,% a.a.,diaria,2023-01-30,2023,1,13.75000000
432,selic_meta,Meta Selic,% a.a.,diaria,2023-01-31,2023,1,13.75000000
432,selic_meta,Meta Selic,% a.a.,diaria,2023-02-01,2023,2,13.75000000
432,selic_meta,Meta Selic,% a.a.,diaria,2023-02-02,2023,2,13.75000000
432,selic_meta,Meta Selic,% a.a.,diaria,2023-02-03,2023,2,13.75000000
432,selic_meta,Meta Selic,% a.a.,diaria,2023-02-04,2023,2,13.75000000
432,selic_meta,Meta Selic,% a.a.,diaria,2023-02-05,2023,2,13.75000000
432,selic_meta,Meta Selic,% a.a.,diaria,2023-02-06,2023,2,13.75000000
432,selic_meta,Meta Selic,% a.a.,diaria,2023-02-07,2023,2,13.75000000
432,selic_meta,Meta Selic,% a.a.,diaria,2023-02-08,2023,2,13.75000000
432,selic_meta,Meta Selic,% a.a.,diaria,2023-02-09,2023,2,13.75000000
432,selic_meta,Meta Selic,% a.a.,diaria,2023-02-10,2023,2,13.75000000
432,selic_meta,Meta Selic,% a.a.,diaria,2023-02-11,2023,2,13.75000000
432,selic_meta,Meta Selic,% a.a.,diaria,2023-02-12,2023,2,13.75000000
432,selic_meta,Meta Selic,% a.a.,diaria,2023-02-13,2023,2,13.75000000
432,selic_meta,Meta Selic,% a.a.,diaria,2023-02-14,2023,2,13.75000000
432,selic_meta,Meta Selic,% a.a.,diaria,2023-02-15,2023,2,13.75000000
432,selic_meta,Meta Selic,% a.a.,diaria,2023-02-16,2023,2,13.75000000
432,selic_meta,Meta Selic,% a.a.,diaria,2023-02-17,2023,2,13.75000000
432,selic_meta,Meta Selic,% a.a.,diaria,2023-02-18,2023,2,13.75000000
432,selic_meta,Meta Selic,% a.a.,diaria,2023-02-19,2023,2,13.75000000
432,selic_meta,Meta Selic,% a.a.,diaria,2023-02-20,2023,2,13.75000000
432,selic_meta,Meta Selic,% a.a.,diaria,2023-02-21,2023,2,13.75000000
432,selic_meta,Meta Selic,% a.a.,diaria,2023-02-22,2023,2,13.75000000
432,selic_meta,Meta Selic,% a.a.,diaria,2023-02-23,2023,2,13.75000000
432,selic_meta,Meta Selic,% a.a.,diaria,2023-02-24,2023,2,13.75000000
432,selic_meta,Meta Selic,% a.a.,diaria,2023-02-25,2023,2,13.75000000
432,selic_meta,Meta Selic,% a.a.,diaria,2023-02-26,2023,2,13.75000000
432,selic_meta,Meta Selic,% a.a.,diaria,2023-02-27,2023,2,13.75000000
432,selic_meta,Meta Selic,% a.a.,diaria,2023-02-28,2023,2,13.75000000
432,selic_meta,Meta Selic,% a.a.,diaria,2023-03-01,2023,3,13.75000000
432,selic_meta,Meta Selic,% a.a.,diaria,2023-03-02,2023,3,13.75000000
432,selic_meta,Meta Selic,% a.a.,diaria,2023-03-03,2023,3,13.75000000
432,selic_meta,Meta Selic,% a.a.,diaria,2023-03-04,2023,3,13.75000000
432,selic_meta,Meta Selic,% a.a.,diaria,2023-03-05,2023,3,13.75000000
432,selic_meta,Meta Selic,% a.a.,diaria,2023-03-06,2023,3,13.75000000
432,selic_meta,Meta Selic,% a.a.,diaria,2023-03-07,2023,3,13.75000000
432,selic_meta,Meta Selic,% a.a.,diaria,2023-03-08,2023,3,13.75000000
432,selic_meta,Meta Selic,% a.a.,diaria,2023-03-09,2023,3,13.75000000
432,selic_meta,Meta Selic,% a.a.,diaria,2023-03-10,2023,3,13.75000000
432,selic_meta,Meta Selic,% a.a.,diaria,2023-03-11,2023,3,13.75000000
432,selic_meta,Meta Selic,% a.a.,diaria,2023-03-12,2023,3,13.75000000
432,selic_meta,Meta Selic,% a.a.,diaria,2023-03-13,2023,3,13.75000000
432,selic_meta,Meta Selic,% a.a.,diaria,2023-03-14,2023,3,13.75000000
432,selic_meta,Meta Selic,% a.a.,diaria,2023-03-15,2023,3,13.75000000
432,selic_meta,Meta Selic,% a.a.,diaria,2023-03-16,2023,3,13.75000000
432,selic_meta,Meta Selic,% a.a.,diaria,2023-03-17,2023,3,13.75000000
432,selic_meta,Meta Selic,% a.a.,diaria,2023-03-18,2023,3,13.75000000
432,selic_meta,Meta Selic,% a.a.,diaria,2023-03-19,2023,3,13.75000000
432,selic_meta,Meta Selic,% a.a.,diaria,2023-03-20,2023,3,13.75000000
432,selic_meta,Meta Selic,% a.a.,diaria,2023-03-21,2023,3,13.75000000
432,selic_meta,Meta Selic,% a.a.,diaria,2023-03-22,2023,3,13.75000000
432,selic_meta,Meta Selic,% a.a.,diaria,2023-03-23,2023,3,13.75000000
432,selic_meta,Meta Selic,% a.a.,diaria,2023-03-24,2023,3,13.75000000
432,selic_meta,Meta Selic,% a.a.,diaria,2023-03-25,2023,3,13.75000000
432,selic_meta,Meta Selic,% a.a.,diaria,2023-03-26,2023,3,13.75000000
432,selic_meta,Meta Selic,% a.a.,diaria,2023-03-27,2023,3,13.75000000
432,selic_meta,Meta Selic,% a.a.,diaria,2023-03-28,2023,3,13.75000000
432,selic_meta,Meta Selic,% a.a.,diaria,2023-03-29,2023,3,13.75000000
432,selic_meta,Meta Selic,% a.a.,diaria,2023-03-30,2023,3,13.75000000
432,selic_meta,Meta Selic,% a.a.,diaria,2023-03-31,2023,3,13.75000000
432,selic_meta,Meta Selic,% a.a.,diaria,2023-04-01,2023,4,13.75000000
432,selic_meta,Meta Selic,% a.a.,diaria,2023-04-02,2023,4,13.75000000
432,selic_meta,Meta Selic,% a.a.,diaria,2023-04-03,2023,4,13.75000000
432,selic_meta,Meta Selic,% a.a.,diaria,2023-04-04,2023,4,13.75000000
432,selic_meta,Meta Selic,% a.a.,diaria,2023-04-05,2023,4,13.75000000
432,selic_meta,Meta Selic,% a.a.,diaria,2023-04-06,2023,4,13.75000000
432,selic_meta,Meta Selic,% a.a.,diaria,2023-04-07,2023,4,13.75000000
432,selic_meta,Meta Selic,% a.a.,diaria,2023-04-08,2023,4,13.75000000
432,selic_meta,Meta Selic,% a.a.,diaria,2023-04-09,2023,4,13.75000000
432,selic_meta,Meta Selic,% a.a.,diaria,2023-04-10,2023,4,13.75000000
432,selic_meta,Meta Selic,% a.a.,diaria,2023-04-11,2023,4,13.75000000
432,selic_meta,Meta Selic,% a.a.,diaria,2023-04-12,2023,4,13.75000000
432,selic_meta,Meta Selic,% a.a.,diaria,2023-04-13,2023,4,13.75000000
432,selic_meta,Meta Selic,% a.a.,diaria,2023-04-14,2023,4,13.75000000
432,selic_meta,Meta Selic,% a.a.,diaria,2023-04-15,2023,4,13.75000000
432,selic_meta,Meta Selic,% a.a.,diaria,2023-04-16,2023,4,13.75000000
432,selic_meta,Meta Selic,% a.a.,diaria,2023-04-17,2023,4,13.75000000
432,selic_meta,Meta Selic,% a.a.,diaria,2023-04-18,2023,4,13.75000000
432,selic_meta,Meta Selic,% a.a.,diaria,2023-04-19,2023,4,13.75000000
432,selic_meta,Meta Selic,% a.a.,diaria,2023-04-20,2023,4,13.75000000
432,selic_meta,Meta Selic,% a.a.,diaria,2023-04-21,2023,4,13.75000000
432,selic_meta,Meta Selic,% a.a.,diaria,2023-04-22,2023,4,13.75000000
432,selic_meta,Meta Selic,% a.a.,diaria,2023-04-23,2023,4,13.75000000
432,selic_meta,Meta Selic,% a.a.,diaria,2023-04-24,2023,4,13.75000000
432,selic_meta,Meta Selic,% a.a.,diaria,2023-04-25,2023,4,13.75000000
432,selic_meta,Meta Selic,% a.a.,diaria,2023-04-26,2023,4,13.75000000
432,selic_meta,Meta Selic,% a.a.,diaria,2023-04-27,2023,4,13.75000000
432,selic_meta,Meta Selic,% a.a.,diaria,2023-04-28,2023,4,13.75000000
432,selic_meta,Meta Selic,% a.a.,diaria,2023-04-29,2023,4,13.75000000
432,selic_meta,Meta Selic,% a.a.,diaria,2023-04-30,2023,4,13.75000000
432,selic_meta,Meta Selic,% a.a.,diaria,2023-05-01,2023,5,13.75000000
432,selic_meta,Meta Selic,% a.a.,diaria,2023-05-02,2023,5,13.75000000
432,selic_meta,Meta Selic,% a.a.,diaria,2023-05-03,2023,5,13.75000000
432,selic_meta,Meta Selic,% a.a.,diaria,2023-05-04,2023,5,13.75000000
432,selic_meta,Meta Selic,% a.a.,diaria,2023-05-05,2023,5,13.75000000
432,selic_meta,Meta Selic,% a.a.,diaria,2023-05-06,2023,5,13.75000000
432,selic_meta,Meta Selic,% a.a.,diaria,2023-05-07,2023,5,13.75000000
432,selic_meta,Meta Selic,% a.a.,diaria,2023-05-08,2023,5,13.75000000
432,selic_meta,Meta Selic,% a.a.,diaria,2023-05-09,2023,5,13.75000000
432,selic_meta,Meta Selic,% a.a.,diaria,2023-05-10,2023,5,13.75000000
432,selic_meta,Meta Selic,% a.a.,diaria,2023-05-11,2023,5,13.75000000
432,selic_meta,Meta Selic,% a.a.,diaria,2023-05-12,2023,5,13.75000000
432,selic_meta,Meta Selic,% a.a.,diaria,2023-05-13,2023,5,13.75000000
432,selic_meta,Meta Selic,% a.a.,diaria,2023-05-14,2023,5,13.75000000
432,selic_meta,Meta Selic,% a.a.,diaria,2023-05-15,2023,5,13.75000000
432,selic_meta,Meta Selic,% a.a.,diaria,2023-05-16,2023,5,13.75000000
432,selic_meta,Meta Selic,% a.a.,diaria,2023-05-17,2023,5,13.75000000
432,selic_meta,Meta Selic,% a.a.,diaria,2023-05-18,2023,5,13.75000000
432,selic_meta,Meta Selic,% a.a.,diaria,2023-05-19,2023,5,13.75000000
432,selic_meta,Meta Selic,% a.a.,diaria,2023-05-20,2023,5,13.75000000
432,selic_meta,Meta Selic,% a.a.,diaria,2023-05-21,2023,5,13.75000000
432,selic_meta,Meta Selic,% a.a.,diaria,2023-05-22,2023,5,13.75000000
432,selic_meta,Meta Selic,% a.a.,diaria,2023-05-23,2023,5,13.75000000
432,selic_meta,Meta Selic,% a.a.,diaria,2023-05-24,2023,5,13.75000000
432,selic_meta,Meta Selic,% a.a.,diaria,2023-05-25,2023,5,13.75000000
432,selic_meta,Meta Selic,% a.a.,diaria,2023-05-26,2023,5,13.75000000
432,selic_meta,Meta Selic,% a.a.,diaria,2023-05-27,2023,5,13.75000000
432,selic_meta,Meta Selic,% a.a.,diaria,2023-05-28,2023,5,13.75000000
432,selic_meta,Meta Selic,% a.a.,diaria,2023-05-29,2023,5,13.75000000
432,selic_meta,Meta Selic,% a.a.,diaria,2023-05-30,2023,5,13.75000000
432,selic_meta,Meta Selic,% a.a.,diaria,2023-05-31,2023,5,13.75000000
432,selic_meta,Meta Selic,% a.a.,diaria,2023-06-01,2023,6,13.75000000
432,selic_meta,Meta Selic,% a.a.,diaria,2023-06-02,2023,6,13.75000000
432,selic_meta,Meta Selic,% a.a.,diaria,2023-06-03,2023,6,13.75000000
432,selic_meta,Meta Selic,% a.a.,diaria,2023-06-04,2023,6,13.75000000
432,selic_meta,Meta Selic,% a.a.,diaria,2023-06-05,2023,6,13.75000000
432,selic_meta,Meta Selic,% a.a.,diaria,2023-06-06,2023,6,13.75000000
432,selic_meta,Meta Selic,% a.a.,diaria,2023-06-07,2023,6,13.75000000
432,selic_meta,Meta Selic,% a.a.,diaria,2023-06-08,2023,6,13.75000000
432,selic_meta,Meta Selic,% a.a.,diaria,2023-06-09,2023,6,13.75000000
432,selic_meta,Meta Selic,% a.a.,diaria,2023-06-10,2023,6,13.75000000
432,selic_meta,Meta Selic,% a.a.,diaria,2023-06-11,2023,6,13.75000000
432,selic_meta,Meta Selic,% a.a.,diaria,2023-06-12,2023,6,13.75000000
432,selic_meta,Meta Selic,% a.a.,diaria,2023-06-13,2023,6,13.75000000
432,selic_meta,Meta Selic,% a.a.,diaria,2023-06-14,2023,6,13.75000000
432,selic_meta,Meta Selic,% a.a.,diaria,2023-06-15,2023,6,13.75000000
432,selic_meta,Meta Selic,% a.a.,diaria,2023-06-16,2023,6,13.75000000
432,selic_meta,Meta Selic,% a.a.,diaria,2023-06-17,2023,6,13.75000000
432,selic_meta,Meta Selic,% a.a.,diaria,2023-06-18,2023,6,13.75000000
432,selic_meta,Meta Selic,% a.a.,diaria,2023-06-19,2023,6,13.75000000
432,selic_meta,Meta Selic,% a.a.,diaria,2023-06-20,2023,6,13.75000000
432,selic_meta,Meta Selic,% a.a.,diaria,2023-06-21,2023,6,13.75000000
432,selic_meta,Meta Selic,% a.a.,diaria,2023-06-22,2023,6,13.75000000
432,selic_meta,Meta Selic,% a.a.,diaria,2023-06-23,2023,6,13.75000000
432,selic_meta,Meta Selic,% a.a.,diaria,2023-06-24,2023,6,13.75000000
432,selic_meta,Meta Selic,% a.a.,diaria,2023-06-25,2023,6,13.75000000
432,selic_meta,Meta Selic,% a.a.,diaria,2023-06-26,2023,6,13.75000000
432,selic_meta,Meta Selic,% a.a.,diaria,2023-06-27,2023,6,13.75000000
432,selic_meta,Meta Selic,% a.a.,diaria,2023-06-28,2023,6,13.75000000
432,selic_meta,Meta Selic,% a.a.,diaria,2023-06-29,2023,6,13.75000000
432,selic_meta,Meta Selic,% a.a.,diaria,2023-06-30,2023,6,13.75000000
432,selic_meta,Meta Selic,% a.a.,diaria,2023-07-01,2023,7,13.75000000
432,selic_meta,Meta Selic,% a.a.,diaria,2023-07-02,2023,7,13.75000000
432,selic_meta,Meta Selic,% a.a.,diaria,2023-07-03,2023,7,13.75000000
432,selic_meta,Meta Selic,% a.a.,diaria,2023-07-04,2023,7,13.75000000
432,selic_meta,Meta Selic,% a.a.,diaria,2023-07-05,2023,7,13.75000000
432,selic_meta,Meta Selic,% a.a.,diaria,2023-07-06,2023,7,13.75000000
432,selic_meta,Meta Selic,% a.a.,diaria,2023-07-07,2023,7,13.75000000
432,selic_meta,Meta Selic,% a.a.,diaria,2023-07-08,2023,7,13.75000000
432,selic_meta,Meta Selic,% a.a.,diaria,2023-07-09,2023,7,13.75000000
432,selic_meta,Meta Selic,% a.a.,diaria,2023-07-10,2023,7,13.75000000
432,selic_meta,Meta Selic,% a.a.,diaria,2023-07-11,2023,7,13.75000000
432,selic_meta,Meta Selic,% a.a.,diaria,2023-07-12,2023,7,13.75000000
432,selic_meta,Meta Selic,% a.a.,diaria,2023-07-13,2023,7,13.75000000
432,selic_meta,Meta Selic,% a.a.,diaria,2023-07-14,2023,7,13.75000000
432,selic_meta,Meta Selic,% a.a.,diaria,2023-07-15,2023,7,13.75000000
432,selic_meta,Meta Selic,% a.a.,diaria,2023-07-16,2023,7,13.75000000
432,selic_meta,Meta Selic,% a.a.,diaria,2023-07-17,2023,7,13.75000000
432,selic_meta,Meta Selic,% a.a.,diaria,2023-07-18,2023,7,13.75000000
432,selic_meta,Meta Selic,% a.a.,diaria,2023-07-19,2023,7,13.75000000
432,selic_meta,Meta Selic,% a.a.,diaria,2023-07-20,2023,7,13.75000000
432,selic_meta,Meta Selic,% a.a.,diaria,2023-07-21,2023,7,13.75000000
432,selic_meta,Meta Selic,% a.a.,diaria,2023-07-22,2023,7,13.75000000
432,selic_meta,Meta Selic,% a.a.,diaria,2023-07-23,2023,7,13.75000000
432,selic_meta,Meta Selic,% a.a.,diaria,2023-07-24,2023,7,13.75000000
432,selic_meta,Meta Selic,% a.a.,diaria,2023-07-25,2023,7,13.75000000
432,selic_meta,Meta Selic,% a.a.,diaria,2023-07-26,2023,7,13.75000000
432,selic_meta,Meta Selic,% a.a.,diaria,2023-07-27,2023,7,13.75000000
432,selic_meta,Meta Selic,% a.a.,diaria,2023-07-28,2023,7,13.75000000
432,selic_meta,Meta Selic,% a.a.,diaria,2023-07-29,2023,7,13.75000000
432,selic_meta,Meta Selic,% a.a.,diaria,2023-07-30,2023,7,13.75000000
432,selic_meta,Meta Selic,% a.a.,diaria,2023-07-31,2023,7,13.75000000
432,selic_meta,Meta Selic,% a.a.,diaria,2023-08-01,2023,8,13.75000000
432,selic_meta,Meta Selic,% a.a.,diaria,2023-08-02,2023,8,13.75000000
432,selic_meta,Meta Selic,% a.a.,diaria,2023-08-03,2023,8,13.25000000
432,selic_meta,Meta Selic,% a.a.,diaria,2023-08-04,2023,8,13.25000000
432,selic_meta,Meta Selic,% a.a.,diaria,2023-08-05,2023,8,13.25000000
432,selic_meta,Meta Selic,% a.a.,diaria,2023-08-06,2023,8,13.25000000
432,selic_meta,Meta Selic,% a.a.,diaria,2023-08-07,2023,8,13.25000000
432,selic_meta,Meta Selic,% a.a.,diaria,2023-08-08,2023,8,13.25000000
432,selic_meta,Meta Selic,% a.a.,diaria,2023-08-09,2023,8,13.25000000
432,selic_meta,Meta Selic,% a.a.,diaria,2023-08-10,2023,8,13.25000000
432,selic_meta,Meta Selic,% a.a.,diaria,2023-08-11,2023,8,13.25000000
432,selic_meta,Meta Selic,% a.a.,diaria,2023-08-12,2023,8,13.25000000
432,selic_meta,Meta Selic,% a.a.,diaria,2023-08-13,2023,8,13.25000000
432,selic_meta,Meta Selic,% a.a.,diaria,2023-08-14,2023,8,13.25000000
432,selic_meta,Meta Selic,% a.a.,diaria,2023-08-15,2023,8,13.25000000
432,selic_meta,Meta Selic,% a.a.,diaria,2023-08-16,2023,8,13.25000000
432,selic_meta,Meta Selic,% a.a.,diaria,2023-08-17,2023,8,13.25000000
432,selic_meta,Meta Selic,% a.a.,diaria,2023-08-18,2023,8,13.25000000
432,selic_meta,Meta Selic,% a.a.,diaria,2023-08-19,2023,8,13.25000000
432,selic_meta,Meta Selic,% a.a.,diaria,2023-08-20,2023,8,13.25000000
432,selic_meta,Meta Selic,% a.a.,diaria,2023-08-21,2023,8,13.25000000
432,selic_meta,Meta Selic,% a.a.,diaria,2023-08-22,2023,8,13.25000000
432,selic_meta,Meta Selic,% a.a.,diaria,2023-08-23,2023,8,13.25000000
432,selic_meta,Meta Selic,% a.a.,diaria,2023-08-24,2023,8,13.25000000
432,selic_meta,Meta Selic,% a.a.,diaria,2023-08-25,2023,8,13.25000000
432,selic_meta,Meta Selic,% a.a.,diaria,2023-08-26,2023,8,13.25000000
432,selic_meta,Meta Selic,% a.a.,diaria,2023-08-27,2023,8,13.25000000
432,selic_meta,Meta Selic,% a.a.,diaria,2023-08-28,2023,8,13.25000000
432,selic_meta,Meta Selic,% a.a.,diaria,2023-08-29,2023,8,13.25000000
432,selic_meta,Meta Selic,% a.a.,diaria,2023-08-30,2023,8,13.25000000
432,selic_meta,Meta Selic,% a.a.,diaria,2023-08-31,2023,8,13.25000000
432,selic_meta,Meta Selic,% a.a.,diaria,2023-09-01,2023,9,13.25000000
432,selic_meta,Meta Selic,% a.a.,diaria,2023-09-02,2023,9,13.25000000
432,selic_meta,Meta Selic,% a.a.,diaria,2023-09-03,2023,9,13.25000000
432,selic_meta,Meta Selic,% a.a.,diaria,2023-09-04,2023,9,13.25000000
432,selic_meta,Meta Selic,% a.a.,diaria,2023-09-05,2023,9,13.25000000
432,selic_meta,Meta Selic,% a.a.,diaria,2023-09-06,2023,9,13.25000000
432,selic_meta,Meta Selic,% a.a.,diaria,2023-09-07,2023,9,13.25000000
432,selic_meta,Meta Selic,% a.a.,diaria,2023-09-08,2023,9,13.25000000
432,selic_meta,Meta Selic,% a.a.,diaria,2023-09-09,2023,9,13.25000000
432,selic_meta,Meta Selic,% a.a.,diaria,2023-09-10,2023,9,13.25000000
432,selic_meta,Meta Selic,% a.a.,diaria,2023-09-11,2023,9,13.25000000
432,selic_meta,Meta Selic,% a.a.,diaria,2023-09-12,2023,9,13.25000000
432,selic_meta,Meta Selic,% a.a.,diaria,2023-09-13,2023,9,13.25000000
432,selic_meta,Meta Selic,% a.a.,diaria,2023-09-14,2023,9,13.25000000
432,selic_meta,Meta Selic,% a.a.,diaria,2023-09-15,2023,9,13.25000000
432,selic_meta,Meta Selic,% a.a.,diaria,2023-09-16,2023,9,13.25000000
432,selic_meta,Meta Selic,% a.a.,diaria,2023-09-17,2023,9,13.25000000
432,selic_meta,Meta Selic,% a.a.,diaria,2023-09-18,2023,9,13.25000000
432,selic_meta,Meta Selic,% a.a.,diaria,2023-09-19,2023,9,13.25000000
432,selic_meta,Meta Selic,% a.a.,diaria,2023-09-20,2023,9,13.25000000
432,selic_meta,Meta Selic,% a.a.,diaria,2023-09-21,2023,9,12.75000000
432,selic_meta,Meta Selic,% a.a.,diaria,2023-09-22,2023,9,12.75000000
432,selic_meta,Meta Selic,% a.a.,diaria,2023-09-23,2023,9,12.75000000
432,selic_meta,Meta Selic,% a.a.,diaria,2023-09-24,2023,9,12.75000000
432,selic_meta,Meta Selic,% a.a.,diaria,2023-09-25,2023,9,12.75000000
432,selic_meta,Meta Selic,% a.a.,diaria,2023-09-26,2023,9,12.75000000
432,selic_meta,Meta Selic,% a.a.,diaria,2023-09-27,2023,9,12.75000000
432,selic_meta,Meta Selic,% a.a.,diaria,2023-09-28,2023,9,12.75000000
432,selic_meta,Meta Selic,% a.a.,diaria,2023-09-29,2023,9,12.75000000
432,selic_meta,Meta Selic,% a.a.,diaria,2023-09-30,2023,9,12.75000000
432,selic_meta,Meta Selic,% a.a.,diaria,2023-10-01,2023,10,12.75000000
432,selic_meta,Meta Selic,% a.a.,diaria,2023-10-02,2023,10,12.75000000
432,selic_meta,Meta Selic,% a.a.,diaria,2023-10-03,2023,10,12.75000000
432,selic_meta,Meta Selic,% a.a.,diaria,2023-10-04,2023,10,12.75000000
432,selic_meta,Meta Selic,% a.a.,diaria,2023-10-05,2023,10,12.75000000
432,selic_meta,Meta Selic,% a.a.,diaria,2023-10-06,2023,10,12.75000000
432,selic_meta,Meta Selic,% a.a.,diaria,2023-10-07,2023,10,12.75000000
432,selic_meta,Meta Selic,% a.a.,diaria,2023-10-08,2023,10,12.75000000
432,selic_meta,Meta Selic,% a.a.,diaria,2023-10-09,2023,10,12.75000000
432,selic_meta,Meta Selic,% a.a.,diaria,2023-10-10,2023,10,12.75000000
432,selic_meta,Meta Selic,% a.a.,diaria,2023-10-11,2023,10,12.75000000
432,selic_meta,Meta Selic,% a.a.,diaria,2023-10-12,2023,10,12.75000000
432,selic_meta,Meta Selic,% a.a.,diaria,2023-10-13,2023,10,12.75000000
432,selic_meta,Meta Selic,% a.a.,diaria,2023-10-14,2023,10,12.75000000
432,selic_meta,Meta Selic,% a.a.,diaria,2023-10-15,2023,10,12.75000000
432,selic_meta,Meta Selic,% a.a.,diaria,2023-10-16,2023,10,12.75000000
432,selic_meta,Meta Selic,% a.a.,diaria,2023-10-17,2023,10,12.75000000
432,selic_meta,Meta Selic,% a.a.,diaria,2023-10-18,2023,10,12.75000000
432,selic_meta,Meta Selic,% a.a.,diaria,2023-10-19,2023,10,12.75000000
432,selic_meta,Meta Selic,% a.a.,diaria,2023-10-20,2023,10,12.75000000
432,selic_meta,Meta Selic,% a.a.,diaria,2023-10-21,2023,10,12.75000000
432,selic_meta,Meta Selic,% a.a.,diaria,2023-10-22,2023,10,12.75000000
432,selic_meta,Meta Selic,% a.a.,diaria,2023-10-23,2023,10,12.75000000
432,selic_meta,Meta Selic,% a.a.,diaria,2023-10-24,2023,10,12.75000000
432,selic_meta,Meta Selic,% a.a.,diaria,2023-10-25,2023,10,12.75000000
432,selic_meta,Meta Selic,% a.a.,diaria,2023-10-26,2023,10,12.75000000
432,selic_meta,Meta Selic,% a.a.,diaria,2023-10-27,2023,10,12.75000000
432,selic_meta,Meta Selic,% a.a.,diaria,2023-10-28,2023,10,12.75000000
432,selic_meta,Meta Selic,% a.a.,diaria,2023-10-29,2023,10,12.75000000
432,selic_meta,Meta Selic,% a.a.,diaria,2023-10-30,2023,10,12.75000000
432,selic_meta,Meta Selic,% a.a.,diaria,2023-10-31,2023,10,12.75000000
432,selic_meta,Meta Selic,% a.a.,diaria,2023-11-01,2023,11,12.75000000
432,selic_meta,Meta Selic,% a.a.,diaria,2023-11-02,2023,11,12.25000000
432,selic_meta,Meta Selic,% a.a.,diaria,2023-11-03,2023,11,12.25000000
432,selic_meta,Meta Selic,% a.a.,diaria,2023-11-04,2023,11,12.25000000
432,selic_meta,Meta Selic,% a.a.,diaria,2023-11-05,2023,11,12.25000000
432,selic_meta,Meta Selic,% a.a.,diaria,2023-11-06,2023,11,12.25000000
432,selic_meta,Meta Selic,% a.a.,diaria,2023-11-07,2023,11,12.25000000
432,selic_meta,Meta Selic,% a.a.,diaria,2023-11-08,2023,11,12.25000000
432,selic_meta,Meta Selic,% a.a.,diaria,2023-11-09,2023,11,12.25000000
432,selic_meta,Meta Selic,% a.a.,diaria,2023-11-10,2023,11,12.25000000
432,selic_meta,Meta Selic,% a.a.,diaria,2023-11-11,2023,11,12.25000000
432,selic_meta,Meta Selic,% a.a.,diaria,2023-11-12,2023,11,12.25000000
432,selic_meta,Meta Selic,% a.a.,diaria,2023-11-13,2023,11,12.25000000
432,selic_meta,Meta Selic,% a.a.,diaria,2023-11-14,2023,11,12.25000000
432,selic_meta,Meta Selic,% a.a.,diaria,2023-11-15,2023,11,12.25000000
432,selic_meta,Meta Selic,% a.a.,diaria,2023-11-16,2023,11,12.25000000
432,selic_meta,Meta Selic,% a.a.,diaria,2023-11-17,2023,11,12.25000000
432,selic_meta,Meta Selic,% a.a.,diaria,2023-11-18,2023,11,12.25000000
432,selic_meta,Meta Selic,% a.a.,diaria,2023-11-19,2023,11,12.25000000
432,selic_meta,Meta Selic,% a.a.,diaria,2023-11-20,2023,11,12.25000000
432,selic_meta,Meta Selic,% a.a.,diaria,2023-11-21,2023,11,12.25000000
432,selic_meta,Meta Selic,% a.a.,diaria,2023-11-22,2023,11,12.25000000
432,selic_meta,Meta Selic,% a.a.,diaria,2023-11-23,2023,11,12.25000000
432,selic_meta,Meta Selic,% a.a.,diaria,2023-11-24,2023,11,12.25000000
432,selic_meta,Meta Selic,% a.a.,diaria,2023-11-25,2023,11,12.25000000
432,selic_meta,Meta Selic,% a.a.,diaria,2023-11-26,2023,11,12.25000000
432,selic_meta,Meta Selic,% a.a.,diaria,2023-11-27,2023,11,12.25000000
432,selic_meta,Meta Selic,% a.a.,diaria,2023-11-28,2023,11,12.25000000
432,selic_meta,Meta Selic,% a.a.,diaria,2023-11-29,2023,11,12.25000000
432,selic_meta,Meta Selic,% a.a.,diaria,2023-11-30,2023,11,12.25000000
432,selic_meta,Meta Selic,% a.a.,diaria,2023-12-01,2023,12,12.25000000
432,selic_meta,Meta Selic,% a.a.,diaria,2023-12-02,2023,12,12.25000000
432,selic_meta,Meta Selic,% a.a.,diaria,2023-12-03,2023,12,12.25000000
432,selic_meta,Meta Selic,% a.a.,diaria,2023-12-04,2023,12,12.25000000
432,selic_meta,Meta Selic,% a.a.,diaria,2023-12-05,2023,12,12.25000000
432,selic_meta,Meta Selic,% a.a.,diaria,2023-12-06,2023,12,12.25000000
432,selic_meta,Meta Selic,% a.a.,diaria,2023-12-07,2023,12,12.25000000
432,selic_meta,Meta Selic,% a.a.,diaria,2023-12-08,2023,12,12.25000000
432,selic_meta,Meta Selic,% a.a.,diaria,2023-12-09,2023,12,12.25000000
432,selic_meta,Meta Selic,% a.a.,diaria,2023-12-10,2023,12,12.25000000
432,selic_meta,Meta Selic,% a.a.,diaria,2023-12-11,2023,12,12.25000000
432,selic_meta,Meta Selic,% a.a.,diaria,2023-12-12,2023,12,12.25000000
432,selic_meta,Meta Selic,% a.a.,diaria,2023-12-13,2023,12,12.25000000
432,selic_meta,Meta Selic,% a.a.,diaria,2023-12-14,2023,12,11.75000000
432,selic_meta,Meta Selic,% a.a.,diaria,2023-12-15,2023,12,11.75000000
432,selic_meta,Meta Selic,% a.a.,diaria,2023-12-16,2023,12,11.75000000
432,selic_meta,Meta Selic,% a.a.,diaria,2023-12-17,2023,12,11.75000000
432,selic_meta,Meta Selic,% a.a.,diaria,2023-12-18,2023,12,11.75000000
432,selic_meta,Meta Selic,% a.a.,diaria,2023-12-19,2023,12,11.75000000
432,selic_meta,Meta Selic,% a.a.,diaria,2023-12-20,2023,12,11.75000000
432,selic_meta,Meta Selic,% a.a.,diaria,2023-12-21,2023,12,11.75000000
432,selic_meta,Meta Selic,% a.a.,diaria,2023-12-22,2023,12,11.75000000
432,selic_meta,Meta Selic,% a.a.,diaria,2023-12-23,2023,12,11.75000000
432,selic_meta,Meta Selic,% a.a.,diaria,2023-12-24,2023,12,11.75000000
432,selic_meta,Meta Selic,% a.a.,diaria,2023-12-25,2023,12,11.75000000
432,selic_meta,Meta Selic,% a.a.,diaria,2023-12-26,2023,12,11.75000000
432,selic_meta,Meta Selic,% a.a.,diaria,2023-12-27,2023,12,11.75000000
432,selic_meta,Meta Selic,% a.a.,diaria,2023-12-28,2023,12,11.75000000
432,selic_meta,Meta Selic,% a.a.,diaria,2023-12-29,2023,12,11.75000000
432,selic_meta,Meta Selic,% a.a.,diaria,2023-12-30,2023,12,11.75000000
432,selic_meta,Meta Selic,% a.a.,diaria,2023-12-31,2023,12,11.75000000
432,selic_meta,Meta Selic,% a.a.,diaria,2024-01-01,2024,1,11.75000000
432,selic_meta,Meta Selic,% a.a.,diaria,2024-01-02,2024,1,11.75000000
432,selic_meta,Meta Selic,% a.a.,diaria,2024-01-03,2024,1,11.75000000
432,selic_meta,Meta Selic,% a.a.,diaria,2024-01-04,2024,1,11.75000000
432,selic_meta,Meta Selic,% a.a.,diaria,2024-01-05,2024,1,11.75000000
432,selic_meta,Meta Selic,% a.a.,diaria,2024-01-06,2024,1,11.75000000
432,selic_meta,Meta Selic,% a.a.,diaria,2024-01-07,2024,1,11.75000000
432,selic_meta,Meta Selic,% a.a.,diaria,2024-01-08,2024,1,11.75000000
432,selic_meta,Meta Selic,% a.a.,diaria,2024-01-09,2024,1,11.75000000
432,selic_meta,Meta Selic,% a.a.,diaria,2024-01-10,2024,1,11.75000000
432,selic_meta,Meta Selic,% a.a.,diaria,2024-01-11,2024,1,11.75000000
432,selic_meta,Meta Selic,% a.a.,diaria,2024-01-12,2024,1,11.75000000
432,selic_meta,Meta Selic,% a.a.,diaria,2024-01-13,2024,1,11.75000000
432,selic_meta,Meta Selic,% a.a.,diaria,2024-01-14,2024,1,11.75000000
432,selic_meta,Meta Selic,% a.a.,diaria,2024-01-15,2024,1,11.75000000
432,selic_meta,Meta Selic,% a.a.,diaria,2024-01-16,2024,1,11.75000000
432,selic_meta,Meta Selic,% a.a.,diaria,2024-01-17,2024,1,11.75000000
432,selic_meta,Meta Selic,% a.a.,diaria,2024-01-18,2024,1,11.75000000
432,selic_meta,Meta Selic,% a.a.,diaria,2024-01-19,2024,1,11.75000000
432,selic_meta,Meta Selic,% a.a.,diaria,2024-01-20,2024,1,11.75000000
432,selic_meta,Meta Selic,% a.a.,diaria,2024-01-21,2024,1,11.75000000
432,selic_meta,Meta Selic,% a.a.,diaria,2024-01-22,2024,1,11.75000000
432,selic_meta,Meta Selic,% a.a.,diaria,2024-01-23,2024,1,11.75000000
432,selic_meta,Meta Selic,% a.a.,diaria,2024-01-24,2024,1,11.75000000
432,selic_meta,Meta Selic,% a.a.,diaria,2024-01-25,2024,1,11.75000000
432,selic_meta,Meta Selic,% a.a.,diaria,2024-01-26,2024,1,11.75000000
432,selic_meta,Meta Selic,% a.a.,diaria,2024-01-27,2024,1,11.75000000
432,selic_meta,Meta Selic,% a.a.,diaria,2024-01-28,2024,1,11.75000000
432,selic_meta,Meta Selic,% a.a.,diaria,2024-01-29,2024,1,11.75000000
432,selic_meta,Meta Selic,% a.a.,diaria,2024-01-30,2024,1,11.75000000
432,selic_meta,Meta Selic,% a.a.,diaria,2024-01-31,2024,1,11.75000000
432,selic_meta,Meta Selic,% a.a.,diaria,2024-02-01,2024,2,11.25000000
432,selic_meta,Meta Selic,% a.a.,diaria,2024-02-02,2024,2,11.25000000
432,selic_meta,Meta Selic,% a.a.,diaria,2024-02-03,2024,2,11.25000000
432,selic_meta,Meta Selic,% a.a.,diaria,2024-02-04,2024,2,11.25000000
432,selic_meta,Meta Selic,% a.a.,diaria,2024-02-05,2024,2,11.25000000
432,selic_meta,Meta Selic,% a.a.,diaria,2024-02-06,2024,2,11.25000000
432,selic_meta,Meta Selic,% a.a.,diaria,2024-02-07,2024,2,11.25000000
432,selic_meta,Meta Selic,% a.a.,diaria,2024-02-08,2024,2,11.25000000
432,selic_meta,Meta Selic,% a.a.,diaria,2024-02-09,2024,2,11.25000000
432,selic_meta,Meta Selic,% a.a.,diaria,2024-02-10,2024,2,11.25000000
432,selic_meta,Meta Selic,% a.a.,diaria,2024-02-11,2024,2,11.25000000
432,selic_meta,Meta Selic,% a.a.,diaria,2024-02-12,2024,2,11.25000000
432,selic_meta,Meta Selic,% a.a.,diaria,2024-02-13,2024,2,11.25000000
432,selic_meta,Meta Selic,% a.a.,diaria,2024-02-14,2024,2,11.25000000
432,selic_meta,Meta Selic,% a.a.,diaria,2024-02-15,2024,2,11.25000000
432,selic_meta,Meta Selic,% a.a.,diaria,2024-02-16,2024,2,11.25000000
432,selic_meta,Meta Selic,% a.a.,diaria,2024-02-17,2024,2,11.25000000
432,selic_meta,Meta Selic,% a.a.,diaria,2024-02-18,2024,2,11.25000000
432,selic_meta,Meta Selic,% a.a.,diaria,2024-02-19,2024,2,11.25000000
432,selic_meta,Meta Selic,% a.a.,diaria,2024-02-20,2024,2,11.25000000
432,selic_meta,Meta Selic,% a.a.,diaria,2024-02-21,2024,2,11.25000000
432,selic_meta,Meta Selic,% a.a.,diaria,2024-02-22,2024,2,11.25000000
432,selic_meta,Meta Selic,% a.a.,diaria,2024-02-23,2024,2,11.25000000
432,selic_meta,Meta Selic,% a.a.,diaria,2024-02-24,2024,2,11.25000000
432,selic_meta,Meta Selic,% a.a.,diaria,2024-02-25,2024,2,11.25000000
432,selic_meta,Meta Selic,% a.a.,diaria,2024-02-26,2024,2,11.25000000
432,selic_meta,Meta Selic,% a.a.,diaria,2024-02-27,2024,2,11.25000000
432,selic_meta,Meta Selic,% a.a.,diaria,2024-02-28,2024,2,11.25000000
432,selic_meta,Meta Selic,% a.a.,diaria,2024-02-29,2024,2,11.25000000
432,selic_meta,Meta Selic,% a.a.,diaria,2024-03-01,2024,3,11.25000000
432,selic_meta,Meta Selic,% a.a.,diaria,2024-03-02,2024,3,11.25000000
432,selic_meta,Meta Selic,% a.a.,diaria,2024-03-03,2024,3,11.25000000
432,selic_meta,Meta Selic,% a.a.,diaria,2024-03-04,2024,3,11.25000000
432,selic_meta,Meta Selic,% a.a.,diaria,2024-03-05,2024,3,11.25000000
432,selic_meta,Meta Selic,% a.a.,diaria,2024-03-06,2024,3,11.25000000
432,selic_meta,Meta Selic,% a.a.,diaria,2024-03-07,2024,3,11.25000000
432,selic_meta,Meta Selic,% a.a.,diaria,2024-03-08,2024,3,11.25000000
432,selic_meta,Meta Selic,% a.a.,diaria,2024-03-09,2024,3,11.25000000
432,selic_meta,Meta Selic,% a.a.,diaria,2024-03-10,2024,3,11.25000000
432,selic_meta,Meta Selic,% a.a.,diaria,2024-03-11,2024,3,11.25000000
432,selic_meta,Meta Selic,% a.a.,diaria,2024-03-12,2024,3,11.25000000
432,selic_meta,Meta Selic,% a.a.,diaria,2024-03-13,2024,3,11.25000000
432,selic_meta,Meta Selic,% a.a.,diaria,2024-03-14,2024,3,11.25000000
432,selic_meta,Meta Selic,% a.a.,diaria,2024-03-15,2024,3,11.25000000
432,selic_meta,Meta Selic,% a.a.,diaria,2024-03-16,2024,3,11.25000000
432,selic_meta,Meta Selic,% a.a.,diaria,2024-03-17,2024,3,11.25000000
432,selic_meta,Meta Selic,% a.a.,diaria,2024-03-18,2024,3,11.25000000
432,selic_meta,Meta Selic,% a.a.,diaria,2024-03-19,2024,3,11.25000000
432,selic_meta,Meta Selic,% a.a.,diaria,2024-03-20,2024,3,11.25000000
432,selic_meta,Meta Selic,% a.a.,diaria,2024-03-21,2024,3,10.75000000
432,selic_meta,Meta Selic,% a.a.,diaria,2024-03-22,2024,3,10.75000000
432,selic_meta,Meta Selic,% a.a.,diaria,2024-03-23,2024,3,10.75000000
432,selic_meta,Meta Selic,% a.a.,diaria,2024-03-24,2024,3,10.75000000
432,selic_meta,Meta Selic,% a.a.,diaria,2024-03-25,2024,3,10.75000000
432,selic_meta,Meta Selic,% a.a.,diaria,2024-03-26,2024,3,10.75000000
432,selic_meta,Meta Selic,% a.a.,diaria,2024-03-27,2024,3,10.75000000
432,selic_meta,Meta Selic,% a.a.,diaria,2024-03-28,2024,3,10.75000000
432,selic_meta,Meta Selic,% a.a.,diaria,2024-03-29,2024,3,10.75000000
432,selic_meta,Meta Selic,% a.a.,diaria,2024-03-30,2024,3,10.75000000
432,selic_meta,Meta Selic,% a.a.,diaria,2024-03-31,2024,3,10.75000000
432,selic_meta,Meta Selic,% a.a.,diaria,2024-04-01,2024,4,10.75000000
432,selic_meta,Meta Selic,% a.a.,diaria,2024-04-02,2024,4,10.75000000
432,selic_meta,Meta Selic,% a.a.,diaria,2024-04-03,2024,4,10.75000000
432,selic_meta,Meta Selic,% a.a.,diaria,2024-04-04,2024,4,10.75000000
432,selic_meta,Meta Selic,% a.a.,diaria,2024-04-05,2024,4,10.75000000
432,selic_meta,Meta Selic,% a.a.,diaria,2024-04-06,2024,4,10.75000000
432,selic_meta,Meta Selic,% a.a.,diaria,2024-04-07,2024,4,10.75000000
432,selic_meta,Meta Selic,% a.a.,diaria,2024-04-08,2024,4,10.75000000
432,selic_meta,Meta Selic,% a.a.,diaria,2024-04-09,2024,4,10.75000000
432,selic_meta,Meta Selic,% a.a.,diaria,2024-04-10,2024,4,10.75000000
432,selic_meta,Meta Selic,% a.a.,diaria,2024-04-11,2024,4,10.75000000
432,selic_meta,Meta Selic,% a.a.,diaria,2024-04-12,2024,4,10.75000000
432,selic_meta,Meta Selic,% a.a.,diaria,2024-04-13,2024,4,10.75000000
432,selic_meta,Meta Selic,% a.a.,diaria,2024-04-14,2024,4,10.75000000
432,selic_meta,Meta Selic,% a.a.,diaria,2024-04-15,2024,4,10.75000000
432,selic_meta,Meta Selic,% a.a.,diaria,2024-04-16,2024,4,10.75000000
432,selic_meta,Meta Selic,% a.a.,diaria,2024-04-17,2024,4,10.75000000
432,selic_meta,Meta Selic,% a.a.,diaria,2024-04-18,2024,4,10.75000000
432,selic_meta,Meta Selic,% a.a.,diaria,2024-04-19,2024,4,10.75000000
432,selic_meta,Meta Selic,% a.a.,diaria,2024-04-20,2024,4,10.75000000
432,selic_meta,Meta Selic,% a.a.,diaria,2024-04-21,2024,4,10.75000000
432,selic_meta,Meta Selic,% a.a.,diaria,2024-04-22,2024,4,10.75000000
432,selic_meta,Meta Selic,% a.a.,diaria,2024-04-23,2024,4,10.75000000
432,selic_meta,Meta Selic,% a.a.,diaria,2024-04-24,2024,4,10.75000000
432,selic_meta,Meta Selic,% a.a.,diaria,2024-04-25,2024,4,10.75000000
432,selic_meta,Meta Selic,% a.a.,diaria,2024-04-26,2024,4,10.75000000
432,selic_meta,Meta Selic,% a.a.,diaria,2024-04-27,2024,4,10.75000000
432,selic_meta,Meta Selic,% a.a.,diaria,2024-04-28,2024,4,10.75000000
432,selic_meta,Meta Selic,% a.a.,diaria,2024-04-29,2024,4,10.75000000
432,selic_meta,Meta Selic,% a.a.,diaria,2024-04-30,2024,4,10.75000000
432,selic_meta,Meta Selic,% a.a.,diaria,2024-05-01,2024,5,10.75000000
432,selic_meta,Meta Selic,% a.a.,diaria,2024-05-02,2024,5,10.75000000
432,selic_meta,Meta Selic,% a.a.,diaria,2024-05-03,2024,5,10.75000000
432,selic_meta,Meta Selic,% a.a.,diaria,2024-05-04,2024,5,10.75000000
432,selic_meta,Meta Selic,% a.a.,diaria,2024-05-05,2024,5,10.75000000
432,selic_meta,Meta Selic,% a.a.,diaria,2024-05-06,2024,5,10.75000000
432,selic_meta,Meta Selic,% a.a.,diaria,2024-05-07,2024,5,10.75000000
432,selic_meta,Meta Selic,% a.a.,diaria,2024-05-08,2024,5,10.75000000
432,selic_meta,Meta Selic,% a.a.,diaria,2024-05-09,2024,5,10.50000000
432,selic_meta,Meta Selic,% a.a.,diaria,2024-05-10,2024,5,10.50000000
432,selic_meta,Meta Selic,% a.a.,diaria,2024-05-11,2024,5,10.50000000
432,selic_meta,Meta Selic,% a.a.,diaria,2024-05-12,2024,5,10.50000000
432,selic_meta,Meta Selic,% a.a.,diaria,2024-05-13,2024,5,10.50000000
432,selic_meta,Meta Selic,% a.a.,diaria,2024-05-14,2024,5,10.50000000
432,selic_meta,Meta Selic,% a.a.,diaria,2024-05-15,2024,5,10.50000000
432,selic_meta,Meta Selic,% a.a.,diaria,2024-05-16,2024,5,10.50000000
432,selic_meta,Meta Selic,% a.a.,diaria,2024-05-17,2024,5,10.50000000
432,selic_meta,Meta Selic,% a.a.,diaria,2024-05-18,2024,5,10.50000000
432,selic_meta,Meta Selic,% a.a.,diaria,2024-05-19,2024,5,10.50000000
432,selic_meta,Meta Selic,% a.a.,diaria,2024-05-20,2024,5,10.50000000
432,selic_meta,Meta Selic,% a.a.,diaria,2024-05-21,2024,5,10.50000000
432,selic_meta,Meta Selic,% a.a.,diaria,2024-05-22,2024,5,10.50000000
432,selic_meta,Meta Selic,% a.a.,diaria,2024-05-23,2024,5,10.50000000
432,selic_meta,Meta Selic,% a.a.,diaria,2024-05-24,2024,5,10.50000000
432,selic_meta,Meta Selic,% a.a.,diaria,2024-05-25,2024,5,10.50000000
432,selic_meta,Meta Selic,% a.a.,diaria,2024-05-26,2024,5,10.50000000
432,selic_meta,Meta Selic,% a.a.,diaria,2024-05-27,2024,5,10.50000000
432,selic_meta,Meta Selic,% a.a.,diaria,2024-05-28,2024,5,10.50000000
432,selic_meta,Meta Selic,% a.a.,diaria,2024-05-29,2024,5,10.50000000
432,selic_meta,Meta Selic,% a.a.,diaria,2024-05-30,2024,5,10.50000000
432,selic_meta,Meta Selic,% a.a.,diaria,2024-05-31,2024,5,10.50000000
432,selic_meta,Meta Selic,% a.a.,diaria,2024-06-01,2024,6,10.50000000
432,selic_meta,Meta Selic,% a.a.,diaria,2024-06-02,2024,6,10.50000000
432,selic_meta,Meta Selic,% a.a.,diaria,2024-06-03,2024,6,10.50000000
432,selic_meta,Meta Selic,% a.a.,diaria,2024-06-04,2024,6,10.50000000
432,selic_meta,Meta Selic,% a.a.,diaria,2024-06-05,2024,6,10.50000000
432,selic_meta,Meta Selic,% a.a.,diaria,2024-06-06,2024,6,10.50000000
432,selic_meta,Meta Selic,% a.a.,diaria,2024-06-07,2024,6,10.50000000
432,selic_meta,Meta Selic,% a.a.,diaria,2024-06-08,2024,6,10.50000000
432,selic_meta,Meta Selic,% a.a.,diaria,2024-06-09,2024,6,10.50000000
432,selic_meta,Meta Selic,% a.a.,diaria,2024-06-10,2024,6,10.50000000
432,selic_meta,Meta Selic,% a.a.,diaria,2024-06-11,2024,6,10.50000000
432,selic_meta,Meta Selic,% a.a.,diaria,2024-06-12,2024,6,10.50000000
432,selic_meta,Meta Selic,% a.a.,diaria,2024-06-13,2024,6,10.50000000
432,selic_meta,Meta Selic,% a.a.,diaria,2024-06-14,2024,6,10.50000000
432,selic_meta,Meta Selic,% a.a.,diaria,2024-06-15,2024,6,10.50000000
432,selic_meta,Meta Selic,% a.a.,diaria,2024-06-16,2024,6,10.50000000
432,selic_meta,Meta Selic,% a.a.,diaria,2024-06-17,2024,6,10.50000000
432,selic_meta,Meta Selic,% a.a.,diaria,2024-06-18,2024,6,10.50000000
432,selic_meta,Meta Selic,% a.a.,diaria,2024-06-19,2024,6,10.50000000
432,selic_meta,Meta Selic,% a.a.,diaria,2024-06-20,2024,6,10.50000000
432,selic_meta,Meta Selic,% a.a.,diaria,2024-06-21,2024,6,10.50000000
432,selic_meta,Meta Selic,% a.a.,diaria,2024-06-22,2024,6,10.50000000
432,selic_meta,Meta Selic,% a.a.,diaria,2024-06-23,2024,6,10.50000000
432,selic_meta,Meta Selic,% a.a.,diaria,2024-06-24,2024,6,10.50000000
432,selic_meta,Meta Selic,% a.a.,diaria,2024-06-25,2024,6,10.50000000
432,selic_meta,Meta Selic,% a.a.,diaria,2024-06-26,2024,6,10.50000000
432,selic_meta,Meta Selic,% a.a.,diaria,2024-06-27,2024,6,10.50000000
432,selic_meta,Meta Selic,% a.a.,diaria,2024-06-28,2024,6,10.50000000
432,selic_meta,Meta Selic,% a.a.,diaria,2024-06-29,2024,6,10.50000000
432,selic_meta,Meta Selic,% a.a.,diaria,2024-06-30,2024,6,10.50000000
432,selic_meta,Meta Selic,% a.a.,diaria,2024-07-01,2024,7,10.50000000
432,selic_meta,Meta Selic,% a.a.,diaria,2024-07-02,2024,7,10.50000000
432,selic_meta,Meta Selic,% a.a.,diaria,2024-07-03,2024,7,10.50000000
432,selic_meta,Meta Selic,% a.a.,diaria,2024-07-04,2024,7,10.50000000
432,selic_meta,Meta Selic,% a.a.,diaria,2024-07-05,2024,7,10.50000000
432,selic_meta,Meta Selic,% a.a.,diaria,2024-07-06,2024,7,10.50000000
432,selic_meta,Meta Selic,% a.a.,diaria,2024-07-07,2024,7,10.50000000
432,selic_meta,Meta Selic,% a.a.,diaria,2024-07-08,2024,7,10.50000000
432,selic_meta,Meta Selic,% a.a.,diaria,2024-07-09,2024,7,10.50000000
432,selic_meta,Meta Selic,% a.a.,diaria,2024-07-10,2024,7,10.50000000
432,selic_meta,Meta Selic,% a.a.,diaria,2024-07-11,2024,7,10.50000000
432,selic_meta,Meta Selic,% a.a.,diaria,2024-07-12,2024,7,10.50000000
432,selic_meta,Meta Selic,% a.a.,diaria,2024-07-13,2024,7,10.50000000
432,selic_meta,Meta Selic,% a.a.,diaria,2024-07-14,2024,7,10.50000000
432,selic_meta,Meta Selic,% a.a.,diaria,2024-07-15,2024,7,10.50000000
432,selic_meta,Meta Selic,% a.a.,diaria,2024-07-16,2024,7,10.50000000
432,selic_meta,Meta Selic,% a.a.,diaria,2024-07-17,2024,7,10.50000000
432,selic_meta,Meta Selic,% a.a.,diaria,2024-07-18,2024,7,10.50000000
432,selic_meta,Meta Selic,% a.a.,diaria,2024-07-19,2024,7,10.50000000
432,selic_meta,Meta Selic,% a.a.,diaria,2024-07-20,2024,7,10.50000000
432,selic_meta,Meta Selic,% a.a.,diaria,2024-07-21,2024,7,10.50000000
432,selic_meta,Meta Selic,% a.a.,diaria,2024-07-22,2024,7,10.50000000
432,selic_meta,Meta Selic,% a.a.,diaria,2024-07-23,2024,7,10.50000000
432,selic_meta,Meta Selic,% a.a.,diaria,2024-07-24,2024,7,10.50000000
432,selic_meta,Meta Selic,% a.a.,diaria,2024-07-25,2024,7,10.50000000
432,selic_meta,Meta Selic,% a.a.,diaria,2024-07-26,2024,7,10.50000000
432,selic_meta,Meta Selic,% a.a.,diaria,2024-07-27,2024,7,10.50000000
432,selic_meta,Meta Selic,% a.a.,diaria,2024-07-28,2024,7,10.50000000
432,selic_meta,Meta Selic,% a.a.,diaria,2024-07-29,2024,7,10.50000000
432,selic_meta,Meta Selic,% a.a.,diaria,2024-07-30,2024,7,10.50000000
432,selic_meta,Meta Selic,% a.a.,diaria,2024-07-31,2024,7,10.50000000
432,selic_meta,Meta Selic,% a.a.,diaria,2024-08-01,2024,8,10.50000000
432,selic_meta,Meta Selic,% a.a.,diaria,2024-08-02,2024,8,10.50000000
432,selic_meta,Meta Selic,% a.a.,diaria,2024-08-03,2024,8,10.50000000
432,selic_meta,Meta Selic,% a.a.,diaria,2024-08-04,2024,8,10.50000000
432,selic_meta,Meta Selic,% a.a.,diaria,2024-08-05,2024,8,10.50000000
432,selic_meta,Meta Selic,% a.a.,diaria,2024-08-06,2024,8,10.50000000
432,selic_meta,Meta Selic,% a.a.,diaria,2024-08-07,2024,8,10.50000000
432,selic_meta,Meta Selic,% a.a.,diaria,2024-08-08,2024,8,10.50000000
432,selic_meta,Meta Selic,% a.a.,diaria,2024-08-09,2024,8,10.50000000
432,selic_meta,Meta Selic,% a.a.,diaria,2024-08-10,2024,8,10.50000000
432,selic_meta,Meta Selic,% a.a.,diaria,2024-08-11,2024,8,10.50000000
432,selic_meta,Meta Selic,% a.a.,diaria,2024-08-12,2024,8,10.50000000
432,selic_meta,Meta Selic,% a.a.,diaria,2024-08-13,2024,8,10.50000000
432,selic_meta,Meta Selic,% a.a.,diaria,2024-08-14,2024,8,10.50000000
432,selic_meta,Meta Selic,% a.a.,diaria,2024-08-15,2024,8,10.50000000
432,selic_meta,Meta Selic,% a.a.,diaria,2024-08-16,2024,8,10.50000000
432,selic_meta,Meta Selic,% a.a.,diaria,2024-08-17,2024,8,10.50000000
432,selic_meta,Meta Selic,% a.a.,diaria,2024-08-18,2024,8,10.50000000
432,selic_meta,Meta Selic,% a.a.,diaria,2024-08-19,2024,8,10.50000000
432,selic_meta,Meta Selic,% a.a.,diaria,2024-08-20,2024,8,10.50000000
432,selic_meta,Meta Selic,% a.a.,diaria,2024-08-21,2024,8,10.50000000
432,selic_meta,Meta Selic,% a.a.,diaria,2024-08-22,2024,8,10.50000000
432,selic_meta,Meta Selic,% a.a.,diaria,2024-08-23,2024,8,10.50000000
432,selic_meta,Meta Selic,% a.a.,diaria,2024-08-24,2024,8,10.50000000
432,selic_meta,Meta Selic,% a.a.,diaria,2024-08-25,2024,8,10.50000000
432,selic_meta,Meta Selic,% a.a.,diaria,2024-08-26,2024,8,10.50000000
432,selic_meta,Meta Selic,% a.a.,diaria,2024-08-27,2024,8,10.50000000
432,selic_meta,Meta Selic,% a.a.,diaria,2024-08-28,2024,8,10.50000000
432,selic_meta,Meta Selic,% a.a.,diaria,2024-08-29,2024,8,10.50000000
432,selic_meta,Meta Selic,% a.a.,diaria,2024-08-30,2024,8,10.50000000
432,selic_meta,Meta Selic,% a.a.,diaria,2024-08-31,2024,8,10.50000000
432,selic_meta,Meta Selic,% a.a.,diaria,2024-09-01,2024,9,10.50000000
432,selic_meta,Meta Selic,% a.a.,diaria,2024-09-02,2024,9,10.50000000
432,selic_meta,Meta Selic,% a.a.,diaria,2024-09-03,2024,9,10.50000000
432,selic_meta,Meta Selic,% a.a.,diaria,2024-09-04,2024,9,10.50000000
432,selic_meta,Meta Selic,% a.a.,diaria,2024-09-05,2024,9,10.50000000
432,selic_meta,Meta Selic,% a.a.,diaria,2024-09-06,2024,9,10.50000000
432,selic_meta,Meta Selic,% a.a.,diaria,2024-09-07,2024,9,10.50000000
432,selic_meta,Meta Selic,% a.a.,diaria,2024-09-08,2024,9,10.50000000
432,selic_meta,Meta Selic,% a.a.,diaria,2024-09-09,2024,9,10.50000000
432,selic_meta,Meta Selic,% a.a.,diaria,2024-09-10,2024,9,10.50000000
432,selic_meta,Meta Selic,% a.a.,diaria,2024-09-11,2024,9,10.50000000
432,selic_meta,Meta Selic,% a.a.,diaria,2024-09-12,2024,9,10.50000000
432,selic_meta,Meta Selic,% a.a.,diaria,2024-09-13,2024,9,10.50000000
432,selic_meta,Meta Selic,% a.a.,diaria,2024-09-14,2024,9,10.50000000
432,selic_meta,Meta Selic,% a.a.,diaria,2024-09-15,2024,9,10.50000000
432,selic_meta,Meta Selic,% a.a.,diaria,2024-09-16,2024,9,10.50000000
432,selic_meta,Meta Selic,% a.a.,diaria,2024-09-17,2024,9,10.50000000
432,selic_meta,Meta Selic,% a.a.,diaria,2024-09-18,2024,9,10.50000000
432,selic_meta,Meta Selic,% a.a.,diaria,2024-09-19,2024,9,10.75000000
432,selic_meta,Meta Selic,% a.a.,diaria,2024-09-20,2024,9,10.75000000
432,selic_meta,Meta Selic,% a.a.,diaria,2024-09-21,2024,9,10.75000000
432,selic_meta,Meta Selic,% a.a.,diaria,2024-09-22,2024,9,10.75000000
432,selic_meta,Meta Selic,% a.a.,diaria,2024-09-23,2024,9,10.75000000
432,selic_meta,Meta Selic,% a.a.,diaria,2024-09-24,2024,9,10.75000000
432,selic_meta,Meta Selic,% a.a.,diaria,2024-09-25,2024,9,10.75000000
432,selic_meta,Meta Selic,% a.a.,diaria,2024-09-26,2024,9,10.75000000
432,selic_meta,Meta Selic,% a.a.,diaria,2024-09-27,2024,9,10.75000000
432,selic_meta,Meta Selic,% a.a.,diaria,2024-09-28,2024,9,10.75000000
432,selic_meta,Meta Selic,% a.a.,diaria,2024-09-29,2024,9,10.75000000
432,selic_meta,Meta Selic,% a.a.,diaria,2024-09-30,2024,9,10.75000000
432,selic_meta,Meta Selic,% a.a.,diaria,2024-10-01,2024,10,10.75000000
432,selic_meta,Meta Selic,% a.a.,diaria,2024-10-02,2024,10,10.75000000
432,selic_meta,Meta Selic,% a.a.,diaria,2024-10-03,2024,10,10.75000000
432,selic_meta,Meta Selic,% a.a.,diaria,2024-10-04,2024,10,10.75000000
432,selic_meta,Meta Selic,% a.a.,diaria,2024-10-05,2024,10,10.75000000
432,selic_meta,Meta Selic,% a.a.,diaria,2024-10-06,2024,10,10.75000000
432,selic_meta,Meta Selic,% a.a.,diaria,2024-10-07,2024,10,10.75000000
432,selic_meta,Meta Selic,% a.a.,diaria,2024-10-08,2024,10,10.75000000
432,selic_meta,Meta Selic,% a.a.,diaria,2024-10-09,2024,10,10.75000000
432,selic_meta,Meta Selic,% a.a.,diaria,2024-10-10,2024,10,10.75000000
432,selic_meta,Meta Selic,% a.a.,diaria,2024-10-11,2024,10,10.75000000
432,selic_meta,Meta Selic,% a.a.,diaria,2024-10-12,2024,10,10.75000000
432,selic_meta,Meta Selic,% a.a.,diaria,2024-10-13,2024,10,10.75000000
432,selic_meta,Meta Selic,% a.a.,diaria,2024-10-14,2024,10,10.75000000
432,selic_meta,Meta Selic,% a.a.,diaria,2024-10-15,2024,10,10.75000000
432,selic_meta,Meta Selic,% a.a.,diaria,2024-10-16,2024,10,10.75000000
432,selic_meta,Meta Selic,% a.a.,diaria,2024-10-17,2024,10,10.75000000
432,selic_meta,Meta Selic,% a.a.,diaria,2024-10-18,2024,10,10.75000000
432,selic_meta,Meta Selic,% a.a.,diaria,2024-10-19,2024,10,10.75000000
432,selic_meta,Meta Selic,% a.a.,diaria,2024-10-20,2024,10,10.75000000
432,selic_meta,Meta Selic,% a.a.,diaria,2024-10-21,2024,10,10.75000000
432,selic_meta,Meta Selic,% a.a.,diaria,2024-10-22,2024,10,10.75000000
432,selic_meta,Meta Selic,% a.a.,diaria,2024-10-23,2024,10,10.75000000
432,selic_meta,Meta Selic,% a.a.,diaria,2024-10-24,2024,10,10.75000000
432,selic_meta,Meta Selic,% a.a.,diaria,2024-10-25,2024,10,10.75000000
432,selic_meta,Meta Selic,% a.a.,diaria,2024-10-26,2024,10,10.75000000
432,selic_meta,Meta Selic,% a.a.,diaria,2024-10-27,2024,10,10.75000000
432,selic_meta,Meta Selic,% a.a.,diaria,2024-10-28,2024,10,10.75000000
432,selic_meta,Meta Selic,% a.a.,diaria,2024-10-29,2024,10,10.75000000
432,selic_meta,Meta Selic,% a.a.,diaria,2024-10-30,2024,10,10.75000000
432,selic_meta,Meta Selic,% a.a.,diaria,2024-10-31,2024,10,10.75000000
432,selic_meta,Meta Selic,% a.a.,diaria,2024-11-01,2024,11,10.75000000
432,selic_meta,Meta Selic,% a.a.,diaria,2024-11-02,2024,11,10.75000000
432,selic_meta,Meta Selic,% a.a.,diaria,2024-11-03,2024,11,10.75000000
432,selic_meta,Meta Selic,% a.a.,diaria,2024-11-04,2024,11,10.75000000
432,selic_meta,Meta Selic,% a.a.,diaria,2024-11-05,2024,11,10.75000000
432,selic_meta,Meta Selic,% a.a.,diaria,2024-11-06,2024,11,10.75000000
432,selic_meta,Meta Selic,% a.a.,diaria,2024-11-07,2024,11,11.25000000
432,selic_meta,Meta Selic,% a.a.,diaria,2024-11-08,2024,11,11.25000000
432,selic_meta,Meta Selic,% a.a.,diaria,2024-11-09,2024,11,11.25000000
432,selic_meta,Meta Selic,% a.a.,diaria,2024-11-10,2024,11,11.25000000
432,selic_meta,Meta Selic,% a.a.,diaria,2024-11-11,2024,11,11.25000000
432,selic_meta,Meta Selic,% a.a.,diaria,2024-11-12,2024,11,11.25000000
432,selic_meta,Meta Selic,% a.a.,diaria,2024-11-13,2024,11,11.25000000
432,selic_meta,Meta Selic,% a.a.,diaria,2024-11-14,2024,11,11.25000000
432,selic_meta,Meta Selic,% a.a.,diaria,2024-11-15,2024,11,11.25000000
432,selic_meta,Meta Selic,% a.a.,diaria,2024-11-16,2024,11,11.25000000
432,selic_meta,Meta Selic,% a.a.,diaria,2024-11-17,2024,11,11.25000000
432,selic_meta,Meta Selic,% a.a.,diaria,2024-11-18,2024,11,11.25000000
432,selic_meta,Meta Selic,% a.a.,diaria,2024-11-19,2024,11,11.25000000
432,selic_meta,Meta Selic,% a.a.,diaria,2024-11-20,2024,11,11.25000000
432,selic_meta,Meta Selic,% a.a.,diaria,2024-11-21,2024,11,11.25000000
432,selic_meta,Meta Selic,% a.a.,diaria,2024-11-22,2024,11,11.25000000
432,selic_meta,Meta Selic,% a.a.,diaria,2024-11-23,2024,11,11.25000000
432,selic_meta,Meta Selic,% a.a.,diaria,2024-11-24,2024,11,11.25000000
432,selic_meta,Meta Selic,% a.a.,diaria,2024-11-25,2024,11,11.25000000
432,selic_meta,Meta Selic,% a.a.,diaria,2024-11-26,2024,11,11.25000000
432,selic_meta,Meta Selic,% a.a.,diaria,2024-11-27,2024,11,11.25000000
432,selic_meta,Meta Selic,% a.a.,diaria,2024-11-28,2024,11,11.25000000
432,selic_meta,Meta Selic,% a.a.,diaria,2024-11-29,2024,11,11.25000000
432,selic_meta,Meta Selic,% a.a.,diaria,2024-11-30,2024,11,11.25000000
432,selic_meta,Meta Selic,% a.a.,diaria,2024-12-01,2024,12,11.25000000
432,selic_meta,Meta Selic,% a.a.,diaria,2024-12-02,2024,12,11.25000000
432,selic_meta,Meta Selic,% a.a.,diaria,2024-12-03,2024,12,11.25000000
432,selic_meta,Meta Selic,% a.a.,diaria,2024-12-04,2024,12,11.25000000
432,selic_meta,Meta Selic,% a.a.,diaria,2024-12-05,2024,12,11.25000000
432,selic_meta,Meta Selic,% a.a.,diaria,2024-12-06,2024,12,11.25000000
432,selic_meta,Meta Selic,% a.a.,diaria,2024-12-07,2024,12,11.25000000
432,selic_meta,Meta Selic,% a.a.,diaria,2024-12-08,2024,12,11.25000000
432,selic_meta,Meta Selic,% a.a.,diaria,2024-12-09,2024,12,11.25000000
432,selic_meta,Meta Selic,% a.a.,diaria,2024-12-10,2024,12,11.25000000
432,selic_meta,Meta Selic,% a.a.,diaria,2024-12-11,2024,12,11.25000000
432,selic_meta,Meta Selic,% a.a.,diaria,2024-12-12,2024,12,12.25000000
432,selic_meta,Meta Selic,% a.a.,diaria,2024-12-13,2024,12,12.25000000
432,selic_meta,Meta Selic,% a.a.,diaria,2024-12-14,2024,12,12.25000000
432,selic_meta,Meta Selic,% a.a.,diaria,2024-12-15,2024,12,12.25000000
432,selic_meta,Meta Selic,% a.a.,diaria,2024-12-16,2024,12,12.25000000
432,selic_meta,Meta Selic,% a.a.,diaria,2024-12-17,2024,12,12.25000000
432,selic_meta,Meta Selic,% a.a.,diaria,2024-12-18,2024,12,12.25000000
432,selic_meta,Meta Selic,% a.a.,diaria,2024-12-19,2024,12,12.25000000
432,selic_meta,Meta Selic,% a.a.,diaria,2024-12-20,2024,12,12.25000000
432,selic_meta,Meta Selic,% a.a.,diaria,2024-12-21,2024,12,12.25000000
432,selic_meta,Meta Selic,% a.a.,diaria,2024-12-22,2024,12,12.25000000
432,selic_meta,Meta Selic,% a.a.,diaria,2024-12-23,2024,12,12.25000000
432,selic_meta,Meta Selic,% a.a.,diaria,2024-12-24,2024,12,12.25000000
432,selic_meta,Meta Selic,% a.a.,diaria,2024-12-25,2024,12,12.25000000
432,selic_meta,Meta Selic,% a.a.,diaria,2024-12-26,2024,12,12.25000000
432,selic_meta,Meta Selic,% a.a.,diaria,2024-12-27,2024,12,12.25000000
432,selic_meta,Meta Selic,% a.a.,diaria,2024-12-28,2024,12,12.25000000
432,selic_meta,Meta Selic,% a.a.,diaria,2024-12-29,2024,12,12.25000000
432,selic_meta,Meta Selic,% a.a.,diaria,2024-12-30,2024,12,12.25000000
432,selic_meta,Meta Selic,% a.a.,diaria,2024-12-31,2024,12,12.25000000
432,selic_meta,Meta Selic,% a.a.,diaria,2025-01-01,2025,1,12.25000000
432,selic_meta,Meta Selic,% a.a.,diaria,2025-01-02,2025,1,12.25000000
432,selic_meta,Meta Selic,% a.a.,diaria,2025-01-03,2025,1,12.25000000
432,selic_meta,Meta Selic,% a.a.,diaria,2025-01-04,2025,1,12.25000000
432,selic_meta,Meta Selic,% a.a.,diaria,2025-01-05,2025,1,12.25000000
432,selic_meta,Meta Selic,% a.a.,diaria,2025-01-06,2025,1,12.25000000
432,selic_meta,Meta Selic,% a.a.,diaria,2025-01-07,2025,1,12.25000000
432,selic_meta,Meta Selic,% a.a.,diaria,2025-01-08,2025,1,12.25000000
432,selic_meta,Meta Selic,% a.a.,diaria,2025-01-09,2025,1,12.25000000
432,selic_meta,Meta Selic,% a.a.,diaria,2025-01-10,2025,1,12.25000000
432,selic_meta,Meta Selic,% a.a.,diaria,2025-01-11,2025,1,12.25000000
432,selic_meta,Meta Selic,% a.a.,diaria,2025-01-12,2025,1,12.25000000
432,selic_meta,Meta Selic,% a.a.,diaria,2025-01-13,2025,1,12.25000000
432,selic_meta,Meta Selic,% a.a.,diaria,2025-01-14,2025,1,12.25000000
432,selic_meta,Meta Selic,% a.a.,diaria,2025-01-15,2025,1,12.25000000
432,selic_meta,Meta Selic,% a.a.,diaria,2025-01-16,2025,1,12.25000000
432,selic_meta,Meta Selic,% a.a.,diaria,2025-01-17,2025,1,12.25000000
432,selic_meta,Meta Selic,% a.a.,diaria,2025-01-18,2025,1,12.25000000
432,selic_meta,Meta Selic,% a.a.,diaria,2025-01-19,2025,1,12.25000000
432,selic_meta,Meta Selic,% a.a.,diaria,2025-01-20,2025,1,12.25000000
432,selic_meta,Meta Selic,% a.a.,diaria,2025-01-21,2025,1,12.25000000
432,selic_meta,Meta Selic,% a.a.,diaria,2025-01-22,2025,1,12.25000000
432,selic_meta,Meta Selic,% a.a.,diaria,2025-01-23,2025,1,12.25000000
432,selic_meta,Meta Selic,% a.a.,diaria,2025-01-24,2025,1,12.25000000
432,selic_meta,Meta Selic,% a.a.,diaria,2025-01-25,2025,1,12.25000000
432,selic_meta,Meta Selic,% a.a.,diaria,2025-01-26,2025,1,12.25000000
432,selic_meta,Meta Selic,% a.a.,diaria,2025-01-27,2025,1,12.25000000
432,selic_meta,Meta Selic,% a.a.,diaria,2025-01-28,2025,1,12.25000000
432,selic_meta,Meta Selic,% a.a.,diaria,2025-01-29,2025,1,12.25000000
432,selic_meta,Meta Selic,% a.a.,diaria,2025-01-30,2025,1,13.25000000
432,selic_meta,Meta Selic,% a.a.,diaria,2025-01-31,2025,1,13.25000000
432,selic_meta,Meta Selic,% a.a.,diaria,2025-02-01,2025,2,13.25000000
432,selic_meta,Meta Selic,% a.a.,diaria,2025-02-02,2025,2,13.25000000
432,selic_meta,Meta Selic,% a.a.,diaria,2025-02-03,2025,2,13.25000000
432,selic_meta,Meta Selic,% a.a.,diaria,2025-02-04,2025,2,13.25000000
432,selic_meta,Meta Selic,% a.a.,diaria,2025-02-05,2025,2,13.25000000
432,selic_meta,Meta Selic,% a.a.,diaria,2025-02-06,2025,2,13.25000000
432,selic_meta,Meta Selic,% a.a.,diaria,2025-02-07,2025,2,13.25000000
432,selic_meta,Meta Selic,% a.a.,diaria,2025-02-08,2025,2,13.25000000
432,selic_meta,Meta Selic,% a.a.,diaria,2025-02-09,2025,2,13.25000000
432,selic_meta,Meta Selic,% a.a.,diaria,2025-02-10,2025,2,13.25000000
432,selic_meta,Meta Selic,% a.a.,diaria,2025-02-11,2025,2,13.25000000
432,selic_meta,Meta Selic,% a.a.,diaria,2025-02-12,2025,2,13.25000000
432,selic_meta,Meta Selic,% a.a.,diaria,2025-02-13,2025,2,13.25000000
432,selic_meta,Meta Selic,% a.a.,diaria,2025-02-14,2025,2,13.25000000
432,selic_meta,Meta Selic,% a.a.,diaria,2025-02-15,2025,2,13.25000000
432,selic_meta,Meta Selic,% a.a.,diaria,2025-02-16,2025,2,13.25000000
432,selic_meta,Meta Selic,% a.a.,diaria,2025-02-17,2025,2,13.25000000
432,selic_meta,Meta Selic,% a.a.,diaria,2025-02-18,2025,2,13.25000000
432,selic_meta,Meta Selic,% a.a.,diaria,2025-02-19,2025,2,13.25000000
432,selic_meta,Meta Selic,% a.a.,diaria,2025-02-20,2025,2,13.25000000
432,selic_meta,Meta Selic,% a.a.,diaria,2025-02-21,2025,2,13.25000000
432,selic_meta,Meta Selic,% a.a.,diaria,2025-02-22,2025,2,13.25000000
432,selic_meta,Meta Selic,% a.a.,diaria,2025-02-23,2025,2,13.25000000
432,selic_meta,Meta Selic,% a.a.,diaria,2025-02-24,2025,2,13.25000000
432,selic_meta,Meta Selic,% a.a.,diaria,2025-02-25,2025,2,13.25000000
432,selic_meta,Meta Selic,% a.a.,diaria,2025-02-26,2025,2,13.25000000
432,selic_meta,Meta Selic,% a.a.,diaria,2025-02-27,2025,2,13.25000000
432,selic_meta,Meta Selic,% a.a.,diaria,2025-02-28,2025,2,13.25000000
432,selic_meta,Meta Selic,% a.a.,diaria,2025-03-01,2025,3,13.25000000
432,selic_meta,Meta Selic,% a.a.,diaria,2025-03-02,2025,3,13.25000000
432,selic_meta,Meta Selic,% a.a.,diaria,2025-03-03,2025,3,13.25000000
432,selic_meta,Meta Selic,% a.a.,diaria,2025-03-04,2025,3,13.25000000
432,selic_meta,Meta Selic,% a.a.,diaria,2025-03-05,2025,3,13.25000000
432,selic_meta,Meta Selic,% a.a.,diaria,2025-03-06,2025,3,13.25000000
432,selic_meta,Meta Selic,% a.a.,diaria,2025-03-07,2025,3,13.25000000
432,selic_meta,Meta Selic,% a.a.,diaria,2025-03-08,2025,3,13.25000000
432,selic_meta,Meta Selic,% a.a.,diaria,2025-03-09,2025,3,13.25000000
432,selic_meta,Meta Selic,% a.a.,diaria,2025-03-10,2025,3,13.25000000
432,selic_meta,Meta Selic,% a.a.,diaria,2025-03-11,2025,3,13.25000000
432,selic_meta,Meta Selic,% a.a.,diaria,2025-03-12,2025,3,13.25000000
432,selic_meta,Meta Selic,% a.a.,diaria,2025-03-13,2025,3,13.25000000
432,selic_meta,Meta Selic,% a.a.,diaria,2025-03-14,2025,3,13.25000000
432,selic_meta,Meta Selic,% a.a.,diaria,2025-03-15,2025,3,13.25000000
432,selic_meta,Meta Selic,% a.a.,diaria,2025-03-16,2025,3,13.25000000
432,selic_meta,Meta Selic,% a.a.,diaria,2025-03-17,2025,3,13.25000000
432,selic_meta,Meta Selic,% a.a.,diaria,2025-03-18,2025,3,13.25000000
432,selic_meta,Meta Selic,% a.a.,diaria,2025-03-19,2025,3,13.25000000
432,selic_meta,Meta Selic,% a.a.,diaria,2025-03-20,2025,3,14.25000000
432,selic_meta,Meta Selic,% a.a.,diaria,2025-03-21,2025,3,14.25000000
432,selic_meta,Meta Selic,% a.a.,diaria,2025-03-22,2025,3,14.25000000
432,selic_meta,Meta Selic,% a.a.,diaria,2025-03-23,2025,3,14.25000000
432,selic_meta,Meta Selic,% a.a.,diaria,2025-03-24,2025,3,14.25000000
432,selic_meta,Meta Selic,% a.a.,diaria,2025-03-25,2025,3,14.25000000
432,selic_meta,Meta Selic,% a.a.,diaria,2025-03-26,2025,3,14.25000000
432,selic_meta,Meta Selic,% a.a.,diaria,2025-03-27,2025,3,14.25000000
432,selic_meta,Meta Selic,% a.a.,diaria,2025-03-28,2025,3,14.25000000
432,selic_meta,Meta Selic,% a.a.,diaria,2025-03-29,2025,3,14.25000000
432,selic_meta,Meta Selic,% a.a.,diaria,2025-03-30,2025,3,14.25000000
432,selic_meta,Meta Selic,% a.a.,diaria,2025-03-31,2025,3,14.25000000
432,selic_meta,Meta Selic,% a.a.,diaria,2025-04-01,2025,4,14.25000000
432,selic_meta,Meta Selic,% a.a.,diaria,2025-04-02,2025,4,14.25000000
432,selic_meta,Meta Selic,% a.a.,diaria,2025-04-03,2025,4,14.25000000
432,selic_meta,Meta Selic,% a.a.,diaria,2025-04-04,2025,4,14.25000000
432,selic_meta,Meta Selic,% a.a.,diaria,2025-04-05,2025,4,14.25000000
432,selic_meta,Meta Selic,% a.a.,diaria,2025-04-06,2025,4,14.25000000
432,selic_meta,Meta Selic,% a.a.,diaria,2025-04-07,2025,4,14.25000000
432,selic_meta,Meta Selic,% a.a.,diaria,2025-04-08,2025,4,14.25000000
432,selic_meta,Meta Selic,% a.a.,diaria,2025-04-09,2025,4,14.25000000
432,selic_meta,Meta Selic,% a.a.,diaria,2025-04-10,2025,4,14.25000000
432,selic_meta,Meta Selic,% a.a.,diaria,2025-04-11,2025,4,14.25000000
432,selic_meta,Meta Selic,% a.a.,diaria,2025-04-12,2025,4,14.25000000
432,selic_meta,Meta Selic,% a.a.,diaria,2025-04-13,2025,4,14.25000000
432,selic_meta,Meta Selic,% a.a.,diaria,2025-04-14,2025,4,14.25000000
432,selic_meta,Meta Selic,% a.a.,diaria,2025-04-15,2025,4,14.25000000
432,selic_meta,Meta Selic,% a.a.,diaria,2025-04-16,2025,4,14.25000000
432,selic_meta,Meta Selic,% a.a.,diaria,2025-04-17,2025,4,14.25000000
432,selic_meta,Meta Selic,% a.a.,diaria,2025-04-18,2025,4,14.25000000
432,selic_meta,Meta Selic,% a.a.,diaria,2025-04-19,2025,4,14.25000000
432,selic_meta,Meta Selic,% a.a.,diaria,2025-04-20,2025,4,14.25000000
432,selic_meta,Meta Selic,% a.a.,diaria,2025-04-21,2025,4,14.25000000
432,selic_meta,Meta Selic,% a.a.,diaria,2025-04-22,2025,4,14.25000000
432,selic_meta,Meta Selic,% a.a.,diaria,2025-04-23,2025,4,14.25000000
432,selic_meta,Meta Selic,% a.a.,diaria,2025-04-24,2025,4,14.25000000
432,selic_meta,Meta Selic,% a.a.,diaria,2025-04-25,2025,4,14.25000000
432,selic_meta,Meta Selic,% a.a.,diaria,2025-04-26,2025,4,14.25000000
432,selic_meta,Meta Selic,% a.a.,diaria,2025-04-27,2025,4,14.25000000
432,selic_meta,Meta Selic,% a.a.,diaria,2025-04-28,2025,4,14.25000000
432,selic_meta,Meta Selic,% a.a.,diaria,2025-04-29,2025,4,14.25000000
432,selic_meta,Meta Selic,% a.a.,diaria,2025-04-30,2025,4,14.25000000
432,selic_meta,Meta Selic,% a.a.,diaria,2025-05-01,2025,5,14.25000000
432,selic_meta,Meta Selic,% a.a.,diaria,2025-05-02,2025,5,14.25000000
432,selic_meta,Meta Selic,% a.a.,diaria,2025-05-03,2025,5,14.25000000
432,selic_meta,Meta Selic,% a.a.,diaria,2025-05-04,2025,5,14.25000000
432,selic_meta,Meta Selic,% a.a.,diaria,2025-05-05,2025,5,14.25000000
432,selic_meta,Meta Selic,% a.a.,diaria,2025-05-06,2025,5,14.25000000
432,selic_meta,Meta Selic,% a.a.,diaria,2025-05-07,2025,5,14.25000000
432,selic_meta,Meta Selic,% a.a.,diaria,2025-05-08,2025,5,14.75000000
432,selic_meta,Meta Selic,% a.a.,diaria,2025-05-09,2025,5,14.75000000
432,selic_meta,Meta Selic,% a.a.,diaria,2025-05-10,2025,5,14.75000000
432,selic_meta,Meta Selic,% a.a.,diaria,2025-05-11,2025,5,14.75000000
432,selic_meta,Meta Selic,% a.a.,diaria,2025-05-12,2025,5,14.75000000
432,selic_meta,Meta Selic,% a.a.,diaria,2025-05-13,2025,5,14.75000000
432,selic_meta,Meta Selic,% a.a.,diaria,2025-05-14,2025,5,14.75000000
432,selic_meta,Meta Selic,% a.a.,diaria,2025-05-15,2025,5,14.75000000
432,selic_meta,Meta Selic,% a.a.,diaria,2025-05-16,2025,5,14.75000000
432,selic_meta,Meta Selic,% a.a.,diaria,2025-05-17,2025,5,14.75000000
432,selic_meta,Meta Selic,% a.a.,diaria,2025-05-18,2025,5,14.75000000
432,selic_meta,Meta Selic,% a.a.,diaria,2025-05-19,2025,5,14.75000000
432,selic_meta,Meta Selic,% a.a.,diaria,2025-05-20,2025,5,14.75000000
432,selic_meta,Meta Selic,% a.a.,diaria,2025-05-21,2025,5,14.75000000
432,selic_meta,Meta Selic,% a.a.,diaria,2025-05-22,2025,5,14.75000000
432,selic_meta,Meta Selic,% a.a.,diaria,2025-05-23,2025,5,14.75000000
432,selic_meta,Meta Selic,% a.a.,diaria,2025-05-24,2025,5,14.75000000
432,selic_meta,Meta Selic,% a.a.,diaria,2025-05-25,2025,5,14.75000000
432,selic_meta,Meta Selic,% a.a.,diaria,2025-05-26,2025,5,14.75000000
432,selic_meta,Meta Selic,% a.a.,diaria,2025-05-27,2025,5,14.75000000
432,selic_meta,Meta Selic,% a.a.,diaria,2025-05-28,2025,5,14.75000000
432,selic_meta,Meta Selic,% a.a.,diaria,2025-05-29,2025,5,14.75000000
432,selic_meta,Meta Selic,% a.a.,diaria,2025-05-30,2025,5,14.75000000
432,selic_meta,Meta Selic,% a.a.,diaria,2025-05-31,2025,5,14.75000000
432,selic_meta,Meta Selic,% a.a.,diaria,2025-06-01,2025,6,14.75000000
432,selic_meta,Meta Selic,% a.a.,diaria,2025-06-02,2025,6,14.75000000
432,selic_meta,Meta Selic,% a.a.,diaria,2025-06-03,2025,6,14.75000000
432,selic_meta,Meta Selic,% a.a.,diaria,2025-06-04,2025,6,14.75000000
432,selic_meta,Meta Selic,% a.a.,diaria,2025-06-05,2025,6,14.75000000
432,selic_meta,Meta Selic,% a.a.,diaria,2025-06-06,2025,6,14.75000000
432,selic_meta,Meta Selic,% a.a.,diaria,2025-06-07,2025,6,14.75000000
432,selic_meta,Meta Selic,% a.a.,diaria,2025-06-08,2025,6,14.75000000
432,selic_meta,Meta Selic,% a.a.,diaria,2025-06-09,2025,6,14.75000000
432,selic_meta,Meta Selic,% a.a.,diaria,2025-06-10,2025,6,14.75000000
432,selic_meta,Meta Selic,% a.a.,diaria,2025-06-11,2025,6,14.75000000
432,selic_meta,Meta Selic,% a.a.,diaria,2025-06-12,2025,6,14.75000000
432,selic_meta,Meta Selic,% a.a.,diaria,2025-06-13,2025,6,14.75000000
432,selic_meta,Meta Selic,% a.a.,diaria,2025-06-14,2025,6,14.75000000
432,selic_meta,Meta Selic,% a.a.,diaria,2025-06-15,2025,6,14.75000000
432,selic_meta,Meta Selic,% a.a.,diaria,2025-06-16,2025,6,14.75000000
432,selic_meta,Meta Selic,% a.a.,diaria,2025-06-17,2025,6,14.75000000
432,selic_meta,Meta Selic,% a.a.,diaria,2025-06-18,2025,6,14.75000000
432,selic_meta,Meta Selic,% a.a.,diaria,2025-06-19,2025,6,15.00000000
432,selic_meta,Meta Selic,% a.a.,diaria,2025-06-20,2025,6,15.00000000
432,selic_meta,Meta Selic,% a.a.,diaria,2025-06-21,2025,6,15.00000000
432,selic_meta,Meta Selic,% a.a.,diaria,2025-06-22,2025,6,15.00000000
432,selic_meta,Meta Selic,% a.a.,diaria,2025-06-23,2025,6,15.00000000
432,selic_meta,Meta Selic,% a.a.,diaria,2025-06-24,2025,6,15.00000000
432,selic_meta,Meta Selic,% a.a.,diaria,2025-06-25,2025,6,15.00000000
432,selic_meta,Meta Selic,% a.a.,diaria,2025-06-26,2025,6,15.00000000
432,selic_meta,Meta Selic,% a.a.,diaria,2025-06-27,2025,6,15.00000000
432,selic_meta,Meta Selic,% a.a.,diaria,2025-06-28,2025,6,15.00000000
432,selic_meta,Meta Selic,% a.a.,diaria,2025-06-29,2025,6,15.00000000
432,selic_meta,Meta Selic,% a.a.,diaria,2025-06-30,2025,6,15.00000000
432,selic_meta,Meta Selic,% a.a.,diaria,2025-07-01,2025,7,15.00000000
432,selic_meta,Meta Selic,% a.a.,diaria,2025-07-02,2025,7,15.00000000
432,selic_meta,Meta Selic,% a.a.,diaria,2025-07-03,2025,7,15.00000000
432,selic_meta,Meta Selic,% a.a.,diaria,2025-07-04,2025,7,15.00000000
432,selic_meta,Meta Selic,% a.a.,diaria,2025-07-05,2025,7,15.00000000
432,selic_meta,Meta Selic,% a.a.,diaria,2025-07-06,2025,7,15.00000000
432,selic_meta,Meta Selic,% a.a.,diaria,2025-07-07,2025,7,15.00000000
432,selic_meta,Meta Selic,% a.a.,diaria,2025-07-08,2025,7,15.00000000
432,selic_meta,Meta Selic,% a.a.,diaria,2025-07-09,2025,7,15.00000000
432,selic_meta,Meta Selic,% a.a.,diaria,2025-07-10,2025,7,15.00000000
432,selic_meta,Meta Selic,% a.a.,diaria,2025-07-11,2025,7,15.00000000
432,selic_meta,Meta Selic,% a.a.,diaria,2025-07-12,2025,7,15.00000000
432,selic_meta,Meta Selic,% a.a.,diaria,2025-07-13,2025,7,15.00000000
432,selic_meta,Meta Selic,% a.a.,diaria,2025-07-14,2025,7,15.00000000
432,selic_meta,Meta Selic,% a.a.,diaria,2025-07-15,2025,7,15.00000000
432,selic_meta,Meta Selic,% a.a.,diaria,2025-07-16,2025,7,15.00000000
432,selic_meta,Meta Selic,% a.a.,diaria,2025-07-17,2025,7,15.00000000
432,selic_meta,Meta Selic,% a.a.,diaria,2025-07-18,2025,7,15.00000000
432,selic_meta,Meta Selic,% a.a.,diaria,2025-07-19,2025,7,15.00000000
432,selic_meta,Meta Selic,% a.a.,diaria,2025-07-20,2025,7,15.00000000
432,selic_meta,Meta Selic,% a.a.,diaria,2025-07-21,2025,7,15.00000000
432,selic_meta,Meta Selic,% a.a.,diaria,2025-07-22,2025,7,15.00000000
432,selic_meta,Meta Selic,% a.a.,diaria,2025-07-23,2025,7,15.00000000
432,selic_meta,Meta Selic,% a.a.,diaria,2025-07-24,2025,7,15.00000000
432,selic_meta,Meta Selic,% a.a.,diaria,2025-07-25,2025,7,15.00000000
432,selic_meta,Meta Selic,% a.a.,diaria,2025-07-26,2025,7,15.00000000
432,selic_meta,Meta Selic,% a.a.,diaria,2025-07-27,2025,7,15.00000000
432,selic_meta,Meta Selic,% a.a.,diaria,2025-07-28,2025,7,15.00000000
432,selic_meta,Meta Selic,% a.a.,diaria,2025-07-29,2025,7,15.00000000
432,selic_meta,Meta Selic,% a.a.,diaria,2025-07-30,2025,7,15.00000000
432,selic_meta,Meta Selic,% a.a.,diaria,2025-07-31,2025,7,15.00000000
432,selic_meta,Meta Selic,% a.a.,diaria,2025-08-01,2025,8,15.00000000
432,selic_meta,Meta Selic,% a.a.,diaria,2025-08-02,2025,8,15.00000000
432,selic_meta,Meta Selic,% a.a.,diaria,2025-08-03,2025,8,15.00000000
432,selic_meta,Meta Selic,% a.a.,diaria,2025-08-04,2025,8,15.00000000
432,selic_meta,Meta Selic,% a.a.,diaria,2025-08-05,2025,8,15.00000000
432,selic_meta,Meta Selic,% a.a.,diaria,2025-08-06,2025,8,15.00000000
432,selic_meta,Meta Selic,% a.a.,diaria,2025-08-07,2025,8,15.00000000
432,selic_meta,Meta Selic,% a.a.,diaria,2025-08-08,2025,8,15.00000000
432,selic_meta,Meta Selic,% a.a.,diaria,2025-08-09,2025,8,15.00000000
432,selic_meta,Meta Selic,% a.a.,diaria,2025-08-10,2025,8,15.00000000
432,selic_meta,Meta Selic,% a.a.,diaria,2025-08-11,2025,8,15.00000000
432,selic_meta,Meta Selic,% a.a.,diaria,2025-08-12,2025,8,15.00000000
432,selic_meta,Meta Selic,% a.a.,diaria,2025-08-13,2025,8,15.00000000
432,selic_meta,Meta Selic,% a.a.,diaria,2025-08-14,2025,8,15.00000000
432,selic_meta,Meta Selic,% a.a.,diaria,2025-08-15,2025,8,15.00000000
432,selic_meta,Meta Selic,% a.a.,diaria,2025-08-16,2025,8,15.00000000
432,selic_meta,Meta Selic,% a.a.,diaria,2025-08-17,2025,8,15.00000000
432,selic_meta,Meta Selic,% a.a.,diaria,2025-08-18,2025,8,15.00000000
432,selic_meta,Meta Selic,% a.a.,diaria,2025-08-19,2025,8,15.00000000
432,selic_meta,Meta Selic,% a.a.,diaria,2025-08-20,2025,8,15.00000000
432,selic_meta,Meta Selic,% a.a.,diaria,2025-08-21,2025,8,15.00000000
432,selic_meta,Meta Selic,% a.a.,diaria,2025-08-22,2025,8,15.00000000
432,selic_meta,Meta Selic,% a.a.,diaria,2025-08-23,2025,8,15.00000000
432,selic_meta,Meta Selic,% a.a.,diaria,2025-08-24,2025,8,15.00000000
432,selic_meta,Meta Selic,% a.a.,diaria,2025-08-25,2025,8,15.00000000
432,selic_meta,Meta Selic,% a.a.,diaria,2025-08-26,2025,8,15.00000000
432,selic_meta,Meta Selic,% a.a.,diaria,2025-08-27,2025,8,15.00000000
432,selic_meta,Meta Selic,% a.a.,diaria,2025-08-28,2025,8,15.00000000
432,selic_meta,Meta Selic,% a.a.,diaria,2025-08-29,2025,8,15.00000000
432,selic_meta,Meta Selic,% a.a.,diaria,2025-08-30,2025,8,15.00000000
432,selic_meta,Meta Selic,% a.a.,diaria,2025-08-31,2025,8,15.00000000
432,selic_meta,Meta Selic,% a.a.,diaria,2025-09-01,2025,9,15.00000000
432,selic_meta,Meta Selic,% a.a.,diaria,2025-09-02,2025,9,15.00000000
432,selic_meta,Meta Selic,% a.a.,diaria,2025-09-03,2025,9,15.00000000
432,selic_meta,Meta Selic,% a.a.,diaria,2025-09-04,2025,9,15.00000000
432,selic_meta,Meta Selic,% a.a.,diaria,2025-09-05,2025,9,15.00000000
432,selic_meta,Meta Selic,% a.a.,diaria,2025-09-06,2025,9,15.00000000
432,selic_meta,Meta Selic,% a.a.,diaria,2025-09-07,2025,9,15.00000000
432,selic_meta,Meta Selic,% a.a.,diaria,2025-09-08,2025,9,15.00000000
432,selic_meta,Meta Selic,% a.a.,diaria,2025-09-09,2025,9,15.00000000
432,selic_meta,Meta Selic,% a.a.,diaria,2025-09-10,2025,9,15.00000000
432,selic_meta,Meta Selic,% a.a.,diaria,2025-09-11,2025,9,15.00000000
432,selic_meta,Meta Selic,% a.a.,diaria,2025-09-12,2025,9,15.00000000
432,selic_meta,Meta Selic,% a.a.,diaria,2025-09-13,2025,9,15.00000000
432,selic_meta,Meta Selic,% a.a.,diaria,2025-09-14,2025,9,15.00000000
432,selic_meta,Meta Selic,% a.a.,diaria,2025-09-15,2025,9,15.00000000
432,selic_meta,Meta Selic,% a.a.,diaria,2025-09-16,2025,9,15.00000000
432,selic_meta,Meta Selic,% a.a.,diaria,2025-09-17,2025,9,15.00000000
432,selic_meta,Meta Selic,% a.a.,diaria,2025-09-18,2025,9,15.00000000
432,selic_meta,Meta Selic,% a.a.,diaria,2025-09-19,2025,9,15.00000000
432,selic_meta,Meta Selic,% a.a.,diaria,2025-09-20,2025,9,15.00000000
432,selic_meta,Meta Selic,% a.a.,diaria,2025-09-21,2025,9,15.00000000
432,selic_meta,Meta Selic,% a.a.,diaria,2025-09-22,2025,9,15.00000000
432,selic_meta,Meta Selic,% a.a.,diaria,2025-09-23,2025,9,15.00000000
432,selic_meta,Meta Selic,% a.a.,diaria,2025-09-24,2025,9,15.00000000
432,selic_meta,Meta Selic,% a.a.,diaria,2025-09-25,2025,9,15.00000000
432,selic_meta,Meta Selic,% a.a.,diaria,2025-09-26,2025,9,15.00000000
432,selic_meta,Meta Selic,% a.a.,diaria,2025-09-27,2025,9,15.00000000
432,selic_meta,Meta Selic,% a.a.,diaria,2025-09-28,2025,9,15.00000000
432,selic_meta,Meta Selic,% a.a.,diaria,2025-09-29,2025,9,15.00000000
432,selic_meta,Meta Selic,% a.a.,diaria,2025-09-30,2025,9,15.00000000
432,selic_meta,Meta Selic,% a.a.,diaria,2025-10-01,2025,10,15.00000000
432,selic_meta,Meta Selic,% a.a.,diaria,2025-10-02,2025,10,15.00000000
432,selic_meta,Meta Selic,% a.a.,diaria,2025-10-03,2025,10,15.00000000
432,selic_meta,Meta Selic,% a.a.,diaria,2025-10-04,2025,10,15.00000000
432,selic_meta,Meta Selic,% a.a.,diaria,2025-10-05,2025,10,15.00000000
432,selic_meta,Meta Selic,% a.a.,diaria,2025-10-06,2025,10,15.00000000
432,selic_meta,Meta Selic,% a.a.,diaria,2025-10-07,2025,10,15.00000000
432,selic_meta,Meta Selic,% a.a.,diaria,2025-10-08,2025,10,15.00000000
432,selic_meta,Meta Selic,% a.a.,diaria,2025-10-09,2025,10,15.00000000
432,selic_meta,Meta Selic,% a.a.,diaria,2025-10-10,2025,10,15.00000000
432,selic_meta,Meta Selic,% a.a.,diaria,2025-10-11,2025,10,15.00000000
432,selic_meta,Meta Selic,% a.a.,diaria,2025-10-12,2025,10,15.00000000
432,selic_meta,Meta Selic,% a.a.,diaria,2025-10-13,2025,10,15.00000000
432,selic_meta,Meta Selic,% a.a.,diaria,2025-10-14,2025,10,15.00000000
432,selic_meta,Meta Selic,% a.a.,diaria,2025-10-15,2025,10,15.00000000
432,selic_meta,Meta Selic,% a.a.,diaria,2025-10-16,2025,10,15.00000000
432,selic_meta,Meta Selic,% a.a.,diaria,2025-10-17,2025,10,15.00000000
432,selic_meta,Meta Selic,% a.a.,diaria,2025-10-18,2025,10,15.00000000
432,selic_meta,Meta Selic,% a.a.,diaria,2025-10-19,2025,10,15.00000000
432,selic_meta,Meta Selic,% a.a.,diaria,2025-10-20,2025,10,15.00000000
432,selic_meta,Meta Selic,% a.a.,diaria,2025-10-21,2025,10,15.00000000
432,selic_meta,Meta Selic,% a.a.,diaria,2025-10-22,2025,10,15.00000000
432,selic_meta,Meta Selic,% a.a.,diaria,2025-10-23,2025,10,15.00000000
432,selic_meta,Meta Selic,% a.a.,diaria,2025-10-24,2025,10,15.00000000
432,selic_meta,Meta Selic,% a.a.,diaria,2025-10-25,2025,10,15.00000000
432,selic_meta,Meta Selic,% a.a.,diaria,2025-10-26,2025,10,15.00000000
432,selic_meta,Meta Selic,% a.a.,diaria,2025-10-27,2025,10,15.00000000
432,selic_meta,Meta Selic,% a.a.,diaria,2025-10-28,2025,10,15.00000000
432,selic_meta,Meta Selic,% a.a.,diaria,2025-10-29,2025,10,15.00000000
432,selic_meta,Meta Selic,% a.a.,diaria,2025-10-30,2025,10,15.00000000
432,selic_meta,Meta Selic,% a.a.,diaria,2025-10-31,2025,10,15.00000000
432,selic_meta,Meta Selic,% a.a.,diaria,2025-11-01,2025,11,15.00000000
432,selic_meta,Meta Selic,% a.a.,diaria,2025-11-02,2025,11,15.00000000
432,selic_meta,Meta Selic,% a.a.,diaria,2025-11-03,2025,11,15.00000000
432,selic_meta,Meta Selic,% a.a.,diaria,2025-11-04,2025,11,15.00000000
432,selic_meta,Meta Selic,% a.a.,diaria,2025-11-05,2025,11,15.00000000
432,selic_meta,Meta Selic,% a.a.,diaria,2025-11-06,2025,11,15.00000000
432,selic_meta,Meta Selic,% a.a.,diaria,2025-11-07,2025,11,15.00000000
432,selic_meta,Meta Selic,% a.a.,diaria,2025-11-08,2025,11,15.00000000
432,selic_meta,Meta Selic,% a.a.,diaria,2025-11-09,2025,11,15.00000000
432,selic_meta,Meta Selic,% a.a.,diaria,2025-11-10,2025,11,15.00000000
432,selic_meta,Meta Selic,% a.a.,diaria,2025-11-11,2025,11,15.00000000
432,selic_meta,Meta Selic,% a.a.,diaria,2025-11-12,2025,11,15.00000000
432,selic_meta,Meta Selic,% a.a.,diaria,2025-11-13,2025,11,15.00000000
432,selic_meta,Meta Selic,% a.a.,diaria,2025-11-14,2025,11,15.00000000
432,selic_meta,Meta Selic,% a.a.,diaria,2025-11-15,2025,11,15.00000000
432,selic_meta,Meta Selic,% a.a.,diaria,2025-11-16,2025,11,15.00000000
432,selic_meta,Meta Selic,% a.a.,diaria,2025-11-17,2025,11,15.00000000
432,selic_meta,Meta Selic,% a.a.,diaria,2025-11-18,2025,11,15.00000000
432,selic_meta,Meta Selic,% a.a.,diaria,2025-11-19,2025,11,15.00000000
432,selic_meta,Meta Selic,% a.a.,diaria,2025-11-20,2025,11,15.00000000
432,selic_meta,Meta Selic,% a.a.,diaria,2025-11-21,2025,11,15.00000000
432,selic_meta,Meta Selic,% a.a.,diaria,2025-11-22,2025,11,15.00000000
432,selic_meta,Meta Selic,% a.a.,diaria,2025-11-23,2025,11,15.00000000
432,selic_meta,Meta Selic,% a.a.,diaria,2025-11-24,2025,11,15.00000000
432,selic_meta,Meta Selic,% a.a.,diaria,2025-11-25,2025,11,15.00000000
432,selic_meta,Meta Selic,% a.a.,diaria,2025-11-26,2025,11,15.00000000
432,selic_meta,Meta Selic,% a.a.,diaria,2025-11-27,2025,11,15.00000000
432,selic_meta,Meta Selic,% a.a.,diaria,2025-11-28,2025,11,15.00000000
432,selic_meta,Meta Selic,% a.a.,diaria,2025-11-29,2025,11,15.00000000
432,selic_meta,Meta Selic,% a.a.,diaria,2025-11-30,2025,11,15.00000000
432,selic_meta,Meta Selic,% a.a.,diaria,2025-12-01,2025,12,15.00000000
432,selic_meta,Meta Selic,% a.a.,diaria,2025-12-02,2025,12,15.00000000
432,selic_meta,Meta Selic,% a.a.,diaria,2025-12-03,2025,12,15.00000000
432,selic_meta,Meta Selic,% a.a.,diaria,2025-12-04,2025,12,15.00000000
432,selic_meta,Meta Selic,% a.a.,diaria,2025-12-05,2025,12,15.00000000
432,selic_meta,Meta Selic,% a.a.,diaria,2025-12-06,2025,12,15.00000000
432,selic_meta,Meta Selic,% a.a.,diaria,2025-12-07,2025,12,15.00000000
432,selic_meta,Meta Selic,% a.a.,diaria,2025-12-08,2025,12,15.00000000
432,selic_meta,Meta Selic,% a.a.,diaria,2025-12-09,2025,12,15.00000000
432,selic_meta,Meta Selic,% a.a.,diaria,2025-12-10,2025,12,15.00000000
432,selic_meta,Meta Selic,% a.a.,diaria,2025-12-11,2025,12,15.00000000
432,selic_meta,Meta Selic,% a.a.,diaria,2025-12-12,2025,12,15.00000000
432,selic_meta,Meta Selic,% a.a.,diaria,2025-12-13,2025,12,15.00000000
432,selic_meta,Meta Selic,% a.a.,diaria,2025-12-14,2025,12,15.00000000
432,selic_meta,Meta Selic,% a.a.,diaria,2025-12-15,2025,12,15.00000000
432,selic_meta,Meta Selic,% a.a.,diaria,2025-12-16,2025,12,15.00000000
432,selic_meta,Meta Selic,% a.a.,diaria,2025-12-17,2025,12,15.00000000
432,selic_meta,Meta Selic,% a.a.,diaria,2025-12-18,2025,12,15.00000000
432,selic_meta,Meta Selic,% a.a.,diaria,2025-12-19,2025,12,15.00000000
432,selic_meta,Meta Selic,% a.a.,diaria,2025-12-20,2025,12,15.00000000
432,selic_meta,Meta Selic,% a.a.,diaria,2025-12-21,2025,12,15.00000000
432,selic_meta,Meta Selic,% a.a.,diaria,2025-12-22,2025,12,15.00000000
432,selic_meta,Meta Selic,% a.a.,diaria,2025-12-23,2025,12,15.00000000
432,selic_meta,Meta Selic,% a.a.,diaria,2025-12-24,2025,12,15.00000000
432,selic_meta,Meta Selic,% a.a.,diaria,2025-12-25,2025,12,15.00000000
432,selic_meta,Meta Selic,% a.a.,diaria,2025-12-26,2025,12,15.00000000
432,selic_meta,Meta Selic,% a.a.,diaria,2025-12-27,2025,12,15.00000000
432,selic_meta,Meta Selic,% a.a.,diaria,2025-12-28,2025,12,15.00000000
432,selic_meta,Meta Selic,% a.a.,diaria,2025-12-29,2025,12,15.00000000
432,selic_meta,Meta Selic,% a.a.,diaria,2025-12-30,2025,12,15.00000000
432,selic_meta,Meta Selic,% a.a.,diaria,2025-12-31,2025,12,15.00000000
432,selic_meta,Meta Selic,% a.a.,diaria,2026-01-01,2026,1,15.00000000
432,selic_meta,Meta Selic,% a.a.,diaria,2026-01-02,2026,1,15.00000000
432,selic_meta,Meta Selic,% a.a.,diaria,2026-01-03,2026,1,15.00000000
432,selic_meta,Meta Selic,% a.a.,diaria,2026-01-04,2026,1,15.00000000
432,selic_meta,Meta Selic,% a.a.,diaria,2026-01-05,2026,1,15.00000000
432,selic_meta,Meta Selic,% a.a.,diaria,2026-01-06,2026,1,15.00000000
432,selic_meta,Meta Selic,% a.a.,diaria,2026-01-07,2026,1,15.00000000
432,selic_meta,Meta Selic,% a.a.,diaria,2026-01-08,2026,1,15.00000000
432,selic_meta,Meta Selic,% a.a.,diaria,2026-01-09,2026,1,15.00000000
432,selic_meta,Meta Selic,% a.a.,diaria,2026-01-10,2026,1,15.00000000
432,selic_meta,Meta Selic,% a.a.,diaria,2026-01-11,2026,1,15.00000000
432,selic_meta,Meta Selic,% a.a.,diaria,2026-01-12,2026,1,15.00000000
432,selic_meta,Meta Selic,% a.a.,diaria,2026-01-13,2026,1,15.00000000
432,selic_meta,Meta Selic,% a.a.,diaria,2026-01-14,2026,1,15.00000000
432,selic_meta,Meta Selic,% a.a.,diaria,2026-01-15,2026,1,15.00000000
432,selic_meta,Meta Selic,% a.a.,diaria,2026-01-16,2026,1,15.00000000
432,selic_meta,Meta Selic,% a.a.,diaria,2026-01-17,2026,1,15.00000000
432,selic_meta,Meta Selic,% a.a.,diaria,2026-01-18,2026,1,15.00000000
432,selic_meta,Meta Selic,% a.a.,diaria,2026-01-19,2026,1,15.00000000
432,selic_meta,Meta Selic,% a.a.,diaria,2026-01-20,2026,1,15.00000000
432,selic_meta,Meta Selic,% a.a.,diaria,2026-01-21,2026,1,15.00000000
432,selic_meta,Meta Selic,% a.a.,diaria,2026-01-22,2026,1,15.00000000
432,selic_meta,Meta Selic,% a.a.,diaria,2026-01-23,2026,1,15.00000000
432,selic_meta,Meta Selic,% a.a.,diaria,2026-01-24,2026,1,15.00000000
432,selic_meta,Meta Selic,% a.a.,diaria,2026-01-25,2026,1,15.00000000
432,selic_meta,Meta Selic,% a.a.,diaria,2026-01-26,2026,1,15.00000000
432,selic_meta,Meta Selic,% a.a.,diaria,2026-01-27,2026,1,15.00000000
432,selic_meta,Meta Selic,% a.a.,diaria,2026-01-28,2026,1,15.00000000
432,selic_meta,Meta Selic,% a.a.,diaria,2026-01-29,2026,1,15.00000000
432,selic_meta,Meta Selic,% a.a.,diaria,2026-01-30,2026,1,15.00000000
432,selic_meta,Meta Selic,% a.a.,diaria,2026-01-31,2026,1,15.00000000
432,selic_meta,Meta Selic,% a.a.,diaria,2026-02-01,2026,2,15.00000000
432,selic_meta,Meta Selic,% a.a.,diaria,2026-02-02,2026,2,15.00000000
432,selic_meta,Meta Selic,% a.a.,diaria,2026-02-03,2026,2,15.00000000
432,selic_meta,Meta Selic,% a.a.,diaria,2026-02-04,2026,2,15.00000000
432,selic_meta,Meta Selic,% a.a.,diaria,2026-02-05,2026,2,15.00000000
432,selic_meta,Meta Selic,% a.a.,diaria,2026-02-06,2026,2,15.00000000
432,selic_meta,Meta Selic,% a.a.,diaria,2026-02-07,2026,2,15.00000000
432,selic_meta,Meta Selic,% a.a.,diaria,2026-02-08,2026,2,15.00000000
432,selic_meta,Meta Selic,% a.a.,diaria,2026-02-09,2026,2,15.00000000
432,selic_meta,Meta Selic,% a.a.,diaria,2026-02-10,2026,2,15.00000000
432,selic_meta,Meta Selic,% a.a.,diaria,2026-02-11,2026,2,15.00000000
432,selic_meta,Meta Selic,% a.a.,diaria,2026-02-12,2026,2,15.00000000
432,selic_meta,Meta Selic,% a.a.,diaria,2026-02-13,2026,2,15.00000000
432,selic_meta,Meta Selic,% a.a.,diaria,2026-02-14,2026,2,15.00000000
432,selic_meta,Meta Selic,% a.a.,diaria,2026-02-15,2026,2,15.00000000
432,selic_meta,Meta Selic,% a.a.,diaria,2026-02-16,2026,2,15.00000000
432,selic_meta,Meta Selic,% a.a.,diaria,2026-02-17,2026,2,15.00000000
432,selic_meta,Meta Selic,% a.a.,diaria,2026-02-18,2026,2,15.00000000
432,selic_meta,Meta Selic,% a.a.,diaria,2026-02-19,2026,2,15.00000000
432,selic_meta,Meta Selic,% a.a.,diaria,2026-02-20,2026,2,15.00000000
432,selic_meta,Meta Selic,% a.a.,diaria,2026-02-21,2026,2,15.00000000
432,selic_meta,Meta Selic,% a.a.,diaria,2026-02-22,2026,2,15.00000000
432,selic_meta,Meta Selic,% a.a.,diaria,2026-02-23,2026,2,15.00000000
432,selic_meta,Meta Selic,% a.a.,diaria,2026-02-24,2026,2,15.00000000
432,selic_meta,Meta Selic,% a.a.,diaria,2026-02-25,2026,2,15.00000000
432,selic_meta,Meta Selic,% a.a.,diaria,2026-02-26,2026,2,15.00000000
432,selic_meta,Meta Selic,% a.a.,diaria,2026-02-27,2026,2,15.00000000
432,selic_meta,Meta Selic,% a.a.,diaria,2026-02-28,2026,2,15.00000000
432,selic_meta,Meta Selic,% a.a.,diaria,2026-03-01,2026,3,15.00000000
432,selic_meta,Meta Selic,% a.a.,diaria,2026-03-02,2026,3,15.00000000
432,selic_meta,Meta Selic,% a.a.,diaria,2026-03-03,2026,3,15.00000000
432,selic_meta,Meta Selic,% a.a.,diaria,2026-03-04,2026,3,15.00000000
432,selic_meta,Meta Selic,% a.a.,diaria,2026-03-05,2026,3,15.00000000
432,selic_meta,Meta Selic,% a.a.,diaria,2026-03-06,2026,3,15.00000000
432,selic_meta,Meta Selic,% a.a.,diaria,2026-03-07,2026,3,15.00000000
432,selic_meta,Meta Selic,% a.a.,diaria,2026-03-08,2026,3,15.00000000
432,selic_meta,Meta Selic,% a.a.,diaria,2026-03-09,2026,3,15.00000000
432,selic_meta,Meta Selic,% a.a.,diaria,2026-03-10,2026,3,15.00000000
432,selic_meta,Meta Selic,% a.a.,diaria,2026-03-11,2026,3,15.00000000
432,selic_meta,Meta Selic,% a.a.,diaria,2026-03-12,2026,3,15.00000000
432,selic_meta,Meta Selic,% a.a.,diaria,2026-03-13,2026,3,15.00000000
432,selic_meta,Meta Selic,% a.a.,diaria,2026-03-14,2026,3,15.00000000
432,selic_meta,Meta Selic,% a.a.,diaria,2026-03-15,2026,3,15.00000000
432,selic_meta,Meta Selic,% a.a.,diaria,2026-03-16,2026,3,15.00000000
432,selic_meta,Meta Selic,% a.a.,diaria,2026-03-17,2026,3,15.00000000
432,selic_meta,Meta Selic,% a.a.,diaria,2026-03-18,2026,3,15.00000000
432,selic_meta,Meta Selic,% a.a.,diaria,2026-03-19,2026,3,14.75000000
432,selic_meta,Meta Selic,% a.a.,diaria,2026-03-20,2026,3,14.75000000
432,selic_meta,Meta Selic,% a.a.,diaria,2026-03-21,2026,3,14.75000000
432,selic_meta,Meta Selic,% a.a.,diaria,2026-03-22,2026,3,14.75000000
432,selic_meta,Meta Selic,% a.a.,diaria,2026-03-23,2026,3,14.75000000
432,selic_meta,Meta Selic,% a.a.,diaria,2026-03-24,2026,3,14.75000000
432,selic_meta,Meta Selic,% a.a.,diaria,2026-03-25,2026,3,14.75000000
432,selic_meta,Meta Selic,% a.a.,diaria,2026-03-26,2026,3,14.75000000
432,selic_meta,Meta Selic,% a.a.,diaria,2026-03-27,2026,3,14.75000000
432,selic_meta,Meta Selic,% a.a.,diaria,2026-03-28,2026,3,14.75000000
432,selic_meta,Meta Selic,% a.a.,diaria,2026-03-29,2026,3,14.75000000
432,selic_meta,Meta Selic,% a.a.,diaria,2026-03-30,2026,3,14.75000000
432,selic_meta,Meta Selic,% a.a.,diaria,2026-03-31,2026,3,14.75000000
432,selic_meta,Meta Selic,% a.a.,diaria,2026-04-01,2026,4,14.75000000
432,selic_meta,Meta Selic,% a.a.,diaria,2026-04-02,2026,4,14.75000000
432,selic_meta,Meta Selic,% a.a.,diaria,2026-04-03,2026,4,14.75000000
432,selic_meta,Meta Selic,% a.a.,diaria,2026-04-04,2026,4,14.75000000
432,selic_meta,Meta Selic,% a.a.,diaria,2026-04-05,2026,4,14.75000000
432,selic_meta,Meta Selic,% a.a.,diaria,2026-04-06,2026,4,14.75000000
432,selic_meta,Meta Selic,% a.a.,diaria,2026-04-07,2026,4,14.75000000
432,selic_meta,Meta Selic,% a.a.,diaria,2026-04-08,2026,4,14.75000000
432,selic_meta,Meta Selic,% a.a.,diaria,2026-04-09,2026,4,14.75000000
432,selic_meta,Meta Selic,% a.a.,diaria,2026-04-10,2026,4,14.75000000
432,selic_meta,Meta Selic,% a.a.,diaria,2026-04-11,2026,4,14.75000000
432,selic_meta,Meta Selic,% a.a.,diaria,2026-04-12,2026,4,14.75000000
432,selic_meta,Meta Selic,% a.a.,diaria,2026-04-13,2026,4,14.75000000
432,selic_meta,Meta Selic,% a.a.,diaria,2026-04-14,2026,4,14.75000000
432,selic_meta,Meta Selic,% a.a.,diaria,2026-04-15,2026,4,14.75000000
432,selic_meta,Meta Selic,% a.a.,diaria,2026-04-16,2026,4,14.75000000
432,selic_meta,Meta Selic,% a.a.,diaria,2026-04-17,2026,4,14.75000000
432,selic_meta,Meta Selic,% a.a.,diaria,2026-04-18,2026,4,14.75000000
432,selic_meta,Meta Selic,% a.a.,diaria,2026-04-19,2026,4,14.75000000
432,selic_meta,Meta Selic,% a.a.,diaria,2026-04-20,2026,4,14.75000000
432,selic_meta,Meta Selic,% a.a.,diaria,2026-04-21,2026,4,14.75000000
432,selic_meta,Meta Selic,% a.a.,diaria,2026-04-22,2026,4,14.75000000
432,selic_meta,Meta Selic,% a.a.,diaria,2026-04-23,2026,4,14.75000000
432,selic_meta,Meta Selic,% a.a.,diaria,2026-04-24,2026,4,14.75000000
432,selic_meta,Meta Selic,% a.a.,diaria,2026-04-25,2026,4,14.75000000
432,selic_meta,Meta Selic,% a.a.,diaria,2026-04-26,2026,4,14.75000000
432,selic_meta,Meta Selic,% a.a.,diaria,2026-04-27,2026,4,14.75000000
432,selic_meta,Meta Selic,% a.a.,diaria,2026-04-28,2026,4,14.75000000
432,selic_meta,Meta Selic,% a.a.,diaria,2026-04-29,2026,4,14.75000000
432,selic_meta,Meta Selic,% a.a.,diaria,2026-04-30,2026,4,14.50000000
432,selic_meta,Meta Selic,% a.a.,diaria,2026-05-01,2026,5,14.50000000
432,selic_meta,Meta Selic,% a.a.,diaria,2026-05-02,2026,5,14.50000000
432,selic_meta,Meta Selic,% a.a.,diaria,2026-05-03,2026,5,14.50000000
432,selic_meta,Meta Selic,% a.a.,diaria,2026-05-04,2026,5,14.50000000
432,selic_meta,Meta Selic,% a.a.,diaria,2026-05-05,2026,5,14.50000000
432,selic_meta,Meta Selic,% a.a.,diaria,2026-05-06,2026,5,14.50000000
432,selic_meta,Meta Selic,% a.a.,diaria,2026-05-07,2026,5,14.50000000
432,selic_meta,Meta Selic,% a.a.,diaria,2026-05-08,2026,5,14.50000000
432,selic_meta,Meta Selic,% a.a.,diaria,2026-05-09,2026,5,14.50000000
432,selic_meta,Meta Selic,% a.a.,diaria,2026-05-10,2026,5,14.50000000
432,selic_meta,Meta Selic,% a.a.,diaria,2026-05-11,2026,5,14.50000000
432,selic_meta,Meta Selic,% a.a.,diaria,2026-05-12,2026,5,14.50000000
432,selic_meta,Meta Selic,% a.a.,diaria,2026-05-13,2026,5,14.50000000
432,selic_meta,Meta Selic,% a.a.,diaria,2026-05-14,2026,5,14.50000000
432,selic_meta,Meta Selic,% a.a.,diaria,2026-05-15,2026,5,14.50000000
432,selic_meta,Meta Selic,% a.a.,diaria,2026-05-16,2026,5,14.50000000
432,selic_meta,Meta Selic,% a.a.,diaria,2026-05-17,2026,5,14.50000000
432,selic_meta,Meta Selic,% a.a.,diaria,2026-05-18,2026,5,14.50000000
432,selic_meta,Meta Selic,% a.a.,diaria,2026-05-19,2026,5,14.50000000
432,selic_meta,Meta Selic,% a.a.,diaria,2026-05-20,2026,5,14.50000000
432,selic_meta,Meta Selic,% a.a.,diaria,2026-05-21,2026,5,14.50000000
432,selic_meta,Meta Selic,% a.a.,diaria,2026-05-22,2026,5,14.50000000
432,selic_meta,Meta Selic,% a.a.,diaria,2026-05-23,2026,5,14.50000000
432,selic_meta,Meta Selic,% a.a.,diaria,2026-05-24,2026,5,14.50000000
432,selic_meta,Meta Selic,% a.a.,diaria,2026-05-25,2026,5,14.50000000
432,selic_meta,Meta Selic,% a.a.,diaria,2026-05-26,2026,5,14.50000000
432,selic_meta,Meta Selic,% a.a.,diaria,2026-05-27,2026,5,14.50000000
432,selic_meta,Meta Selic,% a.a.,diaria,2026-05-28,2026,5,14.50000000
432,selic_meta,Meta Selic,% a.a.,diaria,2026-05-29,2026,5,14.50000000
432,selic_meta,Meta Selic,% a.a.,diaria,2026-05-30,2026,5,14.50000000
432,selic_meta,Meta Selic,% a.a.,diaria,2026-05-31,2026,5,14.50000000
432,selic_meta,Meta Selic,% a.a.,diaria,2026-06-01,2026,6,14.50000000
432,selic_meta,Meta Selic,% a.a.,diaria,2026-06-02,2026,6,14.50000000
432,selic_meta,Meta Selic,% a.a.,diaria,2026-06-03,2026,6,14.50000000
432,selic_meta,Meta Selic,% a.a.,diaria,2026-06-04,2026,6,14.50000000
432,selic_meta,Meta Selic,% a.a.,diaria,2026-06-05,2026,6,14.50000000
432,selic_meta,Meta Selic,% a.a.,diaria,2026-06-06,2026,6,14.50000000
432,selic_meta,Meta Selic,% a.a.,diaria,2026-06-07,2026,6,14.50000000
432,selic_meta,Meta Selic,% a.a.,diaria,2026-06-08,2026,6,14.50000000
432,selic_meta,Meta Selic,% a.a.,diaria,2026-06-09,2026,6,14.50000000
432,selic_meta,Meta Selic,% a.a.,diaria,2026-06-10,2026,6,14.50000000
432,selic_meta,Meta Selic,% a.a.,diaria,2026-06-11,2026,6,14.50000000
432,selic_meta,Meta Selic,% a.a.,diaria,2026-06-12,2026,6,14.50000000
432,selic_meta,Meta Selic,% a.a.,diaria,2026-06-13,2026,6,14.50000000
432,selic_meta,Meta Selic,% a.a.,diaria,2026-06-14,2026,6,14.50000000
432,selic_meta,Meta Selic,% a.a.,diaria,2026-06-15,2026,6,14.50000000
432,selic_meta,Meta Selic,% a.a.,diaria,2026-06-16,2026,6,14.50000000
432,selic_meta,Meta Selic,% a.a.,diaria,2026-06-17,2026,6,14.50000000
432,selic_meta,Meta Selic,% a.a.,diaria,2026-06-18,2026,6,14.25000000
432,selic_meta,Meta Selic,% a.a.,diaria,2026-06-19,2026,6,14.25000000
432,selic_meta,Meta Selic,% a.a.,diaria,2026-06-20,2026,6,14.25000000
432,selic_meta,Meta Selic,% a.a.,diaria,2026-06-21,2026,6,14.25000000
432,selic_meta,Meta Selic,% a.a.,diaria,2026-06-22,2026,6,14.25000000
432,selic_meta,Meta Selic,% a.a.,diaria,2026-06-23,2026,6,14.25000000
432,selic_meta,Meta Selic,% a.a.,diaria,2026-06-24,2026,6,14.25000000
432,selic_meta,Meta Selic,% a.a.,diaria,2026-06-25,2026,6,14.25000000
432,selic_meta,Meta Selic,% a.a.,diaria,2026-06-26,2026,6,14.25000000
432,selic_meta,Meta Selic,% a.a.,diaria,2026-06-27,2026,6,14.25000000
432,selic_meta,Meta Selic,% a.a.,diaria,2026-06-28,2026,6,14.25000000
432,selic_meta,Meta Selic,% a.a.,diaria,2026-06-29,2026,6,14.25000000
432,selic_meta,Meta Selic,% a.a.,diaria,2026-06-30,2026,6,14.25000000
432,selic_meta,Meta Selic,% a.a.,diaria,2026-07-01,2026,7,14.25000000
432,selic_meta,Meta Selic,% a.a.,diaria,2026-07-02,2026,7,14.25000000
432,selic_meta,Meta Selic,% a.a.,diaria,2026-07-03,2026,7,14.25000000
432,selic_meta,Meta Selic,% a.a.,diaria,2026-07-04,2026,7,14.25000000
432,selic_meta,Meta Selic,% a.a.,diaria,2026-07-05,2026,7,14.25000000
432,selic_meta,Meta Selic,% a.a.,diaria,2026-07-06,2026,7,14.25000000
432,selic_meta,Meta Selic,% a.a.,diaria,2026-07-07,2026,7,14.25000000
432,selic_meta,Meta Selic,% a.a.,diaria,2026-07-08,2026,7,14.25000000
432,selic_meta,Meta Selic,% a.a.,diaria,2026-07-09,2026,7,14.25000000
432,selic_meta,Meta Selic,% a.a.,diaria,2026-07-10,2026,7,14.25000000
432,selic_meta,Meta Selic,% a.a.,diaria,2026-07-11,2026,7,14.25000000
432,selic_meta,Meta Selic,% a.a.,diaria,2026-07-12,2026,7,14.25000000
432,selic_meta,Meta Selic,% a.a.,diaria,2026-07-13,2026,7,14.25000000
432,selic_meta,Meta Selic,% a.a.,diaria,2026-07-14,2026,7,14.25000000
432,selic_meta,Meta Selic,% a.a.,diaria,2026-07-15,2026,7,14.25000000
432,selic_meta,Meta Selic,% a.a.,diaria,2026-07-16,2026,7,14.25000000
432,selic_meta,Meta Selic,% a.a.,diaria,2026-07-17,2026,7,14.25000000
432,selic_meta,Meta Selic,% a.a.,diaria,2026-07-18,2026,7,14.25000000
432,selic_meta,Meta Selic,% a.a.,diaria,2026-07-19,2026,7,14.25000000
432,selic_meta,Meta Selic,% a.a.,diaria,2026-07-20,2026,7,14.25000000
432,selic_meta,Meta Selic,% a.a.,diaria,2026-07-21,2026,7,14.25000000
432,selic_meta,Meta Selic,% a.a.,diaria,2026-07-22,2026,7,14.25000000
432,selic_meta,Meta Selic,% a.a.,diaria,2026-07-23,2026,7,14.25000000
432,selic_meta,Meta Selic,% a.a.,diaria,2026-07-24,2026,7,14.25000000
432,selic_meta,Meta Selic,% a.a.,diaria,2026-07-25,2026,7,14.25000000
432,selic_meta,Meta Selic,% a.a.,diaria,2026-07-26,2026,7,14.25000000
432,selic_meta,Meta Selic,% a.a.,diaria,2026-07-27,2026,7,14.25000000
432,selic_meta,Meta Selic,% a.a.,diaria,2026-07-28,2026,7,14.25000000
432,selic_meta,Meta Selic,% a.a.,diaria,2026-07-29,2026,7,14.25000000
432,selic_meta,Meta Selic,% a.a.,diaria,2026-07-30,2026,7,14.25000000
432,selic_meta,Meta Selic,% a.a.,diaria,2026-07-31,2026,7,14.25000000
432,selic_meta,Meta Selic,% a.a.,diaria,2026-08-01,2026,8,14.25000000
432,selic_meta,Meta Selic,% a.a.,diaria,2026-08-02,2026,8,14.25000000
432,selic_meta,Meta Selic,% a.a.,diaria,2026-08-03,2026,8,14.25000000
432,selic_meta,Meta Selic,% a.a.,diaria,2026-08-04,2026,8,14.25000000
432,selic_meta,Meta Selic,% a.a.,diaria,2026-08-05,2026,8,14.25000000
1178,selic_efetiva,Taxa Selic efetiva anualizada,% a.a.,diaria,2016-01-04,2016,1,14.15000000
1178,selic_efetiva,Taxa Selic efetiva anualizada,% a.a.,diaria,2016-01-05,2016,1,14.15000000
1178,selic_efetiva,Taxa Selic efetiva anualizada,% a.a.,diaria,2016-01-06,2016,1,14.15000000
1178,selic_efetiva,Taxa Selic efetiva anualizada,% a.a.,diaria,2016-01-07,2016,1,14.15000000
1178,selic_efetiva,Taxa Selic efetiva anualizada,% a.a.,diaria,2016-01-08,2016,1,14.15000000
1178,selic_efetiva,Taxa Selic efetiva anualizada,% a.a.,diaria,2016-01-11,2016,1,14.15000000
1178,selic_efetiva,Taxa Selic efetiva anualizada,% a.a.,diaria,2016-01-12,2016,1,14.15000000
1178,selic_efetiva,Taxa Selic efetiva anualizada,% a.a.,diaria,2016-01-13,2016,1,14.15000000
1178,selic_efetiva,Taxa Selic efetiva anualizada,% a.a.,diaria,2016-01-14,2016,1,14.15000000
1178,selic_efetiva,Taxa Selic efetiva anualizada,% a.a.,diaria,2016-01-15,2016,1,14.15000000
1178,selic_efetiva,Taxa Selic efetiva anualizada,% a.a.,diaria,2016-01-18,2016,1,14.15000000
1178,selic_efetiva,Taxa Selic efetiva anualizada,% a.a.,diaria,2016-01-19,2016,1,14.15000000
1178,selic_efetiva,Taxa Selic efetiva anualizada,% a.a.,diaria,2016-01-20,2016,1,14.15000000
1178,selic_efetiva,Taxa Selic efetiva anualizada,% a.a.,diaria,2016-01-21,2016,1,14.15000000
1178,selic_efetiva,Taxa Selic efetiva anualizada,% a.a.,diaria,2016-01-22,2016,1,14.15000000
1178,selic_efetiva,Taxa Selic efetiva anualizada,% a.a.,diaria,2016-01-25,2016,1,14.15000000
1178,selic_efetiva,Taxa Selic efetiva anualizada,% a.a.,diaria,2016-01-26,2016,1,14.15000000
1178,selic_efetiva,Taxa Selic efetiva anualizada,% a.a.,diaria,2016-01-27,2016,1,14.15000000
1178,selic_efetiva,Taxa Selic efetiva anualizada,% a.a.,diaria,2016-01-28,2016,1,14.15000000
1178,selic_efetiva,Taxa Selic efetiva anualizada,% a.a.,diaria,2016-01-29,2016,1,14.15000000
1178,selic_efetiva,Taxa Selic efetiva anualizada,% a.a.,diaria,2016-02-01,2016,2,14.15000000
1178,selic_efetiva,Taxa Selic efetiva anualizada,% a.a.,diaria,2016-02-02,2016,2,14.15000000
1178,selic_efetiva,Taxa Selic efetiva anualizada,% a.a.,diaria,2016-02-03,2016,2,14.15000000
1178,selic_efetiva,Taxa Selic efetiva anualizada,% a.a.,diaria,2016-02-04,2016,2,14.15000000
1178,selic_efetiva,Taxa Selic efetiva anualizada,% a.a.,diaria,2016-02-05,2016,2,14.15000000
1178,selic_efetiva,Taxa Selic efetiva anualizada,% a.a.,diaria,2016-02-10,2016,2,14.15000000
1178,selic_efetiva,Taxa Selic efetiva anualizada,% a.a.,diaria,2016-02-11,2016,2,14.15000000
1178,selic_efetiva,Taxa Selic efetiva anualizada,% a.a.,diaria,2016-02-12,2016,2,14.15000000
1178,selic_efetiva,Taxa Selic efetiva anualizada,% a.a.,diaria,2016-02-15,2016,2,14.15000000
1178,selic_efetiva,Taxa Selic efetiva anualizada,% a.a.,diaria,2016-02-16,2016,2,14.15000000
1178,selic_efetiva,Taxa Selic efetiva anualizada,% a.a.,diaria,2016-02-17,2016,2,14.15000000
1178,selic_efetiva,Taxa Selic efetiva anualizada,% a.a.,diaria,2016-02-18,2016,2,14.15000000
1178,selic_efetiva,Taxa Selic efetiva anualizada,% a.a.,diaria,2016-02-19,2016,2,14.15000000
1178,selic_efetiva,Taxa Selic efetiva anualizada,% a.a.,diaria,2016-02-22,2016,2,14.15000000
1178,selic_efetiva,Taxa Selic efetiva anualizada,% a.a.,diaria,2016-02-23,2016,2,14.15000000
1178,selic_efetiva,Taxa Selic efetiva anualizada,% a.a.,diaria,2016-02-24,2016,2,14.15000000
1178,selic_efetiva,Taxa Selic efetiva anualizada,% a.a.,diaria,2016-02-25,2016,2,14.15000000
1178,selic_efetiva,Taxa Selic efetiva anualizada,% a.a.,diaria,2016-02-26,2016,2,14.15000000
1178,selic_efetiva,Taxa Selic efetiva anualizada,% a.a.,diaria,2016-02-29,2016,2,14.15000000
1178,selic_efetiva,Taxa Selic efetiva anualizada,% a.a.,diaria,2016-03-01,2016,3,14.15000000
1178,selic_efetiva,Taxa Selic efetiva anualizada,% a.a.,diaria,2016-03-02,2016,3,14.15000000
1178,selic_efetiva,Taxa Selic efetiva anualizada,% a.a.,diaria,2016-03-03,2016,3,14.15000000
1178,selic_efetiva,Taxa Selic efetiva anualizada,% a.a.,diaria,2016-03-04,2016,3,14.15000000
1178,selic_efetiva,Taxa Selic efetiva anualizada,% a.a.,diaria,2016-03-07,2016,3,14.15000000
1178,selic_efetiva,Taxa Selic efetiva anualizada,% a.a.,diaria,2016-03-08,2016,3,14.15000000
1178,selic_efetiva,Taxa Selic efetiva anualizada,% a.a.,diaria,2016-03-09,2016,3,14.15000000
1178,selic_efetiva,Taxa Selic efetiva anualizada,% a.a.,diaria,2016-03-10,2016,3,14.15000000
1178,selic_efetiva,Taxa Selic efetiva anualizada,% a.a.,diaria,2016-03-11,2016,3,14.15000000
1178,selic_efetiva,Taxa Selic efetiva anualizada,% a.a.,diaria,2016-03-14,2016,3,14.15000000
1178,selic_efetiva,Taxa Selic efetiva anualizada,% a.a.,diaria,2016-03-15,2016,3,14.15000000
1178,selic_efetiva,Taxa Selic efetiva anualizada,% a.a.,diaria,2016-03-16,2016,3,14.15000000
1178,selic_efetiva,Taxa Selic efetiva anualizada,% a.a.,diaria,2016-03-17,2016,3,14.15000000
1178,selic_efetiva,Taxa Selic efetiva anualizada,% a.a.,diaria,2016-03-18,2016,3,14.15000000
1178,selic_efetiva,Taxa Selic efetiva anualizada,% a.a.,diaria,2016-03-21,2016,3,14.15000000
1178,selic_efetiva,Taxa Selic efetiva anualizada,% a.a.,diaria,2016-03-22,2016,3,14.15000000
1178,selic_efetiva,Taxa Selic efetiva anualizada,% a.a.,diaria,2016-03-23,2016,3,14.15000000
1178,selic_efetiva,Taxa Selic efetiva anualizada,% a.a.,diaria,2016-03-24,2016,3,14.15000000
1178,selic_efetiva,Taxa Selic efetiva anualizada,% a.a.,diaria,2016-03-28,2016,3,14.15000000
1178,selic_efetiva,Taxa Selic efetiva anualizada,% a.a.,diaria,2016-03-29,2016,3,14.15000000
1178,selic_efetiva,Taxa Selic efetiva anualizada,% a.a.,diaria,2016-03-30,2016,3,14.15000000
1178,selic_efetiva,Taxa Selic efetiva anualizada,% a.a.,diaria,2016-03-31,2016,3,14.15000000
1178,selic_efetiva,Taxa Selic efetiva anualizada,% a.a.,diaria,2016-04-01,2016,4,14.15000000
1178,selic_efetiva,Taxa Selic efetiva anualizada,% a.a.,diaria,2016-04-04,2016,4,14.15000000
1178,selic_efetiva,Taxa Selic efetiva anualizada,% a.a.,diaria,2016-04-05,2016,4,14.15000000
1178,selic_efetiva,Taxa Selic efetiva anualizada,% a.a.,diaria,2016-04-06,2016,4,14.15000000
1178,selic_efetiva,Taxa Selic efetiva anualizada,% a.a.,diaria,2016-04-07,2016,4,14.15000000
1178,selic_efetiva,Taxa Selic efetiva anualizada,% a.a.,diaria,2016-04-08,2016,4,14.15000000
1178,selic_efetiva,Taxa Selic efetiva anualizada,% a.a.,diaria,2016-04-11,2016,4,14.15000000
1178,selic_efetiva,Taxa Selic efetiva anualizada,% a.a.,diaria,2016-04-12,2016,4,14.15000000
1178,selic_efetiva,Taxa Selic efetiva anualizada,% a.a.,diaria,2016-04-13,2016,4,14.15000000
1178,selic_efetiva,Taxa Selic efetiva anualizada,% a.a.,diaria,2016-04-14,2016,4,14.15000000
1178,selic_efetiva,Taxa Selic efetiva anualizada,% a.a.,diaria,2016-04-15,2016,4,14.15000000
1178,selic_efetiva,Taxa Selic efetiva anualizada,% a.a.,diaria,2016-04-18,2016,4,14.15000000
1178,selic_efetiva,Taxa Selic efetiva anualizada,% a.a.,diaria,2016-04-19,2016,4,14.15000000
1178,selic_efetiva,Taxa Selic efetiva anualizada,% a.a.,diaria,2016-04-20,2016,4,14.15000000
1178,selic_efetiva,Taxa Selic efetiva anualizada,% a.a.,diaria,2016-04-22,2016,4,14.15000000
1178,selic_efetiva,Taxa Selic efetiva anualizada,% a.a.,diaria,2016-04-25,2016,4,14.15000000
1178,selic_efetiva,Taxa Selic efetiva anualizada,% a.a.,diaria,2016-04-26,2016,4,14.15000000
1178,selic_efetiva,Taxa Selic efetiva anualizada,% a.a.,diaria,2016-04-27,2016,4,14.15000000
1178,selic_efetiva,Taxa Selic efetiva anualizada,% a.a.,diaria,2016-04-28,2016,4,14.15000000
1178,selic_efetiva,Taxa Selic efetiva anualizada,% a.a.,diaria,2016-04-29,2016,4,14.15000000
1178,selic_efetiva,Taxa Selic efetiva anualizada,% a.a.,diaria,2016-05-02,2016,5,14.15000000
1178,selic_efetiva,Taxa Selic efetiva anualizada,% a.a.,diaria,2016-05-03,2016,5,14.15000000
1178,selic_efetiva,Taxa Selic efetiva anualizada,% a.a.,diaria,2016-05-04,2016,5,14.15000000
1178,selic_efetiva,Taxa Selic efetiva anualizada,% a.a.,diaria,2016-05-05,2016,5,14.15000000
1178,selic_efetiva,Taxa Selic efetiva anualizada,% a.a.,diaria,2016-05-06,2016,5,14.15000000
1178,selic_efetiva,Taxa Selic efetiva anualizada,% a.a.,diaria,2016-05-09,2016,5,14.15000000
1178,selic_efetiva,Taxa Selic efetiva anualizada,% a.a.,diaria,2016-05-10,2016,5,14.15000000
1178,selic_efetiva,Taxa Selic efetiva anualizada,% a.a.,diaria,2016-05-11,2016,5,14.15000000
1178,selic_efetiva,Taxa Selic efetiva anualizada,% a.a.,diaria,2016-05-12,2016,5,14.15000000
1178,selic_efetiva,Taxa Selic efetiva anualizada,% a.a.,diaria,2016-05-13,2016,5,14.15000000
1178,selic_efetiva,Taxa Selic efetiva anualizada,% a.a.,diaria,2016-05-16,2016,5,14.15000000
1178,selic_efetiva,Taxa Selic efetiva anualizada,% a.a.,diaria,2016-05-17,2016,5,14.15000000
1178,selic_efetiva,Taxa Selic efetiva anualizada,% a.a.,diaria,2016-05-18,2016,5,14.15000000
1178,selic_efetiva,Taxa Selic efetiva anualizada,% a.a.,diaria,2016-05-19,2016,5,14.15000000
1178,selic_efetiva,Taxa Selic efetiva anualizada,% a.a.,diaria,2016-05-20,2016,5,14.15000000
1178,selic_efetiva,Taxa Selic efetiva anualizada,% a.a.,diaria,2016-05-23,2016,5,14.15000000
1178,selic_efetiva,Taxa Selic efetiva anualizada,% a.a.,diaria,2016-05-24,2016,5,14.15000000
1178,selic_efetiva,Taxa Selic efetiva anualizada,% a.a.,diaria,2016-05-25,2016,5,14.15000000
1178,selic_efetiva,Taxa Selic efetiva anualizada,% a.a.,diaria,2016-05-27,2016,5,14.15000000
1178,selic_efetiva,Taxa Selic efetiva anualizada,% a.a.,diaria,2016-05-30,2016,5,14.15000000
1178,selic_efetiva,Taxa Selic efetiva anualizada,% a.a.,diaria,2016-05-31,2016,5,14.15000000
1178,selic_efetiva,Taxa Selic efetiva anualizada,% a.a.,diaria,2016-06-01,2016,6,14.15000000
1178,selic_efetiva,Taxa Selic efetiva anualizada,% a.a.,diaria,2016-06-02,2016,6,14.15000000
1178,selic_efetiva,Taxa Selic efetiva anualizada,% a.a.,diaria,2016-06-03,2016,6,14.15000000
1178,selic_efetiva,Taxa Selic efetiva anualizada,% a.a.,diaria,2016-06-06,2016,6,14.15000000
1178,selic_efetiva,Taxa Selic efetiva anualizada,% a.a.,diaria,2016-06-07,2016,6,14.15000000
1178,selic_efetiva,Taxa Selic efetiva anualizada,% a.a.,diaria,2016-06-08,2016,6,14.15000000
1178,selic_efetiva,Taxa Selic efetiva anualizada,% a.a.,diaria,2016-06-09,2016,6,14.15000000
1178,selic_efetiva,Taxa Selic efetiva anualizada,% a.a.,diaria,2016-06-10,2016,6,14.15000000
1178,selic_efetiva,Taxa Selic efetiva anualizada,% a.a.,diaria,2016-06-13,2016,6,14.15000000
1178,selic_efetiva,Taxa Selic efetiva anualizada,% a.a.,diaria,2016-06-14,2016,6,14.15000000
1178,selic_efetiva,Taxa Selic efetiva anualizada,% a.a.,diaria,2016-06-15,2016,6,14.15000000
1178,selic_efetiva,Taxa Selic efetiva anualizada,% a.a.,diaria,2016-06-16,2016,6,14.15000000
1178,selic_efetiva,Taxa Selic efetiva anualizada,% a.a.,diaria,2016-06-17,2016,6,14.15000000
1178,selic_efetiva,Taxa Selic efetiva anualizada,% a.a.,diaria,2016-06-20,2016,6,14.15000000
1178,selic_efetiva,Taxa Selic efetiva anualizada,% a.a.,diaria,2016-06-21,2016,6,14.15000000
1178,selic_efetiva,Taxa Selic efetiva anualizada,% a.a.,diaria,2016-06-22,2016,6,14.15000000
1178,selic_efetiva,Taxa Selic efetiva anualizada,% a.a.,diaria,2016-06-23,2016,6,14.15000000
1178,selic_efetiva,Taxa Selic efetiva anualizada,% a.a.,diaria,2016-06-24,2016,6,14.15000000
1178,selic_efetiva,Taxa Selic efetiva anualizada,% a.a.,diaria,2016-06-27,2016,6,14.15000000
1178,selic_efetiva,Taxa Selic efetiva anualizada,% a.a.,diaria,2016-06-28,2016,6,14.15000000
1178,selic_efetiva,Taxa Selic efetiva anualizada,% a.a.,diaria,2016-06-29,2016,6,14.15000000
1178,selic_efetiva,Taxa Selic efetiva anualizada,% a.a.,diaria,2016-06-30,2016,6,14.15000000
1178,selic_efetiva,Taxa Selic efetiva anualizada,% a.a.,diaria,2016-07-01,2016,7,14.15000000
1178,selic_efetiva,Taxa Selic efetiva anualizada,% a.a.,diaria,2016-07-04,2016,7,14.15000000
1178,selic_efetiva,Taxa Selic efetiva anualizada,% a.a.,diaria,2016-07-05,2016,7,14.15000000
1178,selic_efetiva,Taxa Selic efetiva anualizada,% a.a.,diaria,2016-07-06,2016,7,14.15000000
1178,selic_efetiva,Taxa Selic efetiva anualizada,% a.a.,diaria,2016-07-07,2016,7,14.15000000
1178,selic_efetiva,Taxa Selic efetiva anualizada,% a.a.,diaria,2016-07-08,2016,7,14.15000000
1178,selic_efetiva,Taxa Selic efetiva anualizada,% a.a.,diaria,2016-07-11,2016,7,14.15000000
1178,selic_efetiva,Taxa Selic efetiva anualizada,% a.a.,diaria,2016-07-12,2016,7,14.15000000
1178,selic_efetiva,Taxa Selic efetiva anualizada,% a.a.,diaria,2016-07-13,2016,7,14.15000000
1178,selic_efetiva,Taxa Selic efetiva anualizada,% a.a.,diaria,2016-07-14,2016,7,14.15000000
1178,selic_efetiva,Taxa Selic efetiva anualizada,% a.a.,diaria,2016-07-15,2016,7,14.15000000
1178,selic_efetiva,Taxa Selic efetiva anualizada,% a.a.,diaria,2016-07-18,2016,7,14.15000000
1178,selic_efetiva,Taxa Selic efetiva anualizada,% a.a.,diaria,2016-07-19,2016,7,14.15000000
1178,selic_efetiva,Taxa Selic efetiva anualizada,% a.a.,diaria,2016-07-20,2016,7,14.15000000
1178,selic_efetiva,Taxa Selic efetiva anualizada,% a.a.,diaria,2016-07-21,2016,7,14.15000000
1178,selic_efetiva,Taxa Selic efetiva anualizada,% a.a.,diaria,2016-07-22,2016,7,14.15000000
1178,selic_efetiva,Taxa Selic efetiva anualizada,% a.a.,diaria,2016-07-25,2016,7,14.15000000
1178,selic_efetiva,Taxa Selic efetiva anualizada,% a.a.,diaria,2016-07-26,2016,7,14.15000000
1178,selic_efetiva,Taxa Selic efetiva anualizada,% a.a.,diaria,2016-07-27,2016,7,14.15000000
1178,selic_efetiva,Taxa Selic efetiva anualizada,% a.a.,diaria,2016-07-28,2016,7,14.15000000
1178,selic_efetiva,Taxa Selic efetiva anualizada,% a.a.,diaria,2016-07-29,2016,7,14.15000000
1178,selic_efetiva,Taxa Selic efetiva anualizada,% a.a.,diaria,2016-08-01,2016,8,14.15000000
1178,selic_efetiva,Taxa Selic efetiva anualizada,% a.a.,diaria,2016-08-02,2016,8,14.15000000
1178,selic_efetiva,Taxa Selic efetiva anualizada,% a.a.,diaria,2016-08-03,2016,8,14.15000000
1178,selic_efetiva,Taxa Selic efetiva anualizada,% a.a.,diaria,2016-08-04,2016,8,14.15000000
1178,selic_efetiva,Taxa Selic efetiva anualizada,% a.a.,diaria,2016-08-05,2016,8,14.15000000
1178,selic_efetiva,Taxa Selic efetiva anualizada,% a.a.,diaria,2016-08-08,2016,8,14.15000000
1178,selic_efetiva,Taxa Selic efetiva anualizada,% a.a.,diaria,2016-08-09,2016,8,14.15000000
1178,selic_efetiva,Taxa Selic efetiva anualizada,% a.a.,diaria,2016-08-10,2016,8,14.15000000
1178,selic_efetiva,Taxa Selic efetiva anualizada,% a.a.,diaria,2016-08-11,2016,8,14.15000000
1178,selic_efetiva,Taxa Selic efetiva anualizada,% a.a.,diaria,2016-08-12,2016,8,14.15000000
1178,selic_efetiva,Taxa Selic efetiva anualizada,% a.a.,diaria,2016-08-15,2016,8,14.15000000
1178,selic_efetiva,Taxa Selic efetiva anualizada,% a.a.,diaria,2016-08-16,2016,8,14.15000000
1178,selic_efetiva,Taxa Selic efetiva anualizada,% a.a.,diaria,2016-08-17,2016,8,14.15000000
1178,selic_efetiva,Taxa Selic efetiva anualizada,% a.a.,diaria,2016-08-18,2016,8,14.15000000
1178,selic_efetiva,Taxa Selic efetiva anualizada,% a.a.,diaria,2016-08-19,2016,8,14.15000000
1178,selic_efetiva,Taxa Selic efetiva anualizada,% a.a.,diaria,2016-08-22,2016,8,14.15000000
1178,selic_efetiva,Taxa Selic efetiva anualizada,% a.a.,diaria,2016-08-23,2016,8,14.15000000
1178,selic_efetiva,Taxa Selic efetiva anualizada,% a.a.,diaria,2016-08-24,2016,8,14.15000000
1178,selic_efetiva,Taxa Selic efetiva anualizada,% a.a.,diaria,2016-08-25,2016,8,14.15000000
1178,selic_efetiva,Taxa Selic efetiva anualizada,% a.a.,diaria,2016-08-26,2016,8,14.15000000
1178,selic_efetiva,Taxa Selic efetiva anualizada,% a.a.,diaria,2016-08-29,2016,8,14.15000000
1178,selic_efetiva,Taxa Selic efetiva anualizada,% a.a.,diaria,2016-08-30,2016,8,14.15000000
1178,selic_efetiva,Taxa Selic efetiva anualizada,% a.a.,diaria,2016-08-31,2016,8,14.15000000
1178,selic_efetiva,Taxa Selic efetiva anualizada,% a.a.,diaria,2016-09-01,2016,9,14.15000000
1178,selic_efetiva,Taxa Selic efetiva anualizada,% a.a.,diaria,2016-09-02,2016,9,14.15000000
1178,selic_efetiva,Taxa Selic efetiva anualizada,% a.a.,diaria,2016-09-05,2016,9,14.15000000
1178,selic_efetiva,Taxa Selic efetiva anualizada,% a.a.,diaria,2016-09-06,2016,9,14.15000000
1178,selic_efetiva,Taxa Selic efetiva anualizada,% a.a.,diaria,2016-09-08,2016,9,14.15000000
1178,selic_efetiva,Taxa Selic efetiva anualizada,% a.a.,diaria,2016-09-09,2016,9,14.15000000
1178,selic_efetiva,Taxa Selic efetiva anualizada,% a.a.,diaria,2016-09-12,2016,9,14.15000000
1178,selic_efetiva,Taxa Selic efetiva anualizada,% a.a.,diaria,2016-09-13,2016,9,14.15000000
1178,selic_efetiva,Taxa Selic efetiva anualizada,% a.a.,diaria,2016-09-14,2016,9,14.15000000
1178,selic_efetiva,Taxa Selic efetiva anualizada,% a.a.,diaria,2016-09-15,2016,9,14.15000000
1178,selic_efetiva,Taxa Selic efetiva anualizada,% a.a.,diaria,2016-09-16,2016,9,14.15000000
1178,selic_efetiva,Taxa Selic efetiva anualizada,% a.a.,diaria,2016-09-19,2016,9,14.15000000
1178,selic_efetiva,Taxa Selic efetiva anualizada,% a.a.,diaria,2016-09-20,2016,9,14.15000000
1178,selic_efetiva,Taxa Selic efetiva anualizada,% a.a.,diaria,2016-09-21,2016,9,14.15000000
1178,selic_efetiva,Taxa Selic efetiva anualizada,% a.a.,diaria,2016-09-22,2016,9,14.15000000
1178,selic_efetiva,Taxa Selic efetiva anualizada,% a.a.,diaria,2016-09-23,2016,9,14.15000000
1178,selic_efetiva,Taxa Selic efetiva anualizada,% a.a.,diaria,2016-09-26,2016,9,14.15000000
1178,selic_efetiva,Taxa Selic efetiva anualizada,% a.a.,diaria,2016-09-27,2016,9,14.15000000
1178,selic_efetiva,Taxa Selic efetiva anualizada,% a.a.,diaria,2016-09-28,2016,9,14.15000000
1178,selic_efetiva,Taxa Selic efetiva anualizada,% a.a.,diaria,2016-09-29,2016,9,14.15000000
1178,selic_efetiva,Taxa Selic efetiva anualizada,% a.a.,diaria,2016-09-30,2016,9,14.15000000
1178,selic_efetiva,Taxa Selic efetiva anualizada,% a.a.,diaria,2016-10-03,2016,10,14.15000000
1178,selic_efetiva,Taxa Selic efetiva anualizada,% a.a.,diaria,2016-10-04,2016,10,14.15000000
1178,selic_efetiva,Taxa Selic efetiva anualizada,% a.a.,diaria,2016-10-05,2016,10,14.15000000
1178,selic_efetiva,Taxa Selic efetiva anualizada,% a.a.,diaria,2016-10-06,2016,10,14.15000000
1178,selic_efetiva,Taxa Selic efetiva anualizada,% a.a.,diaria,2016-10-07,2016,10,14.15000000
1178,selic_efetiva,Taxa Selic efetiva anualizada,% a.a.,diaria,2016-10-10,2016,10,14.15000000
1178,selic_efetiva,Taxa Selic efetiva anualizada,% a.a.,diaria,2016-10-11,2016,10,14.15000000
1178,selic_efetiva,Taxa Selic efetiva anualizada,% a.a.,diaria,2016-10-13,2016,10,14.15000000
1178,selic_efetiva,Taxa Selic efetiva anualizada,% a.a.,diaria,2016-10-14,2016,10,14.15000000
1178,selic_efetiva,Taxa Selic efetiva anualizada,% a.a.,diaria,2016-10-17,2016,10,14.15000000
1178,selic_efetiva,Taxa Selic efetiva anualizada,% a.a.,diaria,2016-10-18,2016,10,14.15000000
1178,selic_efetiva,Taxa Selic efetiva anualizada,% a.a.,diaria,2016-10-19,2016,10,14.15000000
1178,selic_efetiva,Taxa Selic efetiva anualizada,% a.a.,diaria,2016-10-20,2016,10,13.90000000
1178,selic_efetiva,Taxa Selic efetiva anualizada,% a.a.,diaria,2016-10-21,2016,10,13.90000000
1178,selic_efetiva,Taxa Selic efetiva anualizada,% a.a.,diaria,2016-10-24,2016,10,13.90000000
1178,selic_efetiva,Taxa Selic efetiva anualizada,% a.a.,diaria,2016-10-25,2016,10,13.90000000
1178,selic_efetiva,Taxa Selic efetiva anualizada,% a.a.,diaria,2016-10-26,2016,10,13.90000000
1178,selic_efetiva,Taxa Selic efetiva anualizada,% a.a.,diaria,2016-10-27,2016,10,13.90000000
1178,selic_efetiva,Taxa Selic efetiva anualizada,% a.a.,diaria,2016-10-28,2016,10,13.90000000
1178,selic_efetiva,Taxa Selic efetiva anualizada,% a.a.,diaria,2016-10-31,2016,10,13.90000000
1178,selic_efetiva,Taxa Selic efetiva anualizada,% a.a.,diaria,2016-11-01,2016,11,13.90000000
1178,selic_efetiva,Taxa Selic efetiva anualizada,% a.a.,diaria,2016-11-03,2016,11,13.90000000
1178,selic_efetiva,Taxa Selic efetiva anualizada,% a.a.,diaria,2016-11-04,2016,11,13.90000000
1178,selic_efetiva,Taxa Selic efetiva anualizada,% a.a.,diaria,2016-11-07,2016,11,13.90000000
1178,selic_efetiva,Taxa Selic efetiva anualizada,% a.a.,diaria,2016-11-08,2016,11,13.90000000
1178,selic_efetiva,Taxa Selic efetiva anualizada,% a.a.,diaria,2016-11-09,2016,11,13.90000000
1178,selic_efetiva,Taxa Selic efetiva anualizada,% a.a.,diaria,2016-11-10,2016,11,13.90000000
1178,selic_efetiva,Taxa Selic efetiva anualizada,% a.a.,diaria,2016-11-11,2016,11,13.90000000
1178,selic_efetiva,Taxa Selic efetiva anualizada,% a.a.,diaria,2016-11-14,2016,11,13.90000000
1178,selic_efetiva,Taxa Selic efetiva anualizada,% a.a.,diaria,2016-11-16,2016,11,13.90000000
1178,selic_efetiva,Taxa Selic efetiva anualizada,% a.a.,diaria,2016-11-17,2016,11,13.90000000
1178,selic_efetiva,Taxa Selic efetiva anualizada,% a.a.,diaria,2016-11-18,2016,11,13.90000000
1178,selic_efetiva,Taxa Selic efetiva anualizada,% a.a.,diaria,2016-11-21,2016,11,13.90000000
1178,selic_efetiva,Taxa Selic efetiva anualizada,% a.a.,diaria,2016-11-22,2016,11,13.90000000
1178,selic_efetiva,Taxa Selic efetiva anualizada,% a.a.,diaria,2016-11-23,2016,11,13.90000000
1178,selic_efetiva,Taxa Selic efetiva anualizada,% a.a.,diaria,2016-11-24,2016,11,13.90000000
1178,selic_efetiva,Taxa Selic efetiva anualizada,% a.a.,diaria,2016-11-25,2016,11,13.90000000
1178,selic_efetiva,Taxa Selic efetiva anualizada,% a.a.,diaria,2016-11-28,2016,11,13.90000000
1178,selic_efetiva,Taxa Selic efetiva anualizada,% a.a.,diaria,2016-11-29,2016,11,13.90000000
1178,selic_efetiva,Taxa Selic efetiva anualizada,% a.a.,diaria,2016-11-30,2016,11,13.90000000
1178,selic_efetiva,Taxa Selic efetiva anualizada,% a.a.,diaria,2016-12-01,2016,12,13.65000000
1178,selic_efetiva,Taxa Selic efetiva anualizada,% a.a.,diaria,2016-12-02,2016,12,13.65000000
1178,selic_efetiva,Taxa Selic efetiva anualizada,% a.a.,diaria,2016-12-05,2016,12,13.65000000
1178,selic_efetiva,Taxa Selic efetiva anualizada,% a.a.,diaria,2016-12-06,2016,12,13.65000000
1178,selic_efetiva,Taxa Selic efetiva anualizada,% a.a.,diaria,2016-12-07,2016,12,13.65000000
1178,selic_efetiva,Taxa Selic efetiva anualizada,% a.a.,diaria,2016-12-08,2016,12,13.65000000
1178,selic_efetiva,Taxa Selic efetiva anualizada,% a.a.,diaria,2016-12-09,2016,12,13.65000000
1178,selic_efetiva,Taxa Selic efetiva anualizada,% a.a.,diaria,2016-12-12,2016,12,13.65000000
1178,selic_efetiva,Taxa Selic efetiva anualizada,% a.a.,diaria,2016-12-13,2016,12,13.65000000
1178,selic_efetiva,Taxa Selic efetiva anualizada,% a.a.,diaria,2016-12-14,2016,12,13.65000000
1178,selic_efetiva,Taxa Selic efetiva anualizada,% a.a.,diaria,2016-12-15,2016,12,13.65000000
1178,selic_efetiva,Taxa Selic efetiva anualizada,% a.a.,diaria,2016-12-16,2016,12,13.65000000
1178,selic_efetiva,Taxa Selic efetiva anualizada,% a.a.,diaria,2016-12-19,2016,12,13.65000000
1178,selic_efetiva,Taxa Selic efetiva anualizada,% a.a.,diaria,2016-12-20,2016,12,13.65000000
1178,selic_efetiva,Taxa Selic efetiva anualizada,% a.a.,diaria,2016-12-21,2016,12,13.65000000
1178,selic_efetiva,Taxa Selic efetiva anualizada,% a.a.,diaria,2016-12-22,2016,12,13.65000000
1178,selic_efetiva,Taxa Selic efetiva anualizada,% a.a.,diaria,2016-12-23,2016,12,13.65000000
1178,selic_efetiva,Taxa Selic efetiva anualizada,% a.a.,diaria,2016-12-26,2016,12,13.65000000
1178,selic_efetiva,Taxa Selic efetiva anualizada,% a.a.,diaria,2016-12-27,2016,12,13.65000000
1178,selic_efetiva,Taxa Selic efetiva anualizada,% a.a.,diaria,2016-12-28,2016,12,13.65000000
1178,selic_efetiva,Taxa Selic efetiva anualizada,% a.a.,diaria,2016-12-29,2016,12,13.65000000
1178,selic_efetiva,Taxa Selic efetiva anualizada,% a.a.,diaria,2016-12-30,2016,12,13.65000000
1178,selic_efetiva,Taxa Selic efetiva anualizada,% a.a.,diaria,2017-01-02,2017,1,13.65000000
1178,selic_efetiva,Taxa Selic efetiva anualizada,% a.a.,diaria,2017-01-03,2017,1,13.65000000
1178,selic_efetiva,Taxa Selic efetiva anualizada,% a.a.,diaria,2017-01-04,2017,1,13.65000000
1178,selic_efetiva,Taxa Selic efetiva anualizada,% a.a.,diaria,2017-01-05,2017,1,13.65000000
1178,selic_efetiva,Taxa Selic efetiva anualizada,% a.a.,diaria,2017-01-06,2017,1,13.65000000
1178,selic_efetiva,Taxa Selic efetiva anualizada,% a.a.,diaria,2017-01-09,2017,1,13.65000000
1178,selic_efetiva,Taxa Selic efetiva anualizada,% a.a.,diaria,2017-01-10,2017,1,13.65000000
1178,selic_efetiva,Taxa Selic efetiva anualizada,% a.a.,diaria,2017-01-11,2017,1,13.65000000
1178,selic_efetiva,Taxa Selic efetiva anualizada,% a.a.,diaria,2017-01-12,2017,1,12.90000000
1178,selic_efetiva,Taxa Selic efetiva anualizada,% a.a.,diaria,2017-01-13,2017,1,12.90000000
1178,selic_efetiva,Taxa Selic efetiva anualizada,% a.a.,diaria,2017-01-16,2017,1,12.90000000
1178,selic_efetiva,Taxa Selic efetiva anualizada,% a.a.,diaria,2017-01-17,2017,1,12.90000000
1178,selic_efetiva,Taxa Selic efetiva anualizada,% a.a.,diaria,2017-01-18,2017,1,12.90000000
1178,selic_efetiva,Taxa Selic efetiva anualizada,% a.a.,diaria,2017-01-19,2017,1,12.90000000
1178,selic_efetiva,Taxa Selic efetiva anualizada,% a.a.,diaria,2017-01-20,2017,1,12.90000000
1178,selic_efetiva,Taxa Selic efetiva anualizada,% a.a.,diaria,2017-01-23,2017,1,12.90000000
1178,selic_efetiva,Taxa Selic efetiva anualizada,% a.a.,diaria,2017-01-24,2017,1,12.90000000
1178,selic_efetiva,Taxa Selic efetiva anualizada,% a.a.,diaria,2017-01-25,2017,1,12.90000000
1178,selic_efetiva,Taxa Selic efetiva anualizada,% a.a.,diaria,2017-01-26,2017,1,12.90000000
1178,selic_efetiva,Taxa Selic efetiva anualizada,% a.a.,diaria,2017-01-27,2017,1,12.90000000
1178,selic_efetiva,Taxa Selic efetiva anualizada,% a.a.,diaria,2017-01-30,2017,1,12.90000000
1178,selic_efetiva,Taxa Selic efetiva anualizada,% a.a.,diaria,2017-01-31,2017,1,12.90000000
1178,selic_efetiva,Taxa Selic efetiva anualizada,% a.a.,diaria,2017-02-01,2017,2,12.90000000
1178,selic_efetiva,Taxa Selic efetiva anualizada,% a.a.,diaria,2017-02-02,2017,2,12.90000000
1178,selic_efetiva,Taxa Selic efetiva anualizada,% a.a.,diaria,2017-02-03,2017,2,12.90000000
1178,selic_efetiva,Taxa Selic efetiva anualizada,% a.a.,diaria,2017-02-06,2017,2,12.90000000
1178,selic_efetiva,Taxa Selic efetiva anualizada,% a.a.,diaria,2017-02-07,2017,2,12.90000000
1178,selic_efetiva,Taxa Selic efetiva anualizada,% a.a.,diaria,2017-02-08,2017,2,12.90000000
1178,selic_efetiva,Taxa Selic efetiva anualizada,% a.a.,diaria,2017-02-09,2017,2,12.90000000
1178,selic_efetiva,Taxa Selic efetiva anualizada,% a.a.,diaria,2017-02-10,2017,2,12.90000000
1178,selic_efetiva,Taxa Selic efetiva anualizada,% a.a.,diaria,2017-02-13,2017,2,12.90000000
1178,selic_efetiva,Taxa Selic efetiva anualizada,% a.a.,diaria,2017-02-14,2017,2,12.90000000
1178,selic_efetiva,Taxa Selic efetiva anualizada,% a.a.,diaria,2017-02-15,2017,2,12.90000000
1178,selic_efetiva,Taxa Selic efetiva anualizada,% a.a.,diaria,2017-02-16,2017,2,12.90000000
1178,selic_efetiva,Taxa Selic efetiva anualizada,% a.a.,diaria,2017-02-17,2017,2,12.90000000
1178,selic_efetiva,Taxa Selic efetiva anualizada,% a.a.,diaria,2017-02-20,2017,2,12.90000000
1178,selic_efetiva,Taxa Selic efetiva anualizada,% a.a.,diaria,2017-02-21,2017,2,12.90000000
1178,selic_efetiva,Taxa Selic efetiva anualizada,% a.a.,diaria,2017-02-22,2017,2,12.90000000
1178,selic_efetiva,Taxa Selic efetiva anualizada,% a.a.,diaria,2017-02-23,2017,2,12.15000000
1178,selic_efetiva,Taxa Selic efetiva anualizada,% a.a.,diaria,2017-02-24,2017,2,12.15000000
1178,selic_efetiva,Taxa Selic efetiva anualizada,% a.a.,diaria,2017-03-01,2017,3,12.15000000
1178,selic_efetiva,Taxa Selic efetiva anualizada,% a.a.,diaria,2017-03-02,2017,3,12.15000000
1178,selic_efetiva,Taxa Selic efetiva anualizada,% a.a.,diaria,2017-03-03,2017,3,12.15000000
1178,selic_efetiva,Taxa Selic efetiva anualizada,% a.a.,diaria,2017-03-06,2017,3,12.15000000
1178,selic_efetiva,Taxa Selic efetiva anualizada,% a.a.,diaria,2017-03-07,2017,3,12.15000000
1178,selic_efetiva,Taxa Selic efetiva anualizada,% a.a.,diaria,2017-03-08,2017,3,12.15000000
1178,selic_efetiva,Taxa Selic efetiva anualizada,% a.a.,diaria,2017-03-09,2017,3,12.15000000
1178,selic_efetiva,Taxa Selic efetiva anualizada,% a.a.,diaria,2017-03-10,2017,3,12.15000000
1178,selic_efetiva,Taxa Selic efetiva anualizada,% a.a.,diaria,2017-03-13,2017,3,12.15000000
1178,selic_efetiva,Taxa Selic efetiva anualizada,% a.a.,diaria,2017-03-14,2017,3,12.15000000
1178,selic_efetiva,Taxa Selic efetiva anualizada,% a.a.,diaria,2017-03-15,2017,3,12.15000000
1178,selic_efetiva,Taxa Selic efetiva anualizada,% a.a.,diaria,2017-03-16,2017,3,12.15000000
1178,selic_efetiva,Taxa Selic efetiva anualizada,% a.a.,diaria,2017-03-17,2017,3,12.15000000
1178,selic_efetiva,Taxa Selic efetiva anualizada,% a.a.,diaria,2017-03-20,2017,3,12.15000000
1178,selic_efetiva,Taxa Selic efetiva anualizada,% a.a.,diaria,2017-03-21,2017,3,12.15000000
1178,selic_efetiva,Taxa Selic efetiva anualizada,% a.a.,diaria,2017-03-22,2017,3,12.15000000
1178,selic_efetiva,Taxa Selic efetiva anualizada,% a.a.,diaria,2017-03-23,2017,3,12.15000000
1178,selic_efetiva,Taxa Selic efetiva anualizada,% a.a.,diaria,2017-03-24,2017,3,12.15000000
1178,selic_efetiva,Taxa Selic efetiva anualizada,% a.a.,diaria,2017-03-27,2017,3,12.15000000
1178,selic_efetiva,Taxa Selic efetiva anualizada,% a.a.,diaria,2017-03-28,2017,3,12.15000000
1178,selic_efetiva,Taxa Selic efetiva anualizada,% a.a.,diaria,2017-03-29,2017,3,12.15000000
1178,selic_efetiva,Taxa Selic efetiva anualizada,% a.a.,diaria,2017-03-30,2017,3,12.15000000
1178,selic_efetiva,Taxa Selic efetiva anualizada,% a.a.,diaria,2017-03-31,2017,3,12.15000000
1178,selic_efetiva,Taxa Selic efetiva anualizada,% a.a.,diaria,2017-04-03,2017,4,12.15000000
1178,selic_efetiva,Taxa Selic efetiva anualizada,% a.a.,diaria,2017-04-04,2017,4,12.15000000
1178,selic_efetiva,Taxa Selic efetiva anualizada,% a.a.,diaria,2017-04-05,2017,4,12.15000000
1178,selic_efetiva,Taxa Selic efetiva anualizada,% a.a.,diaria,2017-04-06,2017,4,12.15000000
1178,selic_efetiva,Taxa Selic efetiva anualizada,% a.a.,diaria,2017-04-07,2017,4,12.15000000
1178,selic_efetiva,Taxa Selic efetiva anualizada,% a.a.,diaria,2017-04-10,2017,4,12.15000000
1178,selic_efetiva,Taxa Selic efetiva anualizada,% a.a.,diaria,2017-04-11,2017,4,12.15000000
1178,selic_efetiva,Taxa Selic efetiva anualizada,% a.a.,diaria,2017-04-12,2017,4,12.15000000
1178,selic_efetiva,Taxa Selic efetiva anualizada,% a.a.,diaria,2017-04-13,2017,4,11.15000000
1178,selic_efetiva,Taxa Selic efetiva anualizada,% a.a.,diaria,2017-04-17,2017,4,11.15000000
1178,selic_efetiva,Taxa Selic efetiva anualizada,% a.a.,diaria,2017-04-18,2017,4,11.15000000
1178,selic_efetiva,Taxa Selic efetiva anualizada,% a.a.,diaria,2017-04-19,2017,4,11.15000000
1178,selic_efetiva,Taxa Selic efetiva anualizada,% a.a.,diaria,2017-04-20,2017,4,11.15000000
1178,selic_efetiva,Taxa Selic efetiva anualizada,% a.a.,diaria,2017-04-24,2017,4,11.15000000
1178,selic_efetiva,Taxa Selic efetiva anualizada,% a.a.,diaria,2017-04-25,2017,4,11.15000000
1178,selic_efetiva,Taxa Selic efetiva anualizada,% a.a.,diaria,2017-04-26,2017,4,11.15000000
1178,selic_efetiva,Taxa Selic efetiva anualizada,% a.a.,diaria,2017-04-27,2017,4,11.15000000
1178,selic_efetiva,Taxa Selic efetiva anualizada,% a.a.,diaria,2017-04-28,2017,4,11.15000000
1178,selic_efetiva,Taxa Selic efetiva anualizada,% a.a.,diaria,2017-05-02,2017,5,11.15000000
1178,selic_efetiva,Taxa Selic efetiva anualizada,% a.a.,diaria,2017-05-03,2017,5,11.15000000
1178,selic_efetiva,Taxa Selic efetiva anualizada,% a.a.,diaria,2017-05-04,2017,5,11.15000000
1178,selic_efetiva,Taxa Selic efetiva anualizada,% a.a.,diaria,2017-05-05,2017,5,11.15000000
1178,selic_efetiva,Taxa Selic efetiva anualizada,% a.a.,diaria,2017-05-08,2017,5,11.15000000
1178,selic_efetiva,Taxa Selic efetiva anualizada,% a.a.,diaria,2017-05-09,2017,5,11.15000000
1178,selic_efetiva,Taxa Selic efetiva anualizada,% a.a.,diaria,2017-05-10,2017,5,11.15000000
1178,selic_efetiva,Taxa Selic efetiva anualizada,% a.a.,diaria,2017-05-11,2017,5,11.15000000
1178,selic_efetiva,Taxa Selic efetiva anualizada,% a.a.,diaria,2017-05-12,2017,5,11.15000000
1178,selic_efetiva,Taxa Selic efetiva anualizada,% a.a.,diaria,2017-05-15,2017,5,11.15000000
1178,selic_efetiva,Taxa Selic efetiva anualizada,% a.a.,diaria,2017-05-16,2017,5,11.15000000
1178,selic_efetiva,Taxa Selic efetiva anualizada,% a.a.,diaria,2017-05-17,2017,5,11.15000000
1178,selic_efetiva,Taxa Selic efetiva anualizada,% a.a.,diaria,2017-05-18,2017,5,11.15000000
1178,selic_efetiva,Taxa Selic efetiva anualizada,% a.a.,diaria,2017-05-19,2017,5,11.15000000
1178,selic_efetiva,Taxa Selic efetiva anualizada,% a.a.,diaria,2017-05-22,2017,5,11.15000000
1178,selic_efetiva,Taxa Selic efetiva anualizada,% a.a.,diaria,2017-05-23,2017,5,11.15000000
1178,selic_efetiva,Taxa Selic efetiva anualizada,% a.a.,diaria,2017-05-24,2017,5,11.15000000
1178,selic_efetiva,Taxa Selic efetiva anualizada,% a.a.,diaria,2017-05-25,2017,5,11.15000000
1178,selic_efetiva,Taxa Selic efetiva anualizada,% a.a.,diaria,2017-05-26,2017,5,11.15000000
1178,selic_efetiva,Taxa Selic efetiva anualizada,% a.a.,diaria,2017-05-29,2017,5,11.15000000
1178,selic_efetiva,Taxa Selic efetiva anualizada,% a.a.,diaria,2017-05-30,2017,5,11.15000000
1178,selic_efetiva,Taxa Selic efetiva anualizada,% a.a.,diaria,2017-05-31,2017,5,11.15000000
1178,selic_efetiva,Taxa Selic efetiva anualizada,% a.a.,diaria,2017-06-01,2017,6,10.15000000
1178,selic_efetiva,Taxa Selic efetiva anualizada,% a.a.,diaria,2017-06-02,2017,6,10.15000000
1178,selic_efetiva,Taxa Selic efetiva anualizada,% a.a.,diaria,2017-06-05,2017,6,10.15000000
1178,selic_efetiva,Taxa Selic efetiva anualizada,% a.a.,diaria,2017-06-06,2017,6,10.15000000
1178,selic_efetiva,Taxa Selic efetiva anualizada,% a.a.,diaria,2017-06-07,2017,6,10.15000000
1178,selic_efetiva,Taxa Selic efetiva anualizada,% a.a.,diaria,2017-06-08,2017,6,10.15000000
1178,selic_efetiva,Taxa Selic efetiva anualizada,% a.a.,diaria,2017-06-09,2017,6,10.15000000
1178,selic_efetiva,Taxa Selic efetiva anualizada,% a.a.,diaria,2017-06-12,2017,6,10.15000000
1178,selic_efetiva,Taxa Selic efetiva anualizada,% a.a.,diaria,2017-06-13,2017,6,10.15000000
1178,selic_efetiva,Taxa Selic efetiva anualizada,% a.a.,diaria,2017-06-14,2017,6,10.15000000
1178,selic_efetiva,Taxa Selic efetiva anualizada,% a.a.,diaria,2017-06-16,2017,6,10.15000000
1178,selic_efetiva,Taxa Selic efetiva anualizada,% a.a.,diaria,2017-06-19,2017,6,10.15000000
1178,selic_efetiva,Taxa Selic efetiva anualizada,% a.a.,diaria,2017-06-20,2017,6,10.15000000
1178,selic_efetiva,Taxa Selic efetiva anualizada,% a.a.,diaria,2017-06-21,2017,6,10.15000000
1178,selic_efetiva,Taxa Selic efetiva anualizada,% a.a.,diaria,2017-06-22,2017,6,10.15000000
1178,selic_efetiva,Taxa Selic efetiva anualizada,% a.a.,diaria,2017-06-23,2017,6,10.15000000
1178,selic_efetiva,Taxa Selic efetiva anualizada,% a.a.,diaria,2017-06-26,2017,6,10.15000000
1178,selic_efetiva,Taxa Selic efetiva anualizada,% a.a.,diaria,2017-06-27,2017,6,10.15000000
1178,selic_efetiva,Taxa Selic efetiva anualizada,% a.a.,diaria,2017-06-28,2017,6,10.15000000
1178,selic_efetiva,Taxa Selic efetiva anualizada,% a.a.,diaria,2017-06-29,2017,6,10.15000000
1178,selic_efetiva,Taxa Selic efetiva anualizada,% a.a.,diaria,2017-06-30,2017,6,10.15000000
1178,selic_efetiva,Taxa Selic efetiva anualizada,% a.a.,diaria,2017-07-03,2017,7,10.15000000
1178,selic_efetiva,Taxa Selic efetiva anualizada,% a.a.,diaria,2017-07-04,2017,7,10.15000000
1178,selic_efetiva,Taxa Selic efetiva anualizada,% a.a.,diaria,2017-07-05,2017,7,10.15000000
1178,selic_efetiva,Taxa Selic efetiva anualizada,% a.a.,diaria,2017-07-06,2017,7,10.15000000
1178,selic_efetiva,Taxa Selic efetiva anualizada,% a.a.,diaria,2017-07-07,2017,7,10.15000000
1178,selic_efetiva,Taxa Selic efetiva anualizada,% a.a.,diaria,2017-07-10,2017,7,10.15000000
1178,selic_efetiva,Taxa Selic efetiva anualizada,% a.a.,diaria,2017-07-11,2017,7,10.15000000
1178,selic_efetiva,Taxa Selic efetiva anualizada,% a.a.,diaria,2017-07-12,2017,7,10.15000000
1178,selic_efetiva,Taxa Selic efetiva anualizada,% a.a.,diaria,2017-07-13,2017,7,10.15000000
1178,selic_efetiva,Taxa Selic efetiva anualizada,% a.a.,diaria,2017-07-14,2017,7,10.15000000
1178,selic_efetiva,Taxa Selic efetiva anualizada,% a.a.,diaria,2017-07-17,2017,7,10.15000000
1178,selic_efetiva,Taxa Selic efetiva anualizada,% a.a.,diaria,2017-07-18,2017,7,10.15000000
1178,selic_efetiva,Taxa Selic efetiva anualizada,% a.a.,diaria,2017-07-19,2017,7,10.15000000
1178,selic_efetiva,Taxa Selic efetiva anualizada,% a.a.,diaria,2017-07-20,2017,7,10.15000000
1178,selic_efetiva,Taxa Selic efetiva anualizada,% a.a.,diaria,2017-07-21,2017,7,10.15000000
1178,selic_efetiva,Taxa Selic efetiva anualizada,% a.a.,diaria,2017-07-24,2017,7,10.15000000
1178,selic_efetiva,Taxa Selic efetiva anualizada,% a.a.,diaria,2017-07-25,2017,7,10.15000000
1178,selic_efetiva,Taxa Selic efetiva anualizada,% a.a.,diaria,2017-07-26,2017,7,10.15000000
1178,selic_efetiva,Taxa Selic efetiva anualizada,% a.a.,diaria,2017-07-27,2017,7,9.15000000
1178,selic_efetiva,Taxa Selic efetiva anualizada,% a.a.,diaria,2017-07-28,2017,7,9.15000000
1178,selic_efetiva,Taxa Selic efetiva anualizada,% a.a.,diaria,2017-07-31,2017,7,9.15000000
1178,selic_efetiva,Taxa Selic efetiva anualizada,% a.a.,diaria,2017-08-01,2017,8,9.15000000
1178,selic_efetiva,Taxa Selic efetiva anualizada,% a.a.,diaria,2017-08-02,2017,8,9.15000000
1178,selic_efetiva,Taxa Selic efetiva anualizada,% a.a.,diaria,2017-08-03,2017,8,9.15000000
1178,selic_efetiva,Taxa Selic efetiva anualizada,% a.a.,diaria,2017-08-04,2017,8,9.15000000
1178,selic_efetiva,Taxa Selic efetiva anualizada,% a.a.,diaria,2017-08-07,2017,8,9.15000000
1178,selic_efetiva,Taxa Selic efetiva anualizada,% a.a.,diaria,2017-08-08,2017,8,9.15000000
1178,selic_efetiva,Taxa Selic efetiva anualizada,% a.a.,diaria,2017-08-09,2017,8,9.15000000
1178,selic_efetiva,Taxa Selic efetiva anualizada,% a.a.,diaria,2017-08-10,2017,8,9.15000000
1178,selic_efetiva,Taxa Selic efetiva anualizada,% a.a.,diaria,2017-08-11,2017,8,9.15000000
1178,selic_efetiva,Taxa Selic efetiva anualizada,% a.a.,diaria,2017-08-14,2017,8,9.15000000
1178,selic_efetiva,Taxa Selic efetiva anualizada,% a.a.,diaria,2017-08-15,2017,8,9.15000000
1178,selic_efetiva,Taxa Selic efetiva anualizada,% a.a.,diaria,2017-08-16,2017,8,9.15000000
1178,selic_efetiva,Taxa Selic efetiva anualizada,% a.a.,diaria,2017-08-17,2017,8,9.15000000
1178,selic_efetiva,Taxa Selic efetiva anualizada,% a.a.,diaria,2017-08-18,2017,8,9.15000000
1178,selic_efetiva,Taxa Selic efetiva anualizada,% a.a.,diaria,2017-08-21,2017,8,9.15000000
1178,selic_efetiva,Taxa Selic efetiva anualizada,% a.a.,diaria,2017-08-22,2017,8,9.15000000
1178,selic_efetiva,Taxa Selic efetiva anualizada,% a.a.,diaria,2017-08-23,2017,8,9.15000000
1178,selic_efetiva,Taxa Selic efetiva anualizada,% a.a.,diaria,2017-08-24,2017,8,9.15000000
1178,selic_efetiva,Taxa Selic efetiva anualizada,% a.a.,diaria,2017-08-25,2017,8,9.15000000
1178,selic_efetiva,Taxa Selic efetiva anualizada,% a.a.,diaria,2017-08-28,2017,8,9.15000000
1178,selic_efetiva,Taxa Selic efetiva anualizada,% a.a.,diaria,2017-08-29,2017,8,9.15000000
1178,selic_efetiva,Taxa Selic efetiva anualizada,% a.a.,diaria,2017-08-30,2017,8,9.15000000
1178,selic_efetiva,Taxa Selic efetiva anualizada,% a.a.,diaria,2017-08-31,2017,8,9.15000000
1178,selic_efetiva,Taxa Selic efetiva anualizada,% a.a.,diaria,2017-09-01,2017,9,9.15000000
1178,selic_efetiva,Taxa Selic efetiva anualizada,% a.a.,diaria,2017-09-04,2017,9,9.15000000
1178,selic_efetiva,Taxa Selic efetiva anualizada,% a.a.,diaria,2017-09-05,2017,9,9.15000000
1178,selic_efetiva,Taxa Selic efetiva anualizada,% a.a.,diaria,2017-09-06,2017,9,9.15000000
1178,selic_efetiva,Taxa Selic efetiva anualizada,% a.a.,diaria,2017-09-08,2017,9,8.15000000
1178,selic_efetiva,Taxa Selic efetiva anualizada,% a.a.,diaria,2017-09-11,2017,9,8.15000000
1178,selic_efetiva,Taxa Selic efetiva anualizada,% a.a.,diaria,2017-09-12,2017,9,8.15000000
1178,selic_efetiva,Taxa Selic efetiva anualizada,% a.a.,diaria,2017-09-13,2017,9,8.15000000
1178,selic_efetiva,Taxa Selic efetiva anualizada,% a.a.,diaria,2017-09-14,2017,9,8.15000000
1178,selic_efetiva,Taxa Selic efetiva anualizada,% a.a.,diaria,2017-09-15,2017,9,8.15000000
1178,selic_efetiva,Taxa Selic efetiva anualizada,% a.a.,diaria,2017-09-18,2017,9,8.15000000
1178,selic_efetiva,Taxa Selic efetiva anualizada,% a.a.,diaria,2017-09-19,2017,9,8.15000000
1178,selic_efetiva,Taxa Selic efetiva anualizada,% a.a.,diaria,2017-09-20,2017,9,8.15000000
1178,selic_efetiva,Taxa Selic efetiva anualizada,% a.a.,diaria,2017-09-21,2017,9,8.15000000
1178,selic_efetiva,Taxa Selic efetiva anualizada,% a.a.,diaria,2017-09-22,2017,9,8.15000000
1178,selic_efetiva,Taxa Selic efetiva anualizada,% a.a.,diaria,2017-09-25,2017,9,8.15000000
1178,selic_efetiva,Taxa Selic efetiva anualizada,% a.a.,diaria,2017-09-26,2017,9,8.15000000
1178,selic_efetiva,Taxa Selic efetiva anualizada,% a.a.,diaria,2017-09-27,2017,9,8.15000000
1178,selic_efetiva,Taxa Selic efetiva anualizada,% a.a.,diaria,2017-09-28,2017,9,8.15000000
1178,selic_efetiva,Taxa Selic efetiva anualizada,% a.a.,diaria,2017-09-29,2017,9,8.15000000
1178,selic_efetiva,Taxa Selic efetiva anualizada,% a.a.,diaria,2017-10-02,2017,10,8.15000000
1178,selic_efetiva,Taxa Selic efetiva anualizada,% a.a.,diaria,2017-10-03,2017,10,8.15000000
1178,selic_efetiva,Taxa Selic efetiva anualizada,% a.a.,diaria,2017-10-04,2017,10,8.15000000
1178,selic_efetiva,Taxa Selic efetiva anualizada,% a.a.,diaria,2017-10-05,2017,10,8.15000000
1178,selic_efetiva,Taxa Selic efetiva anualizada,% a.a.,diaria,2017-10-06,2017,10,8.15000000
1178,selic_efetiva,Taxa Selic efetiva anualizada,% a.a.,diaria,2017-10-09,2017,10,8.15000000
1178,selic_efetiva,Taxa Selic efetiva anualizada,% a.a.,diaria,2017-10-10,2017,10,8.15000000
1178,selic_efetiva,Taxa Selic efetiva anualizada,% a.a.,diaria,2017-10-11,2017,10,8.15000000
1178,selic_efetiva,Taxa Selic efetiva anualizada,% a.a.,diaria,2017-10-13,2017,10,8.15000000
1178,selic_efetiva,Taxa Selic efetiva anualizada,% a.a.,diaria,2017-10-16,2017,10,8.15000000
1178,selic_efetiva,Taxa Selic efetiva anualizada,% a.a.,diaria,2017-10-17,2017,10,8.15000000
1178,selic_efetiva,Taxa Selic efetiva anualizada,% a.a.,diaria,2017-10-18,2017,10,8.15000000
1178,selic_efetiva,Taxa Selic efetiva anualizada,% a.a.,diaria,2017-10-19,2017,10,8.15000000
1178,selic_efetiva,Taxa Selic efetiva anualizada,% a.a.,diaria,2017-10-20,2017,10,8.15000000
1178,selic_efetiva,Taxa Selic efetiva anualizada,% a.a.,diaria,2017-10-23,2017,10,8.15000000
1178,selic_efetiva,Taxa Selic efetiva anualizada,% a.a.,diaria,2017-10-24,2017,10,8.15000000
1178,selic_efetiva,Taxa Selic efetiva anualizada,% a.a.,diaria,2017-10-25,2017,10,8.15000000
1178,selic_efetiva,Taxa Selic efetiva anualizada,% a.a.,diaria,2017-10-26,2017,10,7.40000000
1178,selic_efetiva,Taxa Selic efetiva anualizada,% a.a.,diaria,2017-10-27,2017,10,7.40000000
1178,selic_efetiva,Taxa Selic efetiva anualizada,% a.a.,diaria,2017-10-30,2017,10,7.40000000
1178,selic_efetiva,Taxa Selic efetiva anualizada,% a.a.,diaria,2017-10-31,2017,10,7.40000000
1178,selic_efetiva,Taxa Selic efetiva anualizada,% a.a.,diaria,2017-11-01,2017,11,7.40000000
1178,selic_efetiva,Taxa Selic efetiva anualizada,% a.a.,diaria,2017-11-03,2017,11,7.40000000
1178,selic_efetiva,Taxa Selic efetiva anualizada,% a.a.,diaria,2017-11-06,2017,11,7.40000000
1178,selic_efetiva,Taxa Selic efetiva anualizada,% a.a.,diaria,2017-11-07,2017,11,7.40000000
1178,selic_efetiva,Taxa Selic efetiva anualizada,% a.a.,diaria,2017-11-08,2017,11,7.40000000
1178,selic_efetiva,Taxa Selic efetiva anualizada,% a.a.,diaria,2017-11-09,2017,11,7.40000000
1178,selic_efetiva,Taxa Selic efetiva anualizada,% a.a.,diaria,2017-11-10,2017,11,7.40000000
1178,selic_efetiva,Taxa Selic efetiva anualizada,% a.a.,diaria,2017-11-13,2017,11,7.40000000
1178,selic_efetiva,Taxa Selic efetiva anualizada,% a.a.,diaria,2017-11-14,2017,11,7.40000000
1178,selic_efetiva,Taxa Selic efetiva anualizada,% a.a.,diaria,2017-11-16,2017,11,7.40000000
1178,selic_efetiva,Taxa Selic efetiva anualizada,% a.a.,diaria,2017-11-17,2017,11,7.40000000
1178,selic_efetiva,Taxa Selic efetiva anualizada,% a.a.,diaria,2017-11-20,2017,11,7.40000000
1178,selic_efetiva,Taxa Selic efetiva anualizada,% a.a.,diaria,2017-11-21,2017,11,7.40000000
1178,selic_efetiva,Taxa Selic efetiva anualizada,% a.a.,diaria,2017-11-22,2017,11,7.40000000
1178,selic_efetiva,Taxa Selic efetiva anualizada,% a.a.,diaria,2017-11-23,2017,11,7.40000000
1178,selic_efetiva,Taxa Selic efetiva anualizada,% a.a.,diaria,2017-11-24,2017,11,7.40000000
1178,selic_efetiva,Taxa Selic efetiva anualizada,% a.a.,diaria,2017-11-27,2017,11,7.40000000
1178,selic_efetiva,Taxa Selic efetiva anualizada,% a.a.,diaria,2017-11-28,2017,11,7.40000000
1178,selic_efetiva,Taxa Selic efetiva anualizada,% a.a.,diaria,2017-11-29,2017,11,7.40000000
1178,selic_efetiva,Taxa Selic efetiva anualizada,% a.a.,diaria,2017-11-30,2017,11,7.40000000
1178,selic_efetiva,Taxa Selic efetiva anualizada,% a.a.,diaria,2017-12-01,2017,12,7.40000000
1178,selic_efetiva,Taxa Selic efetiva anualizada,% a.a.,diaria,2017-12-04,2017,12,7.40000000
1178,selic_efetiva,Taxa Selic efetiva anualizada,% a.a.,diaria,2017-12-05,2017,12,7.40000000
1178,selic_efetiva,Taxa Selic efetiva anualizada,% a.a.,diaria,2017-12-06,2017,12,7.40000000
1178,selic_efetiva,Taxa Selic efetiva anualizada,% a.a.,diaria,2017-12-07,2017,12,6.90000000
1178,selic_efetiva,Taxa Selic efetiva anualizada,% a.a.,diaria,2017-12-08,2017,12,6.90000000
1178,selic_efetiva,Taxa Selic efetiva anualizada,% a.a.,diaria,2017-12-11,2017,12,6.90000000
1178,selic_efetiva,Taxa Selic efetiva anualizada,% a.a.,diaria,2017-12-12,2017,12,6.90000000
1178,selic_efetiva,Taxa Selic efetiva anualizada,% a.a.,diaria,2017-12-13,2017,12,6.90000000
1178,selic_efetiva,Taxa Selic efetiva anualizada,% a.a.,diaria,2017-12-14,2017,12,6.90000000
1178,selic_efetiva,Taxa Selic efetiva anualizada,% a.a.,diaria,2017-12-15,2017,12,6.90000000
1178,selic_efetiva,Taxa Selic efetiva anualizada,% a.a.,diaria,2017-12-18,2017,12,6.90000000
1178,selic_efetiva,Taxa Selic efetiva anualizada,% a.a.,diaria,2017-12-19,2017,12,6.90000000
1178,selic_efetiva,Taxa Selic efetiva anualizada,% a.a.,diaria,2017-12-20,2017,12,6.90000000
1178,selic_efetiva,Taxa Selic efetiva anualizada,% a.a.,diaria,2017-12-21,2017,12,6.90000000
1178,selic_efetiva,Taxa Selic efetiva anualizada,% a.a.,diaria,2017-12-22,2017,12,6.90000000
1178,selic_efetiva,Taxa Selic efetiva anualizada,% a.a.,diaria,2017-12-26,2017,12,6.90000000
1178,selic_efetiva,Taxa Selic efetiva anualizada,% a.a.,diaria,2017-12-27,2017,12,6.90000000
1178,selic_efetiva,Taxa Selic efetiva anualizada,% a.a.,diaria,2017-12-28,2017,12,6.90000000
1178,selic_efetiva,Taxa Selic efetiva anualizada,% a.a.,diaria,2017-12-29,2017,12,6.90000000
1178,selic_efetiva,Taxa Selic efetiva anualizada,% a.a.,diaria,2018-01-02,2018,1,6.90000000
1178,selic_efetiva,Taxa Selic efetiva anualizada,% a.a.,diaria,2018-01-03,2018,1,6.90000000
1178,selic_efetiva,Taxa Selic efetiva anualizada,% a.a.,diaria,2018-01-04,2018,1,6.90000000
1178,selic_efetiva,Taxa Selic efetiva anualizada,% a.a.,diaria,2018-01-05,2018,1,6.90000000
1178,selic_efetiva,Taxa Selic efetiva anualizada,% a.a.,diaria,2018-01-08,2018,1,6.90000000
1178,selic_efetiva,Taxa Selic efetiva anualizada,% a.a.,diaria,2018-01-09,2018,1,6.90000000
1178,selic_efetiva,Taxa Selic efetiva anualizada,% a.a.,diaria,2018-01-10,2018,1,6.90000000
1178,selic_efetiva,Taxa Selic efetiva anualizada,% a.a.,diaria,2018-01-11,2018,1,6.90000000
1178,selic_efetiva,Taxa Selic efetiva anualizada,% a.a.,diaria,2018-01-12,2018,1,6.90000000
1178,selic_efetiva,Taxa Selic efetiva anualizada,% a.a.,diaria,2018-01-15,2018,1,6.90000000
1178,selic_efetiva,Taxa Selic efetiva anualizada,% a.a.,diaria,2018-01-16,2018,1,6.90000000
1178,selic_efetiva,Taxa Selic efetiva anualizada,% a.a.,diaria,2018-01-17,2018,1,6.90000000
1178,selic_efetiva,Taxa Selic efetiva anualizada,% a.a.,diaria,2018-01-18,2018,1,6.90000000
1178,selic_efetiva,Taxa Selic efetiva anualizada,% a.a.,diaria,2018-01-19,2018,1,6.90000000
1178,selic_efetiva,Taxa Selic efetiva anualizada,% a.a.,diaria,2018-01-22,2018,1,6.90000000
1178,selic_efetiva,Taxa Selic efetiva anualizada,% a.a.,diaria,2018-01-23,2018,1,6.90000000
1178,selic_efetiva,Taxa Selic efetiva anualizada,% a.a.,diaria,2018-01-24,2018,1,6.90000000
1178,selic_efetiva,Taxa Selic efetiva anualizada,% a.a.,diaria,2018-01-25,2018,1,6.90000000
1178,selic_efetiva,Taxa Selic efetiva anualizada,% a.a.,diaria,2018-01-26,2018,1,6.90000000
1178,selic_efetiva,Taxa Selic efetiva anualizada,% a.a.,diaria,2018-01-29,2018,1,6.90000000
1178,selic_efetiva,Taxa Selic efetiva anualizada,% a.a.,diaria,2018-01-30,2018,1,6.90000000
1178,selic_efetiva,Taxa Selic efetiva anualizada,% a.a.,diaria,2018-01-31,2018,1,6.90000000
1178,selic_efetiva,Taxa Selic efetiva anualizada,% a.a.,diaria,2018-02-01,2018,2,6.90000000
1178,selic_efetiva,Taxa Selic efetiva anualizada,% a.a.,diaria,2018-02-02,2018,2,6.90000000
1178,selic_efetiva,Taxa Selic efetiva anualizada,% a.a.,diaria,2018-02-05,2018,2,6.90000000
1178,selic_efetiva,Taxa Selic efetiva anualizada,% a.a.,diaria,2018-02-06,2018,2,6.90000000
1178,selic_efetiva,Taxa Selic efetiva anualizada,% a.a.,diaria,2018-02-07,2018,2,6.90000000
1178,selic_efetiva,Taxa Selic efetiva anualizada,% a.a.,diaria,2018-02-08,2018,2,6.65000000
1178,selic_efetiva,Taxa Selic efetiva anualizada,% a.a.,diaria,2018-02-09,2018,2,6.65000000
1178,selic_efetiva,Taxa Selic efetiva anualizada,% a.a.,diaria,2018-02-14,2018,2,6.65000000
1178,selic_efetiva,Taxa Selic efetiva anualizada,% a.a.,diaria,2018-02-15,2018,2,6.65000000
1178,selic_efetiva,Taxa Selic efetiva anualizada,% a.a.,diaria,2018-02-16,2018,2,6.65000000
1178,selic_efetiva,Taxa Selic efetiva anualizada,% a.a.,diaria,2018-02-19,2018,2,6.65000000
1178,selic_efetiva,Taxa Selic efetiva anualizada,% a.a.,diaria,2018-02-20,2018,2,6.65000000
1178,selic_efetiva,Taxa Selic efetiva anualizada,% a.a.,diaria,2018-02-21,2018,2,6.65000000
1178,selic_efetiva,Taxa Selic efetiva anualizada,% a.a.,diaria,2018-02-22,2018,2,6.65000000
1178,selic_efetiva,Taxa Selic efetiva anualizada,% a.a.,diaria,2018-02-23,2018,2,6.65000000
1178,selic_efetiva,Taxa Selic efetiva anualizada,% a.a.,diaria,2018-02-26,2018,2,6.65000000
1178,selic_efetiva,Taxa Selic efetiva anualizada,% a.a.,diaria,2018-02-27,2018,2,6.65000000
1178,selic_efetiva,Taxa Selic efetiva anualizada,% a.a.,diaria,2018-02-28,2018,2,6.65000000
1178,selic_efetiva,Taxa Selic efetiva anualizada,% a.a.,diaria,2018-03-01,2018,3,6.65000000
1178,selic_efetiva,Taxa Selic efetiva anualizada,% a.a.,diaria,2018-03-02,2018,3,6.65000000
1178,selic_efetiva,Taxa Selic efetiva anualizada,% a.a.,diaria,2018-03-05,2018,3,6.65000000
1178,selic_efetiva,Taxa Selic efetiva anualizada,% a.a.,diaria,2018-03-06,2018,3,6.65000000
1178,selic_efetiva,Taxa Selic efetiva anualizada,% a.a.,diaria,2018-03-07,2018,3,6.65000000
1178,selic_efetiva,Taxa Selic efetiva anualizada,% a.a.,diaria,2018-03-08,2018,3,6.65000000
1178,selic_efetiva,Taxa Selic efetiva anualizada,% a.a.,diaria,2018-03-09,2018,3,6.65000000
1178,selic_efetiva,Taxa Selic efetiva anualizada,% a.a.,diaria,2018-03-12,2018,3,6.65000000
1178,selic_efetiva,Taxa Selic efetiva anualizada,% a.a.,diaria,2018-03-13,2018,3,6.65000000
1178,selic_efetiva,Taxa Selic efetiva anualizada,% a.a.,diaria,2018-03-14,2018,3,6.65000000
1178,selic_efetiva,Taxa Selic efetiva anualizada,% a.a.,diaria,2018-03-15,2018,3,6.65000000
1178,selic_efetiva,Taxa Selic efetiva anualizada,% a.a.,diaria,2018-03-16,2018,3,6.65000000
1178,selic_efetiva,Taxa Selic efetiva anualizada,% a.a.,diaria,2018-03-19,2018,3,6.65000000
1178,selic_efetiva,Taxa Selic efetiva anualizada,% a.a.,diaria,2018-03-20,2018,3,6.65000000
1178,selic_efetiva,Taxa Selic efetiva anualizada,% a.a.,diaria,2018-03-21,2018,3,6.65000000
1178,selic_efetiva,Taxa Selic efetiva anualizada,% a.a.,diaria,2018-03-22,2018,3,6.40000000
1178,selic_efetiva,Taxa Selic efetiva anualizada,% a.a.,diaria,2018-03-23,2018,3,6.40000000
1178,selic_efetiva,Taxa Selic efetiva anualizada,% a.a.,diaria,2018-03-26,2018,3,6.40000000
1178,selic_efetiva,Taxa Selic efetiva anualizada,% a.a.,diaria,2018-03-27,2018,3,6.40000000
1178,selic_efetiva,Taxa Selic efetiva anualizada,% a.a.,diaria,2018-03-28,2018,3,6.40000000
1178,selic_efetiva,Taxa Selic efetiva anualizada,% a.a.,diaria,2018-03-29,2018,3,6.40000000
1178,selic_efetiva,Taxa Selic efetiva anualizada,% a.a.,diaria,2018-04-02,2018,4,6.40000000
1178,selic_efetiva,Taxa Selic efetiva anualizada,% a.a.,diaria,2018-04-03,2018,4,6.40000000
1178,selic_efetiva,Taxa Selic efetiva anualizada,% a.a.,diaria,2018-04-04,2018,4,6.40000000
1178,selic_efetiva,Taxa Selic efetiva anualizada,% a.a.,diaria,2018-04-05,2018,4,6.40000000
1178,selic_efetiva,Taxa Selic efetiva anualizada,% a.a.,diaria,2018-04-06,2018,4,6.40000000
1178,selic_efetiva,Taxa Selic efetiva anualizada,% a.a.,diaria,2018-04-09,2018,4,6.40000000
1178,selic_efetiva,Taxa Selic efetiva anualizada,% a.a.,diaria,2018-04-10,2018,4,6.40000000
1178,selic_efetiva,Taxa Selic efetiva anualizada,% a.a.,diaria,2018-04-11,2018,4,6.40000000
1178,selic_efetiva,Taxa Selic efetiva anualizada,% a.a.,diaria,2018-04-12,2018,4,6.40000000
1178,selic_efetiva,Taxa Selic efetiva anualizada,% a.a.,diaria,2018-04-13,2018,4,6.40000000
1178,selic_efetiva,Taxa Selic efetiva anualizada,% a.a.,diaria,2018-04-16,2018,4,6.40000000
1178,selic_efetiva,Taxa Selic efetiva anualizada,% a.a.,diaria,2018-04-17,2018,4,6.40000000
1178,selic_efetiva,Taxa Selic efetiva anualizada,% a.a.,diaria,2018-04-18,2018,4,6.40000000
1178,selic_efetiva,Taxa Selic efetiva anualizada,% a.a.,diaria,2018-04-19,2018,4,6.40000000
1178,selic_efetiva,Taxa Selic efetiva anualizada,% a.a.,diaria,2018-04-20,2018,4,6.40000000
1178,selic_efetiva,Taxa Selic efetiva anualizada,% a.a.,diaria,2018-04-23,2018,4,6.40000000
1178,selic_efetiva,Taxa Selic efetiva anualizada,% a.a.,diaria,2018-04-24,2018,4,6.40000000
1178,selic_efetiva,Taxa Selic efetiva anualizada,% a.a.,diaria,2018-04-25,2018,4,6.40000000
1178,selic_efetiva,Taxa Selic efetiva anualizada,% a.a.,diaria,2018-04-26,2018,4,6.40000000
1178,selic_efetiva,Taxa Selic efetiva anualizada,% a.a.,diaria,2018-04-27,2018,4,6.40000000
1178,selic_efetiva,Taxa Selic efetiva anualizada,% a.a.,diaria,2018-04-30,2018,4,6.40000000
1178,selic_efetiva,Taxa Selic efetiva anualizada,% a.a.,diaria,2018-05-02,2018,5,6.40000000
1178,selic_efetiva,Taxa Selic efetiva anualizada,% a.a.,diaria,2018-05-03,2018,5,6.40000000
1178,selic_efetiva,Taxa Selic efetiva anualizada,% a.a.,diaria,2018-05-04,2018,5,6.40000000
1178,selic_efetiva,Taxa Selic efetiva anualizada,% a.a.,diaria,2018-05-07,2018,5,6.40000000
1178,selic_efetiva,Taxa Selic efetiva anualizada,% a.a.,diaria,2018-05-08,2018,5,6.40000000
1178,selic_efetiva,Taxa Selic efetiva anualizada,% a.a.,diaria,2018-05-09,2018,5,6.40000000
1178,selic_efetiva,Taxa Selic efetiva anualizada,% a.a.,diaria,2018-05-10,2018,5,6.40000000
1178,selic_efetiva,Taxa Selic efetiva anualizada,% a.a.,diaria,2018-05-11,2018,5,6.40000000
1178,selic_efetiva,Taxa Selic efetiva anualizada,% a.a.,diaria,2018-05-14,2018,5,6.40000000
1178,selic_efetiva,Taxa Selic efetiva anualizada,% a.a.,diaria,2018-05-15,2018,5,6.40000000
1178,selic_efetiva,Taxa Selic efetiva anualizada,% a.a.,diaria,2018-05-16,2018,5,6.40000000
1178,selic_efetiva,Taxa Selic efetiva anualizada,% a.a.,diaria,2018-05-17,2018,5,6.40000000
1178,selic_efetiva,Taxa Selic efetiva anualizada,% a.a.,diaria,2018-05-18,2018,5,6.40000000
1178,selic_efetiva,Taxa Selic efetiva anualizada,% a.a.,diaria,2018-05-21,2018,5,6.40000000
1178,selic_efetiva,Taxa Selic efetiva anualizada,% a.a.,diaria,2018-05-22,2018,5,6.40000000
1178,selic_efetiva,Taxa Selic efetiva anualizada,% a.a.,diaria,2018-05-23,2018,5,6.40000000
1178,selic_efetiva,Taxa Selic efetiva anualizada,% a.a.,diaria,2018-05-24,2018,5,6.40000000
1178,selic_efetiva,Taxa Selic efetiva anualizada,% a.a.,diaria,2018-05-25,2018,5,6.40000000
1178,selic_efetiva,Taxa Selic efetiva anualizada,% a.a.,diaria,2018-05-28,2018,5,6.40000000
1178,selic_efetiva,Taxa Selic efetiva anualizada,% a.a.,diaria,2018-05-29,2018,5,6.40000000
1178,selic_efetiva,Taxa Selic efetiva anualizada,% a.a.,diaria,2018-05-30,2018,5,6.40000000
1178,selic_efetiva,Taxa Selic efetiva anualizada,% a.a.,diaria,2018-06-01,2018,6,6.40000000
1178,selic_efetiva,Taxa Selic efetiva anualizada,% a.a.,diaria,2018-06-04,2018,6,6.40000000
1178,selic_efetiva,Taxa Selic efetiva anualizada,% a.a.,diaria,2018-06-05,2018,6,6.40000000
1178,selic_efetiva,Taxa Selic efetiva anualizada,% a.a.,diaria,2018-06-06,2018,6,6.40000000
1178,selic_efetiva,Taxa Selic efetiva anualizada,% a.a.,diaria,2018-06-07,2018,6,6.40000000
1178,selic_efetiva,Taxa Selic efetiva anualizada,% a.a.,diaria,2018-06-08,2018,6,6.40000000
1178,selic_efetiva,Taxa Selic efetiva anualizada,% a.a.,diaria,2018-06-11,2018,6,6.40000000
1178,selic_efetiva,Taxa Selic efetiva anualizada,% a.a.,diaria,2018-06-12,2018,6,6.40000000
1178,selic_efetiva,Taxa Selic efetiva anualizada,% a.a.,diaria,2018-06-13,2018,6,6.40000000
1178,selic_efetiva,Taxa Selic efetiva anualizada,% a.a.,diaria,2018-06-14,2018,6,6.40000000
1178,selic_efetiva,Taxa Selic efetiva anualizada,% a.a.,diaria,2018-06-15,2018,6,6.40000000
1178,selic_efetiva,Taxa Selic efetiva anualizada,% a.a.,diaria,2018-06-18,2018,6,6.40000000
1178,selic_efetiva,Taxa Selic efetiva anualizada,% a.a.,diaria,2018-06-19,2018,6,6.40000000
1178,selic_efetiva,Taxa Selic efetiva anualizada,% a.a.,diaria,2018-06-20,2018,6,6.40000000
1178,selic_efetiva,Taxa Selic efetiva anualizada,% a.a.,diaria,2018-06-21,2018,6,6.40000000
1178,selic_efetiva,Taxa Selic efetiva anualizada,% a.a.,diaria,2018-06-22,2018,6,6.40000000
1178,selic_efetiva,Taxa Selic efetiva anualizada,% a.a.,diaria,2018-06-25,2018,6,6.40000000
1178,selic_efetiva,Taxa Selic efetiva anualizada,% a.a.,diaria,2018-06-26,2018,6,6.40000000
1178,selic_efetiva,Taxa Selic efetiva anualizada,% a.a.,diaria,2018-06-27,2018,6,6.40000000
1178,selic_efetiva,Taxa Selic efetiva anualizada,% a.a.,diaria,2018-06-28,2018,6,6.40000000
1178,selic_efetiva,Taxa Selic efetiva anualizada,% a.a.,diaria,2018-06-29,2018,6,6.40000000
1178,selic_efetiva,Taxa Selic efetiva anualizada,% a.a.,diaria,2018-07-02,2018,7,6.40000000
1178,selic_efetiva,Taxa Selic efetiva anualizada,% a.a.,diaria,2018-07-03,2018,7,6.40000000
1178,selic_efetiva,Taxa Selic efetiva anualizada,% a.a.,diaria,2018-07-04,2018,7,6.40000000
1178,selic_efetiva,Taxa Selic efetiva anualizada,% a.a.,diaria,2018-07-05,2018,7,6.40000000
1178,selic_efetiva,Taxa Selic efetiva anualizada,% a.a.,diaria,2018-07-06,2018,7,6.40000000
1178,selic_efetiva,Taxa Selic efetiva anualizada,% a.a.,diaria,2018-07-09,2018,7,6.40000000
1178,selic_efetiva,Taxa Selic efetiva anualizada,% a.a.,diaria,2018-07-10,2018,7,6.40000000
1178,selic_efetiva,Taxa Selic efetiva anualizada,% a.a.,diaria,2018-07-11,2018,7,6.40000000
1178,selic_efetiva,Taxa Selic efetiva anualizada,% a.a.,diaria,2018-07-12,2018,7,6.40000000
1178,selic_efetiva,Taxa Selic efetiva anualizada,% a.a.,diaria,2018-07-13,2018,7,6.40000000
1178,selic_efetiva,Taxa Selic efetiva anualizada,% a.a.,diaria,2018-07-16,2018,7,6.40000000
1178,selic_efetiva,Taxa Selic efetiva anualizada,% a.a.,diaria,2018-07-17,2018,7,6.40000000
1178,selic_efetiva,Taxa Selic efetiva anualizada,% a.a.,diaria,2018-07-18,2018,7,6.40000000
1178,selic_efetiva,Taxa Selic efetiva anualizada,% a.a.,diaria,2018-07-19,2018,7,6.40000000
1178,selic_efetiva,Taxa Selic efetiva anualizada,% a.a.,diaria,2018-07-20,2018,7,6.40000000
1178,selic_efetiva,Taxa Selic efetiva anualizada,% a.a.,diaria,2018-07-23,2018,7,6.40000000
1178,selic_efetiva,Taxa Selic efetiva anualizada,% a.a.,diaria,2018-07-24,2018,7,6.40000000
1178,selic_efetiva,Taxa Selic efetiva anualizada,% a.a.,diaria,2018-07-25,2018,7,6.40000000
1178,selic_efetiva,Taxa Selic efetiva anualizada,% a.a.,diaria,2018-07-26,2018,7,6.40000000
1178,selic_efetiva,Taxa Selic efetiva anualizada,% a.a.,diaria,2018-07-27,2018,7,6.40000000
1178,selic_efetiva,Taxa Selic efetiva anualizada,% a.a.,diaria,2018-07-30,2018,7,6.40000000
1178,selic_efetiva,Taxa Selic efetiva anualizada,% a.a.,diaria,2018-07-31,2018,7,6.40000000
1178,selic_efetiva,Taxa Selic efetiva anualizada,% a.a.,diaria,2018-08-01,2018,8,6.40000000
1178,selic_efetiva,Taxa Selic efetiva anualizada,% a.a.,diaria,2018-08-02,2018,8,6.40000000
1178,selic_efetiva,Taxa Selic efetiva anualizada,% a.a.,diaria,2018-08-03,2018,8,6.40000000
1178,selic_efetiva,Taxa Selic efetiva anualizada,% a.a.,diaria,2018-08-06,2018,8,6.40000000
1178,selic_efetiva,Taxa Selic efetiva anualizada,% a.a.,diaria,2018-08-07,2018,8,6.40000000
1178,selic_efetiva,Taxa Selic efetiva anualizada,% a.a.,diaria,2018-08-08,2018,8,6.40000000
1178,selic_efetiva,Taxa Selic efetiva anualizada,% a.a.,diaria,2018-08-09,2018,8,6.40000000
1178,selic_efetiva,Taxa Selic efetiva anualizada,% a.a.,diaria,2018-08-10,2018,8,6.40000000
1178,selic_efetiva,Taxa Selic efetiva anualizada,% a.a.,diaria,2018-08-13,2018,8,6.40000000
1178,selic_efetiva,Taxa Selic efetiva anualizada,% a.a.,diaria,2018-08-14,2018,8,6.40000000
1178,selic_efetiva,Taxa Selic efetiva anualizada,% a.a.,diaria,2018-08-15,2018,8,6.40000000
1178,selic_efetiva,Taxa Selic efetiva anualizada,% a.a.,diaria,2018-08-16,2018,8,6.40000000
1178,selic_efetiva,Taxa Selic efetiva anualizada,% a.a.,diaria,2018-08-17,2018,8,6.40000000
1178,selic_efetiva,Taxa Selic efetiva anualizada,% a.a.,diaria,2018-08-20,2018,8,6.40000000
1178,selic_efetiva,Taxa Selic efetiva anualizada,% a.a.,diaria,2018-08-21,2018,8,6.40000000
1178,selic_efetiva,Taxa Selic efetiva anualizada,% a.a.,diaria,2018-08-22,2018,8,6.40000000
1178,selic_efetiva,Taxa Selic efetiva anualizada,% a.a.,diaria,2018-08-23,2018,8,6.40000000
1178,selic_efetiva,Taxa Selic efetiva anualizada,% a.a.,diaria,2018-08-24,2018,8,6.40000000
1178,selic_efetiva,Taxa Selic efetiva anualizada,% a.a.,diaria,2018-08-27,2018,8,6.40000000
1178,selic_efetiva,Taxa Selic efetiva anualizada,% a.a.,diaria,2018-08-28,2018,8,6.40000000
1178,selic_efetiva,Taxa Selic efetiva anualizada,% a.a.,diaria,2018-08-29,2018,8,6.40000000
1178,selic_efetiva,Taxa Selic efetiva anualizada,% a.a.,diaria,2018-08-30,2018,8,6.40000000
1178,selic_efetiva,Taxa Selic efetiva anualizada,% a.a.,diaria,2018-08-31,2018,8,6.40000000
1178,selic_efetiva,Taxa Selic efetiva anualizada,% a.a.,diaria,2018-09-03,2018,9,6.40000000
1178,selic_efetiva,Taxa Selic efetiva anualizada,% a.a.,diaria,2018-09-04,2018,9,6.40000000
1178,selic_efetiva,Taxa Selic efetiva anualizada,% a.a.,diaria,2018-09-05,2018,9,6.40000000
1178,selic_efetiva,Taxa Selic efetiva anualizada,% a.a.,diaria,2018-09-06,2018,9,6.40000000
1178,selic_efetiva,Taxa Selic efetiva anualizada,% a.a.,diaria,2018-09-10,2018,9,6.40000000
1178,selic_efetiva,Taxa Selic efetiva anualizada,% a.a.,diaria,2018-09-11,2018,9,6.40000000
1178,selic_efetiva,Taxa Selic efetiva anualizada,% a.a.,diaria,2018-09-12,2018,9,6.40000000
1178,selic_efetiva,Taxa Selic efetiva anualizada,% a.a.,diaria,2018-09-13,2018,9,6.40000000
1178,selic_efetiva,Taxa Selic efetiva anualizada,% a.a.,diaria,2018-09-14,2018,9,6.40000000
1178,selic_efetiva,Taxa Selic efetiva anualizada,% a.a.,diaria,2018-09-17,2018,9,6.40000000
1178,selic_efetiva,Taxa Selic efetiva anualizada,% a.a.,diaria,2018-09-18,2018,9,6.40000000
1178,selic_efetiva,Taxa Selic efetiva anualizada,% a.a.,diaria,2018-09-19,2018,9,6.40000000
1178,selic_efetiva,Taxa Selic efetiva anualizada,% a.a.,diaria,2018-09-20,2018,9,6.40000000
1178,selic_efetiva,Taxa Selic efetiva anualizada,% a.a.,diaria,2018-09-21,2018,9,6.40000000
1178,selic_efetiva,Taxa Selic efetiva anualizada,% a.a.,diaria,2018-09-24,2018,9,6.40000000
1178,selic_efetiva,Taxa Selic efetiva anualizada,% a.a.,diaria,2018-09-25,2018,9,6.40000000
1178,selic_efetiva,Taxa Selic efetiva anualizada,% a.a.,diaria,2018-09-26,2018,9,6.40000000
1178,selic_efetiva,Taxa Selic efetiva anualizada,% a.a.,diaria,2018-09-27,2018,9,6.40000000
1178,selic_efetiva,Taxa Selic efetiva anualizada,% a.a.,diaria,2018-09-28,2018,9,6.40000000
1178,selic_efetiva,Taxa Selic efetiva anualizada,% a.a.,diaria,2018-10-01,2018,10,6.40000000
1178,selic_efetiva,Taxa Selic efetiva anualizada,% a.a.,diaria,2018-10-02,2018,10,6.40000000
1178,selic_efetiva,Taxa Selic efetiva anualizada,% a.a.,diaria,2018-10-03,2018,10,6.40000000
1178,selic_efetiva,Taxa Selic efetiva anualizada,% a.a.,diaria,2018-10-04,2018,10,6.40000000
1178,selic_efetiva,Taxa Selic efetiva anualizada,% a.a.,diaria,2018-10-05,2018,10,6.40000000
1178,selic_efetiva,Taxa Selic efetiva anualizada,% a.a.,diaria,2018-10-08,2018,10,6.40000000
1178,selic_efetiva,Taxa Selic efetiva anualizada,% a.a.,diaria,2018-10-09,2018,10,6.40000000
1178,selic_efetiva,Taxa Selic efetiva anualizada,% a.a.,diaria,2018-10-10,2018,10,6.40000000
1178,selic_efetiva,Taxa Selic efetiva anualizada,% a.a.,diaria,2018-10-11,2018,10,6.40000000
1178,selic_efetiva,Taxa Selic efetiva anualizada,% a.a.,diaria,2018-10-15,2018,10,6.40000000
1178,selic_efetiva,Taxa Selic efetiva anualizada,% a.a.,diaria,2018-10-16,2018,10,6.40000000
1178,selic_efetiva,Taxa Selic efetiva anualizada,% a.a.,diaria,2018-10-17,2018,10,6.40000000
1178,selic_efetiva,Taxa Selic efetiva anualizada,% a.a.,diaria,2018-10-18,2018,10,6.40000000
1178,selic_efetiva,Taxa Selic efetiva anualizada,% a.a.,diaria,2018-10-19,2018,10,6.40000000
1178,selic_efetiva,Taxa Selic efetiva anualizada,% a.a.,diaria,2018-10-22,2018,10,6.40000000
1178,selic_efetiva,Taxa Selic efetiva anualizada,% a.a.,diaria,2018-10-23,2018,10,6.40000000
1178,selic_efetiva,Taxa Selic efetiva anualizada,% a.a.,diaria,2018-10-24,2018,10,6.40000000
1178,selic_efetiva,Taxa Selic efetiva anualizada,% a.a.,diaria,2018-10-25,2018,10,6.40000000
1178,selic_efetiva,Taxa Selic efetiva anualizada,% a.a.,diaria,2018-10-26,2018,10,6.40000000
1178,selic_efetiva,Taxa Selic efetiva anualizada,% a.a.,diaria,2018-10-29,2018,10,6.40000000
1178,selic_efetiva,Taxa Selic efetiva anualizada,% a.a.,diaria,2018-10-30,2018,10,6.40000000
1178,selic_efetiva,Taxa Selic efetiva anualizada,% a.a.,diaria,2018-10-31,2018,10,6.40000000
1178,selic_efetiva,Taxa Selic efetiva anualizada,% a.a.,diaria,2018-11-01,2018,11,6.40000000
1178,selic_efetiva,Taxa Selic efetiva anualizada,% a.a.,diaria,2018-11-05,2018,11,6.40000000
1178,selic_efetiva,Taxa Selic efetiva anualizada,% a.a.,diaria,2018-11-06,2018,11,6.40000000
1178,selic_efetiva,Taxa Selic efetiva anualizada,% a.a.,diaria,2018-11-07,2018,11,6.40000000
1178,selic_efetiva,Taxa Selic efetiva anualizada,% a.a.,diaria,2018-11-08,2018,11,6.40000000
1178,selic_efetiva,Taxa Selic efetiva anualizada,% a.a.,diaria,2018-11-09,2018,11,6.40000000
1178,selic_efetiva,Taxa Selic efetiva anualizada,% a.a.,diaria,2018-11-12,2018,11,6.40000000
1178,selic_efetiva,Taxa Selic efetiva anualizada,% a.a.,diaria,2018-11-13,2018,11,6.40000000
1178,selic_efetiva,Taxa Selic efetiva anualizada,% a.a.,diaria,2018-11-14,2018,11,6.40000000
1178,selic_efetiva,Taxa Selic efetiva anualizada,% a.a.,diaria,2018-11-16,2018,11,6.40000000
1178,selic_efetiva,Taxa Selic efetiva anualizada,% a.a.,diaria,2018-11-19,2018,11,6.40000000
1178,selic_efetiva,Taxa Selic efetiva anualizada,% a.a.,diaria,2018-11-20,2018,11,6.40000000
1178,selic_efetiva,Taxa Selic efetiva anualizada,% a.a.,diaria,2018-11-21,2018,11,6.40000000
1178,selic_efetiva,Taxa Selic efetiva anualizada,% a.a.,diaria,2018-11-22,2018,11,6.40000000
1178,selic_efetiva,Taxa Selic efetiva anualizada,% a.a.,diaria,2018-11-23,2018,11,6.40000000
1178,selic_efetiva,Taxa Selic efetiva anualizada,% a.a.,diaria,2018-11-26,2018,11,6.40000000
1178,selic_efetiva,Taxa Selic efetiva anualizada,% a.a.,diaria,2018-11-27,2018,11,6.40000000
1178,selic_efetiva,Taxa Selic efetiva anualizada,% a.a.,diaria,2018-11-28,2018,11,6.40000000
1178,selic_efetiva,Taxa Selic efetiva anualizada,% a.a.,diaria,2018-11-29,2018,11,6.40000000
1178,selic_efetiva,Taxa Selic efetiva anualizada,% a.a.,diaria,2018-11-30,2018,11,6.40000000
1178,selic_efetiva,Taxa Selic efetiva anualizada,% a.a.,diaria,2018-12-03,2018,12,6.40000000
1178,selic_efetiva,Taxa Selic efetiva anualizada,% a.a.,diaria,2018-12-04,2018,12,6.40000000
1178,selic_efetiva,Taxa Selic efetiva anualizada,% a.a.,diaria,2018-12-05,2018,12,6.40000000
1178,selic_efetiva,Taxa Selic efetiva anualizada,% a.a.,diaria,2018-12-06,2018,12,6.40000000
1178,selic_efetiva,Taxa Selic efetiva anualizada,% a.a.,diaria,2018-12-07,2018,12,6.40000000
1178,selic_efetiva,Taxa Selic efetiva anualizada,% a.a.,diaria,2018-12-10,2018,12,6.40000000
1178,selic_efetiva,Taxa Selic efetiva anualizada,% a.a.,diaria,2018-12-11,2018,12,6.40000000
1178,selic_efetiva,Taxa Selic efetiva anualizada,% a.a.,diaria,2018-12-12,2018,12,6.40000000
1178,selic_efetiva,Taxa Selic efetiva anualizada,% a.a.,diaria,2018-12-13,2018,12,6.40000000
1178,selic_efetiva,Taxa Selic efetiva anualizada,% a.a.,diaria,2018-12-14,2018,12,6.40000000
1178,selic_efetiva,Taxa Selic efetiva anualizada,% a.a.,diaria,2018-12-17,2018,12,6.40000000
1178,selic_efetiva,Taxa Selic efetiva anualizada,% a.a.,diaria,2018-12-18,2018,12,6.40000000
1178,selic_efetiva,Taxa Selic efetiva anualizada,% a.a.,diaria,2018-12-19,2018,12,6.40000000
1178,selic_efetiva,Taxa Selic efetiva anualizada,% a.a.,diaria,2018-12-20,2018,12,6.40000000
1178,selic_efetiva,Taxa Selic efetiva anualizada,% a.a.,diaria,2018-12-21,2018,12,6.40000000
1178,selic_efetiva,Taxa Selic efetiva anualizada,% a.a.,diaria,2018-12-24,2018,12,6.40000000
1178,selic_efetiva,Taxa Selic efetiva anualizada,% a.a.,diaria,2018-12-26,2018,12,6.40000000
1178,selic_efetiva,Taxa Selic efetiva anualizada,% a.a.,diaria,2018-12-27,2018,12,6.40000000
1178,selic_efetiva,Taxa Selic efetiva anualizada,% a.a.,diaria,2018-12-28,2018,12,6.40000000
1178,selic_efetiva,Taxa Selic efetiva anualizada,% a.a.,diaria,2018-12-31,2018,12,6.40000000
1178,selic_efetiva,Taxa Selic efetiva anualizada,% a.a.,diaria,2019-01-02,2019,1,6.40000000
1178,selic_efetiva,Taxa Selic efetiva anualizada,% a.a.,diaria,2019-01-03,2019,1,6.40000000
1178,selic_efetiva,Taxa Selic efetiva anualizada,% a.a.,diaria,2019-01-04,2019,1,6.40000000
1178,selic_efetiva,Taxa Selic efetiva anualizada,% a.a.,diaria,2019-01-07,2019,1,6.40000000
1178,selic_efetiva,Taxa Selic efetiva anualizada,% a.a.,diaria,2019-01-08,2019,1,6.40000000
1178,selic_efetiva,Taxa Selic efetiva anualizada,% a.a.,diaria,2019-01-09,2019,1,6.40000000
1178,selic_efetiva,Taxa Selic efetiva anualizada,% a.a.,diaria,2019-01-10,2019,1,6.40000000
1178,selic_efetiva,Taxa Selic efetiva anualizada,% a.a.,diaria,2019-01-11,2019,1,6.40000000
1178,selic_efetiva,Taxa Selic efetiva anualizada,% a.a.,diaria,2019-01-14,2019,1,6.40000000
1178,selic_efetiva,Taxa Selic efetiva anualizada,% a.a.,diaria,2019-01-15,2019,1,6.40000000
1178,selic_efetiva,Taxa Selic efetiva anualizada,% a.a.,diaria,2019-01-16,2019,1,6.40000000
1178,selic_efetiva,Taxa Selic efetiva anualizada,% a.a.,diaria,2019-01-17,2019,1,6.40000000
1178,selic_efetiva,Taxa Selic efetiva anualizada,% a.a.,diaria,2019-01-18,2019,1,6.40000000
1178,selic_efetiva,Taxa Selic efetiva anualizada,% a.a.,diaria,2019-01-21,2019,1,6.40000000
1178,selic_efetiva,Taxa Selic efetiva anualizada,% a.a.,diaria,2019-01-22,2019,1,6.40000000
1178,selic_efetiva,Taxa Selic efetiva anualizada,% a.a.,diaria,2019-01-23,2019,1,6.40000000
1178,selic_efetiva,Taxa Selic efetiva anualizada,% a.a.,diaria,2019-01-24,2019,1,6.40000000
1178,selic_efetiva,Taxa Selic efetiva anualizada,% a.a.,diaria,2019-01-25,2019,1,6.40000000
1178,selic_efetiva,Taxa Selic efetiva anualizada,% a.a.,diaria,2019-01-28,2019,1,6.40000000
1178,selic_efetiva,Taxa Selic efetiva anualizada,% a.a.,diaria,2019-01-29,2019,1,6.40000000
1178,selic_efetiva,Taxa Selic efetiva anualizada,% a.a.,diaria,2019-01-30,2019,1,6.40000000
1178,selic_efetiva,Taxa Selic efetiva anualizada,% a.a.,diaria,2019-01-31,2019,1,6.40000000
1178,selic_efetiva,Taxa Selic efetiva anualizada,% a.a.,diaria,2019-02-01,2019,2,6.40000000
1178,selic_efetiva,Taxa Selic efetiva anualizada,% a.a.,diaria,2019-02-04,2019,2,6.40000000
1178,selic_efetiva,Taxa Selic efetiva anualizada,% a.a.,diaria,2019-02-05,2019,2,6.40000000
1178,selic_efetiva,Taxa Selic efetiva anualizada,% a.a.,diaria,2019-02-06,2019,2,6.40000000
1178,selic_efetiva,Taxa Selic efetiva anualizada,% a.a.,diaria,2019-02-07,2019,2,6.40000000
1178,selic_efetiva,Taxa Selic efetiva anualizada,% a.a.,diaria,2019-02-08,2019,2,6.40000000
1178,selic_efetiva,Taxa Selic efetiva anualizada,% a.a.,diaria,2019-02-11,2019,2,6.40000000
1178,selic_efetiva,Taxa Selic efetiva anualizada,% a.a.,diaria,2019-02-12,2019,2,6.40000000
1178,selic_efetiva,Taxa Selic efetiva anualizada,% a.a.,diaria,2019-02-13,2019,2,6.40000000
1178,selic_efetiva,Taxa Selic efetiva anualizada,% a.a.,diaria,2019-02-14,2019,2,6.40000000
1178,selic_efetiva,Taxa Selic efetiva anualizada,% a.a.,diaria,2019-02-15,2019,2,6.40000000
1178,selic_efetiva,Taxa Selic efetiva anualizada,% a.a.,diaria,2019-02-18,2019,2,6.40000000
1178,selic_efetiva,Taxa Selic efetiva anualizada,% a.a.,diaria,2019-02-19,2019,2,6.40000000
1178,selic_efetiva,Taxa Selic efetiva anualizada,% a.a.,diaria,2019-02-20,2019,2,6.40000000
1178,selic_efetiva,Taxa Selic efetiva anualizada,% a.a.,diaria,2019-02-21,2019,2,6.40000000
1178,selic_efetiva,Taxa Selic efetiva anualizada,% a.a.,diaria,2019-02-22,2019,2,6.40000000
1178,selic_efetiva,Taxa Selic efetiva anualizada,% a.a.,diaria,2019-02-25,2019,2,6.40000000
1178,selic_efetiva,Taxa Selic efetiva anualizada,% a.a.,diaria,2019-02-26,2019,2,6.40000000
1178,selic_efetiva,Taxa Selic efetiva anualizada,% a.a.,diaria,2019-02-27,2019,2,6.40000000
1178,selic_efetiva,Taxa Selic efetiva anualizada,% a.a.,diaria,2019-02-28,2019,2,6.40000000
1178,selic_efetiva,Taxa Selic efetiva anualizada,% a.a.,diaria,2019-03-01,2019,3,6.40000000
1178,selic_efetiva,Taxa Selic efetiva anualizada,% a.a.,diaria,2019-03-06,2019,3,6.40000000
1178,selic_efetiva,Taxa Selic efetiva anualizada,% a.a.,diaria,2019-03-07,2019,3,6.40000000
1178,selic_efetiva,Taxa Selic efetiva anualizada,% a.a.,diaria,2019-03-08,2019,3,6.40000000
1178,selic_efetiva,Taxa Selic efetiva anualizada,% a.a.,diaria,2019-03-11,2019,3,6.40000000
1178,selic_efetiva,Taxa Selic efetiva anualizada,% a.a.,diaria,2019-03-12,2019,3,6.40000000
1178,selic_efetiva,Taxa Selic efetiva anualizada,% a.a.,diaria,2019-03-13,2019,3,6.40000000
1178,selic_efetiva,Taxa Selic efetiva anualizada,% a.a.,diaria,2019-03-14,2019,3,6.40000000
1178,selic_efetiva,Taxa Selic efetiva anualizada,% a.a.,diaria,2019-03-15,2019,3,6.40000000
1178,selic_efetiva,Taxa Selic efetiva anualizada,% a.a.,diaria,2019-03-18,2019,3,6.40000000
1178,selic_efetiva,Taxa Selic efetiva anualizada,% a.a.,diaria,2019-03-19,2019,3,6.40000000
1178,selic_efetiva,Taxa Selic efetiva anualizada,% a.a.,diaria,2019-03-20,2019,3,6.40000000
1178,selic_efetiva,Taxa Selic efetiva anualizada,% a.a.,diaria,2019-03-21,2019,3,6.40000000
1178,selic_efetiva,Taxa Selic efetiva anualizada,% a.a.,diaria,2019-03-22,2019,3,6.40000000
1178,selic_efetiva,Taxa Selic efetiva anualizada,% a.a.,diaria,2019-03-25,2019,3,6.40000000
1178,selic_efetiva,Taxa Selic efetiva anualizada,% a.a.,diaria,2019-03-26,2019,3,6.40000000
1178,selic_efetiva,Taxa Selic efetiva anualizada,% a.a.,diaria,2019-03-27,2019,3,6.40000000
1178,selic_efetiva,Taxa Selic efetiva anualizada,% a.a.,diaria,2019-03-28,2019,3,6.40000000
1178,selic_efetiva,Taxa Selic efetiva anualizada,% a.a.,diaria,2019-03-29,2019,3,6.40000000
1178,selic_efetiva,Taxa Selic efetiva anualizada,% a.a.,diaria,2019-04-01,2019,4,6.40000000
1178,selic_efetiva,Taxa Selic efetiva anualizada,% a.a.,diaria,2019-04-02,2019,4,6.40000000
1178,selic_efetiva,Taxa Selic efetiva anualizada,% a.a.,diaria,2019-04-03,2019,4,6.40000000
1178,selic_efetiva,Taxa Selic efetiva anualizada,% a.a.,diaria,2019-04-04,2019,4,6.40000000
1178,selic_efetiva,Taxa Selic efetiva anualizada,% a.a.,diaria,2019-04-05,2019,4,6.40000000
1178,selic_efetiva,Taxa Selic efetiva anualizada,% a.a.,diaria,2019-04-08,2019,4,6.40000000
1178,selic_efetiva,Taxa Selic efetiva anualizada,% a.a.,diaria,2019-04-09,2019,4,6.40000000
1178,selic_efetiva,Taxa Selic efetiva anualizada,% a.a.,diaria,2019-04-10,2019,4,6.40000000
1178,selic_efetiva,Taxa Selic efetiva anualizada,% a.a.,diaria,2019-04-11,2019,4,6.40000000
1178,selic_efetiva,Taxa Selic efetiva anualizada,% a.a.,diaria,2019-04-12,2019,4,6.40000000
1178,selic_efetiva,Taxa Selic efetiva anualizada,% a.a.,diaria,2019-04-15,2019,4,6.40000000
1178,selic_efetiva,Taxa Selic efetiva anualizada,% a.a.,diaria,2019-04-16,2019,4,6.40000000
1178,selic_efetiva,Taxa Selic efetiva anualizada,% a.a.,diaria,2019-04-17,2019,4,6.40000000
1178,selic_efetiva,Taxa Selic efetiva anualizada,% a.a.,diaria,2019-04-18,2019,4,6.40000000
1178,selic_efetiva,Taxa Selic efetiva anualizada,% a.a.,diaria,2019-04-22,2019,4,6.40000000
1178,selic_efetiva,Taxa Selic efetiva anualizada,% a.a.,diaria,2019-04-23,2019,4,6.40000000
1178,selic_efetiva,Taxa Selic efetiva anualizada,% a.a.,diaria,2019-04-24,2019,4,6.40000000
1178,selic_efetiva,Taxa Selic efetiva anualizada,% a.a.,diaria,2019-04-25,2019,4,6.40000000
1178,selic_efetiva,Taxa Selic efetiva anualizada,% a.a.,diaria,2019-04-26,2019,4,6.40000000
1178,selic_efetiva,Taxa Selic efetiva anualizada,% a.a.,diaria,2019-04-29,2019,4,6.40000000
1178,selic_efetiva,Taxa Selic efetiva anualizada,% a.a.,diaria,2019-04-30,2019,4,6.40000000
1178,selic_efetiva,Taxa Selic efetiva anualizada,% a.a.,diaria,2019-05-02,2019,5,6.40000000
1178,selic_efetiva,Taxa Selic efetiva anualizada,% a.a.,diaria,2019-05-03,2019,5,6.40000000
1178,selic_efetiva,Taxa Selic efetiva anualizada,% a.a.,diaria,2019-05-06,2019,5,6.40000000
1178,selic_efetiva,Taxa Selic efetiva anualizada,% a.a.,diaria,2019-05-07,2019,5,6.40000000
1178,selic_efetiva,Taxa Selic efetiva anualizada,% a.a.,diaria,2019-05-08,2019,5,6.40000000
1178,selic_efetiva,Taxa Selic efetiva anualizada,% a.a.,diaria,2019-05-09,2019,5,6.40000000
1178,selic_efetiva,Taxa Selic efetiva anualizada,% a.a.,diaria,2019-05-10,2019,5,6.40000000
1178,selic_efetiva,Taxa Selic efetiva anualizada,% a.a.,diaria,2019-05-13,2019,5,6.40000000
1178,selic_efetiva,Taxa Selic efetiva anualizada,% a.a.,diaria,2019-05-14,2019,5,6.40000000
1178,selic_efetiva,Taxa Selic efetiva anualizada,% a.a.,diaria,2019-05-15,2019,5,6.40000000
1178,selic_efetiva,Taxa Selic efetiva anualizada,% a.a.,diaria,2019-05-16,2019,5,6.40000000
1178,selic_efetiva,Taxa Selic efetiva anualizada,% a.a.,diaria,2019-05-17,2019,5,6.40000000
1178,selic_efetiva,Taxa Selic efetiva anualizada,% a.a.,diaria,2019-05-20,2019,5,6.40000000
1178,selic_efetiva,Taxa Selic efetiva anualizada,% a.a.,diaria,2019-05-21,2019,5,6.40000000
1178,selic_efetiva,Taxa Selic efetiva anualizada,% a.a.,diaria,2019-05-22,2019,5,6.40000000
1178,selic_efetiva,Taxa Selic efetiva anualizada,% a.a.,diaria,2019-05-23,2019,5,6.40000000
1178,selic_efetiva,Taxa Selic efetiva anualizada,% a.a.,diaria,2019-05-24,2019,5,6.40000000
1178,selic_efetiva,Taxa Selic efetiva anualizada,% a.a.,diaria,2019-05-27,2019,5,6.40000000
1178,selic_efetiva,Taxa Selic efetiva anualizada,% a.a.,diaria,2019-05-28,2019,5,6.40000000
1178,selic_efetiva,Taxa Selic efetiva anualizada,% a.a.,diaria,2019-05-29,2019,5,6.40000000
1178,selic_efetiva,Taxa Selic efetiva anualizada,% a.a.,diaria,2019-05-30,2019,5,6.40000000
1178,selic_efetiva,Taxa Selic efetiva anualizada,% a.a.,diaria,2019-05-31,2019,5,6.40000000
1178,selic_efetiva,Taxa Selic efetiva anualizada,% a.a.,diaria,2019-06-03,2019,6,6.40000000
1178,selic_efetiva,Taxa Selic efetiva anualizada,% a.a.,diaria,2019-06-04,2019,6,6.40000000
1178,selic_efetiva,Taxa Selic efetiva anualizada,% a.a.,diaria,2019-06-05,2019,6,6.40000000
1178,selic_efetiva,Taxa Selic efetiva anualizada,% a.a.,diaria,2019-06-06,2019,6,6.40000000
1178,selic_efetiva,Taxa Selic efetiva anualizada,% a.a.,diaria,2019-06-07,2019,6,6.40000000
1178,selic_efetiva,Taxa Selic efetiva anualizada,% a.a.,diaria,2019-06-10,2019,6,6.40000000
1178,selic_efetiva,Taxa Selic efetiva anualizada,% a.a.,diaria,2019-06-11,2019,6,6.40000000
1178,selic_efetiva,Taxa Selic efetiva anualizada,% a.a.,diaria,2019-06-12,2019,6,6.40000000
1178,selic_efetiva,Taxa Selic efetiva anualizada,% a.a.,diaria,2019-06-13,2019,6,6.40000000
1178,selic_efetiva,Taxa Selic efetiva anualizada,% a.a.,diaria,2019-06-14,2019,6,6.40000000
1178,selic_efetiva,Taxa Selic efetiva anualizada,% a.a.,diaria,2019-06-17,2019,6,6.40000000
1178,selic_efetiva,Taxa Selic efetiva anualizada,% a.a.,diaria,2019-06-18,2019,6,6.40000000
1178,selic_efetiva,Taxa Selic efetiva anualizada,% a.a.,diaria,2019-06-19,2019,6,6.40000000
1178,selic_efetiva,Taxa Selic efetiva anualizada,% a.a.,diaria,2019-06-21,2019,6,6.40000000
1178,selic_efetiva,Taxa Selic efetiva anualizada,% a.a.,diaria,2019-06-24,2019,6,6.40000000
1178,selic_efetiva,Taxa Selic efetiva anualizada,% a.a.,diaria,2019-06-25,2019,6,6.40000000
1178,selic_efetiva,Taxa Selic efetiva anualizada,% a.a.,diaria,2019-06-26,2019,6,6.40000000
1178,selic_efetiva,Taxa Selic efetiva anualizada,% a.a.,diaria,2019-06-27,2019,6,6.40000000
1178,selic_efetiva,Taxa Selic efetiva anualizada,% a.a.,diaria,2019-06-28,2019,6,6.40000000
1178,selic_efetiva,Taxa Selic efetiva anualizada,% a.a.,diaria,2019-07-01,2019,7,6.40000000
1178,selic_efetiva,Taxa Selic efetiva anualizada,% a.a.,diaria,2019-07-02,2019,7,6.40000000
1178,selic_efetiva,Taxa Selic efetiva anualizada,% a.a.,diaria,2019-07-03,2019,7,6.40000000
1178,selic_efetiva,Taxa Selic efetiva anualizada,% a.a.,diaria,2019-07-04,2019,7,6.40000000
1178,selic_efetiva,Taxa Selic efetiva anualizada,% a.a.,diaria,2019-07-05,2019,7,6.40000000
1178,selic_efetiva,Taxa Selic efetiva anualizada,% a.a.,diaria,2019-07-08,2019,7,6.40000000
1178,selic_efetiva,Taxa Selic efetiva anualizada,% a.a.,diaria,2019-07-09,2019,7,6.40000000
1178,selic_efetiva,Taxa Selic efetiva anualizada,% a.a.,diaria,2019-07-10,2019,7,6.40000000
1178,selic_efetiva,Taxa Selic efetiva anualizada,% a.a.,diaria,2019-07-11,2019,7,6.40000000
1178,selic_efetiva,Taxa Selic efetiva anualizada,% a.a.,diaria,2019-07-12,2019,7,6.40000000
1178,selic_efetiva,Taxa Selic efetiva anualizada,% a.a.,diaria,2019-07-15,2019,7,6.40000000
1178,selic_efetiva,Taxa Selic efetiva anualizada,% a.a.,diaria,2019-07-16,2019,7,6.40000000
1178,selic_efetiva,Taxa Selic efetiva anualizada,% a.a.,diaria,2019-07-17,2019,7,6.40000000
1178,selic_efetiva,Taxa Selic efetiva anualizada,% a.a.,diaria,2019-07-18,2019,7,6.40000000
1178,selic_efetiva,Taxa Selic efetiva anualizada,% a.a.,diaria,2019-07-19,2019,7,6.40000000
1178,selic_efetiva,Taxa Selic efetiva anualizada,% a.a.,diaria,2019-07-22,2019,7,6.40000000
1178,selic_efetiva,Taxa Selic efetiva anualizada,% a.a.,diaria,2019-07-23,2019,7,6.40000000
1178,selic_efetiva,Taxa Selic efetiva anualizada,% a.a.,diaria,2019-07-24,2019,7,6.40000000
1178,selic_efetiva,Taxa Selic efetiva anualizada,% a.a.,diaria,2019-07-25,2019,7,6.40000000
1178,selic_efetiva,Taxa Selic efetiva anualizada,% a.a.,diaria,2019-07-26,2019,7,6.40000000
1178,selic_efetiva,Taxa Selic efetiva anualizada,% a.a.,diaria,2019-07-29,2019,7,6.40000000
1178,selic_efetiva,Taxa Selic efetiva anualizada,% a.a.,diaria,2019-07-30,2019,7,6.40000000
1178,selic_efetiva,Taxa Selic efetiva anualizada,% a.a.,diaria,2019-07-31,2019,7,6.40000000
1178,selic_efetiva,Taxa Selic efetiva anualizada,% a.a.,diaria,2019-08-01,2019,8,5.90000000
1178,selic_efetiva,Taxa Selic efetiva anualizada,% a.a.,diaria,2019-08-02,2019,8,5.90000000
1178,selic_efetiva,Taxa Selic efetiva anualizada,% a.a.,diaria,2019-08-05,2019,8,5.90000000
1178,selic_efetiva,Taxa Selic efetiva anualizada,% a.a.,diaria,2019-08-06,2019,8,5.90000000
1178,selic_efetiva,Taxa Selic efetiva anualizada,% a.a.,diaria,2019-08-07,2019,8,5.90000000
1178,selic_efetiva,Taxa Selic efetiva anualizada,% a.a.,diaria,2019-08-08,2019,8,5.90000000
1178,selic_efetiva,Taxa Selic efetiva anualizada,% a.a.,diaria,2019-08-09,2019,8,5.90000000
1178,selic_efetiva,Taxa Selic efetiva anualizada,% a.a.,diaria,2019-08-12,2019,8,5.90000000
1178,selic_efetiva,Taxa Selic efetiva anualizada,% a.a.,diaria,2019-08-13,2019,8,5.90000000
1178,selic_efetiva,Taxa Selic efetiva anualizada,% a.a.,diaria,2019-08-14,2019,8,5.90000000
1178,selic_efetiva,Taxa Selic efetiva anualizada,% a.a.,diaria,2019-08-15,2019,8,5.90000000
1178,selic_efetiva,Taxa Selic efetiva anualizada,% a.a.,diaria,2019-08-16,2019,8,5.90000000
1178,selic_efetiva,Taxa Selic efetiva anualizada,% a.a.,diaria,2019-08-19,2019,8,5.90000000
1178,selic_efetiva,Taxa Selic efetiva anualizada,% a.a.,diaria,2019-08-20,2019,8,5.90000000
1178,selic_efetiva,Taxa Selic efetiva anualizada,% a.a.,diaria,2019-08-21,2019,8,5.90000000
1178,selic_efetiva,Taxa Selic efetiva anualizada,% a.a.,diaria,2019-08-22,2019,8,5.90000000
1178,selic_efetiva,Taxa Selic efetiva anualizada,% a.a.,diaria,2019-08-23,2019,8,5.90000000
1178,selic_efetiva,Taxa Selic efetiva anualizada,% a.a.,diaria,2019-08-26,2019,8,5.90000000
1178,selic_efetiva,Taxa Selic efetiva anualizada,% a.a.,diaria,2019-08-27,2019,8,5.90000000
1178,selic_efetiva,Taxa Selic efetiva anualizada,% a.a.,diaria,2019-08-28,2019,8,5.90000000
1178,selic_efetiva,Taxa Selic efetiva anualizada,% a.a.,diaria,2019-08-29,2019,8,5.90000000
1178,selic_efetiva,Taxa Selic efetiva anualizada,% a.a.,diaria,2019-08-30,2019,8,5.90000000
1178,selic_efetiva,Taxa Selic efetiva anualizada,% a.a.,diaria,2019-09-02,2019,9,5.90000000
1178,selic_efetiva,Taxa Selic efetiva anualizada,% a.a.,diaria,2019-09-03,2019,9,5.90000000
1178,selic_efetiva,Taxa Selic efetiva anualizada,% a.a.,diaria,2019-09-04,2019,9,5.90000000
1178,selic_efetiva,Taxa Selic efetiva anualizada,% a.a.,diaria,2019-09-05,2019,9,5.90000000
1178,selic_efetiva,Taxa Selic efetiva anualizada,% a.a.,diaria,2019-09-06,2019,9,5.90000000
1178,selic_efetiva,Taxa Selic efetiva anualizada,% a.a.,diaria,2019-09-09,2019,9,5.90000000
1178,selic_efetiva,Taxa Selic efetiva anualizada,% a.a.,diaria,2019-09-10,2019,9,5.90000000
1178,selic_efetiva,Taxa Selic efetiva anualizada,% a.a.,diaria,2019-09-11,2019,9,5.90000000
1178,selic_efetiva,Taxa Selic efetiva anualizada,% a.a.,diaria,2019-09-12,2019,9,5.90000000
1178,selic_efetiva,Taxa Selic efetiva anualizada,% a.a.,diaria,2019-09-13,2019,9,5.90000000
1178,selic_efetiva,Taxa Selic efetiva anualizada,% a.a.,diaria,2019-09-16,2019,9,5.90000000
1178,selic_efetiva,Taxa Selic efetiva anualizada,% a.a.,diaria,2019-09-17,2019,9,5.90000000
1178,selic_efetiva,Taxa Selic efetiva anualizada,% a.a.,diaria,2019-09-18,2019,9,5.90000000
1178,selic_efetiva,Taxa Selic efetiva anualizada,% a.a.,diaria,2019-09-19,2019,9,5.40000000
1178,selic_efetiva,Taxa Selic efetiva anualizada,% a.a.,diaria,2019-09-20,2019,9,5.40000000
1178,selic_efetiva,Taxa Selic efetiva anualizada,% a.a.,diaria,2019-09-23,2019,9,5.40000000
1178,selic_efetiva,Taxa Selic efetiva anualizada,% a.a.,diaria,2019-09-24,2019,9,5.40000000
1178,selic_efetiva,Taxa Selic efetiva anualizada,% a.a.,diaria,2019-09-25,2019,9,5.40000000
1178,selic_efetiva,Taxa Selic efetiva anualizada,% a.a.,diaria,2019-09-26,2019,9,5.40000000
1178,selic_efetiva,Taxa Selic efetiva anualizada,% a.a.,diaria,2019-09-27,2019,9,5.40000000
1178,selic_efetiva,Taxa Selic efetiva anualizada,% a.a.,diaria,2019-09-30,2019,9,5.40000000
1178,selic_efetiva,Taxa Selic efetiva anualizada,% a.a.,diaria,2019-10-01,2019,10,5.40000000
1178,selic_efetiva,Taxa Selic efetiva anualizada,% a.a.,diaria,2019-10-02,2019,10,5.40000000
1178,selic_efetiva,Taxa Selic efetiva anualizada,% a.a.,diaria,2019-10-03,2019,10,5.40000000
1178,selic_efetiva,Taxa Selic efetiva anualizada,% a.a.,diaria,2019-10-04,2019,10,5.40000000
1178,selic_efetiva,Taxa Selic efetiva anualizada,% a.a.,diaria,2019-10-07,2019,10,5.40000000
1178,selic_efetiva,Taxa Selic efetiva anualizada,% a.a.,diaria,2019-10-08,2019,10,5.40000000
1178,selic_efetiva,Taxa Selic efetiva anualizada,% a.a.,diaria,2019-10-09,2019,10,5.40000000
1178,selic_efetiva,Taxa Selic efetiva anualizada,% a.a.,diaria,2019-10-10,2019,10,5.40000000
1178,selic_efetiva,Taxa Selic efetiva anualizada,% a.a.,diaria,2019-10-11,2019,10,5.40000000
1178,selic_efetiva,Taxa Selic efetiva anualizada,% a.a.,diaria,2019-10-14,2019,10,5.40000000
1178,selic_efetiva,Taxa Selic efetiva anualizada,% a.a.,diaria,2019-10-15,2019,10,5.40000000
1178,selic_efetiva,Taxa Selic efetiva anualizada,% a.a.,diaria,2019-10-16,2019,10,5.40000000
1178,selic_efetiva,Taxa Selic efetiva anualizada,% a.a.,diaria,2019-10-17,2019,10,5.40000000
1178,selic_efetiva,Taxa Selic efetiva anualizada,% a.a.,diaria,2019-10-18,2019,10,5.40000000
1178,selic_efetiva,Taxa Selic efetiva anualizada,% a.a.,diaria,2019-10-21,2019,10,5.40000000
1178,selic_efetiva,Taxa Selic efetiva anualizada,% a.a.,diaria,2019-10-22,2019,10,5.40000000
1178,selic_efetiva,Taxa Selic efetiva anualizada,% a.a.,diaria,2019-10-23,2019,10,5.40000000
1178,selic_efetiva,Taxa Selic efetiva anualizada,% a.a.,diaria,2019-10-24,2019,10,5.40000000
1178,selic_efetiva,Taxa Selic efetiva anualizada,% a.a.,diaria,2019-10-25,2019,10,5.40000000
1178,selic_efetiva,Taxa Selic efetiva anualizada,% a.a.,diaria,2019-10-28,2019,10,5.40000000
1178,selic_efetiva,Taxa Selic efetiva anualizada,% a.a.,diaria,2019-10-29,2019,10,5.40000000
1178,selic_efetiva,Taxa Selic efetiva anualizada,% a.a.,diaria,2019-10-30,2019,10,5.40000000
1178,selic_efetiva,Taxa Selic efetiva anualizada,% a.a.,diaria,2019-10-31,2019,10,4.90000000
1178,selic_efetiva,Taxa Selic efetiva anualizada,% a.a.,diaria,2019-11-01,2019,11,4.90000000
1178,selic_efetiva,Taxa Selic efetiva anualizada,% a.a.,diaria,2019-11-04,2019,11,4.90000000
1178,selic_efetiva,Taxa Selic efetiva anualizada,% a.a.,diaria,2019-11-05,2019,11,4.90000000
1178,selic_efetiva,Taxa Selic efetiva anualizada,% a.a.,diaria,2019-11-06,2019,11,4.90000000
1178,selic_efetiva,Taxa Selic efetiva anualizada,% a.a.,diaria,2019-11-07,2019,11,4.90000000
1178,selic_efetiva,Taxa Selic efetiva anualizada,% a.a.,diaria,2019-11-08,2019,11,4.90000000
1178,selic_efetiva,Taxa Selic efetiva anualizada,% a.a.,diaria,2019-11-11,2019,11,4.90000000
1178,selic_efetiva,Taxa Selic efetiva anualizada,% a.a.,diaria,2019-11-12,2019,11,4.90000000
1178,selic_efetiva,Taxa Selic efetiva anualizada,% a.a.,diaria,2019-11-13,2019,11,4.90000000
1178,selic_efetiva,Taxa Selic efetiva anualizada,% a.a.,diaria,2019-11-14,2019,11,4.90000000
1178,selic_efetiva,Taxa Selic efetiva anualizada,% a.a.,diaria,2019-11-18,2019,11,4.90000000
1178,selic_efetiva,Taxa Selic efetiva anualizada,% a.a.,diaria,2019-11-19,2019,11,4.90000000
1178,selic_efetiva,Taxa Selic efetiva anualizada,% a.a.,diaria,2019-11-20,2019,11,4.90000000
1178,selic_efetiva,Taxa Selic efetiva anualizada,% a.a.,diaria,2019-11-21,2019,11,4.90000000
1178,selic_efetiva,Taxa Selic efetiva anualizada,% a.a.,diaria,2019-11-22,2019,11,4.90000000
1178,selic_efetiva,Taxa Selic efetiva anualizada,% a.a.,diaria,2019-11-25,2019,11,4.90000000
1178,selic_efetiva,Taxa Selic efetiva anualizada,% a.a.,diaria,2019-11-26,2019,11,4.90000000
1178,selic_efetiva,Taxa Selic efetiva anualizada,% a.a.,diaria,2019-11-27,2019,11,4.90000000
1178,selic_efetiva,Taxa Selic efetiva anualizada,% a.a.,diaria,2019-11-28,2019,11,4.90000000
1178,selic_efetiva,Taxa Selic efetiva anualizada,% a.a.,diaria,2019-11-29,2019,11,4.90000000
1178,selic_efetiva,Taxa Selic efetiva anualizada,% a.a.,diaria,2019-12-02,2019,12,4.90000000
1178,selic_efetiva,Taxa Selic efetiva anualizada,% a.a.,diaria,2019-12-03,2019,12,4.90000000
1178,selic_efetiva,Taxa Selic efetiva anualizada,% a.a.,diaria,2019-12-04,2019,12,4.90000000
1178,selic_efetiva,Taxa Selic efetiva anualizada,% a.a.,diaria,2019-12-05,2019,12,4.90000000
1178,selic_efetiva,Taxa Selic efetiva anualizada,% a.a.,diaria,2019-12-06,2019,12,4.90000000
1178,selic_efetiva,Taxa Selic efetiva anualizada,% a.a.,diaria,2019-12-09,2019,12,4.90000000
1178,selic_efetiva,Taxa Selic efetiva anualizada,% a.a.,diaria,2019-12-10,2019,12,4.90000000
1178,selic_efetiva,Taxa Selic efetiva anualizada,% a.a.,diaria,2019-12-11,2019,12,4.90000000
1178,selic_efetiva,Taxa Selic efetiva anualizada,% a.a.,diaria,2019-12-12,2019,12,4.40000000
1178,selic_efetiva,Taxa Selic efetiva anualizada,% a.a.,diaria,2019-12-13,2019,12,4.40000000
1178,selic_efetiva,Taxa Selic efetiva anualizada,% a.a.,diaria,2019-12-16,2019,12,4.40000000
1178,selic_efetiva,Taxa Selic efetiva anualizada,% a.a.,diaria,2019-12-17,2019,12,4.40000000
1178,selic_efetiva,Taxa Selic efetiva anualizada,% a.a.,diaria,2019-12-18,2019,12,4.40000000
1178,selic_efetiva,Taxa Selic efetiva anualizada,% a.a.,diaria,2019-12-19,2019,12,4.40000000
1178,selic_efetiva,Taxa Selic efetiva anualizada,% a.a.,diaria,2019-12-20,2019,12,4.40000000
1178,selic_efetiva,Taxa Selic efetiva anualizada,% a.a.,diaria,2019-12-23,2019,12,4.40000000
1178,selic_efetiva,Taxa Selic efetiva anualizada,% a.a.,diaria,2019-12-24,2019,12,4.40000000
1178,selic_efetiva,Taxa Selic efetiva anualizada,% a.a.,diaria,2019-12-26,2019,12,4.40000000
1178,selic_efetiva,Taxa Selic efetiva anualizada,% a.a.,diaria,2019-12-27,2019,12,4.40000000
1178,selic_efetiva,Taxa Selic efetiva anualizada,% a.a.,diaria,2019-12-30,2019,12,4.40000000
1178,selic_efetiva,Taxa Selic efetiva anualizada,% a.a.,diaria,2019-12-31,2019,12,4.40000000
1178,selic_efetiva,Taxa Selic efetiva anualizada,% a.a.,diaria,2020-01-02,2020,1,4.40000000
1178,selic_efetiva,Taxa Selic efetiva anualizada,% a.a.,diaria,2020-01-03,2020,1,4.40000000
1178,selic_efetiva,Taxa Selic efetiva anualizada,% a.a.,diaria,2020-01-06,2020,1,4.40000000
1178,selic_efetiva,Taxa Selic efetiva anualizada,% a.a.,diaria,2020-01-07,2020,1,4.40000000
1178,selic_efetiva,Taxa Selic efetiva anualizada,% a.a.,diaria,2020-01-08,2020,1,4.40000000
1178,selic_efetiva,Taxa Selic efetiva anualizada,% a.a.,diaria,2020-01-09,2020,1,4.40000000
1178,selic_efetiva,Taxa Selic efetiva anualizada,% a.a.,diaria,2020-01-10,2020,1,4.40000000
1178,selic_efetiva,Taxa Selic efetiva anualizada,% a.a.,diaria,2020-01-13,2020,1,4.40000000
1178,selic_efetiva,Taxa Selic efetiva anualizada,% a.a.,diaria,2020-01-14,2020,1,4.40000000
1178,selic_efetiva,Taxa Selic efetiva anualizada,% a.a.,diaria,2020-01-15,2020,1,4.40000000
1178,selic_efetiva,Taxa Selic efetiva anualizada,% a.a.,diaria,2020-01-16,2020,1,4.40000000
1178,selic_efetiva,Taxa Selic efetiva anualizada,% a.a.,diaria,2020-01-17,2020,1,4.40000000
1178,selic_efetiva,Taxa Selic efetiva anualizada,% a.a.,diaria,2020-01-20,2020,1,4.40000000
1178,selic_efetiva,Taxa Selic efetiva anualizada,% a.a.,diaria,2020-01-21,2020,1,4.40000000
1178,selic_efetiva,Taxa Selic efetiva anualizada,% a.a.,diaria,2020-01-22,2020,1,4.40000000
1178,selic_efetiva,Taxa Selic efetiva anualizada,% a.a.,diaria,2020-01-23,2020,1,4.40000000
1178,selic_efetiva,Taxa Selic efetiva anualizada,% a.a.,diaria,2020-01-24,2020,1,4.40000000
1178,selic_efetiva,Taxa Selic efetiva anualizada,% a.a.,diaria,2020-01-27,2020,1,4.40000000
1178,selic_efetiva,Taxa Selic efetiva anualizada,% a.a.,diaria,2020-01-28,2020,1,4.40000000
1178,selic_efetiva,Taxa Selic efetiva anualizada,% a.a.,diaria,2020-01-29,2020,1,4.40000000
1178,selic_efetiva,Taxa Selic efetiva anualizada,% a.a.,diaria,2020-01-30,2020,1,4.40000000
1178,selic_efetiva,Taxa Selic efetiva anualizada,% a.a.,diaria,2020-01-31,2020,1,4.40000000
1178,selic_efetiva,Taxa Selic efetiva anualizada,% a.a.,diaria,2020-02-03,2020,2,4.40000000
1178,selic_efetiva,Taxa Selic efetiva anualizada,% a.a.,diaria,2020-02-04,2020,2,4.40000000
1178,selic_efetiva,Taxa Selic efetiva anualizada,% a.a.,diaria,2020-02-05,2020,2,4.40000000
1178,selic_efetiva,Taxa Selic efetiva anualizada,% a.a.,diaria,2020-02-06,2020,2,4.15000000
1178,selic_efetiva,Taxa Selic efetiva anualizada,% a.a.,diaria,2020-02-07,2020,2,4.15000000
1178,selic_efetiva,Taxa Selic efetiva anualizada,% a.a.,diaria,2020-02-10,2020,2,4.15000000
1178,selic_efetiva,Taxa Selic efetiva anualizada,% a.a.,diaria,2020-02-11,2020,2,4.15000000
1178,selic_efetiva,Taxa Selic efetiva anualizada,% a.a.,diaria,2020-02-12,2020,2,4.15000000
1178,selic_efetiva,Taxa Selic efetiva anualizada,% a.a.,diaria,2020-02-13,2020,2,4.15000000
1178,selic_efetiva,Taxa Selic efetiva anualizada,% a.a.,diaria,2020-02-14,2020,2,4.15000000
1178,selic_efetiva,Taxa Selic efetiva anualizada,% a.a.,diaria,2020-02-17,2020,2,4.15000000
1178,selic_efetiva,Taxa Selic efetiva anualizada,% a.a.,diaria,2020-02-18,2020,2,4.15000000
1178,selic_efetiva,Taxa Selic efetiva anualizada,% a.a.,diaria,2020-02-19,2020,2,4.15000000
1178,selic_efetiva,Taxa Selic efetiva anualizada,% a.a.,diaria,2020-02-20,2020,2,4.15000000
1178,selic_efetiva,Taxa Selic efetiva anualizada,% a.a.,diaria,2020-02-21,2020,2,4.15000000
1178,selic_efetiva,Taxa Selic efetiva anualizada,% a.a.,diaria,2020-02-26,2020,2,4.15000000
1178,selic_efetiva,Taxa Selic efetiva anualizada,% a.a.,diaria,2020-02-27,2020,2,4.15000000
1178,selic_efetiva,Taxa Selic efetiva anualizada,% a.a.,diaria,2020-02-28,2020,2,4.15000000
1178,selic_efetiva,Taxa Selic efetiva anualizada,% a.a.,diaria,2020-03-02,2020,3,4.15000000
1178,selic_efetiva,Taxa Selic efetiva anualizada,% a.a.,diaria,2020-03-03,2020,3,4.15000000
1178,selic_efetiva,Taxa Selic efetiva anualizada,% a.a.,diaria,2020-03-04,2020,3,4.15000000
1178,selic_efetiva,Taxa Selic efetiva anualizada,% a.a.,diaria,2020-03-05,2020,3,4.15000000
1178,selic_efetiva,Taxa Selic efetiva anualizada,% a.a.,diaria,2020-03-06,2020,3,4.15000000
1178,selic_efetiva,Taxa Selic efetiva anualizada,% a.a.,diaria,2020-03-09,2020,3,4.15000000
1178,selic_efetiva,Taxa Selic efetiva anualizada,% a.a.,diaria,2020-03-10,2020,3,4.15000000
1178,selic_efetiva,Taxa Selic efetiva anualizada,% a.a.,diaria,2020-03-11,2020,3,4.15000000
1178,selic_efetiva,Taxa Selic efetiva anualizada,% a.a.,diaria,2020-03-12,2020,3,4.15000000
1178,selic_efetiva,Taxa Selic efetiva anualizada,% a.a.,diaria,2020-03-13,2020,3,4.15000000
1178,selic_efetiva,Taxa Selic efetiva anualizada,% a.a.,diaria,2020-03-16,2020,3,4.15000000
1178,selic_efetiva,Taxa Selic efetiva anualizada,% a.a.,diaria,2020-03-17,2020,3,4.15000000
1178,selic_efetiva,Taxa Selic efetiva anualizada,% a.a.,diaria,2020-03-18,2020,3,4.15000000
1178,selic_efetiva,Taxa Selic efetiva anualizada,% a.a.,diaria,2020-03-19,2020,3,3.65000000
1178,selic_efetiva,Taxa Selic efetiva anualizada,% a.a.,diaria,2020-03-20,2020,3,3.65000000
1178,selic_efetiva,Taxa Selic efetiva anualizada,% a.a.,diaria,2020-03-23,2020,3,3.65000000
1178,selic_efetiva,Taxa Selic efetiva anualizada,% a.a.,diaria,2020-03-24,2020,3,3.65000000
1178,selic_efetiva,Taxa Selic efetiva anualizada,% a.a.,diaria,2020-03-25,2020,3,3.65000000
1178,selic_efetiva,Taxa Selic efetiva anualizada,% a.a.,diaria,2020-03-26,2020,3,3.65000000
1178,selic_efetiva,Taxa Selic efetiva anualizada,% a.a.,diaria,2020-03-27,2020,3,3.65000000
1178,selic_efetiva,Taxa Selic efetiva anualizada,% a.a.,diaria,2020-03-30,2020,3,3.65000000
1178,selic_efetiva,Taxa Selic efetiva anualizada,% a.a.,diaria,2020-03-31,2020,3,3.65000000
1178,selic_efetiva,Taxa Selic efetiva anualizada,% a.a.,diaria,2020-04-01,2020,4,3.65000000
1178,selic_efetiva,Taxa Selic efetiva anualizada,% a.a.,diaria,2020-04-02,2020,4,3.65000000
1178,selic_efetiva,Taxa Selic efetiva anualizada,% a.a.,diaria,2020-04-03,2020,4,3.65000000
1178,selic_efetiva,Taxa Selic efetiva anualizada,% a.a.,diaria,2020-04-06,2020,4,3.65000000
1178,selic_efetiva,Taxa Selic efetiva anualizada,% a.a.,diaria,2020-04-07,2020,4,3.65000000
1178,selic_efetiva,Taxa Selic efetiva anualizada,% a.a.,diaria,2020-04-08,2020,4,3.65000000
1178,selic_efetiva,Taxa Selic efetiva anualizada,% a.a.,diaria,2020-04-09,2020,4,3.65000000
1178,selic_efetiva,Taxa Selic efetiva anualizada,% a.a.,diaria,2020-04-13,2020,4,3.65000000
1178,selic_efetiva,Taxa Selic efetiva anualizada,% a.a.,diaria,2020-04-14,2020,4,3.65000000
1178,selic_efetiva,Taxa Selic efetiva anualizada,% a.a.,diaria,2020-04-15,2020,4,3.65000000
1178,selic_efetiva,Taxa Selic efetiva anualizada,% a.a.,diaria,2020-04-16,2020,4,3.65000000
1178,selic_efetiva,Taxa Selic efetiva anualizada,% a.a.,diaria,2020-04-17,2020,4,3.65000000
1178,selic_efetiva,Taxa Selic efetiva anualizada,% a.a.,diaria,2020-04-20,2020,4,3.65000000
1178,selic_efetiva,Taxa Selic efetiva anualizada,% a.a.,diaria,2020-04-22,2020,4,3.65000000
1178,selic_efetiva,Taxa Selic efetiva anualizada,% a.a.,diaria,2020-04-23,2020,4,3.65000000
1178,selic_efetiva,Taxa Selic efetiva anualizada,% a.a.,diaria,2020-04-24,2020,4,3.65000000
1178,selic_efetiva,Taxa Selic efetiva anualizada,% a.a.,diaria,2020-04-27,2020,4,3.65000000
1178,selic_efetiva,Taxa Selic efetiva anualizada,% a.a.,diaria,2020-04-28,2020,4,3.65000000
1178,selic_efetiva,Taxa Selic efetiva anualizada,% a.a.,diaria,2020-04-29,2020,4,3.65000000
1178,selic_efetiva,Taxa Selic efetiva anualizada,% a.a.,diaria,2020-04-30,2020,4,3.65000000
1178,selic_efetiva,Taxa Selic efetiva anualizada,% a.a.,diaria,2020-05-04,2020,5,3.65000000
1178,selic_efetiva,Taxa Selic efetiva anualizada,% a.a.,diaria,2020-05-05,2020,5,3.65000000
1178,selic_efetiva,Taxa Selic efetiva anualizada,% a.a.,diaria,2020-05-06,2020,5,3.65000000
1178,selic_efetiva,Taxa Selic efetiva anualizada,% a.a.,diaria,2020-05-07,2020,5,2.90000000
1178,selic_efetiva,Taxa Selic efetiva anualizada,% a.a.,diaria,2020-05-08,2020,5,2.90000000
1178,selic_efetiva,Taxa Selic efetiva anualizada,% a.a.,diaria,2020-05-11,2020,5,2.90000000
1178,selic_efetiva,Taxa Selic efetiva anualizada,% a.a.,diaria,2020-05-12,2020,5,2.90000000
1178,selic_efetiva,Taxa Selic efetiva anualizada,% a.a.,diaria,2020-05-13,2020,5,2.90000000
1178,selic_efetiva,Taxa Selic efetiva anualizada,% a.a.,diaria,2020-05-14,2020,5,2.90000000
1178,selic_efetiva,Taxa Selic efetiva anualizada,% a.a.,diaria,2020-05-15,2020,5,2.90000000
1178,selic_efetiva,Taxa Selic efetiva anualizada,% a.a.,diaria,2020-05-18,2020,5,2.90000000
1178,selic_efetiva,Taxa Selic efetiva anualizada,% a.a.,diaria,2020-05-19,2020,5,2.90000000
1178,selic_efetiva,Taxa Selic efetiva anualizada,% a.a.,diaria,2020-05-20,2020,5,2.90000000
1178,selic_efetiva,Taxa Selic efetiva anualizada,% a.a.,diaria,2020-05-21,2020,5,2.90000000
1178,selic_efetiva,Taxa Selic efetiva anualizada,% a.a.,diaria,2020-05-22,2020,5,2.90000000
1178,selic_efetiva,Taxa Selic efetiva anualizada,% a.a.,diaria,2020-05-25,2020,5,2.90000000
1178,selic_efetiva,Taxa Selic efetiva anualizada,% a.a.,diaria,2020-05-26,2020,5,2.90000000
1178,selic_efetiva,Taxa Selic efetiva anualizada,% a.a.,diaria,2020-05-27,2020,5,2.90000000
1178,selic_efetiva,Taxa Selic efetiva anualizada,% a.a.,diaria,2020-05-28,2020,5,2.90000000
1178,selic_efetiva,Taxa Selic efetiva anualizada,% a.a.,diaria,2020-05-29,2020,5,2.90000000
1178,selic_efetiva,Taxa Selic efetiva anualizada,% a.a.,diaria,2020-06-01,2020,6,2.90000000
1178,selic_efetiva,Taxa Selic efetiva anualizada,% a.a.,diaria,2020-06-02,2020,6,2.90000000
1178,selic_efetiva,Taxa Selic efetiva anualizada,% a.a.,diaria,2020-06-03,2020,6,2.90000000
1178,selic_efetiva,Taxa Selic efetiva anualizada,% a.a.,diaria,2020-06-04,2020,6,2.90000000
1178,selic_efetiva,Taxa Selic efetiva anualizada,% a.a.,diaria,2020-06-05,2020,6,2.90000000
1178,selic_efetiva,Taxa Selic efetiva anualizada,% a.a.,diaria,2020-06-08,2020,6,2.90000000
1178,selic_efetiva,Taxa Selic efetiva anualizada,% a.a.,diaria,2020-06-09,2020,6,2.90000000
1178,selic_efetiva,Taxa Selic efetiva anualizada,% a.a.,diaria,2020-06-10,2020,6,2.90000000
1178,selic_efetiva,Taxa Selic efetiva anualizada,% a.a.,diaria,2020-06-12,2020,6,2.90000000
1178,selic_efetiva,Taxa Selic efetiva anualizada,% a.a.,diaria,2020-06-15,2020,6,2.90000000
1178,selic_efetiva,Taxa Selic efetiva anualizada,% a.a.,diaria,2020-06-16,2020,6,2.90000000
1178,selic_efetiva,Taxa Selic efetiva anualizada,% a.a.,diaria,2020-06-17,2020,6,2.90000000
1178,selic_efetiva,Taxa Selic efetiva anualizada,% a.a.,diaria,2020-06-18,2020,6,2.15000000
1178,selic_efetiva,Taxa Selic efetiva anualizada,% a.a.,diaria,2020-06-19,2020,6,2.15000000
1178,selic_efetiva,Taxa Selic efetiva anualizada,% a.a.,diaria,2020-06-22,2020,6,2.15000000
1178,selic_efetiva,Taxa Selic efetiva anualizada,% a.a.,diaria,2020-06-23,2020,6,2.15000000
1178,selic_efetiva,Taxa Selic efetiva anualizada,% a.a.,diaria,2020-06-24,2020,6,2.15000000
1178,selic_efetiva,Taxa Selic efetiva anualizada,% a.a.,diaria,2020-06-25,2020,6,2.15000000
1178,selic_efetiva,Taxa Selic efetiva anualizada,% a.a.,diaria,2020-06-26,2020,6,2.15000000
1178,selic_efetiva,Taxa Selic efetiva anualizada,% a.a.,diaria,2020-06-29,2020,6,2.15000000
1178,selic_efetiva,Taxa Selic efetiva anualizada,% a.a.,diaria,2020-06-30,2020,6,2.15000000
1178,selic_efetiva,Taxa Selic efetiva anualizada,% a.a.,diaria,2020-07-01,2020,7,2.15000000
1178,selic_efetiva,Taxa Selic efetiva anualizada,% a.a.,diaria,2020-07-02,2020,7,2.15000000
1178,selic_efetiva,Taxa Selic efetiva anualizada,% a.a.,diaria,2020-07-03,2020,7,2.15000000
1178,selic_efetiva,Taxa Selic efetiva anualizada,% a.a.,diaria,2020-07-06,2020,7,2.15000000
1178,selic_efetiva,Taxa Selic efetiva anualizada,% a.a.,diaria,2020-07-07,2020,7,2.15000000
1178,selic_efetiva,Taxa Selic efetiva anualizada,% a.a.,diaria,2020-07-08,2020,7,2.15000000
1178,selic_efetiva,Taxa Selic efetiva anualizada,% a.a.,diaria,2020-07-09,2020,7,2.15000000
1178,selic_efetiva,Taxa Selic efetiva anualizada,% a.a.,diaria,2020-07-10,2020,7,2.15000000
1178,selic_efetiva,Taxa Selic efetiva anualizada,% a.a.,diaria,2020-07-13,2020,7,2.15000000
1178,selic_efetiva,Taxa Selic efetiva anualizada,% a.a.,diaria,2020-07-14,2020,7,2.15000000
1178,selic_efetiva,Taxa Selic efetiva anualizada,% a.a.,diaria,2020-07-15,2020,7,2.15000000
1178,selic_efetiva,Taxa Selic efetiva anualizada,% a.a.,diaria,2020-07-16,2020,7,2.15000000
1178,selic_efetiva,Taxa Selic efetiva anualizada,% a.a.,diaria,2020-07-17,2020,7,2.15000000
1178,selic_efetiva,Taxa Selic efetiva anualizada,% a.a.,diaria,2020-07-20,2020,7,2.15000000
1178,selic_efetiva,Taxa Selic efetiva anualizada,% a.a.,diaria,2020-07-21,2020,7,2.15000000
1178,selic_efetiva,Taxa Selic efetiva anualizada,% a.a.,diaria,2020-07-22,2020,7,2.15000000
1178,selic_efetiva,Taxa Selic efetiva anualizada,% a.a.,diaria,2020-07-23,2020,7,2.15000000
1178,selic_efetiva,Taxa Selic efetiva anualizada,% a.a.,diaria,2020-07-24,2020,7,2.15000000
1178,selic_efetiva,Taxa Selic efetiva anualizada,% a.a.,diaria,2020-07-27,2020,7,2.15000000
1178,selic_efetiva,Taxa Selic efetiva anualizada,% a.a.,diaria,2020-07-28,2020,7,2.15000000
1178,selic_efetiva,Taxa Selic efetiva anualizada,% a.a.,diaria,2020-07-29,2020,7,2.15000000
1178,selic_efetiva,Taxa Selic efetiva anualizada,% a.a.,diaria,2020-07-30,2020,7,2.15000000
1178,selic_efetiva,Taxa Selic efetiva anualizada,% a.a.,diaria,2020-07-31,2020,7,2.15000000
1178,selic_efetiva,Taxa Selic efetiva anualizada,% a.a.,diaria,2020-08-03,2020,8,2.15000000
1178,selic_efetiva,Taxa Selic efetiva anualizada,% a.a.,diaria,2020-08-04,2020,8,2.15000000
1178,selic_efetiva,Taxa Selic efetiva anualizada,% a.a.,diaria,2020-08-05,2020,8,2.15000000
1178,selic_efetiva,Taxa Selic efetiva anualizada,% a.a.,diaria,2020-08-06,2020,8,1.90000000
1178,selic_efetiva,Taxa Selic efetiva anualizada,% a.a.,diaria,2020-08-07,2020,8,1.90000000
1178,selic_efetiva,Taxa Selic efetiva anualizada,% a.a.,diaria,2020-08-10,2020,8,1.90000000
1178,selic_efetiva,Taxa Selic efetiva anualizada,% a.a.,diaria,2020-08-11,2020,8,1.90000000
1178,selic_efetiva,Taxa Selic efetiva anualizada,% a.a.,diaria,2020-08-12,2020,8,1.90000000
1178,selic_efetiva,Taxa Selic efetiva anualizada,% a.a.,diaria,2020-08-13,2020,8,1.90000000
1178,selic_efetiva,Taxa Selic efetiva anualizada,% a.a.,diaria,2020-08-14,2020,8,1.90000000
1178,selic_efetiva,Taxa Selic efetiva anualizada,% a.a.,diaria,2020-08-17,2020,8,1.90000000
1178,selic_efetiva,Taxa Selic efetiva anualizada,% a.a.,diaria,2020-08-18,2020,8,1.90000000
1178,selic_efetiva,Taxa Selic efetiva anualizada,% a.a.,diaria,2020-08-19,2020,8,1.90000000
1178,selic_efetiva,Taxa Selic efetiva anualizada,% a.a.,diaria,2020-08-20,2020,8,1.90000000
1178,selic_efetiva,Taxa Selic efetiva anualizada,% a.a.,diaria,2020-08-21,2020,8,1.90000000
1178,selic_efetiva,Taxa Selic efetiva anualizada,% a.a.,diaria,2020-08-24,2020,8,1.90000000
1178,selic_efetiva,Taxa Selic efetiva anualizada,% a.a.,diaria,2020-08-25,2020,8,1.90000000
1178,selic_efetiva,Taxa Selic efetiva anualizada,% a.a.,diaria,2020-08-26,2020,8,1.90000000
1178,selic_efetiva,Taxa Selic efetiva anualizada,% a.a.,diaria,2020-08-27,2020,8,1.90000000
1178,selic_efetiva,Taxa Selic efetiva anualizada,% a.a.,diaria,2020-08-28,2020,8,1.90000000
1178,selic_efetiva,Taxa Selic efetiva anualizada,% a.a.,diaria,2020-08-31,2020,8,1.90000000
1178,selic_efetiva,Taxa Selic efetiva anualizada,% a.a.,diaria,2020-09-01,2020,9,1.90000000
1178,selic_efetiva,Taxa Selic efetiva anualizada,% a.a.,diaria,2020-09-02,2020,9,1.90000000
1178,selic_efetiva,Taxa Selic efetiva anualizada,% a.a.,diaria,2020-09-03,2020,9,1.90000000
1178,selic_efetiva,Taxa Selic efetiva anualizada,% a.a.,diaria,2020-09-04,2020,9,1.90000000
1178,selic_efetiva,Taxa Selic efetiva anualizada,% a.a.,diaria,2020-09-08,2020,9,1.90000000
1178,selic_efetiva,Taxa Selic efetiva anualizada,% a.a.,diaria,2020-09-09,2020,9,1.90000000
1178,selic_efetiva,Taxa Selic efetiva anualizada,% a.a.,diaria,2020-09-10,2020,9,1.90000000
1178,selic_efetiva,Taxa Selic efetiva anualizada,% a.a.,diaria,2020-09-11,2020,9,1.90000000
1178,selic_efetiva,Taxa Selic efetiva anualizada,% a.a.,diaria,2020-09-14,2020,9,1.90000000
1178,selic_efetiva,Taxa Selic efetiva anualizada,% a.a.,diaria,2020-09-15,2020,9,1.90000000
1178,selic_efetiva,Taxa Selic efetiva anualizada,% a.a.,diaria,2020-09-16,2020,9,1.90000000
1178,selic_efetiva,Taxa Selic efetiva anualizada,% a.a.,diaria,2020-09-17,2020,9,1.90000000
1178,selic_efetiva,Taxa Selic efetiva anualizada,% a.a.,diaria,2020-09-18,2020,9,1.90000000
1178,selic_efetiva,Taxa Selic efetiva anualizada,% a.a.,diaria,2020-09-21,2020,9,1.90000000
1178,selic_efetiva,Taxa Selic efetiva anualizada,% a.a.,diaria,2020-09-22,2020,9,1.90000000
1178,selic_efetiva,Taxa Selic efetiva anualizada,% a.a.,diaria,2020-09-23,2020,9,1.90000000
1178,selic_efetiva,Taxa Selic efetiva anualizada,% a.a.,diaria,2020-09-24,2020,9,1.90000000
1178,selic_efetiva,Taxa Selic efetiva anualizada,% a.a.,diaria,2020-09-25,2020,9,1.90000000
1178,selic_efetiva,Taxa Selic efetiva anualizada,% a.a.,diaria,2020-09-28,2020,9,1.90000000
1178,selic_efetiva,Taxa Selic efetiva anualizada,% a.a.,diaria,2020-09-29,2020,9,1.90000000
1178,selic_efetiva,Taxa Selic efetiva anualizada,% a.a.,diaria,2020-09-30,2020,9,1.90000000
1178,selic_efetiva,Taxa Selic efetiva anualizada,% a.a.,diaria,2020-10-01,2020,10,1.90000000
1178,selic_efetiva,Taxa Selic efetiva anualizada,% a.a.,diaria,2020-10-02,2020,10,1.90000000
1178,selic_efetiva,Taxa Selic efetiva anualizada,% a.a.,diaria,2020-10-05,2020,10,1.90000000
1178,selic_efetiva,Taxa Selic efetiva anualizada,% a.a.,diaria,2020-10-06,2020,10,1.90000000
1178,selic_efetiva,Taxa Selic efetiva anualizada,% a.a.,diaria,2020-10-07,2020,10,1.90000000
1178,selic_efetiva,Taxa Selic efetiva anualizada,% a.a.,diaria,2020-10-08,2020,10,1.90000000
1178,selic_efetiva,Taxa Selic efetiva anualizada,% a.a.,diaria,2020-10-09,2020,10,1.90000000
1178,selic_efetiva,Taxa Selic efetiva anualizada,% a.a.,diaria,2020-10-13,2020,10,1.90000000
1178,selic_efetiva,Taxa Selic efetiva anualizada,% a.a.,diaria,2020-10-14,2020,10,1.90000000
1178,selic_efetiva,Taxa Selic efetiva anualizada,% a.a.,diaria,2020-10-15,2020,10,1.90000000
1178,selic_efetiva,Taxa Selic efetiva anualizada,% a.a.,diaria,2020-10-16,2020,10,1.90000000
1178,selic_efetiva,Taxa Selic efetiva anualizada,% a.a.,diaria,2020-10-19,2020,10,1.90000000
1178,selic_efetiva,Taxa Selic efetiva anualizada,% a.a.,diaria,2020-10-20,2020,10,1.90000000
1178,selic_efetiva,Taxa Selic efetiva anualizada,% a.a.,diaria,2020-10-21,2020,10,1.90000000
1178,selic_efetiva,Taxa Selic efetiva anualizada,% a.a.,diaria,2020-10-22,2020,10,1.90000000
1178,selic_efetiva,Taxa Selic efetiva anualizada,% a.a.,diaria,2020-10-23,2020,10,1.90000000
1178,selic_efetiva,Taxa Selic efetiva anualizada,% a.a.,diaria,2020-10-26,2020,10,1.90000000
1178,selic_efetiva,Taxa Selic efetiva anualizada,% a.a.,diaria,2020-10-27,2020,10,1.90000000
1178,selic_efetiva,Taxa Selic efetiva anualizada,% a.a.,diaria,2020-10-28,2020,10,1.90000000
1178,selic_efetiva,Taxa Selic efetiva anualizada,% a.a.,diaria,2020-10-29,2020,10,1.90000000
1178,selic_efetiva,Taxa Selic efetiva anualizada,% a.a.,diaria,2020-10-30,2020,10,1.90000000
1178,selic_efetiva,Taxa Selic efetiva anualizada,% a.a.,diaria,2020-11-03,2020,11,1.90000000
1178,selic_efetiva,Taxa Selic efetiva anualizada,% a.a.,diaria,2020-11-04,2020,11,1.90000000
1178,selic_efetiva,Taxa Selic efetiva anualizada,% a.a.,diaria,2020-11-05,2020,11,1.90000000
1178,selic_efetiva,Taxa Selic efetiva anualizada,% a.a.,diaria,2020-11-06,2020,11,1.90000000
1178,selic_efetiva,Taxa Selic efetiva anualizada,% a.a.,diaria,2020-11-09,2020,11,1.90000000
1178,selic_efetiva,Taxa Selic efetiva anualizada,% a.a.,diaria,2020-11-10,2020,11,1.90000000
1178,selic_efetiva,Taxa Selic efetiva anualizada,% a.a.,diaria,2020-11-11,2020,11,1.90000000
1178,selic_efetiva,Taxa Selic efetiva anualizada,% a.a.,diaria,2020-11-12,2020,11,1.90000000
1178,selic_efetiva,Taxa Selic efetiva anualizada,% a.a.,diaria,2020-11-13,2020,11,1.90000000
1178,selic_efetiva,Taxa Selic efetiva anualizada,% a.a.,diaria,2020-11-16,2020,11,1.90000000
1178,selic_efetiva,Taxa Selic efetiva anualizada,% a.a.,diaria,2020-11-17,2020,11,1.90000000
1178,selic_efetiva,Taxa Selic efetiva anualizada,% a.a.,diaria,2020-11-18,2020,11,1.90000000
1178,selic_efetiva,Taxa Selic efetiva anualizada,% a.a.,diaria,2020-11-19,2020,11,1.90000000
1178,selic_efetiva,Taxa Selic efetiva anualizada,% a.a.,diaria,2020-11-20,2020,11,1.90000000
1178,selic_efetiva,Taxa Selic efetiva anualizada,% a.a.,diaria,2020-11-23,2020,11,1.90000000
1178,selic_efetiva,Taxa Selic efetiva anualizada,% a.a.,diaria,2020-11-24,2020,11,1.90000000
1178,selic_efetiva,Taxa Selic efetiva anualizada,% a.a.,diaria,2020-11-25,2020,11,1.90000000
1178,selic_efetiva,Taxa Selic efetiva anualizada,% a.a.,diaria,2020-11-26,2020,11,1.90000000
1178,selic_efetiva,Taxa Selic efetiva anualizada,% a.a.,diaria,2020-11-27,2020,11,1.90000000
1178,selic_efetiva,Taxa Selic efetiva anualizada,% a.a.,diaria,2020-11-30,2020,11,1.90000000
1178,selic_efetiva,Taxa Selic efetiva anualizada,% a.a.,diaria,2020-12-01,2020,12,1.90000000
1178,selic_efetiva,Taxa Selic efetiva anualizada,% a.a.,diaria,2020-12-02,2020,12,1.90000000
1178,selic_efetiva,Taxa Selic efetiva anualizada,% a.a.,diaria,2020-12-03,2020,12,1.90000000
1178,selic_efetiva,Taxa Selic efetiva anualizada,% a.a.,diaria,2020-12-04,2020,12,1.90000000
1178,selic_efetiva,Taxa Selic efetiva anualizada,% a.a.,diaria,2020-12-07,2020,12,1.90000000
1178,selic_efetiva,Taxa Selic efetiva anualizada,% a.a.,diaria,2020-12-08,2020,12,1.90000000
1178,selic_efetiva,Taxa Selic efetiva anualizada,% a.a.,diaria,2020-12-09,2020,12,1.90000000
1178,selic_efetiva,Taxa Selic efetiva anualizada,% a.a.,diaria,2020-12-10,2020,12,1.90000000
1178,selic_efetiva,Taxa Selic efetiva anualizada,% a.a.,diaria,2020-12-11,2020,12,1.90000000
1178,selic_efetiva,Taxa Selic efetiva anualizada,% a.a.,diaria,2020-12-14,2020,12,1.90000000
1178,selic_efetiva,Taxa Selic efetiva anualizada,% a.a.,diaria,2020-12-15,2020,12,1.90000000
1178,selic_efetiva,Taxa Selic efetiva anualizada,% a.a.,diaria,2020-12-16,2020,12,1.90000000
1178,selic_efetiva,Taxa Selic efetiva anualizada,% a.a.,diaria,2020-12-17,2020,12,1.90000000
1178,selic_efetiva,Taxa Selic efetiva anualizada,% a.a.,diaria,2020-12-18,2020,12,1.90000000
1178,selic_efetiva,Taxa Selic efetiva anualizada,% a.a.,diaria,2020-12-21,2020,12,1.90000000
1178,selic_efetiva,Taxa Selic efetiva anualizada,% a.a.,diaria,2020-12-22,2020,12,1.90000000
1178,selic_efetiva,Taxa Selic efetiva anualizada,% a.a.,diaria,2020-12-23,2020,12,1.90000000
1178,selic_efetiva,Taxa Selic efetiva anualizada,% a.a.,diaria,2020-12-24,2020,12,1.90000000
1178,selic_efetiva,Taxa Selic efetiva anualizada,% a.a.,diaria,2020-12-28,2020,12,1.90000000
1178,selic_efetiva,Taxa Selic efetiva anualizada,% a.a.,diaria,2020-12-29,2020,12,1.90000000
1178,selic_efetiva,Taxa Selic efetiva anualizada,% a.a.,diaria,2020-12-30,2020,12,1.90000000
1178,selic_efetiva,Taxa Selic efetiva anualizada,% a.a.,diaria,2020-12-31,2020,12,1.90000000
1178,selic_efetiva,Taxa Selic efetiva anualizada,% a.a.,diaria,2021-01-04,2021,1,1.90000000
1178,selic_efetiva,Taxa Selic efetiva anualizada,% a.a.,diaria,2021-01-05,2021,1,1.90000000
1178,selic_efetiva,Taxa Selic efetiva anualizada,% a.a.,diaria,2021-01-06,2021,1,1.90000000
1178,selic_efetiva,Taxa Selic efetiva anualizada,% a.a.,diaria,2021-01-07,2021,1,1.90000000
1178,selic_efetiva,Taxa Selic efetiva anualizada,% a.a.,diaria,2021-01-08,2021,1,1.90000000
1178,selic_efetiva,Taxa Selic efetiva anualizada,% a.a.,diaria,2021-01-11,2021,1,1.90000000
1178,selic_efetiva,Taxa Selic efetiva anualizada,% a.a.,diaria,2021-01-12,2021,1,1.90000000
1178,selic_efetiva,Taxa Selic efetiva anualizada,% a.a.,diaria,2021-01-13,2021,1,1.90000000
1178,selic_efetiva,Taxa Selic efetiva anualizada,% a.a.,diaria,2021-01-14,2021,1,1.90000000
1178,selic_efetiva,Taxa Selic efetiva anualizada,% a.a.,diaria,2021-01-15,2021,1,1.90000000
1178,selic_efetiva,Taxa Selic efetiva anualizada,% a.a.,diaria,2021-01-18,2021,1,1.90000000
1178,selic_efetiva,Taxa Selic efetiva anualizada,% a.a.,diaria,2021-01-19,2021,1,1.90000000
1178,selic_efetiva,Taxa Selic efetiva anualizada,% a.a.,diaria,2021-01-20,2021,1,1.90000000
1178,selic_efetiva,Taxa Selic efetiva anualizada,% a.a.,diaria,2021-01-21,2021,1,1.90000000
1178,selic_efetiva,Taxa Selic efetiva anualizada,% a.a.,diaria,2021-01-22,2021,1,1.90000000
1178,selic_efetiva,Taxa Selic efetiva anualizada,% a.a.,diaria,2021-01-25,2021,1,1.90000000
1178,selic_efetiva,Taxa Selic efetiva anualizada,% a.a.,diaria,2021-01-26,2021,1,1.90000000
1178,selic_efetiva,Taxa Selic efetiva anualizada,% a.a.,diaria,2021-01-27,2021,1,1.90000000
1178,selic_efetiva,Taxa Selic efetiva anualizada,% a.a.,diaria,2021-01-28,2021,1,1.90000000
1178,selic_efetiva,Taxa Selic efetiva anualizada,% a.a.,diaria,2021-01-29,2021,1,1.90000000
1178,selic_efetiva,Taxa Selic efetiva anualizada,% a.a.,diaria,2021-02-01,2021,2,1.90000000
1178,selic_efetiva,Taxa Selic efetiva anualizada,% a.a.,diaria,2021-02-02,2021,2,1.90000000
1178,selic_efetiva,Taxa Selic efetiva anualizada,% a.a.,diaria,2021-02-03,2021,2,1.90000000
1178,selic_efetiva,Taxa Selic efetiva anualizada,% a.a.,diaria,2021-02-04,2021,2,1.90000000
1178,selic_efetiva,Taxa Selic efetiva anualizada,% a.a.,diaria,2021-02-05,2021,2,1.90000000
1178,selic_efetiva,Taxa Selic efetiva anualizada,% a.a.,diaria,2021-02-08,2021,2,1.90000000
1178,selic_efetiva,Taxa Selic efetiva anualizada,% a.a.,diaria,2021-02-09,2021,2,1.90000000
1178,selic_efetiva,Taxa Selic efetiva anualizada,% a.a.,diaria,2021-02-10,2021,2,1.90000000
1178,selic_efetiva,Taxa Selic efetiva anualizada,% a.a.,diaria,2021-02-11,2021,2,1.90000000
1178,selic_efetiva,Taxa Selic efetiva anualizada,% a.a.,diaria,2021-02-12,2021,2,1.90000000
1178,selic_efetiva,Taxa Selic efetiva anualizada,% a.a.,diaria,2021-02-17,2021,2,1.90000000
1178,selic_efetiva,Taxa Selic efetiva anualizada,% a.a.,diaria,2021-02-18,2021,2,1.90000000
1178,selic_efetiva,Taxa Selic efetiva anualizada,% a.a.,diaria,2021-02-19,2021,2,1.90000000
1178,selic_efetiva,Taxa Selic efetiva anualizada,% a.a.,diaria,2021-02-22,2021,2,1.90000000
1178,selic_efetiva,Taxa Selic efetiva anualizada,% a.a.,diaria,2021-02-23,2021,2,1.90000000
1178,selic_efetiva,Taxa Selic efetiva anualizada,% a.a.,diaria,2021-02-24,2021,2,1.90000000
1178,selic_efetiva,Taxa Selic efetiva anualizada,% a.a.,diaria,2021-02-25,2021,2,1.90000000
1178,selic_efetiva,Taxa Selic efetiva anualizada,% a.a.,diaria,2021-02-26,2021,2,1.90000000
1178,selic_efetiva,Taxa Selic efetiva anualizada,% a.a.,diaria,2021-03-01,2021,3,1.90000000
1178,selic_efetiva,Taxa Selic efetiva anualizada,% a.a.,diaria,2021-03-02,2021,3,1.90000000
1178,selic_efetiva,Taxa Selic efetiva anualizada,% a.a.,diaria,2021-03-03,2021,3,1.90000000
1178,selic_efetiva,Taxa Selic efetiva anualizada,% a.a.,diaria,2021-03-04,2021,3,1.90000000
1178,selic_efetiva,Taxa Selic efetiva anualizada,% a.a.,diaria,2021-03-05,2021,3,1.90000000
1178,selic_efetiva,Taxa Selic efetiva anualizada,% a.a.,diaria,2021-03-08,2021,3,1.90000000
1178,selic_efetiva,Taxa Selic efetiva anualizada,% a.a.,diaria,2021-03-09,2021,3,1.90000000
1178,selic_efetiva,Taxa Selic efetiva anualizada,% a.a.,diaria,2021-03-10,2021,3,1.90000000
1178,selic_efetiva,Taxa Selic efetiva anualizada,% a.a.,diaria,2021-03-11,2021,3,1.90000000
1178,selic_efetiva,Taxa Selic efetiva anualizada,% a.a.,diaria,2021-03-12,2021,3,1.90000000
1178,selic_efetiva,Taxa Selic efetiva anualizada,% a.a.,diaria,2021-03-15,2021,3,1.90000000
1178,selic_efetiva,Taxa Selic efetiva anualizada,% a.a.,diaria,2021-03-16,2021,3,1.90000000
1178,selic_efetiva,Taxa Selic efetiva anualizada,% a.a.,diaria,2021-03-17,2021,3,1.90000000
1178,selic_efetiva,Taxa Selic efetiva anualizada,% a.a.,diaria,2021-03-18,2021,3,2.65000000
1178,selic_efetiva,Taxa Selic efetiva anualizada,% a.a.,diaria,2021-03-19,2021,3,2.65000000
1178,selic_efetiva,Taxa Selic efetiva anualizada,% a.a.,diaria,2021-03-22,2021,3,2.65000000
1178,selic_efetiva,Taxa Selic efetiva anualizada,% a.a.,diaria,2021-03-23,2021,3,2.65000000
1178,selic_efetiva,Taxa Selic efetiva anualizada,% a.a.,diaria,2021-03-24,2021,3,2.65000000
1178,selic_efetiva,Taxa Selic efetiva anualizada,% a.a.,diaria,2021-03-25,2021,3,2.65000000
1178,selic_efetiva,Taxa Selic efetiva anualizada,% a.a.,diaria,2021-03-26,2021,3,2.65000000
1178,selic_efetiva,Taxa Selic efetiva anualizada,% a.a.,diaria,2021-03-29,2021,3,2.65000000
1178,selic_efetiva,Taxa Selic efetiva anualizada,% a.a.,diaria,2021-03-30,2021,3,2.65000000
1178,selic_efetiva,Taxa Selic efetiva anualizada,% a.a.,diaria,2021-03-31,2021,3,2.65000000
1178,selic_efetiva,Taxa Selic efetiva anualizada,% a.a.,diaria,2021-04-01,2021,4,2.65000000
1178,selic_efetiva,Taxa Selic efetiva anualizada,% a.a.,diaria,2021-04-05,2021,4,2.65000000
1178,selic_efetiva,Taxa Selic efetiva anualizada,% a.a.,diaria,2021-04-06,2021,4,2.65000000
1178,selic_efetiva,Taxa Selic efetiva anualizada,% a.a.,diaria,2021-04-07,2021,4,2.65000000
1178,selic_efetiva,Taxa Selic efetiva anualizada,% a.a.,diaria,2021-04-08,2021,4,2.65000000
1178,selic_efetiva,Taxa Selic efetiva anualizada,% a.a.,diaria,2021-04-09,2021,4,2.65000000
1178,selic_efetiva,Taxa Selic efetiva anualizada,% a.a.,diaria,2021-04-12,2021,4,2.65000000
1178,selic_efetiva,Taxa Selic efetiva anualizada,% a.a.,diaria,2021-04-13,2021,4,2.65000000
1178,selic_efetiva,Taxa Selic efetiva anualizada,% a.a.,diaria,2021-04-14,2021,4,2.65000000
1178,selic_efetiva,Taxa Selic efetiva anualizada,% a.a.,diaria,2021-04-15,2021,4,2.65000000
1178,selic_efetiva,Taxa Selic efetiva anualizada,% a.a.,diaria,2021-04-16,2021,4,2.65000000
1178,selic_efetiva,Taxa Selic efetiva anualizada,% a.a.,diaria,2021-04-19,2021,4,2.65000000
1178,selic_efetiva,Taxa Selic efetiva anualizada,% a.a.,diaria,2021-04-20,2021,4,2.65000000
1178,selic_efetiva,Taxa Selic efetiva anualizada,% a.a.,diaria,2021-04-22,2021,4,2.65000000
1178,selic_efetiva,Taxa Selic efetiva anualizada,% a.a.,diaria,2021-04-23,2021,4,2.65000000
1178,selic_efetiva,Taxa Selic efetiva anualizada,% a.a.,diaria,2021-04-26,2021,4,2.65000000
1178,selic_efetiva,Taxa Selic efetiva anualizada,% a.a.,diaria,2021-04-27,2021,4,2.65000000
1178,selic_efetiva,Taxa Selic efetiva anualizada,% a.a.,diaria,2021-04-28,2021,4,2.65000000
1178,selic_efetiva,Taxa Selic efetiva anualizada,% a.a.,diaria,2021-04-29,2021,4,2.65000000
1178,selic_efetiva,Taxa Selic efetiva anualizada,% a.a.,diaria,2021-04-30,2021,4,2.65000000
1178,selic_efetiva,Taxa Selic efetiva anualizada,% a.a.,diaria,2021-05-03,2021,5,2.65000000
1178,selic_efetiva,Taxa Selic efetiva anualizada,% a.a.,diaria,2021-05-04,2021,5,2.65000000
1178,selic_efetiva,Taxa Selic efetiva anualizada,% a.a.,diaria,2021-05-05,2021,5,2.65000000
1178,selic_efetiva,Taxa Selic efetiva anualizada,% a.a.,diaria,2021-05-06,2021,5,3.40000000
1178,selic_efetiva,Taxa Selic efetiva anualizada,% a.a.,diaria,2021-05-07,2021,5,3.40000000
1178,selic_efetiva,Taxa Selic efetiva anualizada,% a.a.,diaria,2021-05-10,2021,5,3.40000000
1178,selic_efetiva,Taxa Selic efetiva anualizada,% a.a.,diaria,2021-05-11,2021,5,3.40000000
1178,selic_efetiva,Taxa Selic efetiva anualizada,% a.a.,diaria,2021-05-12,2021,5,3.40000000
1178,selic_efetiva,Taxa Selic efetiva anualizada,% a.a.,diaria,2021-05-13,2021,5,3.40000000
1178,selic_efetiva,Taxa Selic efetiva anualizada,% a.a.,diaria,2021-05-14,2021,5,3.40000000
1178,selic_efetiva,Taxa Selic efetiva anualizada,% a.a.,diaria,2021-05-17,2021,5,3.40000000
1178,selic_efetiva,Taxa Selic efetiva anualizada,% a.a.,diaria,2021-05-18,2021,5,3.40000000
1178,selic_efetiva,Taxa Selic efetiva anualizada,% a.a.,diaria,2021-05-19,2021,5,3.40000000
1178,selic_efetiva,Taxa Selic efetiva anualizada,% a.a.,diaria,2021-05-20,2021,5,3.40000000
1178,selic_efetiva,Taxa Selic efetiva anualizada,% a.a.,diaria,2021-05-21,2021,5,3.40000000
1178,selic_efetiva,Taxa Selic efetiva anualizada,% a.a.,diaria,2021-05-24,2021,5,3.40000000
1178,selic_efetiva,Taxa Selic efetiva anualizada,% a.a.,diaria,2021-05-25,2021,5,3.40000000
1178,selic_efetiva,Taxa Selic efetiva anualizada,% a.a.,diaria,2021-05-26,2021,5,3.40000000
1178,selic_efetiva,Taxa Selic efetiva anualizada,% a.a.,diaria,2021-05-27,2021,5,3.40000000
1178,selic_efetiva,Taxa Selic efetiva anualizada,% a.a.,diaria,2021-05-28,2021,5,3.40000000
1178,selic_efetiva,Taxa Selic efetiva anualizada,% a.a.,diaria,2021-05-31,2021,5,3.40000000
1178,selic_efetiva,Taxa Selic efetiva anualizada,% a.a.,diaria,2021-06-01,2021,6,3.40000000
1178,selic_efetiva,Taxa Selic efetiva anualizada,% a.a.,diaria,2021-06-02,2021,6,3.40000000
1178,selic_efetiva,Taxa Selic efetiva anualizada,% a.a.,diaria,2021-06-04,2021,6,3.40000000
1178,selic_efetiva,Taxa Selic efetiva anualizada,% a.a.,diaria,2021-06-07,2021,6,3.40000000
1178,selic_efetiva,Taxa Selic efetiva anualizada,% a.a.,diaria,2021-06-08,2021,6,3.40000000
1178,selic_efetiva,Taxa Selic efetiva anualizada,% a.a.,diaria,2021-06-09,2021,6,3.40000000
1178,selic_efetiva,Taxa Selic efetiva anualizada,% a.a.,diaria,2021-06-10,2021,6,3.40000000
1178,selic_efetiva,Taxa Selic efetiva anualizada,% a.a.,diaria,2021-06-11,2021,6,3.40000000
1178,selic_efetiva,Taxa Selic efetiva anualizada,% a.a.,diaria,2021-06-14,2021,6,3.40000000
1178,selic_efetiva,Taxa Selic efetiva anualizada,% a.a.,diaria,2021-06-15,2021,6,3.40000000
1178,selic_efetiva,Taxa Selic efetiva anualizada,% a.a.,diaria,2021-06-16,2021,6,3.40000000
1178,selic_efetiva,Taxa Selic efetiva anualizada,% a.a.,diaria,2021-06-17,2021,6,4.15000000
1178,selic_efetiva,Taxa Selic efetiva anualizada,% a.a.,diaria,2021-06-18,2021,6,4.15000000
1178,selic_efetiva,Taxa Selic efetiva anualizada,% a.a.,diaria,2021-06-21,2021,6,4.15000000
1178,selic_efetiva,Taxa Selic efetiva anualizada,% a.a.,diaria,2021-06-22,2021,6,4.15000000
1178,selic_efetiva,Taxa Selic efetiva anualizada,% a.a.,diaria,2021-06-23,2021,6,4.15000000
1178,selic_efetiva,Taxa Selic efetiva anualizada,% a.a.,diaria,2021-06-24,2021,6,4.15000000
1178,selic_efetiva,Taxa Selic efetiva anualizada,% a.a.,diaria,2021-06-25,2021,6,4.15000000
1178,selic_efetiva,Taxa Selic efetiva anualizada,% a.a.,diaria,2021-06-28,2021,6,4.15000000
1178,selic_efetiva,Taxa Selic efetiva anualizada,% a.a.,diaria,2021-06-29,2021,6,4.15000000
1178,selic_efetiva,Taxa Selic efetiva anualizada,% a.a.,diaria,2021-06-30,2021,6,4.15000000
1178,selic_efetiva,Taxa Selic efetiva anualizada,% a.a.,diaria,2021-07-01,2021,7,4.15000000
1178,selic_efetiva,Taxa Selic efetiva anualizada,% a.a.,diaria,2021-07-02,2021,7,4.15000000
1178,selic_efetiva,Taxa Selic efetiva anualizada,% a.a.,diaria,2021-07-05,2021,7,4.15000000
1178,selic_efetiva,Taxa Selic efetiva anualizada,% a.a.,diaria,2021-07-06,2021,7,4.15000000
1178,selic_efetiva,Taxa Selic efetiva anualizada,% a.a.,diaria,2021-07-07,2021,7,4.15000000
1178,selic_efetiva,Taxa Selic efetiva anualizada,% a.a.,diaria,2021-07-08,2021,7,4.15000000
1178,selic_efetiva,Taxa Selic efetiva anualizada,% a.a.,diaria,2021-07-09,2021,7,4.15000000
1178,selic_efetiva,Taxa Selic efetiva anualizada,% a.a.,diaria,2021-07-12,2021,7,4.15000000
1178,selic_efetiva,Taxa Selic efetiva anualizada,% a.a.,diaria,2021-07-13,2021,7,4.15000000
1178,selic_efetiva,Taxa Selic efetiva anualizada,% a.a.,diaria,2021-07-14,2021,7,4.15000000
1178,selic_efetiva,Taxa Selic efetiva anualizada,% a.a.,diaria,2021-07-15,2021,7,4.15000000
1178,selic_efetiva,Taxa Selic efetiva anualizada,% a.a.,diaria,2021-07-16,2021,7,4.15000000
1178,selic_efetiva,Taxa Selic efetiva anualizada,% a.a.,diaria,2021-07-19,2021,7,4.15000000
1178,selic_efetiva,Taxa Selic efetiva anualizada,% a.a.,diaria,2021-07-20,2021,7,4.15000000
1178,selic_efetiva,Taxa Selic efetiva anualizada,% a.a.,diaria,2021-07-21,2021,7,4.15000000
1178,selic_efetiva,Taxa Selic efetiva anualizada,% a.a.,diaria,2021-07-22,2021,7,4.15000000
1178,selic_efetiva,Taxa Selic efetiva anualizada,% a.a.,diaria,2021-07-23,2021,7,4.15000000
1178,selic_efetiva,Taxa Selic efetiva anualizada,% a.a.,diaria,2021-07-26,2021,7,4.15000000
1178,selic_efetiva,Taxa Selic efetiva anualizada,% a.a.,diaria,2021-07-27,2021,7,4.15000000
1178,selic_efetiva,Taxa Selic efetiva anualizada,% a.a.,diaria,2021-07-28,2021,7,4.15000000
1178,selic_efetiva,Taxa Selic efetiva anualizada,% a.a.,diaria,2021-07-29,2021,7,4.15000000
1178,selic_efetiva,Taxa Selic efetiva anualizada,% a.a.,diaria,2021-07-30,2021,7,4.15000000
1178,selic_efetiva,Taxa Selic efetiva anualizada,% a.a.,diaria,2021-08-02,2021,8,4.15000000
1178,selic_efetiva,Taxa Selic efetiva anualizada,% a.a.,diaria,2021-08-03,2021,8,4.15000000
1178,selic_efetiva,Taxa Selic efetiva anualizada,% a.a.,diaria,2021-08-04,2021,8,4.15000000
1178,selic_efetiva,Taxa Selic efetiva anualizada,% a.a.,diaria,2021-08-05,2021,8,5.15000000
1178,selic_efetiva,Taxa Selic efetiva anualizada,% a.a.,diaria,2021-08-06,2021,8,5.15000000
1178,selic_efetiva,Taxa Selic efetiva anualizada,% a.a.,diaria,2021-08-09,2021,8,5.15000000
1178,selic_efetiva,Taxa Selic efetiva anualizada,% a.a.,diaria,2021-08-10,2021,8,5.15000000
1178,selic_efetiva,Taxa Selic efetiva anualizada,% a.a.,diaria,2021-08-11,2021,8,5.15000000
1178,selic_efetiva,Taxa Selic efetiva anualizada,% a.a.,diaria,2021-08-12,2021,8,5.15000000
1178,selic_efetiva,Taxa Selic efetiva anualizada,% a.a.,diaria,2021-08-13,2021,8,5.15000000
1178,selic_efetiva,Taxa Selic efetiva anualizada,% a.a.,diaria,2021-08-16,2021,8,5.15000000
1178,selic_efetiva,Taxa Selic efetiva anualizada,% a.a.,diaria,2021-08-17,2021,8,5.15000000
1178,selic_efetiva,Taxa Selic efetiva anualizada,% a.a.,diaria,2021-08-18,2021,8,5.15000000
1178,selic_efetiva,Taxa Selic efetiva anualizada,% a.a.,diaria,2021-08-19,2021,8,5.15000000
1178,selic_efetiva,Taxa Selic efetiva anualizada,% a.a.,diaria,2021-08-20,2021,8,5.15000000
1178,selic_efetiva,Taxa Selic efetiva anualizada,% a.a.,diaria,2021-08-23,2021,8,5.15000000
1178,selic_efetiva,Taxa Selic efetiva anualizada,% a.a.,diaria,2021-08-24,2021,8,5.15000000
1178,selic_efetiva,Taxa Selic efetiva anualizada,% a.a.,diaria,2021-08-25,2021,8,5.15000000
1178,selic_efetiva,Taxa Selic efetiva anualizada,% a.a.,diaria,2021-08-26,2021,8,5.15000000
1178,selic_efetiva,Taxa Selic efetiva anualizada,% a.a.,diaria,2021-08-27,2021,8,5.15000000
1178,selic_efetiva,Taxa Selic efetiva anualizada,% a.a.,diaria,2021-08-30,2021,8,5.15000000
1178,selic_efetiva,Taxa Selic efetiva anualizada,% a.a.,diaria,2021-08-31,2021,8,5.15000000
1178,selic_efetiva,Taxa Selic efetiva anualizada,% a.a.,diaria,2021-09-01,2021,9,5.15000000
1178,selic_efetiva,Taxa Selic efetiva anualizada,% a.a.,diaria,2021-09-02,2021,9,5.15000000
1178,selic_efetiva,Taxa Selic efetiva anualizada,% a.a.,diaria,2021-09-03,2021,9,5.15000000
1178,selic_efetiva,Taxa Selic efetiva anualizada,% a.a.,diaria,2021-09-06,2021,9,5.15000000
1178,selic_efetiva,Taxa Selic efetiva anualizada,% a.a.,diaria,2021-09-08,2021,9,5.15000000
1178,selic_efetiva,Taxa Selic efetiva anualizada,% a.a.,diaria,2021-09-09,2021,9,5.15000000
1178,selic_efetiva,Taxa Selic efetiva anualizada,% a.a.,diaria,2021-09-10,2021,9,5.15000000
1178,selic_efetiva,Taxa Selic efetiva anualizada,% a.a.,diaria,2021-09-13,2021,9,5.15000000
1178,selic_efetiva,Taxa Selic efetiva anualizada,% a.a.,diaria,2021-09-14,2021,9,5.15000000
1178,selic_efetiva,Taxa Selic efetiva anualizada,% a.a.,diaria,2021-09-15,2021,9,5.15000000
1178,selic_efetiva,Taxa Selic efetiva anualizada,% a.a.,diaria,2021-09-16,2021,9,5.15000000
1178,selic_efetiva,Taxa Selic efetiva anualizada,% a.a.,diaria,2021-09-17,2021,9,5.15000000
1178,selic_efetiva,Taxa Selic efetiva anualizada,% a.a.,diaria,2021-09-20,2021,9,5.15000000
1178,selic_efetiva,Taxa Selic efetiva anualizada,% a.a.,diaria,2021-09-21,2021,9,5.15000000
1178,selic_efetiva,Taxa Selic efetiva anualizada,% a.a.,diaria,2021-09-22,2021,9,5.15000000
1178,selic_efetiva,Taxa Selic efetiva anualizada,% a.a.,diaria,2021-09-23,2021,9,6.15000000
1178,selic_efetiva,Taxa Selic efetiva anualizada,% a.a.,diaria,2021-09-24,2021,9,6.15000000
1178,selic_efetiva,Taxa Selic efetiva anualizada,% a.a.,diaria,2021-09-27,2021,9,6.15000000
1178,selic_efetiva,Taxa Selic efetiva anualizada,% a.a.,diaria,2021-09-28,2021,9,6.15000000
1178,selic_efetiva,Taxa Selic efetiva anualizada,% a.a.,diaria,2021-09-29,2021,9,6.15000000
1178,selic_efetiva,Taxa Selic efetiva anualizada,% a.a.,diaria,2021-09-30,2021,9,6.15000000
1178,selic_efetiva,Taxa Selic efetiva anualizada,% a.a.,diaria,2021-10-01,2021,10,6.15000000
1178,selic_efetiva,Taxa Selic efetiva anualizada,% a.a.,diaria,2021-10-04,2021,10,6.15000000
1178,selic_efetiva,Taxa Selic efetiva anualizada,% a.a.,diaria,2021-10-05,2021,10,6.15000000
1178,selic_efetiva,Taxa Selic efetiva anualizada,% a.a.,diaria,2021-10-06,2021,10,6.15000000
1178,selic_efetiva,Taxa Selic efetiva anualizada,% a.a.,diaria,2021-10-07,2021,10,6.15000000
1178,selic_efetiva,Taxa Selic efetiva anualizada,% a.a.,diaria,2021-10-08,2021,10,6.15000000
1178,selic_efetiva,Taxa Selic efetiva anualizada,% a.a.,diaria,2021-10-11,2021,10,6.15000000
1178,selic_efetiva,Taxa Selic efetiva anualizada,% a.a.,diaria,2021-10-13,2021,10,6.15000000
1178,selic_efetiva,Taxa Selic efetiva anualizada,% a.a.,diaria,2021-10-14,2021,10,6.15000000
1178,selic_efetiva,Taxa Selic efetiva anualizada,% a.a.,diaria,2021-10-15,2021,10,6.15000000
1178,selic_efetiva,Taxa Selic efetiva anualizada,% a.a.,diaria,2021-10-18,2021,10,6.15000000
1178,selic_efetiva,Taxa Selic efetiva anualizada,% a.a.,diaria,2021-10-19,2021,10,6.15000000
1178,selic_efetiva,Taxa Selic efetiva anualizada,% a.a.,diaria,2021-10-20,2021,10,6.15000000
1178,selic_efetiva,Taxa Selic efetiva anualizada,% a.a.,diaria,2021-10-21,2021,10,6.15000000
1178,selic_efetiva,Taxa Selic efetiva anualizada,% a.a.,diaria,2021-10-22,2021,10,6.15000000
1178,selic_efetiva,Taxa Selic efetiva anualizada,% a.a.,diaria,2021-10-25,2021,10,6.15000000
1178,selic_efetiva,Taxa Selic efetiva anualizada,% a.a.,diaria,2021-10-26,2021,10,6.15000000
1178,selic_efetiva,Taxa Selic efetiva anualizada,% a.a.,diaria,2021-10-27,2021,10,6.15000000
1178,selic_efetiva,Taxa Selic efetiva anualizada,% a.a.,diaria,2021-10-28,2021,10,7.65000000
1178,selic_efetiva,Taxa Selic efetiva anualizada,% a.a.,diaria,2021-10-29,2021,10,7.65000000
1178,selic_efetiva,Taxa Selic efetiva anualizada,% a.a.,diaria,2021-11-01,2021,11,7.65000000
1178,selic_efetiva,Taxa Selic efetiva anualizada,% a.a.,diaria,2021-11-03,2021,11,7.65000000
1178,selic_efetiva,Taxa Selic efetiva anualizada,% a.a.,diaria,2021-11-04,2021,11,7.65000000
1178,selic_efetiva,Taxa Selic efetiva anualizada,% a.a.,diaria,2021-11-05,2021,11,7.65000000
1178,selic_efetiva,Taxa Selic efetiva anualizada,% a.a.,diaria,2021-11-08,2021,11,7.65000000
1178,selic_efetiva,Taxa Selic efetiva anualizada,% a.a.,diaria,2021-11-09,2021,11,7.65000000
1178,selic_efetiva,Taxa Selic efetiva anualizada,% a.a.,diaria,2021-11-10,2021,11,7.65000000
1178,selic_efetiva,Taxa Selic efetiva anualizada,% a.a.,diaria,2021-11-11,2021,11,7.65000000
1178,selic_efetiva,Taxa Selic efetiva anualizada,% a.a.,diaria,2021-11-12,2021,11,7.65000000
1178,selic_efetiva,Taxa Selic efetiva anualizada,% a.a.,diaria,2021-11-16,2021,11,7.65000000
1178,selic_efetiva,Taxa Selic efetiva anualizada,% a.a.,diaria,2021-11-17,2021,11,7.65000000
1178,selic_efetiva,Taxa Selic efetiva anualizada,% a.a.,diaria,2021-11-18,2021,11,7.65000000
1178,selic_efetiva,Taxa Selic efetiva anualizada,% a.a.,diaria,2021-11-19,2021,11,7.65000000
1178,selic_efetiva,Taxa Selic efetiva anualizada,% a.a.,diaria,2021-11-22,2021,11,7.65000000
1178,selic_efetiva,Taxa Selic efetiva anualizada,% a.a.,diaria,2021-11-23,2021,11,7.65000000
1178,selic_efetiva,Taxa Selic efetiva anualizada,% a.a.,diaria,2021-11-24,2021,11,7.65000000
1178,selic_efetiva,Taxa Selic efetiva anualizada,% a.a.,diaria,2021-11-25,2021,11,7.65000000
1178,selic_efetiva,Taxa Selic efetiva anualizada,% a.a.,diaria,2021-11-26,2021,11,7.65000000
1178,selic_efetiva,Taxa Selic efetiva anualizada,% a.a.,diaria,2021-11-29,2021,11,7.65000000
1178,selic_efetiva,Taxa Selic efetiva anualizada,% a.a.,diaria,2021-11-30,2021,11,7.65000000
1178,selic_efetiva,Taxa Selic efetiva anualizada,% a.a.,diaria,2021-12-01,2021,12,7.65000000
1178,selic_efetiva,Taxa Selic efetiva anualizada,% a.a.,diaria,2021-12-02,2021,12,7.65000000
1178,selic_efetiva,Taxa Selic efetiva anualizada,% a.a.,diaria,2021-12-03,2021,12,7.65000000
1178,selic_efetiva,Taxa Selic efetiva anualizada,% a.a.,diaria,2021-12-06,2021,12,7.65000000
1178,selic_efetiva,Taxa Selic efetiva anualizada,% a.a.,diaria,2021-12-07,2021,12,7.65000000
1178,selic_efetiva,Taxa Selic efetiva anualizada,% a.a.,diaria,2021-12-08,2021,12,7.65000000
1178,selic_efetiva,Taxa Selic efetiva anualizada,% a.a.,diaria,2021-12-09,2021,12,9.15000000
1178,selic_efetiva,Taxa Selic efetiva anualizada,% a.a.,diaria,2021-12-10,2021,12,9.15000000
1178,selic_efetiva,Taxa Selic efetiva anualizada,% a.a.,diaria,2021-12-13,2021,12,9.15000000
1178,selic_efetiva,Taxa Selic efetiva anualizada,% a.a.,diaria,2021-12-14,2021,12,9.15000000
1178,selic_efetiva,Taxa Selic efetiva anualizada,% a.a.,diaria,2021-12-15,2021,12,9.15000000
1178,selic_efetiva,Taxa Selic efetiva anualizada,% a.a.,diaria,2021-12-16,2021,12,9.15000000
1178,selic_efetiva,Taxa Selic efetiva anualizada,% a.a.,diaria,2021-12-17,2021,12,9.15000000
1178,selic_efetiva,Taxa Selic efetiva anualizada,% a.a.,diaria,2021-12-20,2021,12,9.15000000
1178,selic_efetiva,Taxa Selic efetiva anualizada,% a.a.,diaria,2021-12-21,2021,12,9.15000000
1178,selic_efetiva,Taxa Selic efetiva anualizada,% a.a.,diaria,2021-12-22,2021,12,9.15000000
1178,selic_efetiva,Taxa Selic efetiva anualizada,% a.a.,diaria,2021-12-23,2021,12,9.15000000
1178,selic_efetiva,Taxa Selic efetiva anualizada,% a.a.,diaria,2021-12-24,2021,12,9.15000000
1178,selic_efetiva,Taxa Selic efetiva anualizada,% a.a.,diaria,2021-12-27,2021,12,9.15000000
1178,selic_efetiva,Taxa Selic efetiva anualizada,% a.a.,diaria,2021-12-28,2021,12,9.15000000
1178,selic_efetiva,Taxa Selic efetiva anualizada,% a.a.,diaria,2021-12-29,2021,12,9.15000000
1178,selic_efetiva,Taxa Selic efetiva anualizada,% a.a.,diaria,2021-12-30,2021,12,9.15000000
1178,selic_efetiva,Taxa Selic efetiva anualizada,% a.a.,diaria,2021-12-31,2021,12,9.15000000
1178,selic_efetiva,Taxa Selic efetiva anualizada,% a.a.,diaria,2022-01-03,2022,1,9.15000000
1178,selic_efetiva,Taxa Selic efetiva anualizada,% a.a.,diaria,2022-01-04,2022,1,9.15000000
1178,selic_efetiva,Taxa Selic efetiva anualizada,% a.a.,diaria,2022-01-05,2022,1,9.15000000
1178,selic_efetiva,Taxa Selic efetiva anualizada,% a.a.,diaria,2022-01-06,2022,1,9.15000000
1178,selic_efetiva,Taxa Selic efetiva anualizada,% a.a.,diaria,2022-01-07,2022,1,9.15000000
1178,selic_efetiva,Taxa Selic efetiva anualizada,% a.a.,diaria,2022-01-10,2022,1,9.15000000
1178,selic_efetiva,Taxa Selic efetiva anualizada,% a.a.,diaria,2022-01-11,2022,1,9.15000000
1178,selic_efetiva,Taxa Selic efetiva anualizada,% a.a.,diaria,2022-01-12,2022,1,9.15000000
1178,selic_efetiva,Taxa Selic efetiva anualizada,% a.a.,diaria,2022-01-13,2022,1,9.15000000
1178,selic_efetiva,Taxa Selic efetiva anualizada,% a.a.,diaria,2022-01-14,2022,1,9.15000000
1178,selic_efetiva,Taxa Selic efetiva anualizada,% a.a.,diaria,2022-01-17,2022,1,9.15000000
1178,selic_efetiva,Taxa Selic efetiva anualizada,% a.a.,diaria,2022-01-18,2022,1,9.15000000
1178,selic_efetiva,Taxa Selic efetiva anualizada,% a.a.,diaria,2022-01-19,2022,1,9.15000000
1178,selic_efetiva,Taxa Selic efetiva anualizada,% a.a.,diaria,2022-01-20,2022,1,9.15000000
1178,selic_efetiva,Taxa Selic efetiva anualizada,% a.a.,diaria,2022-01-21,2022,1,9.15000000
1178,selic_efetiva,Taxa Selic efetiva anualizada,% a.a.,diaria,2022-01-24,2022,1,9.15000000
1178,selic_efetiva,Taxa Selic efetiva anualizada,% a.a.,diaria,2022-01-25,2022,1,9.15000000
1178,selic_efetiva,Taxa Selic efetiva anualizada,% a.a.,diaria,2022-01-26,2022,1,9.15000000
1178,selic_efetiva,Taxa Selic efetiva anualizada,% a.a.,diaria,2022-01-27,2022,1,9.15000000
1178,selic_efetiva,Taxa Selic efetiva anualizada,% a.a.,diaria,2022-01-28,2022,1,9.15000000
1178,selic_efetiva,Taxa Selic efetiva anualizada,% a.a.,diaria,2022-01-31,2022,1,9.15000000
1178,selic_efetiva,Taxa Selic efetiva anualizada,% a.a.,diaria,2022-02-01,2022,2,9.15000000
1178,selic_efetiva,Taxa Selic efetiva anualizada,% a.a.,diaria,2022-02-02,2022,2,9.15000000
1178,selic_efetiva,Taxa Selic efetiva anualizada,% a.a.,diaria,2022-02-03,2022,2,10.65000000
1178,selic_efetiva,Taxa Selic efetiva anualizada,% a.a.,diaria,2022-02-04,2022,2,10.65000000
1178,selic_efetiva,Taxa Selic efetiva anualizada,% a.a.,diaria,2022-02-07,2022,2,10.65000000
1178,selic_efetiva,Taxa Selic efetiva anualizada,% a.a.,diaria,2022-02-08,2022,2,10.65000000
1178,selic_efetiva,Taxa Selic efetiva anualizada,% a.a.,diaria,2022-02-09,2022,2,10.65000000
1178,selic_efetiva,Taxa Selic efetiva anualizada,% a.a.,diaria,2022-02-10,2022,2,10.65000000
1178,selic_efetiva,Taxa Selic efetiva anualizada,% a.a.,diaria,2022-02-11,2022,2,10.65000000
1178,selic_efetiva,Taxa Selic efetiva anualizada,% a.a.,diaria,2022-02-14,2022,2,10.65000000
1178,selic_efetiva,Taxa Selic efetiva anualizada,% a.a.,diaria,2022-02-15,2022,2,10.65000000
1178,selic_efetiva,Taxa Selic efetiva anualizada,% a.a.,diaria,2022-02-16,2022,2,10.65000000
1178,selic_efetiva,Taxa Selic efetiva anualizada,% a.a.,diaria,2022-02-17,2022,2,10.65000000
1178,selic_efetiva,Taxa Selic efetiva anualizada,% a.a.,diaria,2022-02-18,2022,2,10.65000000
1178,selic_efetiva,Taxa Selic efetiva anualizada,% a.a.,diaria,2022-02-21,2022,2,10.65000000
1178,selic_efetiva,Taxa Selic efetiva anualizada,% a.a.,diaria,2022-02-22,2022,2,10.65000000
1178,selic_efetiva,Taxa Selic efetiva anualizada,% a.a.,diaria,2022-02-23,2022,2,10.65000000
1178,selic_efetiva,Taxa Selic efetiva anualizada,% a.a.,diaria,2022-02-24,2022,2,10.65000000
1178,selic_efetiva,Taxa Selic efetiva anualizada,% a.a.,diaria,2022-02-25,2022,2,10.65000000
1178,selic_efetiva,Taxa Selic efetiva anualizada,% a.a.,diaria,2022-03-02,2022,3,10.65000000
1178,selic_efetiva,Taxa Selic efetiva anualizada,% a.a.,diaria,2022-03-03,2022,3,10.65000000
1178,selic_efetiva,Taxa Selic efetiva anualizada,% a.a.,diaria,2022-03-04,2022,3,10.65000000
1178,selic_efetiva,Taxa Selic efetiva anualizada,% a.a.,diaria,2022-03-07,2022,3,10.65000000
1178,selic_efetiva,Taxa Selic efetiva anualizada,% a.a.,diaria,2022-03-08,2022,3,10.65000000
1178,selic_efetiva,Taxa Selic efetiva anualizada,% a.a.,diaria,2022-03-09,2022,3,10.65000000
1178,selic_efetiva,Taxa Selic efetiva anualizada,% a.a.,diaria,2022-03-10,2022,3,10.65000000
1178,selic_efetiva,Taxa Selic efetiva anualizada,% a.a.,diaria,2022-03-11,2022,3,10.65000000
1178,selic_efetiva,Taxa Selic efetiva anualizada,% a.a.,diaria,2022-03-14,2022,3,10.65000000
1178,selic_efetiva,Taxa Selic efetiva anualizada,% a.a.,diaria,2022-03-15,2022,3,10.65000000
1178,selic_efetiva,Taxa Selic efetiva anualizada,% a.a.,diaria,2022-03-16,2022,3,10.65000000
1178,selic_efetiva,Taxa Selic efetiva anualizada,% a.a.,diaria,2022-03-17,2022,3,11.65000000
1178,selic_efetiva,Taxa Selic efetiva anualizada,% a.a.,diaria,2022-03-18,2022,3,11.65000000
1178,selic_efetiva,Taxa Selic efetiva anualizada,% a.a.,diaria,2022-03-21,2022,3,11.65000000
1178,selic_efetiva,Taxa Selic efetiva anualizada,% a.a.,diaria,2022-03-22,2022,3,11.65000000
1178,selic_efetiva,Taxa Selic efetiva anualizada,% a.a.,diaria,2022-03-23,2022,3,11.65000000
1178,selic_efetiva,Taxa Selic efetiva anualizada,% a.a.,diaria,2022-03-24,2022,3,11.65000000
1178,selic_efetiva,Taxa Selic efetiva anualizada,% a.a.,diaria,2022-03-25,2022,3,11.65000000
1178,selic_efetiva,Taxa Selic efetiva anualizada,% a.a.,diaria,2022-03-28,2022,3,11.65000000
1178,selic_efetiva,Taxa Selic efetiva anualizada,% a.a.,diaria,2022-03-29,2022,3,11.65000000
1178,selic_efetiva,Taxa Selic efetiva anualizada,% a.a.,diaria,2022-03-30,2022,3,11.65000000
1178,selic_efetiva,Taxa Selic efetiva anualizada,% a.a.,diaria,2022-03-31,2022,3,11.65000000
1178,selic_efetiva,Taxa Selic efetiva anualizada,% a.a.,diaria,2022-04-01,2022,4,11.65000000
1178,selic_efetiva,Taxa Selic efetiva anualizada,% a.a.,diaria,2022-04-04,2022,4,11.65000000
1178,selic_efetiva,Taxa Selic efetiva anualizada,% a.a.,diaria,2022-04-05,2022,4,11.65000000
1178,selic_efetiva,Taxa Selic efetiva anualizada,% a.a.,diaria,2022-04-06,2022,4,11.65000000
1178,selic_efetiva,Taxa Selic efetiva anualizada,% a.a.,diaria,2022-04-07,2022,4,11.65000000
1178,selic_efetiva,Taxa Selic efetiva anualizada,% a.a.,diaria,2022-04-08,2022,4,11.65000000
1178,selic_efetiva,Taxa Selic efetiva anualizada,% a.a.,diaria,2022-04-11,2022,4,11.65000000
1178,selic_efetiva,Taxa Selic efetiva anualizada,% a.a.,diaria,2022-04-12,2022,4,11.65000000
1178,selic_efetiva,Taxa Selic efetiva anualizada,% a.a.,diaria,2022-04-13,2022,4,11.65000000
1178,selic_efetiva,Taxa Selic efetiva anualizada,% a.a.,diaria,2022-04-14,2022,4,11.65000000
1178,selic_efetiva,Taxa Selic efetiva anualizada,% a.a.,diaria,2022-04-18,2022,4,11.65000000
1178,selic_efetiva,Taxa Selic efetiva anualizada,% a.a.,diaria,2022-04-19,2022,4,11.65000000
1178,selic_efetiva,Taxa Selic efetiva anualizada,% a.a.,diaria,2022-04-20,2022,4,11.65000000
1178,selic_efetiva,Taxa Selic efetiva anualizada,% a.a.,diaria,2022-04-22,2022,4,11.65000000
1178,selic_efetiva,Taxa Selic efetiva anualizada,% a.a.,diaria,2022-04-25,2022,4,11.65000000
1178,selic_efetiva,Taxa Selic efetiva anualizada,% a.a.,diaria,2022-04-26,2022,4,11.65000000
1178,selic_efetiva,Taxa Selic efetiva anualizada,% a.a.,diaria,2022-04-27,2022,4,11.65000000
1178,selic_efetiva,Taxa Selic efetiva anualizada,% a.a.,diaria,2022-04-28,2022,4,11.65000000
1178,selic_efetiva,Taxa Selic efetiva anualizada,% a.a.,diaria,2022-04-29,2022,4,11.65000000
1178,selic_efetiva,Taxa Selic efetiva anualizada,% a.a.,diaria,2022-05-02,2022,5,11.65000000
1178,selic_efetiva,Taxa Selic efetiva anualizada,% a.a.,diaria,2022-05-03,2022,5,11.65000000
1178,selic_efetiva,Taxa Selic efetiva anualizada,% a.a.,diaria,2022-05-04,2022,5,11.65000000
1178,selic_efetiva,Taxa Selic efetiva anualizada,% a.a.,diaria,2022-05-05,2022,5,12.65000000
1178,selic_efetiva,Taxa Selic efetiva anualizada,% a.a.,diaria,2022-05-06,2022,5,12.65000000
1178,selic_efetiva,Taxa Selic efetiva anualizada,% a.a.,diaria,2022-05-09,2022,5,12.65000000
1178,selic_efetiva,Taxa Selic efetiva anualizada,% a.a.,diaria,2022-05-10,2022,5,12.65000000
1178,selic_efetiva,Taxa Selic efetiva anualizada,% a.a.,diaria,2022-05-11,2022,5,12.65000000
1178,selic_efetiva,Taxa Selic efetiva anualizada,% a.a.,diaria,2022-05-12,2022,5,12.65000000
1178,selic_efetiva,Taxa Selic efetiva anualizada,% a.a.,diaria,2022-05-13,2022,5,12.65000000
1178,selic_efetiva,Taxa Selic efetiva anualizada,% a.a.,diaria,2022-05-16,2022,5,12.65000000
1178,selic_efetiva,Taxa Selic efetiva anualizada,% a.a.,diaria,2022-05-17,2022,5,12.65000000
1178,selic_efetiva,Taxa Selic efetiva anualizada,% a.a.,diaria,2022-05-18,2022,5,12.65000000
1178,selic_efetiva,Taxa Selic efetiva anualizada,% a.a.,diaria,2022-05-19,2022,5,12.65000000
1178,selic_efetiva,Taxa Selic efetiva anualizada,% a.a.,diaria,2022-05-20,2022,5,12.65000000
1178,selic_efetiva,Taxa Selic efetiva anualizada,% a.a.,diaria,2022-05-23,2022,5,12.65000000
1178,selic_efetiva,Taxa Selic efetiva anualizada,% a.a.,diaria,2022-05-24,2022,5,12.65000000
1178,selic_efetiva,Taxa Selic efetiva anualizada,% a.a.,diaria,2022-05-25,2022,5,12.65000000
1178,selic_efetiva,Taxa Selic efetiva anualizada,% a.a.,diaria,2022-05-26,2022,5,12.65000000
1178,selic_efetiva,Taxa Selic efetiva anualizada,% a.a.,diaria,2022-05-27,2022,5,12.65000000
1178,selic_efetiva,Taxa Selic efetiva anualizada,% a.a.,diaria,2022-05-30,2022,5,12.65000000
1178,selic_efetiva,Taxa Selic efetiva anualizada,% a.a.,diaria,2022-05-31,2022,5,12.65000000
1178,selic_efetiva,Taxa Selic efetiva anualizada,% a.a.,diaria,2022-06-01,2022,6,12.65000000
1178,selic_efetiva,Taxa Selic efetiva anualizada,% a.a.,diaria,2022-06-02,2022,6,12.65000000
1178,selic_efetiva,Taxa Selic efetiva anualizada,% a.a.,diaria,2022-06-03,2022,6,12.65000000
1178,selic_efetiva,Taxa Selic efetiva anualizada,% a.a.,diaria,2022-06-06,2022,6,12.65000000
1178,selic_efetiva,Taxa Selic efetiva anualizada,% a.a.,diaria,2022-06-07,2022,6,12.65000000
1178,selic_efetiva,Taxa Selic efetiva anualizada,% a.a.,diaria,2022-06-08,2022,6,12.65000000
1178,selic_efetiva,Taxa Selic efetiva anualizada,% a.a.,diaria,2022-06-09,2022,6,12.65000000
1178,selic_efetiva,Taxa Selic efetiva anualizada,% a.a.,diaria,2022-06-10,2022,6,12.65000000
1178,selic_efetiva,Taxa Selic efetiva anualizada,% a.a.,diaria,2022-06-13,2022,6,12.65000000
1178,selic_efetiva,Taxa Selic efetiva anualizada,% a.a.,diaria,2022-06-14,2022,6,12.65000000
1178,selic_efetiva,Taxa Selic efetiva anualizada,% a.a.,diaria,2022-06-15,2022,6,12.65000000
1178,selic_efetiva,Taxa Selic efetiva anualizada,% a.a.,diaria,2022-06-17,2022,6,13.15000000
1178,selic_efetiva,Taxa Selic efetiva anualizada,% a.a.,diaria,2022-06-20,2022,6,13.15000000
1178,selic_efetiva,Taxa Selic efetiva anualizada,% a.a.,diaria,2022-06-21,2022,6,13.15000000
1178,selic_efetiva,Taxa Selic efetiva anualizada,% a.a.,diaria,2022-06-22,2022,6,13.15000000
1178,selic_efetiva,Taxa Selic efetiva anualizada,% a.a.,diaria,2022-06-23,2022,6,13.15000000
1178,selic_efetiva,Taxa Selic efetiva anualizada,% a.a.,diaria,2022-06-24,2022,6,13.15000000
1178,selic_efetiva,Taxa Selic efetiva anualizada,% a.a.,diaria,2022-06-27,2022,6,13.15000000
1178,selic_efetiva,Taxa Selic efetiva anualizada,% a.a.,diaria,2022-06-28,2022,6,13.15000000
1178,selic_efetiva,Taxa Selic efetiva anualizada,% a.a.,diaria,2022-06-29,2022,6,13.15000000
1178,selic_efetiva,Taxa Selic efetiva anualizada,% a.a.,diaria,2022-06-30,2022,6,13.15000000
1178,selic_efetiva,Taxa Selic efetiva anualizada,% a.a.,diaria,2022-07-01,2022,7,13.15000000
1178,selic_efetiva,Taxa Selic efetiva anualizada,% a.a.,diaria,2022-07-04,2022,7,13.15000000
1178,selic_efetiva,Taxa Selic efetiva anualizada,% a.a.,diaria,2022-07-05,2022,7,13.15000000
1178,selic_efetiva,Taxa Selic efetiva anualizada,% a.a.,diaria,2022-07-06,2022,7,13.15000000
1178,selic_efetiva,Taxa Selic efetiva anualizada,% a.a.,diaria,2022-07-07,2022,7,13.15000000
1178,selic_efetiva,Taxa Selic efetiva anualizada,% a.a.,diaria,2022-07-08,2022,7,13.15000000
1178,selic_efetiva,Taxa Selic efetiva anualizada,% a.a.,diaria,2022-07-11,2022,7,13.15000000
1178,selic_efetiva,Taxa Selic efetiva anualizada,% a.a.,diaria,2022-07-12,2022,7,13.15000000
1178,selic_efetiva,Taxa Selic efetiva anualizada,% a.a.,diaria,2022-07-13,2022,7,13.15000000
1178,selic_efetiva,Taxa Selic efetiva anualizada,% a.a.,diaria,2022-07-14,2022,7,13.15000000
1178,selic_efetiva,Taxa Selic efetiva anualizada,% a.a.,diaria,2022-07-15,2022,7,13.15000000
1178,selic_efetiva,Taxa Selic efetiva anualizada,% a.a.,diaria,2022-07-18,2022,7,13.15000000
1178,selic_efetiva,Taxa Selic efetiva anualizada,% a.a.,diaria,2022-07-19,2022,7,13.15000000
1178,selic_efetiva,Taxa Selic efetiva anualizada,% a.a.,diaria,2022-07-20,2022,7,13.15000000
1178,selic_efetiva,Taxa Selic efetiva anualizada,% a.a.,diaria,2022-07-21,2022,7,13.15000000
1178,selic_efetiva,Taxa Selic efetiva anualizada,% a.a.,diaria,2022-07-22,2022,7,13.15000000
1178,selic_efetiva,Taxa Selic efetiva anualizada,% a.a.,diaria,2022-07-25,2022,7,13.15000000
1178,selic_efetiva,Taxa Selic efetiva anualizada,% a.a.,diaria,2022-07-26,2022,7,13.15000000
1178,selic_efetiva,Taxa Selic efetiva anualizada,% a.a.,diaria,2022-07-27,2022,7,13.15000000
1178,selic_efetiva,Taxa Selic efetiva anualizada,% a.a.,diaria,2022-07-28,2022,7,13.15000000
1178,selic_efetiva,Taxa Selic efetiva anualizada,% a.a.,diaria,2022-07-29,2022,7,13.15000000
1178,selic_efetiva,Taxa Selic efetiva anualizada,% a.a.,diaria,2022-08-01,2022,8,13.15000000
1178,selic_efetiva,Taxa Selic efetiva anualizada,% a.a.,diaria,2022-08-02,2022,8,13.15000000
1178,selic_efetiva,Taxa Selic efetiva anualizada,% a.a.,diaria,2022-08-03,2022,8,13.15000000
1178,selic_efetiva,Taxa Selic efetiva anualizada,% a.a.,diaria,2022-08-04,2022,8,13.65000000
1178,selic_efetiva,Taxa Selic efetiva anualizada,% a.a.,diaria,2022-08-05,2022,8,13.65000000
1178,selic_efetiva,Taxa Selic efetiva anualizada,% a.a.,diaria,2022-08-08,2022,8,13.65000000
1178,selic_efetiva,Taxa Selic efetiva anualizada,% a.a.,diaria,2022-08-09,2022,8,13.65000000
1178,selic_efetiva,Taxa Selic efetiva anualizada,% a.a.,diaria,2022-08-10,2022,8,13.65000000
1178,selic_efetiva,Taxa Selic efetiva anualizada,% a.a.,diaria,2022-08-11,2022,8,13.65000000
1178,selic_efetiva,Taxa Selic efetiva anualizada,% a.a.,diaria,2022-08-12,2022,8,13.65000000
1178,selic_efetiva,Taxa Selic efetiva anualizada,% a.a.,diaria,2022-08-15,2022,8,13.65000000
1178,selic_efetiva,Taxa Selic efetiva anualizada,% a.a.,diaria,2022-08-16,2022,8,13.65000000
1178,selic_efetiva,Taxa Selic efetiva anualizada,% a.a.,diaria,2022-08-17,2022,8,13.65000000
1178,selic_efetiva,Taxa Selic efetiva anualizada,% a.a.,diaria,2022-08-18,2022,8,13.65000000
1178,selic_efetiva,Taxa Selic efetiva anualizada,% a.a.,diaria,2022-08-19,2022,8,13.65000000
1178,selic_efetiva,Taxa Selic efetiva anualizada,% a.a.,diaria,2022-08-22,2022,8,13.65000000
1178,selic_efetiva,Taxa Selic efetiva anualizada,% a.a.,diaria,2022-08-23,2022,8,13.65000000
1178,selic_efetiva,Taxa Selic efetiva anualizada,% a.a.,diaria,2022-08-24,2022,8,13.65000000
1178,selic_efetiva,Taxa Selic efetiva anualizada,% a.a.,diaria,2022-08-25,2022,8,13.65000000
1178,selic_efetiva,Taxa Selic efetiva anualizada,% a.a.,diaria,2022-08-26,2022,8,13.65000000
1178,selic_efetiva,Taxa Selic efetiva anualizada,% a.a.,diaria,2022-08-29,2022,8,13.65000000
1178,selic_efetiva,Taxa Selic efetiva anualizada,% a.a.,diaria,2022-08-30,2022,8,13.65000000
1178,selic_efetiva,Taxa Selic efetiva anualizada,% a.a.,diaria,2022-08-31,2022,8,13.65000000
1178,selic_efetiva,Taxa Selic efetiva anualizada,% a.a.,diaria,2022-09-01,2022,9,13.65000000
1178,selic_efetiva,Taxa Selic efetiva anualizada,% a.a.,diaria,2022-09-02,2022,9,13.65000000
1178,selic_efetiva,Taxa Selic efetiva anualizada,% a.a.,diaria,2022-09-05,2022,9,13.65000000
1178,selic_efetiva,Taxa Selic efetiva anualizada,% a.a.,diaria,2022-09-06,2022,9,13.65000000
1178,selic_efetiva,Taxa Selic efetiva anualizada,% a.a.,diaria,2022-09-08,2022,9,13.65000000
1178,selic_efetiva,Taxa Selic efetiva anualizada,% a.a.,diaria,2022-09-09,2022,9,13.65000000
1178,selic_efetiva,Taxa Selic efetiva anualizada,% a.a.,diaria,2022-09-12,2022,9,13.65000000
1178,selic_efetiva,Taxa Selic efetiva anualizada,% a.a.,diaria,2022-09-13,2022,9,13.65000000
1178,selic_efetiva,Taxa Selic efetiva anualizada,% a.a.,diaria,2022-09-14,2022,9,13.65000000
1178,selic_efetiva,Taxa Selic efetiva anualizada,% a.a.,diaria,2022-09-15,2022,9,13.65000000
1178,selic_efetiva,Taxa Selic efetiva anualizada,% a.a.,diaria,2022-09-16,2022,9,13.65000000
1178,selic_efetiva,Taxa Selic efetiva anualizada,% a.a.,diaria,2022-09-19,2022,9,13.65000000
1178,selic_efetiva,Taxa Selic efetiva anualizada,% a.a.,diaria,2022-09-20,2022,9,13.65000000
1178,selic_efetiva,Taxa Selic efetiva anualizada,% a.a.,diaria,2022-09-21,2022,9,13.65000000
1178,selic_efetiva,Taxa Selic efetiva anualizada,% a.a.,diaria,2022-09-22,2022,9,13.65000000
1178,selic_efetiva,Taxa Selic efetiva anualizada,% a.a.,diaria,2022-09-23,2022,9,13.65000000
1178,selic_efetiva,Taxa Selic efetiva anualizada,% a.a.,diaria,2022-09-26,2022,9,13.65000000
1178,selic_efetiva,Taxa Selic efetiva anualizada,% a.a.,diaria,2022-09-27,2022,9,13.65000000
1178,selic_efetiva,Taxa Selic efetiva anualizada,% a.a.,diaria,2022-09-28,2022,9,13.65000000
1178,selic_efetiva,Taxa Selic efetiva anualizada,% a.a.,diaria,2022-09-29,2022,9,13.65000000
1178,selic_efetiva,Taxa Selic efetiva anualizada,% a.a.,diaria,2022-09-30,2022,9,13.65000000
1178,selic_efetiva,Taxa Selic efetiva anualizada,% a.a.,diaria,2022-10-03,2022,10,13.65000000
1178,selic_efetiva,Taxa Selic efetiva anualizada,% a.a.,diaria,2022-10-04,2022,10,13.65000000
1178,selic_efetiva,Taxa Selic efetiva anualizada,% a.a.,diaria,2022-10-05,2022,10,13.65000000
1178,selic_efetiva,Taxa Selic efetiva anualizada,% a.a.,diaria,2022-10-06,2022,10,13.65000000
1178,selic_efetiva,Taxa Selic efetiva anualizada,% a.a.,diaria,2022-10-07,2022,10,13.65000000
1178,selic_efetiva,Taxa Selic efetiva anualizada,% a.a.,diaria,2022-10-10,2022,10,13.65000000
1178,selic_efetiva,Taxa Selic efetiva anualizada,% a.a.,diaria,2022-10-11,2022,10,13.65000000
1178,selic_efetiva,Taxa Selic efetiva anualizada,% a.a.,diaria,2022-10-13,2022,10,13.65000000
1178,selic_efetiva,Taxa Selic efetiva anualizada,% a.a.,diaria,2022-10-14,2022,10,13.65000000
1178,selic_efetiva,Taxa Selic efetiva anualizada,% a.a.,diaria,2022-10-17,2022,10,13.65000000
1178,selic_efetiva,Taxa Selic efetiva anualizada,% a.a.,diaria,2022-10-18,2022,10,13.65000000
1178,selic_efetiva,Taxa Selic efetiva anualizada,% a.a.,diaria,2022-10-19,2022,10,13.65000000
1178,selic_efetiva,Taxa Selic efetiva anualizada,% a.a.,diaria,2022-10-20,2022,10,13.65000000
1178,selic_efetiva,Taxa Selic efetiva anualizada,% a.a.,diaria,2022-10-21,2022,10,13.65000000
1178,selic_efetiva,Taxa Selic efetiva anualizada,% a.a.,diaria,2022-10-24,2022,10,13.65000000
1178,selic_efetiva,Taxa Selic efetiva anualizada,% a.a.,diaria,2022-10-25,2022,10,13.65000000
1178,selic_efetiva,Taxa Selic efetiva anualizada,% a.a.,diaria,2022-10-26,2022,10,13.65000000
1178,selic_efetiva,Taxa Selic efetiva anualizada,% a.a.,diaria,2022-10-27,2022,10,13.65000000
1178,selic_efetiva,Taxa Selic efetiva anualizada,% a.a.,diaria,2022-10-28,2022,10,13.65000000
1178,selic_efetiva,Taxa Selic efetiva anualizada,% a.a.,diaria,2022-10-31,2022,10,13.65000000
1178,selic_efetiva,Taxa Selic efetiva anualizada,% a.a.,diaria,2022-11-01,2022,11,13.65000000
1178,selic_efetiva,Taxa Selic efetiva anualizada,% a.a.,diaria,2022-11-03,2022,11,13.65000000
1178,selic_efetiva,Taxa Selic efetiva anualizada,% a.a.,diaria,2022-11-04,2022,11,13.65000000
1178,selic_efetiva,Taxa Selic efetiva anualizada,% a.a.,diaria,2022-11-07,2022,11,13.65000000
1178,selic_efetiva,Taxa Selic efetiva anualizada,% a.a.,diaria,2022-11-08,2022,11,13.65000000
1178,selic_efetiva,Taxa Selic efetiva anualizada,% a.a.,diaria,2022-11-09,2022,11,13.65000000
1178,selic_efetiva,Taxa Selic efetiva anualizada,% a.a.,diaria,2022-11-10,2022,11,13.65000000
1178,selic_efetiva,Taxa Selic efetiva anualizada,% a.a.,diaria,2022-11-11,2022,11,13.65000000
1178,selic_efetiva,Taxa Selic efetiva anualizada,% a.a.,diaria,2022-11-14,2022,11,13.65000000
1178,selic_efetiva,Taxa Selic efetiva anualizada,% a.a.,diaria,2022-11-16,2022,11,13.65000000
1178,selic_efetiva,Taxa Selic efetiva anualizada,% a.a.,diaria,2022-11-17,2022,11,13.65000000
1178,selic_efetiva,Taxa Selic efetiva anualizada,% a.a.,diaria,2022-11-18,2022,11,13.65000000
1178,selic_efetiva,Taxa Selic efetiva anualizada,% a.a.,diaria,2022-11-21,2022,11,13.65000000
1178,selic_efetiva,Taxa Selic efetiva anualizada,% a.a.,diaria,2022-11-22,2022,11,13.65000000
1178,selic_efetiva,Taxa Selic efetiva anualizada,% a.a.,diaria,2022-11-23,2022,11,13.65000000
1178,selic_efetiva,Taxa Selic efetiva anualizada,% a.a.,diaria,2022-11-24,2022,11,13.65000000
1178,selic_efetiva,Taxa Selic efetiva anualizada,% a.a.,diaria,2022-11-25,2022,11,13.65000000
1178,selic_efetiva,Taxa Selic efetiva anualizada,% a.a.,diaria,2022-11-28,2022,11,13.65000000
1178,selic_efetiva,Taxa Selic efetiva anualizada,% a.a.,diaria,2022-11-29,2022,11,13.65000000
1178,selic_efetiva,Taxa Selic efetiva anualizada,% a.a.,diaria,2022-11-30,2022,11,13.65000000
1178,selic_efetiva,Taxa Selic efetiva anualizada,% a.a.,diaria,2022-12-01,2022,12,13.65000000
1178,selic_efetiva,Taxa Selic efetiva anualizada,% a.a.,diaria,2022-12-02,2022,12,13.65000000
1178,selic_efetiva,Taxa Selic efetiva anualizada,% a.a.,diaria,2022-12-05,2022,12,13.65000000
1178,selic_efetiva,Taxa Selic efetiva anualizada,% a.a.,diaria,2022-12-06,2022,12,13.65000000
1178,selic_efetiva,Taxa Selic efetiva anualizada,% a.a.,diaria,2022-12-07,2022,12,13.65000000
1178,selic_efetiva,Taxa Selic efetiva anualizada,% a.a.,diaria,2022-12-08,2022,12,13.65000000
1178,selic_efetiva,Taxa Selic efetiva anualizada,% a.a.,diaria,2022-12-09,2022,12,13.65000000
1178,selic_efetiva,Taxa Selic efetiva anualizada,% a.a.,diaria,2022-12-12,2022,12,13.65000000
1178,selic_efetiva,Taxa Selic efetiva anualizada,% a.a.,diaria,2022-12-13,2022,12,13.65000000
1178,selic_efetiva,Taxa Selic efetiva anualizada,% a.a.,diaria,2022-12-14,2022,12,13.65000000
1178,selic_efetiva,Taxa Selic efetiva anualizada,% a.a.,diaria,2022-12-15,2022,12,13.65000000
1178,selic_efetiva,Taxa Selic efetiva anualizada,% a.a.,diaria,2022-12-16,2022,12,13.65000000
1178,selic_efetiva,Taxa Selic efetiva anualizada,% a.a.,diaria,2022-12-19,2022,12,13.65000000
1178,selic_efetiva,Taxa Selic efetiva anualizada,% a.a.,diaria,2022-12-20,2022,12,13.65000000
1178,selic_efetiva,Taxa Selic efetiva anualizada,% a.a.,diaria,2022-12-21,2022,12,13.65000000
1178,selic_efetiva,Taxa Selic efetiva anualizada,% a.a.,diaria,2022-12-22,2022,12,13.65000000
1178,selic_efetiva,Taxa Selic efetiva anualizada,% a.a.,diaria,2022-12-23,2022,12,13.65000000
1178,selic_efetiva,Taxa Selic efetiva anualizada,% a.a.,diaria,2022-12-26,2022,12,13.65000000
1178,selic_efetiva,Taxa Selic efetiva anualizada,% a.a.,diaria,2022-12-27,2022,12,13.65000000
1178,selic_efetiva,Taxa Selic efetiva anualizada,% a.a.,diaria,2022-12-28,2022,12,13.65000000
1178,selic_efetiva,Taxa Selic efetiva anualizada,% a.a.,diaria,2022-12-29,2022,12,13.65000000
1178,selic_efetiva,Taxa Selic efetiva anualizada,% a.a.,diaria,2022-12-30,2022,12,13.65000000
1178,selic_efetiva,Taxa Selic efetiva anualizada,% a.a.,diaria,2023-01-02,2023,1,13.65000000
1178,selic_efetiva,Taxa Selic efetiva anualizada,% a.a.,diaria,2023-01-03,2023,1,13.65000000
1178,selic_efetiva,Taxa Selic efetiva anualizada,% a.a.,diaria,2023-01-04,2023,1,13.65000000
1178,selic_efetiva,Taxa Selic efetiva anualizada,% a.a.,diaria,2023-01-05,2023,1,13.65000000
1178,selic_efetiva,Taxa Selic efetiva anualizada,% a.a.,diaria,2023-01-06,2023,1,13.65000000
1178,selic_efetiva,Taxa Selic efetiva anualizada,% a.a.,diaria,2023-01-09,2023,1,13.65000000
1178,selic_efetiva,Taxa Selic efetiva anualizada,% a.a.,diaria,2023-01-10,2023,1,13.65000000
1178,selic_efetiva,Taxa Selic efetiva anualizada,% a.a.,diaria,2023-01-11,2023,1,13.65000000
1178,selic_efetiva,Taxa Selic efetiva anualizada,% a.a.,diaria,2023-01-12,2023,1,13.65000000
1178,selic_efetiva,Taxa Selic efetiva anualizada,% a.a.,diaria,2023-01-13,2023,1,13.65000000
1178,selic_efetiva,Taxa Selic efetiva anualizada,% a.a.,diaria,2023-01-16,2023,1,13.65000000
1178,selic_efetiva,Taxa Selic efetiva anualizada,% a.a.,diaria,2023-01-17,2023,1,13.65000000
1178,selic_efetiva,Taxa Selic efetiva anualizada,% a.a.,diaria,2023-01-18,2023,1,13.65000000
1178,selic_efetiva,Taxa Selic efetiva anualizada,% a.a.,diaria,2023-01-19,2023,1,13.65000000
1178,selic_efetiva,Taxa Selic efetiva anualizada,% a.a.,diaria,2023-01-20,2023,1,13.65000000
1178,selic_efetiva,Taxa Selic efetiva anualizada,% a.a.,diaria,2023-01-23,2023,1,13.65000000
1178,selic_efetiva,Taxa Selic efetiva anualizada,% a.a.,diaria,2023-01-24,2023,1,13.65000000
1178,selic_efetiva,Taxa Selic efetiva anualizada,% a.a.,diaria,2023-01-25,2023,1,13.65000000
1178,selic_efetiva,Taxa Selic efetiva anualizada,% a.a.,diaria,2023-01-26,2023,1,13.65000000
1178,selic_efetiva,Taxa Selic efetiva anualizada,% a.a.,diaria,2023-01-27,2023,1,13.65000000
1178,selic_efetiva,Taxa Selic efetiva anualizada,% a.a.,diaria,2023-01-30,2023,1,13.65000000
1178,selic_efetiva,Taxa Selic efetiva anualizada,% a.a.,diaria,2023-01-31,2023,1,13.65000000
1178,selic_efetiva,Taxa Selic efetiva anualizada,% a.a.,diaria,2023-02-01,2023,2,13.65000000
1178,selic_efetiva,Taxa Selic efetiva anualizada,% a.a.,diaria,2023-02-02,2023,2,13.65000000
1178,selic_efetiva,Taxa Selic efetiva anualizada,% a.a.,diaria,2023-02-03,2023,2,13.65000000
1178,selic_efetiva,Taxa Selic efetiva anualizada,% a.a.,diaria,2023-02-06,2023,2,13.65000000
1178,selic_efetiva,Taxa Selic efetiva anualizada,% a.a.,diaria,2023-02-07,2023,2,13.65000000
1178,selic_efetiva,Taxa Selic efetiva anualizada,% a.a.,diaria,2023-02-08,2023,2,13.65000000
1178,selic_efetiva,Taxa Selic efetiva anualizada,% a.a.,diaria,2023-02-09,2023,2,13.65000000
1178,selic_efetiva,Taxa Selic efetiva anualizada,% a.a.,diaria,2023-02-10,2023,2,13.65000000
1178,selic_efetiva,Taxa Selic efetiva anualizada,% a.a.,diaria,2023-02-13,2023,2,13.65000000
1178,selic_efetiva,Taxa Selic efetiva anualizada,% a.a.,diaria,2023-02-14,2023,2,13.65000000
1178,selic_efetiva,Taxa Selic efetiva anualizada,% a.a.,diaria,2023-02-15,2023,2,13.65000000
1178,selic_efetiva,Taxa Selic efetiva anualizada,% a.a.,diaria,2023-02-16,2023,2,13.65000000
1178,selic_efetiva,Taxa Selic efetiva anualizada,% a.a.,diaria,2023-02-17,2023,2,13.65000000
1178,selic_efetiva,Taxa Selic efetiva anualizada,% a.a.,diaria,2023-02-22,2023,2,13.65000000
1178,selic_efetiva,Taxa Selic efetiva anualizada,% a.a.,diaria,2023-02-23,2023,2,13.65000000
1178,selic_efetiva,Taxa Selic efetiva anualizada,% a.a.,diaria,2023-02-24,2023,2,13.65000000
1178,selic_efetiva,Taxa Selic efetiva anualizada,% a.a.,diaria,2023-02-27,2023,2,13.65000000
1178,selic_efetiva,Taxa Selic efetiva anualizada,% a.a.,diaria,2023-02-28,2023,2,13.65000000
1178,selic_efetiva,Taxa Selic efetiva anualizada,% a.a.,diaria,2023-03-01,2023,3,13.65000000
1178,selic_efetiva,Taxa Selic efetiva anualizada,% a.a.,diaria,2023-03-02,2023,3,13.65000000
1178,selic_efetiva,Taxa Selic efetiva anualizada,% a.a.,diaria,2023-03-03,2023,3,13.65000000
1178,selic_efetiva,Taxa Selic efetiva anualizada,% a.a.,diaria,2023-03-06,2023,3,13.65000000
1178,selic_efetiva,Taxa Selic efetiva anualizada,% a.a.,diaria,2023-03-07,2023,3,13.65000000
1178,selic_efetiva,Taxa Selic efetiva anualizada,% a.a.,diaria,2023-03-08,2023,3,13.65000000
1178,selic_efetiva,Taxa Selic efetiva anualizada,% a.a.,diaria,2023-03-09,2023,3,13.65000000
1178,selic_efetiva,Taxa Selic efetiva anualizada,% a.a.,diaria,2023-03-10,2023,3,13.65000000
1178,selic_efetiva,Taxa Selic efetiva anualizada,% a.a.,diaria,2023-03-13,2023,3,13.65000000
1178,selic_efetiva,Taxa Selic efetiva anualizada,% a.a.,diaria,2023-03-14,2023,3,13.65000000
1178,selic_efetiva,Taxa Selic efetiva anualizada,% a.a.,diaria,2023-03-15,2023,3,13.65000000
1178,selic_efetiva,Taxa Selic efetiva anualizada,% a.a.,diaria,2023-03-16,2023,3,13.65000000
1178,selic_efetiva,Taxa Selic efetiva anualizada,% a.a.,diaria,2023-03-17,2023,3,13.65000000
1178,selic_efetiva,Taxa Selic efetiva anualizada,% a.a.,diaria,2023-03-20,2023,3,13.65000000
1178,selic_efetiva,Taxa Selic efetiva anualizada,% a.a.,diaria,2023-03-21,2023,3,13.65000000
1178,selic_efetiva,Taxa Selic efetiva anualizada,% a.a.,diaria,2023-03-22,2023,3,13.65000000
1178,selic_efetiva,Taxa Selic efetiva anualizada,% a.a.,diaria,2023-03-23,2023,3,13.65000000
1178,selic_efetiva,Taxa Selic efetiva anualizada,% a.a.,diaria,2023-03-24,2023,3,13.65000000
1178,selic_efetiva,Taxa Selic efetiva anualizada,% a.a.,diaria,2023-03-27,2023,3,13.65000000
1178,selic_efetiva,Taxa Selic efetiva anualizada,% a.a.,diaria,2023-03-28,2023,3,13.65000000
1178,selic_efetiva,Taxa Selic efetiva anualizada,% a.a.,diaria,2023-03-29,2023,3,13.65000000
1178,selic_efetiva,Taxa Selic efetiva anualizada,% a.a.,diaria,2023-03-30,2023,3,13.65000000
1178,selic_efetiva,Taxa Selic efetiva anualizada,% a.a.,diaria,2023-03-31,2023,3,13.65000000
1178,selic_efetiva,Taxa Selic efetiva anualizada,% a.a.,diaria,2023-04-03,2023,4,13.65000000
1178,selic_efetiva,Taxa Selic efetiva anualizada,% a.a.,diaria,2023-04-04,2023,4,13.65000000
1178,selic_efetiva,Taxa Selic efetiva anualizada,% a.a.,diaria,2023-04-05,2023,4,13.65000000
1178,selic_efetiva,Taxa Selic efetiva anualizada,% a.a.,diaria,2023-04-06,2023,4,13.65000000
1178,selic_efetiva,Taxa Selic efetiva anualizada,% a.a.,diaria,2023-04-10,2023,4,13.65000000
1178,selic_efetiva,Taxa Selic efetiva anualizada,% a.a.,diaria,2023-04-11,2023,4,13.65000000
1178,selic_efetiva,Taxa Selic efetiva anualizada,% a.a.,diaria,2023-04-12,2023,4,13.65000000
1178,selic_efetiva,Taxa Selic efetiva anualizada,% a.a.,diaria,2023-04-13,2023,4,13.65000000
1178,selic_efetiva,Taxa Selic efetiva anualizada,% a.a.,diaria,2023-04-14,2023,4,13.65000000
1178,selic_efetiva,Taxa Selic efetiva anualizada,% a.a.,diaria,2023-04-17,2023,4,13.65000000
1178,selic_efetiva,Taxa Selic efetiva anualizada,% a.a.,diaria,2023-04-18,2023,4,13.65000000
1178,selic_efetiva,Taxa Selic efetiva anualizada,% a.a.,diaria,2023-04-19,2023,4,13.65000000
1178,selic_efetiva,Taxa Selic efetiva anualizada,% a.a.,diaria,2023-04-20,2023,4,13.65000000
1178,selic_efetiva,Taxa Selic efetiva anualizada,% a.a.,diaria,2023-04-24,2023,4,13.65000000
1178,selic_efetiva,Taxa Selic efetiva anualizada,% a.a.,diaria,2023-04-25,2023,4,13.65000000
1178,selic_efetiva,Taxa Selic efetiva anualizada,% a.a.,diaria,2023-04-26,2023,4,13.65000000
1178,selic_efetiva,Taxa Selic efetiva anualizada,% a.a.,diaria,2023-04-27,2023,4,13.65000000
1178,selic_efetiva,Taxa Selic efetiva anualizada,% a.a.,diaria,2023-04-28,2023,4,13.65000000
1178,selic_efetiva,Taxa Selic efetiva anualizada,% a.a.,diaria,2023-05-02,2023,5,13.65000000
1178,selic_efetiva,Taxa Selic efetiva anualizada,% a.a.,diaria,2023-05-03,2023,5,13.65000000
1178,selic_efetiva,Taxa Selic efetiva anualizada,% a.a.,diaria,2023-05-04,2023,5,13.65000000
1178,selic_efetiva,Taxa Selic efetiva anualizada,% a.a.,diaria,2023-05-05,2023,5,13.65000000
1178,selic_efetiva,Taxa Selic efetiva anualizada,% a.a.,diaria,2023-05-08,2023,5,13.65000000
1178,selic_efetiva,Taxa Selic efetiva anualizada,% a.a.,diaria,2023-05-09,2023,5,13.65000000
1178,selic_efetiva,Taxa Selic efetiva anualizada,% a.a.,diaria,2023-05-10,2023,5,13.65000000
1178,selic_efetiva,Taxa Selic efetiva anualizada,% a.a.,diaria,2023-05-11,2023,5,13.65000000
1178,selic_efetiva,Taxa Selic efetiva anualizada,% a.a.,diaria,2023-05-12,2023,5,13.65000000
1178,selic_efetiva,Taxa Selic efetiva anualizada,% a.a.,diaria,2023-05-15,2023,5,13.65000000
1178,selic_efetiva,Taxa Selic efetiva anualizada,% a.a.,diaria,2023-05-16,2023,5,13.65000000
1178,selic_efetiva,Taxa Selic efetiva anualizada,% a.a.,diaria,2023-05-17,2023,5,13.65000000
1178,selic_efetiva,Taxa Selic efetiva anualizada,% a.a.,diaria,2023-05-18,2023,5,13.65000000
1178,selic_efetiva,Taxa Selic efetiva anualizada,% a.a.,diaria,2023-05-19,2023,5,13.65000000
1178,selic_efetiva,Taxa Selic efetiva anualizada,% a.a.,diaria,2023-05-22,2023,5,13.65000000
1178,selic_efetiva,Taxa Selic efetiva anualizada,% a.a.,diaria,2023-05-23,2023,5,13.65000000
1178,selic_efetiva,Taxa Selic efetiva anualizada,% a.a.,diaria,2023-05-24,2023,5,13.65000000
1178,selic_efetiva,Taxa Selic efetiva anualizada,% a.a.,diaria,2023-05-25,2023,5,13.65000000
1178,selic_efetiva,Taxa Selic efetiva anualizada,% a.a.,diaria,2023-05-26,2023,5,13.65000000
1178,selic_efetiva,Taxa Selic efetiva anualizada,% a.a.,diaria,2023-05-29,2023,5,13.65000000
1178,selic_efetiva,Taxa Selic efetiva anualizada,% a.a.,diaria,2023-05-30,2023,5,13.65000000
1178,selic_efetiva,Taxa Selic efetiva anualizada,% a.a.,diaria,2023-05-31,2023,5,13.65000000
1178,selic_efetiva,Taxa Selic efetiva anualizada,% a.a.,diaria,2023-06-01,2023,6,13.65000000
1178,selic_efetiva,Taxa Selic efetiva anualizada,% a.a.,diaria,2023-06-02,2023,6,13.65000000
1178,selic_efetiva,Taxa Selic efetiva anualizada,% a.a.,diaria,2023-06-05,2023,6,13.65000000
1178,selic_efetiva,Taxa Selic efetiva anualizada,% a.a.,diaria,2023-06-06,2023,6,13.65000000
1178,selic_efetiva,Taxa Selic efetiva anualizada,% a.a.,diaria,2023-06-07,2023,6,13.65000000
1178,selic_efetiva,Taxa Selic efetiva anualizada,% a.a.,diaria,2023-06-09,2023,6,13.65000000
1178,selic_efetiva,Taxa Selic efetiva anualizada,% a.a.,diaria,2023-06-12,2023,6,13.65000000
1178,selic_efetiva,Taxa Selic efetiva anualizada,% a.a.,diaria,2023-06-13,2023,6,13.65000000
1178,selic_efetiva,Taxa Selic efetiva anualizada,% a.a.,diaria,2023-06-14,2023,6,13.65000000
1178,selic_efetiva,Taxa Selic efetiva anualizada,% a.a.,diaria,2023-06-15,2023,6,13.65000000
1178,selic_efetiva,Taxa Selic efetiva anualizada,% a.a.,diaria,2023-06-16,2023,6,13.65000000
1178,selic_efetiva,Taxa Selic efetiva anualizada,% a.a.,diaria,2023-06-19,2023,6,13.65000000
1178,selic_efetiva,Taxa Selic efetiva anualizada,% a.a.,diaria,2023-06-20,2023,6,13.65000000
1178,selic_efetiva,Taxa Selic efetiva anualizada,% a.a.,diaria,2023-06-21,2023,6,13.65000000
1178,selic_efetiva,Taxa Selic efetiva anualizada,% a.a.,diaria,2023-06-22,2023,6,13.65000000
1178,selic_efetiva,Taxa Selic efetiva anualizada,% a.a.,diaria,2023-06-23,2023,6,13.65000000
1178,selic_efetiva,Taxa Selic efetiva anualizada,% a.a.,diaria,2023-06-26,2023,6,13.65000000
1178,selic_efetiva,Taxa Selic efetiva anualizada,% a.a.,diaria,2023-06-27,2023,6,13.65000000
1178,selic_efetiva,Taxa Selic efetiva anualizada,% a.a.,diaria,2023-06-28,2023,6,13.65000000
1178,selic_efetiva,Taxa Selic efetiva anualizada,% a.a.,diaria,2023-06-29,2023,6,13.65000000
1178,selic_efetiva,Taxa Selic efetiva anualizada,% a.a.,diaria,2023-06-30,2023,6,13.65000000
1178,selic_efetiva,Taxa Selic efetiva anualizada,% a.a.,diaria,2023-07-03,2023,7,13.65000000
1178,selic_efetiva,Taxa Selic efetiva anualizada,% a.a.,diaria,2023-07-04,2023,7,13.65000000
1178,selic_efetiva,Taxa Selic efetiva anualizada,% a.a.,diaria,2023-07-05,2023,7,13.65000000
1178,selic_efetiva,Taxa Selic efetiva anualizada,% a.a.,diaria,2023-07-06,2023,7,13.65000000
1178,selic_efetiva,Taxa Selic efetiva anualizada,% a.a.,diaria,2023-07-07,2023,7,13.65000000
1178,selic_efetiva,Taxa Selic efetiva anualizada,% a.a.,diaria,2023-07-10,2023,7,13.65000000
1178,selic_efetiva,Taxa Selic efetiva anualizada,% a.a.,diaria,2023-07-11,2023,7,13.65000000
1178,selic_efetiva,Taxa Selic efetiva anualizada,% a.a.,diaria,2023-07-12,2023,7,13.65000000
1178,selic_efetiva,Taxa Selic efetiva anualizada,% a.a.,diaria,2023-07-13,2023,7,13.65000000
1178,selic_efetiva,Taxa Selic efetiva anualizada,% a.a.,diaria,2023-07-14,2023,7,13.65000000
1178,selic_efetiva,Taxa Selic efetiva anualizada,% a.a.,diaria,2023-07-17,2023,7,13.65000000
1178,selic_efetiva,Taxa Selic efetiva anualizada,% a.a.,diaria,2023-07-18,2023,7,13.65000000
1178,selic_efetiva,Taxa Selic efetiva anualizada,% a.a.,diaria,2023-07-19,2023,7,13.65000000
1178,selic_efetiva,Taxa Selic efetiva anualizada,% a.a.,diaria,2023-07-20,2023,7,13.65000000
1178,selic_efetiva,Taxa Selic efetiva anualizada,% a.a.,diaria,2023-07-21,2023,7,13.65000000
1178,selic_efetiva,Taxa Selic efetiva anualizada,% a.a.,diaria,2023-07-24,2023,7,13.65000000
1178,selic_efetiva,Taxa Selic efetiva anualizada,% a.a.,diaria,2023-07-25,2023,7,13.65000000
1178,selic_efetiva,Taxa Selic efetiva anualizada,% a.a.,diaria,2023-07-26,2023,7,13.65000000
1178,selic_efetiva,Taxa Selic efetiva anualizada,% a.a.,diaria,2023-07-27,2023,7,13.65000000
1178,selic_efetiva,Taxa Selic efetiva anualizada,% a.a.,diaria,2023-07-28,2023,7,13.65000000
1178,selic_efetiva,Taxa Selic efetiva anualizada,% a.a.,diaria,2023-07-31,2023,7,13.65000000
1178,selic_efetiva,Taxa Selic efetiva anualizada,% a.a.,diaria,2023-08-01,2023,8,13.65000000
1178,selic_efetiva,Taxa Selic efetiva anualizada,% a.a.,diaria,2023-08-02,2023,8,13.65000000
1178,selic_efetiva,Taxa Selic efetiva anualizada,% a.a.,diaria,2023-08-03,2023,8,13.15000000
1178,selic_efetiva,Taxa Selic efetiva anualizada,% a.a.,diaria,2023-08-04,2023,8,13.15000000
1178,selic_efetiva,Taxa Selic efetiva anualizada,% a.a.,diaria,2023-08-07,2023,8,13.15000000
1178,selic_efetiva,Taxa Selic efetiva anualizada,% a.a.,diaria,2023-08-08,2023,8,13.15000000
1178,selic_efetiva,Taxa Selic efetiva anualizada,% a.a.,diaria,2023-08-09,2023,8,13.15000000
1178,selic_efetiva,Taxa Selic efetiva anualizada,% a.a.,diaria,2023-08-10,2023,8,13.15000000
1178,selic_efetiva,Taxa Selic efetiva anualizada,% a.a.,diaria,2023-08-11,2023,8,13.15000000
1178,selic_efetiva,Taxa Selic efetiva anualizada,% a.a.,diaria,2023-08-14,2023,8,13.15000000
1178,selic_efetiva,Taxa Selic efetiva anualizada,% a.a.,diaria,2023-08-15,2023,8,13.15000000
1178,selic_efetiva,Taxa Selic efetiva anualizada,% a.a.,diaria,2023-08-16,2023,8,13.15000000
1178,selic_efetiva,Taxa Selic efetiva anualizada,% a.a.,diaria,2023-08-17,2023,8,13.15000000
1178,selic_efetiva,Taxa Selic efetiva anualizada,% a.a.,diaria,2023-08-18,2023,8,13.15000000
1178,selic_efetiva,Taxa Selic efetiva anualizada,% a.a.,diaria,2023-08-21,2023,8,13.15000000
1178,selic_efetiva,Taxa Selic efetiva anualizada,% a.a.,diaria,2023-08-22,2023,8,13.15000000
1178,selic_efetiva,Taxa Selic efetiva anualizada,% a.a.,diaria,2023-08-23,2023,8,13.15000000
1178,selic_efetiva,Taxa Selic efetiva anualizada,% a.a.,diaria,2023-08-24,2023,8,13.15000000
1178,selic_efetiva,Taxa Selic efetiva anualizada,% a.a.,diaria,2023-08-25,2023,8,13.15000000
1178,selic_efetiva,Taxa Selic efetiva anualizada,% a.a.,diaria,2023-08-28,2023,8,13.15000000
1178,selic_efetiva,Taxa Selic efetiva anualizada,% a.a.,diaria,2023-08-29,2023,8,13.15000000
1178,selic_efetiva,Taxa Selic efetiva anualizada,% a.a.,diaria,2023-08-30,2023,8,13.15000000
1178,selic_efetiva,Taxa Selic efetiva anualizada,% a.a.,diaria,2023-08-31,2023,8,13.15000000
1178,selic_efetiva,Taxa Selic efetiva anualizada,% a.a.,diaria,2023-09-01,2023,9,13.15000000
1178,selic_efetiva,Taxa Selic efetiva anualizada,% a.a.,diaria,2023-09-04,2023,9,13.15000000
1178,selic_efetiva,Taxa Selic efetiva anualizada,% a.a.,diaria,2023-09-05,2023,9,13.15000000
1178,selic_efetiva,Taxa Selic efetiva anualizada,% a.a.,diaria,2023-09-06,2023,9,13.15000000
1178,selic_efetiva,Taxa Selic efetiva anualizada,% a.a.,diaria,2023-09-08,2023,9,13.15000000
1178,selic_efetiva,Taxa Selic efetiva anualizada,% a.a.,diaria,2023-09-11,2023,9,13.15000000
1178,selic_efetiva,Taxa Selic efetiva anualizada,% a.a.,diaria,2023-09-12,2023,9,13.15000000
1178,selic_efetiva,Taxa Selic efetiva anualizada,% a.a.,diaria,2023-09-13,2023,9,13.15000000
1178,selic_efetiva,Taxa Selic efetiva anualizada,% a.a.,diaria,2023-09-14,2023,9,13.15000000
1178,selic_efetiva,Taxa Selic efetiva anualizada,% a.a.,diaria,2023-09-15,2023,9,13.15000000
1178,selic_efetiva,Taxa Selic efetiva anualizada,% a.a.,diaria,2023-09-18,2023,9,13.15000000
1178,selic_efetiva,Taxa Selic efetiva anualizada,% a.a.,diaria,2023-09-19,2023,9,13.15000000
1178,selic_efetiva,Taxa Selic efetiva anualizada,% a.a.,diaria,2023-09-20,2023,9,13.15000000
1178,selic_efetiva,Taxa Selic efetiva anualizada,% a.a.,diaria,2023-09-21,2023,9,12.65000000
1178,selic_efetiva,Taxa Selic efetiva anualizada,% a.a.,diaria,2023-09-22,2023,9,12.65000000
1178,selic_efetiva,Taxa Selic efetiva anualizada,% a.a.,diaria,2023-09-25,2023,9,12.65000000
1178,selic_efetiva,Taxa Selic efetiva anualizada,% a.a.,diaria,2023-09-26,2023,9,12.65000000
1178,selic_efetiva,Taxa Selic efetiva anualizada,% a.a.,diaria,2023-09-27,2023,9,12.65000000
1178,selic_efetiva,Taxa Selic efetiva anualizada,% a.a.,diaria,2023-09-28,2023,9,12.65000000
1178,selic_efetiva,Taxa Selic efetiva anualizada,% a.a.,diaria,2023-09-29,2023,9,12.65000000
1178,selic_efetiva,Taxa Selic efetiva anualizada,% a.a.,diaria,2023-10-02,2023,10,12.65000000
1178,selic_efetiva,Taxa Selic efetiva anualizada,% a.a.,diaria,2023-10-03,2023,10,12.65000000
1178,selic_efetiva,Taxa Selic efetiva anualizada,% a.a.,diaria,2023-10-04,2023,10,12.65000000
1178,selic_efetiva,Taxa Selic efetiva anualizada,% a.a.,diaria,2023-10-05,2023,10,12.65000000
1178,selic_efetiva,Taxa Selic efetiva anualizada,% a.a.,diaria,2023-10-06,2023,10,12.65000000
1178,selic_efetiva,Taxa Selic efetiva anualizada,% a.a.,diaria,2023-10-09,2023,10,12.65000000
1178,selic_efetiva,Taxa Selic efetiva anualizada,% a.a.,diaria,2023-10-10,2023,10,12.65000000
1178,selic_efetiva,Taxa Selic efetiva anualizada,% a.a.,diaria,2023-10-11,2023,10,12.65000000
1178,selic_efetiva,Taxa Selic efetiva anualizada,% a.a.,diaria,2023-10-13,2023,10,12.65000000
1178,selic_efetiva,Taxa Selic efetiva anualizada,% a.a.,diaria,2023-10-16,2023,10,12.65000000
1178,selic_efetiva,Taxa Selic efetiva anualizada,% a.a.,diaria,2023-10-17,2023,10,12.65000000
1178,selic_efetiva,Taxa Selic efetiva anualizada,% a.a.,diaria,2023-10-18,2023,10,12.65000000
1178,selic_efetiva,Taxa Selic efetiva anualizada,% a.a.,diaria,2023-10-19,2023,10,12.65000000
1178,selic_efetiva,Taxa Selic efetiva anualizada,% a.a.,diaria,2023-10-20,2023,10,12.65000000
1178,selic_efetiva,Taxa Selic efetiva anualizada,% a.a.,diaria,2023-10-23,2023,10,12.65000000
1178,selic_efetiva,Taxa Selic efetiva anualizada,% a.a.,diaria,2023-10-24,2023,10,12.65000000
1178,selic_efetiva,Taxa Selic efetiva anualizada,% a.a.,diaria,2023-10-25,2023,10,12.65000000
1178,selic_efetiva,Taxa Selic efetiva anualizada,% a.a.,diaria,2023-10-26,2023,10,12.65000000
1178,selic_efetiva,Taxa Selic efetiva anualizada,% a.a.,diaria,2023-10-27,2023,10,12.65000000
1178,selic_efetiva,Taxa Selic efetiva anualizada,% a.a.,diaria,2023-10-30,2023,10,12.65000000
1178,selic_efetiva,Taxa Selic efetiva anualizada,% a.a.,diaria,2023-10-31,2023,10,12.65000000
1178,selic_efetiva,Taxa Selic efetiva anualizada,% a.a.,diaria,2023-11-01,2023,11,12.65000000
1178,selic_efetiva,Taxa Selic efetiva anualizada,% a.a.,diaria,2023-11-03,2023,11,12.15000000
1178,selic_efetiva,Taxa Selic efetiva anualizada,% a.a.,diaria,2023-11-06,2023,11,12.15000000
1178,selic_efetiva,Taxa Selic efetiva anualizada,% a.a.,diaria,2023-11-07,2023,11,12.15000000
1178,selic_efetiva,Taxa Selic efetiva anualizada,% a.a.,diaria,2023-11-08,2023,11,12.15000000
1178,selic_efetiva,Taxa Selic efetiva anualizada,% a.a.,diaria,2023-11-09,2023,11,12.15000000
1178,selic_efetiva,Taxa Selic efetiva anualizada,% a.a.,diaria,2023-11-10,2023,11,12.15000000
1178,selic_efetiva,Taxa Selic efetiva anualizada,% a.a.,diaria,2023-11-13,2023,11,12.15000000
1178,selic_efetiva,Taxa Selic efetiva anualizada,% a.a.,diaria,2023-11-14,2023,11,12.15000000
1178,selic_efetiva,Taxa Selic efetiva anualizada,% a.a.,diaria,2023-11-16,2023,11,12.15000000
1178,selic_efetiva,Taxa Selic efetiva anualizada,% a.a.,diaria,2023-11-17,2023,11,12.15000000
1178,selic_efetiva,Taxa Selic efetiva anualizada,% a.a.,diaria,2023-11-20,2023,11,12.15000000
1178,selic_efetiva,Taxa Selic efetiva anualizada,% a.a.,diaria,2023-11-21,2023,11,12.15000000
1178,selic_efetiva,Taxa Selic efetiva anualizada,% a.a.,diaria,2023-11-22,2023,11,12.15000000
1178,selic_efetiva,Taxa Selic efetiva anualizada,% a.a.,diaria,2023-11-23,2023,11,12.15000000
1178,selic_efetiva,Taxa Selic efetiva anualizada,% a.a.,diaria,2023-11-24,2023,11,12.15000000
1178,selic_efetiva,Taxa Selic efetiva anualizada,% a.a.,diaria,2023-11-27,2023,11,12.15000000
1178,selic_efetiva,Taxa Selic efetiva anualizada,% a.a.,diaria,2023-11-28,2023,11,12.15000000
1178,selic_efetiva,Taxa Selic efetiva anualizada,% a.a.,diaria,2023-11-29,2023,11,12.15000000
1178,selic_efetiva,Taxa Selic efetiva anualizada,% a.a.,diaria,2023-11-30,2023,11,12.15000000
1178,selic_efetiva,Taxa Selic efetiva anualizada,% a.a.,diaria,2023-12-01,2023,12,12.15000000
1178,selic_efetiva,Taxa Selic efetiva anualizada,% a.a.,diaria,2023-12-04,2023,12,12.15000000
1178,selic_efetiva,Taxa Selic efetiva anualizada,% a.a.,diaria,2023-12-05,2023,12,12.15000000
1178,selic_efetiva,Taxa Selic efetiva anualizada,% a.a.,diaria,2023-12-06,2023,12,12.15000000
1178,selic_efetiva,Taxa Selic efetiva anualizada,% a.a.,diaria,2023-12-07,2023,12,12.15000000
1178,selic_efetiva,Taxa Selic efetiva anualizada,% a.a.,diaria,2023-12-08,2023,12,12.15000000
1178,selic_efetiva,Taxa Selic efetiva anualizada,% a.a.,diaria,2023-12-11,2023,12,12.15000000
1178,selic_efetiva,Taxa Selic efetiva anualizada,% a.a.,diaria,2023-12-12,2023,12,12.15000000
1178,selic_efetiva,Taxa Selic efetiva anualizada,% a.a.,diaria,2023-12-13,2023,12,12.15000000
1178,selic_efetiva,Taxa Selic efetiva anualizada,% a.a.,diaria,2023-12-14,2023,12,11.65000000
1178,selic_efetiva,Taxa Selic efetiva anualizada,% a.a.,diaria,2023-12-15,2023,12,11.65000000
1178,selic_efetiva,Taxa Selic efetiva anualizada,% a.a.,diaria,2023-12-18,2023,12,11.65000000
1178,selic_efetiva,Taxa Selic efetiva anualizada,% a.a.,diaria,2023-12-19,2023,12,11.65000000
1178,selic_efetiva,Taxa Selic efetiva anualizada,% a.a.,diaria,2023-12-20,2023,12,11.65000000
1178,selic_efetiva,Taxa Selic efetiva anualizada,% a.a.,diaria,2023-12-21,2023,12,11.65000000
1178,selic_efetiva,Taxa Selic efetiva anualizada,% a.a.,diaria,2023-12-22,2023,12,11.65000000
1178,selic_efetiva,Taxa Selic efetiva anualizada,% a.a.,diaria,2023-12-26,2023,12,11.65000000
1178,selic_efetiva,Taxa Selic efetiva anualizada,% a.a.,diaria,2023-12-27,2023,12,11.65000000
1178,selic_efetiva,Taxa Selic efetiva anualizada,% a.a.,diaria,2023-12-28,2023,12,11.65000000
1178,selic_efetiva,Taxa Selic efetiva anualizada,% a.a.,diaria,2023-12-29,2023,12,11.65000000
1178,selic_efetiva,Taxa Selic efetiva anualizada,% a.a.,diaria,2024-01-02,2024,1,11.65000000
1178,selic_efetiva,Taxa Selic efetiva anualizada,% a.a.,diaria,2024-01-03,2024,1,11.65000000
1178,selic_efetiva,Taxa Selic efetiva anualizada,% a.a.,diaria,2024-01-04,2024,1,11.65000000
1178,selic_efetiva,Taxa Selic efetiva anualizada,% a.a.,diaria,2024-01-05,2024,1,11.65000000
1178,selic_efetiva,Taxa Selic efetiva anualizada,% a.a.,diaria,2024-01-08,2024,1,11.65000000
1178,selic_efetiva,Taxa Selic efetiva anualizada,% a.a.,diaria,2024-01-09,2024,1,11.65000000
1178,selic_efetiva,Taxa Selic efetiva anualizada,% a.a.,diaria,2024-01-10,2024,1,11.65000000
1178,selic_efetiva,Taxa Selic efetiva anualizada,% a.a.,diaria,2024-01-11,2024,1,11.65000000
1178,selic_efetiva,Taxa Selic efetiva anualizada,% a.a.,diaria,2024-01-12,2024,1,11.65000000
1178,selic_efetiva,Taxa Selic efetiva anualizada,% a.a.,diaria,2024-01-15,2024,1,11.65000000
1178,selic_efetiva,Taxa Selic efetiva anualizada,% a.a.,diaria,2024-01-16,2024,1,11.65000000
1178,selic_efetiva,Taxa Selic efetiva anualizada,% a.a.,diaria,2024-01-17,2024,1,11.65000000
1178,selic_efetiva,Taxa Selic efetiva anualizada,% a.a.,diaria,2024-01-18,2024,1,11.65000000
1178,selic_efetiva,Taxa Selic efetiva anualizada,% a.a.,diaria,2024-01-19,2024,1,11.65000000
1178,selic_efetiva,Taxa Selic efetiva anualizada,% a.a.,diaria,2024-01-22,2024,1,11.65000000
1178,selic_efetiva,Taxa Selic efetiva anualizada,% a.a.,diaria,2024-01-23,2024,1,11.65000000
1178,selic_efetiva,Taxa Selic efetiva anualizada,% a.a.,diaria,2024-01-24,2024,1,11.65000000
1178,selic_efetiva,Taxa Selic efetiva anualizada,% a.a.,diaria,2024-01-25,2024,1,11.65000000
1178,selic_efetiva,Taxa Selic efetiva anualizada,% a.a.,diaria,2024-01-26,2024,1,11.65000000
1178,selic_efetiva,Taxa Selic efetiva anualizada,% a.a.,diaria,2024-01-29,2024,1,11.65000000
1178,selic_efetiva,Taxa Selic efetiva anualizada,% a.a.,diaria,2024-01-30,2024,1,11.65000000
1178,selic_efetiva,Taxa Selic efetiva anualizada,% a.a.,diaria,2024-01-31,2024,1,11.65000000
1178,selic_efetiva,Taxa Selic efetiva anualizada,% a.a.,diaria,2024-02-01,2024,2,11.15000000
1178,selic_efetiva,Taxa Selic efetiva anualizada,% a.a.,diaria,2024-02-02,2024,2,11.15000000
1178,selic_efetiva,Taxa Selic efetiva anualizada,% a.a.,diaria,2024-02-05,2024,2,11.15000000
1178,selic_efetiva,Taxa Selic efetiva anualizada,% a.a.,diaria,2024-02-06,2024,2,11.15000000
1178,selic_efetiva,Taxa Selic efetiva anualizada,% a.a.,diaria,2024-02-07,2024,2,11.15000000
1178,selic_efetiva,Taxa Selic efetiva anualizada,% a.a.,diaria,2024-02-08,2024,2,11.15000000
1178,selic_efetiva,Taxa Selic efetiva anualizada,% a.a.,diaria,2024-02-09,2024,2,11.15000000
1178,selic_efetiva,Taxa Selic efetiva anualizada,% a.a.,diaria,2024-02-14,2024,2,11.15000000
1178,selic_efetiva,Taxa Selic efetiva anualizada,% a.a.,diaria,2024-02-15,2024,2,11.15000000
1178,selic_efetiva,Taxa Selic efetiva anualizada,% a.a.,diaria,2024-02-16,2024,2,11.15000000
1178,selic_efetiva,Taxa Selic efetiva anualizada,% a.a.,diaria,2024-02-19,2024,2,11.15000000
1178,selic_efetiva,Taxa Selic efetiva anualizada,% a.a.,diaria,2024-02-20,2024,2,11.15000000
1178,selic_efetiva,Taxa Selic efetiva anualizada,% a.a.,diaria,2024-02-21,2024,2,11.15000000
1178,selic_efetiva,Taxa Selic efetiva anualizada,% a.a.,diaria,2024-02-22,2024,2,11.15000000
1178,selic_efetiva,Taxa Selic efetiva anualizada,% a.a.,diaria,2024-02-23,2024,2,11.15000000
1178,selic_efetiva,Taxa Selic efetiva anualizada,% a.a.,diaria,2024-02-26,2024,2,11.15000000
1178,selic_efetiva,Taxa Selic efetiva anualizada,% a.a.,diaria,2024-02-27,2024,2,11.15000000
1178,selic_efetiva,Taxa Selic efetiva anualizada,% a.a.,diaria,2024-02-28,2024,2,11.15000000
1178,selic_efetiva,Taxa Selic efetiva anualizada,% a.a.,diaria,2024-02-29,2024,2,11.15000000
1178,selic_efetiva,Taxa Selic efetiva anualizada,% a.a.,diaria,2024-03-01,2024,3,11.15000000
1178,selic_efetiva,Taxa Selic efetiva anualizada,% a.a.,diaria,2024-03-04,2024,3,11.15000000
1178,selic_efetiva,Taxa Selic efetiva anualizada,% a.a.,diaria,2024-03-05,2024,3,11.15000000
1178,selic_efetiva,Taxa Selic efetiva anualizada,% a.a.,diaria,2024-03-06,2024,3,11.15000000
1178,selic_efetiva,Taxa Selic efetiva anualizada,% a.a.,diaria,2024-03-07,2024,3,11.15000000
1178,selic_efetiva,Taxa Selic efetiva anualizada,% a.a.,diaria,2024-03-08,2024,3,11.15000000
1178,selic_efetiva,Taxa Selic efetiva anualizada,% a.a.,diaria,2024-03-11,2024,3,11.15000000
1178,selic_efetiva,Taxa Selic efetiva anualizada,% a.a.,diaria,2024-03-12,2024,3,11.15000000
1178,selic_efetiva,Taxa Selic efetiva anualizada,% a.a.,diaria,2024-03-13,2024,3,11.15000000
1178,selic_efetiva,Taxa Selic efetiva anualizada,% a.a.,diaria,2024-03-14,2024,3,11.15000000
1178,selic_efetiva,Taxa Selic efetiva anualizada,% a.a.,diaria,2024-03-15,2024,3,11.15000000
1178,selic_efetiva,Taxa Selic efetiva anualizada,% a.a.,diaria,2024-03-18,2024,3,11.15000000
1178,selic_efetiva,Taxa Selic efetiva anualizada,% a.a.,diaria,2024-03-19,2024,3,11.15000000
1178,selic_efetiva,Taxa Selic efetiva anualizada,% a.a.,diaria,2024-03-20,2024,3,11.15000000
1178,selic_efetiva,Taxa Selic efetiva anualizada,% a.a.,diaria,2024-03-21,2024,3,10.65000000
1178,selic_efetiva,Taxa Selic efetiva anualizada,% a.a.,diaria,2024-03-22,2024,3,10.65000000
1178,selic_efetiva,Taxa Selic efetiva anualizada,% a.a.,diaria,2024-03-25,2024,3,10.65000000
1178,selic_efetiva,Taxa Selic efetiva anualizada,% a.a.,diaria,2024-03-26,2024,3,10.65000000
1178,selic_efetiva,Taxa Selic efetiva anualizada,% a.a.,diaria,2024-03-27,2024,3,10.65000000
1178,selic_efetiva,Taxa Selic efetiva anualizada,% a.a.,diaria,2024-03-28,2024,3,10.65000000
1178,selic_efetiva,Taxa Selic efetiva anualizada,% a.a.,diaria,2024-04-01,2024,4,10.65000000
1178,selic_efetiva,Taxa Selic efetiva anualizada,% a.a.,diaria,2024-04-02,2024,4,10.65000000
1178,selic_efetiva,Taxa Selic efetiva anualizada,% a.a.,diaria,2024-04-03,2024,4,10.65000000
1178,selic_efetiva,Taxa Selic efetiva anualizada,% a.a.,diaria,2024-04-04,2024,4,10.65000000
1178,selic_efetiva,Taxa Selic efetiva anualizada,% a.a.,diaria,2024-04-05,2024,4,10.65000000
1178,selic_efetiva,Taxa Selic efetiva anualizada,% a.a.,diaria,2024-04-08,2024,4,10.65000000
1178,selic_efetiva,Taxa Selic efetiva anualizada,% a.a.,diaria,2024-04-09,2024,4,10.65000000
1178,selic_efetiva,Taxa Selic efetiva anualizada,% a.a.,diaria,2024-04-10,2024,4,10.65000000
1178,selic_efetiva,Taxa Selic efetiva anualizada,% a.a.,diaria,2024-04-11,2024,4,10.65000000
1178,selic_efetiva,Taxa Selic efetiva anualizada,% a.a.,diaria,2024-04-12,2024,4,10.65000000
1178,selic_efetiva,Taxa Selic efetiva anualizada,% a.a.,diaria,2024-04-15,2024,4,10.65000000
1178,selic_efetiva,Taxa Selic efetiva anualizada,% a.a.,diaria,2024-04-16,2024,4,10.65000000
1178,selic_efetiva,Taxa Selic efetiva anualizada,% a.a.,diaria,2024-04-17,2024,4,10.65000000
1178,selic_efetiva,Taxa Selic efetiva anualizada,% a.a.,diaria,2024-04-18,2024,4,10.65000000
1178,selic_efetiva,Taxa Selic efetiva anualizada,% a.a.,diaria,2024-04-19,2024,4,10.65000000
1178,selic_efetiva,Taxa Selic efetiva anualizada,% a.a.,diaria,2024-04-22,2024,4,10.65000000
1178,selic_efetiva,Taxa Selic efetiva anualizada,% a.a.,diaria,2024-04-23,2024,4,10.65000000
1178,selic_efetiva,Taxa Selic efetiva anualizada,% a.a.,diaria,2024-04-24,2024,4,10.65000000
1178,selic_efetiva,Taxa Selic efetiva anualizada,% a.a.,diaria,2024-04-25,2024,4,10.65000000
1178,selic_efetiva,Taxa Selic efetiva anualizada,% a.a.,diaria,2024-04-26,2024,4,10.65000000
1178,selic_efetiva,Taxa Selic efetiva anualizada,% a.a.,diaria,2024-04-29,2024,4,10.65000000
1178,selic_efetiva,Taxa Selic efetiva anualizada,% a.a.,diaria,2024-04-30,2024,4,10.65000000
1178,selic_efetiva,Taxa Selic efetiva anualizada,% a.a.,diaria,2024-05-02,2024,5,10.65000000
1178,selic_efetiva,Taxa Selic efetiva anualizada,% a.a.,diaria,2024-05-03,2024,5,10.65000000
1178,selic_efetiva,Taxa Selic efetiva anualizada,% a.a.,diaria,2024-05-06,2024,5,10.65000000
1178,selic_efetiva,Taxa Selic efetiva anualizada,% a.a.,diaria,2024-05-07,2024,5,10.65000000
1178,selic_efetiva,Taxa Selic efetiva anualizada,% a.a.,diaria,2024-05-08,2024,5,10.65000000
1178,selic_efetiva,Taxa Selic efetiva anualizada,% a.a.,diaria,2024-05-09,2024,5,10.40000000
1178,selic_efetiva,Taxa Selic efetiva anualizada,% a.a.,diaria,2024-05-10,2024,5,10.40000000
1178,selic_efetiva,Taxa Selic efetiva anualizada,% a.a.,diaria,2024-05-13,2024,5,10.40000000
1178,selic_efetiva,Taxa Selic efetiva anualizada,% a.a.,diaria,2024-05-14,2024,5,10.40000000
1178,selic_efetiva,Taxa Selic efetiva anualizada,% a.a.,diaria,2024-05-15,2024,5,10.40000000
1178,selic_efetiva,Taxa Selic efetiva anualizada,% a.a.,diaria,2024-05-16,2024,5,10.40000000
1178,selic_efetiva,Taxa Selic efetiva anualizada,% a.a.,diaria,2024-05-17,2024,5,10.40000000
1178,selic_efetiva,Taxa Selic efetiva anualizada,% a.a.,diaria,2024-05-20,2024,5,10.40000000
1178,selic_efetiva,Taxa Selic efetiva anualizada,% a.a.,diaria,2024-05-21,2024,5,10.40000000
1178,selic_efetiva,Taxa Selic efetiva anualizada,% a.a.,diaria,2024-05-22,2024,5,10.40000000
1178,selic_efetiva,Taxa Selic efetiva anualizada,% a.a.,diaria,2024-05-23,2024,5,10.40000000
1178,selic_efetiva,Taxa Selic efetiva anualizada,% a.a.,diaria,2024-05-24,2024,5,10.40000000
1178,selic_efetiva,Taxa Selic efetiva anualizada,% a.a.,diaria,2024-05-27,2024,5,10.40000000
1178,selic_efetiva,Taxa Selic efetiva anualizada,% a.a.,diaria,2024-05-28,2024,5,10.40000000
1178,selic_efetiva,Taxa Selic efetiva anualizada,% a.a.,diaria,2024-05-29,2024,5,10.40000000
1178,selic_efetiva,Taxa Selic efetiva anualizada,% a.a.,diaria,2024-05-31,2024,5,10.40000000
1178,selic_efetiva,Taxa Selic efetiva anualizada,% a.a.,diaria,2024-06-03,2024,6,10.40000000
1178,selic_efetiva,Taxa Selic efetiva anualizada,% a.a.,diaria,2024-06-04,2024,6,10.40000000
1178,selic_efetiva,Taxa Selic efetiva anualizada,% a.a.,diaria,2024-06-05,2024,6,10.40000000
1178,selic_efetiva,Taxa Selic efetiva anualizada,% a.a.,diaria,2024-06-06,2024,6,10.40000000
1178,selic_efetiva,Taxa Selic efetiva anualizada,% a.a.,diaria,2024-06-07,2024,6,10.40000000
1178,selic_efetiva,Taxa Selic efetiva anualizada,% a.a.,diaria,2024-06-10,2024,6,10.40000000
1178,selic_efetiva,Taxa Selic efetiva anualizada,% a.a.,diaria,2024-06-11,2024,6,10.40000000
1178,selic_efetiva,Taxa Selic efetiva anualizada,% a.a.,diaria,2024-06-12,2024,6,10.40000000
1178,selic_efetiva,Taxa Selic efetiva anualizada,% a.a.,diaria,2024-06-13,2024,6,10.40000000
1178,selic_efetiva,Taxa Selic efetiva anualizada,% a.a.,diaria,2024-06-14,2024,6,10.40000000
1178,selic_efetiva,Taxa Selic efetiva anualizada,% a.a.,diaria,2024-06-17,2024,6,10.40000000
1178,selic_efetiva,Taxa Selic efetiva anualizada,% a.a.,diaria,2024-06-18,2024,6,10.40000000
1178,selic_efetiva,Taxa Selic efetiva anualizada,% a.a.,diaria,2024-06-19,2024,6,10.40000000
1178,selic_efetiva,Taxa Selic efetiva anualizada,% a.a.,diaria,2024-06-20,2024,6,10.40000000
1178,selic_efetiva,Taxa Selic efetiva anualizada,% a.a.,diaria,2024-06-21,2024,6,10.40000000
1178,selic_efetiva,Taxa Selic efetiva anualizada,% a.a.,diaria,2024-06-24,2024,6,10.40000000
1178,selic_efetiva,Taxa Selic efetiva anualizada,% a.a.,diaria,2024-06-25,2024,6,10.40000000
1178,selic_efetiva,Taxa Selic efetiva anualizada,% a.a.,diaria,2024-06-26,2024,6,10.40000000
1178,selic_efetiva,Taxa Selic efetiva anualizada,% a.a.,diaria,2024-06-27,2024,6,10.40000000
1178,selic_efetiva,Taxa Selic efetiva anualizada,% a.a.,diaria,2024-06-28,2024,6,10.40000000
1178,selic_efetiva,Taxa Selic efetiva anualizada,% a.a.,diaria,2024-07-01,2024,7,10.40000000
1178,selic_efetiva,Taxa Selic efetiva anualizada,% a.a.,diaria,2024-07-02,2024,7,10.40000000
1178,selic_efetiva,Taxa Selic efetiva anualizada,% a.a.,diaria,2024-07-03,2024,7,10.40000000
1178,selic_efetiva,Taxa Selic efetiva anualizada,% a.a.,diaria,2024-07-04,2024,7,10.40000000
1178,selic_efetiva,Taxa Selic efetiva anualizada,% a.a.,diaria,2024-07-05,2024,7,10.40000000
1178,selic_efetiva,Taxa Selic efetiva anualizada,% a.a.,diaria,2024-07-08,2024,7,10.40000000
1178,selic_efetiva,Taxa Selic efetiva anualizada,% a.a.,diaria,2024-07-09,2024,7,10.40000000
1178,selic_efetiva,Taxa Selic efetiva anualizada,% a.a.,diaria,2024-07-10,2024,7,10.40000000
1178,selic_efetiva,Taxa Selic efetiva anualizada,% a.a.,diaria,2024-07-11,2024,7,10.40000000
1178,selic_efetiva,Taxa Selic efetiva anualizada,% a.a.,diaria,2024-07-12,2024,7,10.40000000
1178,selic_efetiva,Taxa Selic efetiva anualizada,% a.a.,diaria,2024-07-15,2024,7,10.40000000
1178,selic_efetiva,Taxa Selic efetiva anualizada,% a.a.,diaria,2024-07-16,2024,7,10.40000000
1178,selic_efetiva,Taxa Selic efetiva anualizada,% a.a.,diaria,2024-07-17,2024,7,10.40000000
1178,selic_efetiva,Taxa Selic efetiva anualizada,% a.a.,diaria,2024-07-18,2024,7,10.40000000
1178,selic_efetiva,Taxa Selic efetiva anualizada,% a.a.,diaria,2024-07-19,2024,7,10.40000000
1178,selic_efetiva,Taxa Selic efetiva anualizada,% a.a.,diaria,2024-07-22,2024,7,10.40000000
1178,selic_efetiva,Taxa Selic efetiva anualizada,% a.a.,diaria,2024-07-23,2024,7,10.40000000
1178,selic_efetiva,Taxa Selic efetiva anualizada,% a.a.,diaria,2024-07-24,2024,7,10.40000000
1178,selic_efetiva,Taxa Selic efetiva anualizada,% a.a.,diaria,2024-07-25,2024,7,10.40000000
1178,selic_efetiva,Taxa Selic efetiva anualizada,% a.a.,diaria,2024-07-26,2024,7,10.40000000
1178,selic_efetiva,Taxa Selic efetiva anualizada,% a.a.,diaria,2024-07-29,2024,7,10.40000000
1178,selic_efetiva,Taxa Selic efetiva anualizada,% a.a.,diaria,2024-07-30,2024,7,10.40000000
1178,selic_efetiva,Taxa Selic efetiva anualizada,% a.a.,diaria,2024-07-31,2024,7,10.40000000
1178,selic_efetiva,Taxa Selic efetiva anualizada,% a.a.,diaria,2024-08-01,2024,8,10.40000000
1178,selic_efetiva,Taxa Selic efetiva anualizada,% a.a.,diaria,2024-08-02,2024,8,10.40000000
1178,selic_efetiva,Taxa Selic efetiva anualizada,% a.a.,diaria,2024-08-05,2024,8,10.40000000
1178,selic_efetiva,Taxa Selic efetiva anualizada,% a.a.,diaria,2024-08-06,2024,8,10.40000000
1178,selic_efetiva,Taxa Selic efetiva anualizada,% a.a.,diaria,2024-08-07,2024,8,10.40000000
1178,selic_efetiva,Taxa Selic efetiva anualizada,% a.a.,diaria,2024-08-08,2024,8,10.40000000
1178,selic_efetiva,Taxa Selic efetiva anualizada,% a.a.,diaria,2024-08-09,2024,8,10.40000000
1178,selic_efetiva,Taxa Selic efetiva anualizada,% a.a.,diaria,2024-08-12,2024,8,10.40000000
1178,selic_efetiva,Taxa Selic efetiva anualizada,% a.a.,diaria,2024-08-13,2024,8,10.40000000
1178,selic_efetiva,Taxa Selic efetiva anualizada,% a.a.,diaria,2024-08-14,2024,8,10.40000000
1178,selic_efetiva,Taxa Selic efetiva anualizada,% a.a.,diaria,2024-08-15,2024,8,10.40000000
1178,selic_efetiva,Taxa Selic efetiva anualizada,% a.a.,diaria,2024-08-16,2024,8,10.40000000
1178,selic_efetiva,Taxa Selic efetiva anualizada,% a.a.,diaria,2024-08-19,2024,8,10.40000000
1178,selic_efetiva,Taxa Selic efetiva anualizada,% a.a.,diaria,2024-08-20,2024,8,10.40000000
1178,selic_efetiva,Taxa Selic efetiva anualizada,% a.a.,diaria,2024-08-21,2024,8,10.40000000
1178,selic_efetiva,Taxa Selic efetiva anualizada,% a.a.,diaria,2024-08-22,2024,8,10.40000000
1178,selic_efetiva,Taxa Selic efetiva anualizada,% a.a.,diaria,2024-08-23,2024,8,10.40000000
1178,selic_efetiva,Taxa Selic efetiva anualizada,% a.a.,diaria,2024-08-26,2024,8,10.40000000
1178,selic_efetiva,Taxa Selic efetiva anualizada,% a.a.,diaria,2024-08-27,2024,8,10.40000000
1178,selic_efetiva,Taxa Selic efetiva anualizada,% a.a.,diaria,2024-08-28,2024,8,10.40000000
1178,selic_efetiva,Taxa Selic efetiva anualizada,% a.a.,diaria,2024-08-29,2024,8,10.40000000
1178,selic_efetiva,Taxa Selic efetiva anualizada,% a.a.,diaria,2024-08-30,2024,8,10.40000000
1178,selic_efetiva,Taxa Selic efetiva anualizada,% a.a.,diaria,2024-09-02,2024,9,10.40000000
1178,selic_efetiva,Taxa Selic efetiva anualizada,% a.a.,diaria,2024-09-03,2024,9,10.40000000
1178,selic_efetiva,Taxa Selic efetiva anualizada,% a.a.,diaria,2024-09-04,2024,9,10.40000000
1178,selic_efetiva,Taxa Selic efetiva anualizada,% a.a.,diaria,2024-09-05,2024,9,10.40000000
1178,selic_efetiva,Taxa Selic efetiva anualizada,% a.a.,diaria,2024-09-06,2024,9,10.40000000
1178,selic_efetiva,Taxa Selic efetiva anualizada,% a.a.,diaria,2024-09-09,2024,9,10.40000000
1178,selic_efetiva,Taxa Selic efetiva anualizada,% a.a.,diaria,2024-09-10,2024,9,10.40000000
1178,selic_efetiva,Taxa Selic efetiva anualizada,% a.a.,diaria,2024-09-11,2024,9,10.40000000
1178,selic_efetiva,Taxa Selic efetiva anualizada,% a.a.,diaria,2024-09-12,2024,9,10.40000000
1178,selic_efetiva,Taxa Selic efetiva anualizada,% a.a.,diaria,2024-09-13,2024,9,10.40000000
1178,selic_efetiva,Taxa Selic efetiva anualizada,% a.a.,diaria,2024-09-16,2024,9,10.40000000
1178,selic_efetiva,Taxa Selic efetiva anualizada,% a.a.,diaria,2024-09-17,2024,9,10.40000000
1178,selic_efetiva,Taxa Selic efetiva anualizada,% a.a.,diaria,2024-09-18,2024,9,10.40000000
1178,selic_efetiva,Taxa Selic efetiva anualizada,% a.a.,diaria,2024-09-19,2024,9,10.65000000
1178,selic_efetiva,Taxa Selic efetiva anualizada,% a.a.,diaria,2024-09-20,2024,9,10.65000000
1178,selic_efetiva,Taxa Selic efetiva anualizada,% a.a.,diaria,2024-09-23,2024,9,10.65000000
1178,selic_efetiva,Taxa Selic efetiva anualizada,% a.a.,diaria,2024-09-24,2024,9,10.65000000
1178,selic_efetiva,Taxa Selic efetiva anualizada,% a.a.,diaria,2024-09-25,2024,9,10.65000000
1178,selic_efetiva,Taxa Selic efetiva anualizada,% a.a.,diaria,2024-09-26,2024,9,10.65000000
1178,selic_efetiva,Taxa Selic efetiva anualizada,% a.a.,diaria,2024-09-27,2024,9,10.65000000
1178,selic_efetiva,Taxa Selic efetiva anualizada,% a.a.,diaria,2024-09-30,2024,9,10.65000000
1178,selic_efetiva,Taxa Selic efetiva anualizada,% a.a.,diaria,2024-10-01,2024,10,10.65000000
1178,selic_efetiva,Taxa Selic efetiva anualizada,% a.a.,diaria,2024-10-02,2024,10,10.65000000
1178,selic_efetiva,Taxa Selic efetiva anualizada,% a.a.,diaria,2024-10-03,2024,10,10.65000000
1178,selic_efetiva,Taxa Selic efetiva anualizada,% a.a.,diaria,2024-10-04,2024,10,10.65000000
1178,selic_efetiva,Taxa Selic efetiva anualizada,% a.a.,diaria,2024-10-07,2024,10,10.65000000
1178,selic_efetiva,Taxa Selic efetiva anualizada,% a.a.,diaria,2024-10-08,2024,10,10.65000000
1178,selic_efetiva,Taxa Selic efetiva anualizada,% a.a.,diaria,2024-10-09,2024,10,10.65000000
1178,selic_efetiva,Taxa Selic efetiva anualizada,% a.a.,diaria,2024-10-10,2024,10,10.65000000
1178,selic_efetiva,Taxa Selic efetiva anualizada,% a.a.,diaria,2024-10-11,2024,10,10.65000000
1178,selic_efetiva,Taxa Selic efetiva anualizada,% a.a.,diaria,2024-10-14,2024,10,10.65000000
1178,selic_efetiva,Taxa Selic efetiva anualizada,% a.a.,diaria,2024-10-15,2024,10,10.65000000
1178,selic_efetiva,Taxa Selic efetiva anualizada,% a.a.,diaria,2024-10-16,2024,10,10.65000000
1178,selic_efetiva,Taxa Selic efetiva anualizada,% a.a.,diaria,2024-10-17,2024,10,10.65000000
1178,selic_efetiva,Taxa Selic efetiva anualizada,% a.a.,diaria,2024-10-18,2024,10,10.65000000
1178,selic_efetiva,Taxa Selic efetiva anualizada,% a.a.,diaria,2024-10-21,2024,10,10.65000000
1178,selic_efetiva,Taxa Selic efetiva anualizada,% a.a.,diaria,2024-10-22,2024,10,10.65000000
1178,selic_efetiva,Taxa Selic efetiva anualizada,% a.a.,diaria,2024-10-23,2024,10,10.65000000
1178,selic_efetiva,Taxa Selic efetiva anualizada,% a.a.,diaria,2024-10-24,2024,10,10.65000000
1178,selic_efetiva,Taxa Selic efetiva anualizada,% a.a.,diaria,2024-10-25,2024,10,10.65000000
1178,selic_efetiva,Taxa Selic efetiva anualizada,% a.a.,diaria,2024-10-28,2024,10,10.65000000
1178,selic_efetiva,Taxa Selic efetiva anualizada,% a.a.,diaria,2024-10-29,2024,10,10.65000000
1178,selic_efetiva,Taxa Selic efetiva anualizada,% a.a.,diaria,2024-10-30,2024,10,10.65000000
1178,selic_efetiva,Taxa Selic efetiva anualizada,% a.a.,diaria,2024-10-31,2024,10,10.65000000
1178,selic_efetiva,Taxa Selic efetiva anualizada,% a.a.,diaria,2024-11-01,2024,11,10.65000000
1178,selic_efetiva,Taxa Selic efetiva anualizada,% a.a.,diaria,2024-11-04,2024,11,10.65000000
1178,selic_efetiva,Taxa Selic efetiva anualizada,% a.a.,diaria,2024-11-05,2024,11,10.65000000
1178,selic_efetiva,Taxa Selic efetiva anualizada,% a.a.,diaria,2024-11-06,2024,11,10.65000000
1178,selic_efetiva,Taxa Selic efetiva anualizada,% a.a.,diaria,2024-11-07,2024,11,11.15000000
1178,selic_efetiva,Taxa Selic efetiva anualizada,% a.a.,diaria,2024-11-08,2024,11,11.15000000
1178,selic_efetiva,Taxa Selic efetiva anualizada,% a.a.,diaria,2024-11-11,2024,11,11.15000000
1178,selic_efetiva,Taxa Selic efetiva anualizada,% a.a.,diaria,2024-11-12,2024,11,11.15000000
1178,selic_efetiva,Taxa Selic efetiva anualizada,% a.a.,diaria,2024-11-13,2024,11,11.15000000
1178,selic_efetiva,Taxa Selic efetiva anualizada,% a.a.,diaria,2024-11-14,2024,11,11.15000000
1178,selic_efetiva,Taxa Selic efetiva anualizada,% a.a.,diaria,2024-11-18,2024,11,11.15000000
1178,selic_efetiva,Taxa Selic efetiva anualizada,% a.a.,diaria,2024-11-19,2024,11,11.15000000
1178,selic_efetiva,Taxa Selic efetiva anualizada,% a.a.,diaria,2024-11-21,2024,11,11.15000000
1178,selic_efetiva,Taxa Selic efetiva anualizada,% a.a.,diaria,2024-11-22,2024,11,11.15000000
1178,selic_efetiva,Taxa Selic efetiva anualizada,% a.a.,diaria,2024-11-25,2024,11,11.15000000
1178,selic_efetiva,Taxa Selic efetiva anualizada,% a.a.,diaria,2024-11-26,2024,11,11.15000000
1178,selic_efetiva,Taxa Selic efetiva anualizada,% a.a.,diaria,2024-11-27,2024,11,11.15000000
1178,selic_efetiva,Taxa Selic efetiva anualizada,% a.a.,diaria,2024-11-28,2024,11,11.15000000
1178,selic_efetiva,Taxa Selic efetiva anualizada,% a.a.,diaria,2024-11-29,2024,11,11.15000000
1178,selic_efetiva,Taxa Selic efetiva anualizada,% a.a.,diaria,2024-12-02,2024,12,11.15000000
1178,selic_efetiva,Taxa Selic efetiva anualizada,% a.a.,diaria,2024-12-03,2024,12,11.15000000
1178,selic_efetiva,Taxa Selic efetiva anualizada,% a.a.,diaria,2024-12-04,2024,12,11.15000000
1178,selic_efetiva,Taxa Selic efetiva anualizada,% a.a.,diaria,2024-12-05,2024,12,11.15000000
1178,selic_efetiva,Taxa Selic efetiva anualizada,% a.a.,diaria,2024-12-06,2024,12,11.15000000
1178,selic_efetiva,Taxa Selic efetiva anualizada,% a.a.,diaria,2024-12-09,2024,12,11.15000000
1178,selic_efetiva,Taxa Selic efetiva anualizada,% a.a.,diaria,2024-12-10,2024,12,11.15000000
1178,selic_efetiva,Taxa Selic efetiva anualizada,% a.a.,diaria,2024-12-11,2024,12,11.15000000
1178,selic_efetiva,Taxa Selic efetiva anualizada,% a.a.,diaria,2024-12-12,2024,12,12.15000000
1178,selic_efetiva,Taxa Selic efetiva anualizada,% a.a.,diaria,2024-12-13,2024,12,12.15000000
1178,selic_efetiva,Taxa Selic efetiva anualizada,% a.a.,diaria,2024-12-16,2024,12,12.15000000
1178,selic_efetiva,Taxa Selic efetiva anualizada,% a.a.,diaria,2024-12-17,2024,12,12.15000000
1178,selic_efetiva,Taxa Selic efetiva anualizada,% a.a.,diaria,2024-12-18,2024,12,12.15000000
1178,selic_efetiva,Taxa Selic efetiva anualizada,% a.a.,diaria,2024-12-19,2024,12,12.15000000
1178,selic_efetiva,Taxa Selic efetiva anualizada,% a.a.,diaria,2024-12-20,2024,12,12.15000000
1178,selic_efetiva,Taxa Selic efetiva anualizada,% a.a.,diaria,2024-12-23,2024,12,12.15000000
1178,selic_efetiva,Taxa Selic efetiva anualizada,% a.a.,diaria,2024-12-24,2024,12,12.15000000
1178,selic_efetiva,Taxa Selic efetiva anualizada,% a.a.,diaria,2024-12-26,2024,12,12.15000000
1178,selic_efetiva,Taxa Selic efetiva anualizada,% a.a.,diaria,2024-12-27,2024,12,12.15000000
1178,selic_efetiva,Taxa Selic efetiva anualizada,% a.a.,diaria,2024-12-30,2024,12,12.15000000
1178,selic_efetiva,Taxa Selic efetiva anualizada,% a.a.,diaria,2024-12-31,2024,12,12.15000000
1178,selic_efetiva,Taxa Selic efetiva anualizada,% a.a.,diaria,2025-01-02,2025,1,12.15000000
1178,selic_efetiva,Taxa Selic efetiva anualizada,% a.a.,diaria,2025-01-03,2025,1,12.15000000
1178,selic_efetiva,Taxa Selic efetiva anualizada,% a.a.,diaria,2025-01-06,2025,1,12.15000000
1178,selic_efetiva,Taxa Selic efetiva anualizada,% a.a.,diaria,2025-01-07,2025,1,12.15000000
1178,selic_efetiva,Taxa Selic efetiva anualizada,% a.a.,diaria,2025-01-08,2025,1,12.15000000
1178,selic_efetiva,Taxa Selic efetiva anualizada,% a.a.,diaria,2025-01-09,2025,1,12.15000000
1178,selic_efetiva,Taxa Selic efetiva anualizada,% a.a.,diaria,2025-01-10,2025,1,12.15000000
1178,selic_efetiva,Taxa Selic efetiva anualizada,% a.a.,diaria,2025-01-13,2025,1,12.15000000
1178,selic_efetiva,Taxa Selic efetiva anualizada,% a.a.,diaria,2025-01-14,2025,1,12.15000000
1178,selic_efetiva,Taxa Selic efetiva anualizada,% a.a.,diaria,2025-01-15,2025,1,12.15000000
1178,selic_efetiva,Taxa Selic efetiva anualizada,% a.a.,diaria,2025-01-16,2025,1,12.15000000
1178,selic_efetiva,Taxa Selic efetiva anualizada,% a.a.,diaria,2025-01-17,2025,1,12.15000000
1178,selic_efetiva,Taxa Selic efetiva anualizada,% a.a.,diaria,2025-01-20,2025,1,12.15000000
1178,selic_efetiva,Taxa Selic efetiva anualizada,% a.a.,diaria,2025-01-21,2025,1,12.15000000
1178,selic_efetiva,Taxa Selic efetiva anualizada,% a.a.,diaria,2025-01-22,2025,1,12.15000000
1178,selic_efetiva,Taxa Selic efetiva anualizada,% a.a.,diaria,2025-01-23,2025,1,12.15000000
1178,selic_efetiva,Taxa Selic efetiva anualizada,% a.a.,diaria,2025-01-24,2025,1,12.15000000
1178,selic_efetiva,Taxa Selic efetiva anualizada,% a.a.,diaria,2025-01-27,2025,1,12.15000000
1178,selic_efetiva,Taxa Selic efetiva anualizada,% a.a.,diaria,2025-01-28,2025,1,12.15000000
1178,selic_efetiva,Taxa Selic efetiva anualizada,% a.a.,diaria,2025-01-29,2025,1,12.15000000
1178,selic_efetiva,Taxa Selic efetiva anualizada,% a.a.,diaria,2025-01-30,2025,1,13.15000000
1178,selic_efetiva,Taxa Selic efetiva anualizada,% a.a.,diaria,2025-01-31,2025,1,13.15000000
1178,selic_efetiva,Taxa Selic efetiva anualizada,% a.a.,diaria,2025-02-03,2025,2,13.15000000
1178,selic_efetiva,Taxa Selic efetiva anualizada,% a.a.,diaria,2025-02-04,2025,2,13.15000000
1178,selic_efetiva,Taxa Selic efetiva anualizada,% a.a.,diaria,2025-02-05,2025,2,13.15000000
1178,selic_efetiva,Taxa Selic efetiva anualizada,% a.a.,diaria,2025-02-06,2025,2,13.15000000
1178,selic_efetiva,Taxa Selic efetiva anualizada,% a.a.,diaria,2025-02-07,2025,2,13.15000000
1178,selic_efetiva,Taxa Selic efetiva anualizada,% a.a.,diaria,2025-02-10,2025,2,13.15000000
1178,selic_efetiva,Taxa Selic efetiva anualizada,% a.a.,diaria,2025-02-11,2025,2,13.15000000
1178,selic_efetiva,Taxa Selic efetiva anualizada,% a.a.,diaria,2025-02-12,2025,2,13.15000000
1178,selic_efetiva,Taxa Selic efetiva anualizada,% a.a.,diaria,2025-02-13,2025,2,13.15000000
1178,selic_efetiva,Taxa Selic efetiva anualizada,% a.a.,diaria,2025-02-14,2025,2,13.15000000
1178,selic_efetiva,Taxa Selic efetiva anualizada,% a.a.,diaria,2025-02-17,2025,2,13.15000000
1178,selic_efetiva,Taxa Selic efetiva anualizada,% a.a.,diaria,2025-02-18,2025,2,13.15000000
1178,selic_efetiva,Taxa Selic efetiva anualizada,% a.a.,diaria,2025-02-19,2025,2,13.15000000
1178,selic_efetiva,Taxa Selic efetiva anualizada,% a.a.,diaria,2025-02-20,2025,2,13.15000000
1178,selic_efetiva,Taxa Selic efetiva anualizada,% a.a.,diaria,2025-02-21,2025,2,13.15000000
1178,selic_efetiva,Taxa Selic efetiva anualizada,% a.a.,diaria,2025-02-24,2025,2,13.15000000
1178,selic_efetiva,Taxa Selic efetiva anualizada,% a.a.,diaria,2025-02-25,2025,2,13.15000000
1178,selic_efetiva,Taxa Selic efetiva anualizada,% a.a.,diaria,2025-02-26,2025,2,13.15000000
1178,selic_efetiva,Taxa Selic efetiva anualizada,% a.a.,diaria,2025-02-27,2025,2,13.15000000
1178,selic_efetiva,Taxa Selic efetiva anualizada,% a.a.,diaria,2025-02-28,2025,2,13.15000000
1178,selic_efetiva,Taxa Selic efetiva anualizada,% a.a.,diaria,2025-03-05,2025,3,13.15000000
1178,selic_efetiva,Taxa Selic efetiva anualizada,% a.a.,diaria,2025-03-06,2025,3,13.15000000
1178,selic_efetiva,Taxa Selic efetiva anualizada,% a.a.,diaria,2025-03-07,2025,3,13.15000000
1178,selic_efetiva,Taxa Selic efetiva anualizada,% a.a.,diaria,2025-03-10,2025,3,13.15000000
1178,selic_efetiva,Taxa Selic efetiva anualizada,% a.a.,diaria,2025-03-11,2025,3,13.15000000
1178,selic_efetiva,Taxa Selic efetiva anualizada,% a.a.,diaria,2025-03-12,2025,3,13.15000000
1178,selic_efetiva,Taxa Selic efetiva anualizada,% a.a.,diaria,2025-03-13,2025,3,13.15000000
1178,selic_efetiva,Taxa Selic efetiva anualizada,% a.a.,diaria,2025-03-14,2025,3,13.15000000
1178,selic_efetiva,Taxa Selic efetiva anualizada,% a.a.,diaria,2025-03-17,2025,3,13.15000000
1178,selic_efetiva,Taxa Selic efetiva anualizada,% a.a.,diaria,2025-03-18,2025,3,13.15000000
1178,selic_efetiva,Taxa Selic efetiva anualizada,% a.a.,diaria,2025-03-19,2025,3,13.15000000
1178,selic_efetiva,Taxa Selic efetiva anualizada,% a.a.,diaria,2025-03-20,2025,3,14.15000000
1178,selic_efetiva,Taxa Selic efetiva anualizada,% a.a.,diaria,2025-03-21,2025,3,14.15000000
1178,selic_efetiva,Taxa Selic efetiva anualizada,% a.a.,diaria,2025-03-24,2025,3,14.15000000
1178,selic_efetiva,Taxa Selic efetiva anualizada,% a.a.,diaria,2025-03-25,2025,3,14.15000000
1178,selic_efetiva,Taxa Selic efetiva anualizada,% a.a.,diaria,2025-03-26,2025,3,14.15000000
1178,selic_efetiva,Taxa Selic efetiva anualizada,% a.a.,diaria,2025-03-27,2025,3,14.15000000
1178,selic_efetiva,Taxa Selic efetiva anualizada,% a.a.,diaria,2025-03-28,2025,3,14.15000000
1178,selic_efetiva,Taxa Selic efetiva anualizada,% a.a.,diaria,2025-03-31,2025,3,14.15000000
1178,selic_efetiva,Taxa Selic efetiva anualizada,% a.a.,diaria,2025-04-01,2025,4,14.15000000
1178,selic_efetiva,Taxa Selic efetiva anualizada,% a.a.,diaria,2025-04-02,2025,4,14.15000000
1178,selic_efetiva,Taxa Selic efetiva anualizada,% a.a.,diaria,2025-04-03,2025,4,14.15000000
1178,selic_efetiva,Taxa Selic efetiva anualizada,% a.a.,diaria,2025-04-04,2025,4,14.15000000
1178,selic_efetiva,Taxa Selic efetiva anualizada,% a.a.,diaria,2025-04-07,2025,4,14.15000000
1178,selic_efetiva,Taxa Selic efetiva anualizada,% a.a.,diaria,2025-04-08,2025,4,14.15000000
1178,selic_efetiva,Taxa Selic efetiva anualizada,% a.a.,diaria,2025-04-09,2025,4,14.15000000
1178,selic_efetiva,Taxa Selic efetiva anualizada,% a.a.,diaria,2025-04-10,2025,4,14.15000000
1178,selic_efetiva,Taxa Selic efetiva anualizada,% a.a.,diaria,2025-04-11,2025,4,14.15000000
1178,selic_efetiva,Taxa Selic efetiva anualizada,% a.a.,diaria,2025-04-14,2025,4,14.15000000
1178,selic_efetiva,Taxa Selic efetiva anualizada,% a.a.,diaria,2025-04-15,2025,4,14.15000000
1178,selic_efetiva,Taxa Selic efetiva anualizada,% a.a.,diaria,2025-04-16,2025,4,14.15000000
1178,selic_efetiva,Taxa Selic efetiva anualizada,% a.a.,diaria,2025-04-17,2025,4,14.15000000
1178,selic_efetiva,Taxa Selic efetiva anualizada,% a.a.,diaria,2025-04-22,2025,4,14.15000000
1178,selic_efetiva,Taxa Selic efetiva anualizada,% a.a.,diaria,2025-04-23,2025,4,14.15000000
1178,selic_efetiva,Taxa Selic efetiva anualizada,% a.a.,diaria,2025-04-24,2025,4,14.15000000
1178,selic_efetiva,Taxa Selic efetiva anualizada,% a.a.,diaria,2025-04-25,2025,4,14.15000000
1178,selic_efetiva,Taxa Selic efetiva anualizada,% a.a.,diaria,2025-04-28,2025,4,14.15000000
1178,selic_efetiva,Taxa Selic efetiva anualizada,% a.a.,diaria,2025-04-29,2025,4,14.15000000
1178,selic_efetiva,Taxa Selic efetiva anualizada,% a.a.,diaria,2025-04-30,2025,4,14.15000000
1178,selic_efetiva,Taxa Selic efetiva anualizada,% a.a.,diaria,2025-05-02,2025,5,14.15000000
1178,selic_efetiva,Taxa Selic efetiva anualizada,% a.a.,diaria,2025-05-05,2025,5,14.15000000
1178,selic_efetiva,Taxa Selic efetiva anualizada,% a.a.,diaria,2025-05-06,2025,5,14.15000000
1178,selic_efetiva,Taxa Selic efetiva anualizada,% a.a.,diaria,2025-05-07,2025,5,14.15000000
1178,selic_efetiva,Taxa Selic efetiva anualizada,% a.a.,diaria,2025-05-08,2025,5,14.65000000
1178,selic_efetiva,Taxa Selic efetiva anualizada,% a.a.,diaria,2025-05-09,2025,5,14.65000000
1178,selic_efetiva,Taxa Selic efetiva anualizada,% a.a.,diaria,2025-05-12,2025,5,14.65000000
1178,selic_efetiva,Taxa Selic efetiva anualizada,% a.a.,diaria,2025-05-13,2025,5,14.65000000
1178,selic_efetiva,Taxa Selic efetiva anualizada,% a.a.,diaria,2025-05-14,2025,5,14.65000000
1178,selic_efetiva,Taxa Selic efetiva anualizada,% a.a.,diaria,2025-05-15,2025,5,14.65000000
1178,selic_efetiva,Taxa Selic efetiva anualizada,% a.a.,diaria,2025-05-16,2025,5,14.65000000
1178,selic_efetiva,Taxa Selic efetiva anualizada,% a.a.,diaria,2025-05-19,2025,5,14.65000000
1178,selic_efetiva,Taxa Selic efetiva anualizada,% a.a.,diaria,2025-05-20,2025,5,14.65000000
1178,selic_efetiva,Taxa Selic efetiva anualizada,% a.a.,diaria,2025-05-21,2025,5,14.65000000
1178,selic_efetiva,Taxa Selic efetiva anualizada,% a.a.,diaria,2025-05-22,2025,5,14.65000000
1178,selic_efetiva,Taxa Selic efetiva anualizada,% a.a.,diaria,2025-05-23,2025,5,14.65000000
1178,selic_efetiva,Taxa Selic efetiva anualizada,% a.a.,diaria,2025-05-26,2025,5,14.65000000
1178,selic_efetiva,Taxa Selic efetiva anualizada,% a.a.,diaria,2025-05-27,2025,5,14.65000000
1178,selic_efetiva,Taxa Selic efetiva anualizada,% a.a.,diaria,2025-05-28,2025,5,14.65000000
1178,selic_efetiva,Taxa Selic efetiva anualizada,% a.a.,diaria,2025-05-29,2025,5,14.65000000
1178,selic_efetiva,Taxa Selic efetiva anualizada,% a.a.,diaria,2025-05-30,2025,5,14.65000000
1178,selic_efetiva,Taxa Selic efetiva anualizada,% a.a.,diaria,2025-06-02,2025,6,14.65000000
1178,selic_efetiva,Taxa Selic efetiva anualizada,% a.a.,diaria,2025-06-03,2025,6,14.65000000
1178,selic_efetiva,Taxa Selic efetiva anualizada,% a.a.,diaria,2025-06-04,2025,6,14.65000000
1178,selic_efetiva,Taxa Selic efetiva anualizada,% a.a.,diaria,2025-06-05,2025,6,14.65000000
1178,selic_efetiva,Taxa Selic efetiva anualizada,% a.a.,diaria,2025-06-06,2025,6,14.65000000
1178,selic_efetiva,Taxa Selic efetiva anualizada,% a.a.,diaria,2025-06-09,2025,6,14.65000000
1178,selic_efetiva,Taxa Selic efetiva anualizada,% a.a.,diaria,2025-06-10,2025,6,14.65000000
1178,selic_efetiva,Taxa Selic efetiva anualizada,% a.a.,diaria,2025-06-11,2025,6,14.65000000
1178,selic_efetiva,Taxa Selic efetiva anualizada,% a.a.,diaria,2025-06-12,2025,6,14.65000000
1178,selic_efetiva,Taxa Selic efetiva anualizada,% a.a.,diaria,2025-06-13,2025,6,14.65000000
1178,selic_efetiva,Taxa Selic efetiva anualizada,% a.a.,diaria,2025-06-16,2025,6,14.65000000
1178,selic_efetiva,Taxa Selic efetiva anualizada,% a.a.,diaria,2025-06-17,2025,6,14.65000000
1178,selic_efetiva,Taxa Selic efetiva anualizada,% a.a.,diaria,2025-06-18,2025,6,14.65000000
1178,selic_efetiva,Taxa Selic efetiva anualizada,% a.a.,diaria,2025-06-20,2025,6,14.90000000
1178,selic_efetiva,Taxa Selic efetiva anualizada,% a.a.,diaria,2025-06-23,2025,6,14.90000000
1178,selic_efetiva,Taxa Selic efetiva anualizada,% a.a.,diaria,2025-06-24,2025,6,14.90000000
1178,selic_efetiva,Taxa Selic efetiva anualizada,% a.a.,diaria,2025-06-25,2025,6,14.90000000
1178,selic_efetiva,Taxa Selic efetiva anualizada,% a.a.,diaria,2025-06-26,2025,6,14.90000000
1178,selic_efetiva,Taxa Selic efetiva anualizada,% a.a.,diaria,2025-06-27,2025,6,14.90000000
1178,selic_efetiva,Taxa Selic efetiva anualizada,% a.a.,diaria,2025-06-30,2025,6,14.90000000
1178,selic_efetiva,Taxa Selic efetiva anualizada,% a.a.,diaria,2025-07-01,2025,7,14.90000000
1178,selic_efetiva,Taxa Selic efetiva anualizada,% a.a.,diaria,2025-07-02,2025,7,14.90000000
1178,selic_efetiva,Taxa Selic efetiva anualizada,% a.a.,diaria,2025-07-03,2025,7,14.90000000
1178,selic_efetiva,Taxa Selic efetiva anualizada,% a.a.,diaria,2025-07-04,2025,7,14.90000000
1178,selic_efetiva,Taxa Selic efetiva anualizada,% a.a.,diaria,2025-07-07,2025,7,14.90000000
1178,selic_efetiva,Taxa Selic efetiva anualizada,% a.a.,diaria,2025-07-08,2025,7,14.90000000
1178,selic_efetiva,Taxa Selic efetiva anualizada,% a.a.,diaria,2025-07-09,2025,7,14.90000000
1178,selic_efetiva,Taxa Selic efetiva anualizada,% a.a.,diaria,2025-07-10,2025,7,14.90000000
1178,selic_efetiva,Taxa Selic efetiva anualizada,% a.a.,diaria,2025-07-11,2025,7,14.90000000
1178,selic_efetiva,Taxa Selic efetiva anualizada,% a.a.,diaria,2025-07-14,2025,7,14.90000000
1178,selic_efetiva,Taxa Selic efetiva anualizada,% a.a.,diaria,2025-07-15,2025,7,14.90000000
1178,selic_efetiva,Taxa Selic efetiva anualizada,% a.a.,diaria,2025-07-16,2025,7,14.90000000
1178,selic_efetiva,Taxa Selic efetiva anualizada,% a.a.,diaria,2025-07-17,2025,7,14.90000000
1178,selic_efetiva,Taxa Selic efetiva anualizada,% a.a.,diaria,2025-07-18,2025,7,14.90000000
1178,selic_efetiva,Taxa Selic efetiva anualizada,% a.a.,diaria,2025-07-21,2025,7,14.90000000
1178,selic_efetiva,Taxa Selic efetiva anualizada,% a.a.,diaria,2025-07-22,2025,7,14.90000000
1178,selic_efetiva,Taxa Selic efetiva anualizada,% a.a.,diaria,2025-07-23,2025,7,14.90000000
1178,selic_efetiva,Taxa Selic efetiva anualizada,% a.a.,diaria,2025-07-24,2025,7,14.90000000
1178,selic_efetiva,Taxa Selic efetiva anualizada,% a.a.,diaria,2025-07-25,2025,7,14.90000000
1178,selic_efetiva,Taxa Selic efetiva anualizada,% a.a.,diaria,2025-07-28,2025,7,14.90000000
1178,selic_efetiva,Taxa Selic efetiva anualizada,% a.a.,diaria,2025-07-29,2025,7,14.90000000
1178,selic_efetiva,Taxa Selic efetiva anualizada,% a.a.,diaria,2025-07-30,2025,7,14.90000000
1178,selic_efetiva,Taxa Selic efetiva anualizada,% a.a.,diaria,2025-07-31,2025,7,14.90000000
1178,selic_efetiva,Taxa Selic efetiva anualizada,% a.a.,diaria,2025-08-01,2025,8,14.90000000
1178,selic_efetiva,Taxa Selic efetiva anualizada,% a.a.,diaria,2025-08-04,2025,8,14.90000000
1178,selic_efetiva,Taxa Selic efetiva anualizada,% a.a.,diaria,2025-08-05,2025,8,14.90000000
1178,selic_efetiva,Taxa Selic efetiva anualizada,% a.a.,diaria,2025-08-06,2025,8,14.90000000
1178,selic_efetiva,Taxa Selic efetiva anualizada,% a.a.,diaria,2025-08-07,2025,8,14.90000000
1178,selic_efetiva,Taxa Selic efetiva anualizada,% a.a.,diaria,2025-08-08,2025,8,14.90000000
1178,selic_efetiva,Taxa Selic efetiva anualizada,% a.a.,diaria,2025-08-11,2025,8,14.90000000
1178,selic_efetiva,Taxa Selic efetiva anualizada,% a.a.,diaria,2025-08-12,2025,8,14.90000000
1178,selic_efetiva,Taxa Selic efetiva anualizada,% a.a.,diaria,2025-08-13,2025,8,14.90000000
1178,selic_efetiva,Taxa Selic efetiva anualizada,% a.a.,diaria,2025-08-14,2025,8,14.90000000
1178,selic_efetiva,Taxa Selic efetiva anualizada,% a.a.,diaria,2025-08-15,2025,8,14.90000000
1178,selic_efetiva,Taxa Selic efetiva anualizada,% a.a.,diaria,2025-08-18,2025,8,14.90000000
1178,selic_efetiva,Taxa Selic efetiva anualizada,% a.a.,diaria,2025-08-19,2025,8,14.90000000
1178,selic_efetiva,Taxa Selic efetiva anualizada,% a.a.,diaria,2025-08-20,2025,8,14.90000000
1178,selic_efetiva,Taxa Selic efetiva anualizada,% a.a.,diaria,2025-08-21,2025,8,14.90000000
1178,selic_efetiva,Taxa Selic efetiva anualizada,% a.a.,diaria,2025-08-22,2025,8,14.90000000
1178,selic_efetiva,Taxa Selic efetiva anualizada,% a.a.,diaria,2025-08-25,2025,8,14.90000000
1178,selic_efetiva,Taxa Selic efetiva anualizada,% a.a.,diaria,2025-08-26,2025,8,14.90000000
1178,selic_efetiva,Taxa Selic efetiva anualizada,% a.a.,diaria,2025-08-27,2025,8,14.90000000
1178,selic_efetiva,Taxa Selic efetiva anualizada,% a.a.,diaria,2025-08-28,2025,8,14.90000000
1178,selic_efetiva,Taxa Selic efetiva anualizada,% a.a.,diaria,2025-08-29,2025,8,14.90000000
1178,selic_efetiva,Taxa Selic efetiva anualizada,% a.a.,diaria,2025-09-01,2025,9,14.90000000
1178,selic_efetiva,Taxa Selic efetiva anualizada,% a.a.,diaria,2025-09-02,2025,9,14.90000000
1178,selic_efetiva,Taxa Selic efetiva anualizada,% a.a.,diaria,2025-09-03,2025,9,14.90000000
1178,selic_efetiva,Taxa Selic efetiva anualizada,% a.a.,diaria,2025-09-04,2025,9,14.90000000
1178,selic_efetiva,Taxa Selic efetiva anualizada,% a.a.,diaria,2025-09-05,2025,9,14.90000000
1178,selic_efetiva,Taxa Selic efetiva anualizada,% a.a.,diaria,2025-09-08,2025,9,14.90000000
1178,selic_efetiva,Taxa Selic efetiva anualizada,% a.a.,diaria,2025-09-09,2025,9,14.90000000
1178,selic_efetiva,Taxa Selic efetiva anualizada,% a.a.,diaria,2025-09-10,2025,9,14.90000000
1178,selic_efetiva,Taxa Selic efetiva anualizada,% a.a.,diaria,2025-09-11,2025,9,14.90000000
1178,selic_efetiva,Taxa Selic efetiva anualizada,% a.a.,diaria,2025-09-12,2025,9,14.90000000
1178,selic_efetiva,Taxa Selic efetiva anualizada,% a.a.,diaria,2025-09-15,2025,9,14.90000000
1178,selic_efetiva,Taxa Selic efetiva anualizada,% a.a.,diaria,2025-09-16,2025,9,14.90000000
1178,selic_efetiva,Taxa Selic efetiva anualizada,% a.a.,diaria,2025-09-17,2025,9,14.90000000
1178,selic_efetiva,Taxa Selic efetiva anualizada,% a.a.,diaria,2025-09-18,2025,9,14.90000000
1178,selic_efetiva,Taxa Selic efetiva anualizada,% a.a.,diaria,2025-09-19,2025,9,14.90000000
1178,selic_efetiva,Taxa Selic efetiva anualizada,% a.a.,diaria,2025-09-22,2025,9,14.90000000
1178,selic_efetiva,Taxa Selic efetiva anualizada,% a.a.,diaria,2025-09-23,2025,9,14.90000000
1178,selic_efetiva,Taxa Selic efetiva anualizada,% a.a.,diaria,2025-09-24,2025,9,14.90000000
1178,selic_efetiva,Taxa Selic efetiva anualizada,% a.a.,diaria,2025-09-25,2025,9,14.90000000
1178,selic_efetiva,Taxa Selic efetiva anualizada,% a.a.,diaria,2025-09-26,2025,9,14.90000000
1178,selic_efetiva,Taxa Selic efetiva anualizada,% a.a.,diaria,2025-09-29,2025,9,14.90000000
1178,selic_efetiva,Taxa Selic efetiva anualizada,% a.a.,diaria,2025-09-30,2025,9,14.90000000
1178,selic_efetiva,Taxa Selic efetiva anualizada,% a.a.,diaria,2025-10-01,2025,10,14.90000000
1178,selic_efetiva,Taxa Selic efetiva anualizada,% a.a.,diaria,2025-10-02,2025,10,14.90000000
1178,selic_efetiva,Taxa Selic efetiva anualizada,% a.a.,diaria,2025-10-03,2025,10,14.90000000
1178,selic_efetiva,Taxa Selic efetiva anualizada,% a.a.,diaria,2025-10-06,2025,10,14.90000000
1178,selic_efetiva,Taxa Selic efetiva anualizada,% a.a.,diaria,2025-10-07,2025,10,14.90000000
1178,selic_efetiva,Taxa Selic efetiva anualizada,% a.a.,diaria,2025-10-08,2025,10,14.90000000
1178,selic_efetiva,Taxa Selic efetiva anualizada,% a.a.,diaria,2025-10-09,2025,10,14.90000000
1178,selic_efetiva,Taxa Selic efetiva anualizada,% a.a.,diaria,2025-10-10,2025,10,14.90000000
1178,selic_efetiva,Taxa Selic efetiva anualizada,% a.a.,diaria,2025-10-13,2025,10,14.90000000
1178,selic_efetiva,Taxa Selic efetiva anualizada,% a.a.,diaria,2025-10-14,2025,10,14.90000000
1178,selic_efetiva,Taxa Selic efetiva anualizada,% a.a.,diaria,2025-10-15,2025,10,14.90000000
1178,selic_efetiva,Taxa Selic efetiva anualizada,% a.a.,diaria,2025-10-16,2025,10,14.90000000
1178,selic_efetiva,Taxa Selic efetiva anualizada,% a.a.,diaria,2025-10-17,2025,10,14.90000000
1178,selic_efetiva,Taxa Selic efetiva anualizada,% a.a.,diaria,2025-10-20,2025,10,14.90000000
1178,selic_efetiva,Taxa Selic efetiva anualizada,% a.a.,diaria,2025-10-21,2025,10,14.90000000
1178,selic_efetiva,Taxa Selic efetiva anualizada,% a.a.,diaria,2025-10-22,2025,10,14.90000000
1178,selic_efetiva,Taxa Selic efetiva anualizada,% a.a.,diaria,2025-10-23,2025,10,14.90000000
1178,selic_efetiva,Taxa Selic efetiva anualizada,% a.a.,diaria,2025-10-24,2025,10,14.90000000
1178,selic_efetiva,Taxa Selic efetiva anualizada,% a.a.,diaria,2025-10-27,2025,10,14.90000000
1178,selic_efetiva,Taxa Selic efetiva anualizada,% a.a.,diaria,2025-10-28,2025,10,14.90000000
1178,selic_efetiva,Taxa Selic efetiva anualizada,% a.a.,diaria,2025-10-29,2025,10,14.90000000
1178,selic_efetiva,Taxa Selic efetiva anualizada,% a.a.,diaria,2025-10-30,2025,10,14.90000000
1178,selic_efetiva,Taxa Selic efetiva anualizada,% a.a.,diaria,2025-10-31,2025,10,14.90000000
1178,selic_efetiva,Taxa Selic efetiva anualizada,% a.a.,diaria,2025-11-03,2025,11,14.90000000
1178,selic_efetiva,Taxa Selic efetiva anualizada,% a.a.,diaria,2025-11-04,2025,11,14.90000000
1178,selic_efetiva,Taxa Selic efetiva anualizada,% a.a.,diaria,2025-11-05,2025,11,14.90000000
1178,selic_efetiva,Taxa Selic efetiva anualizada,% a.a.,diaria,2025-11-06,2025,11,14.90000000
1178,selic_efetiva,Taxa Selic efetiva anualizada,% a.a.,diaria,2025-11-07,2025,11,14.90000000
1178,selic_efetiva,Taxa Selic efetiva anualizada,% a.a.,diaria,2025-11-10,2025,11,14.90000000
1178,selic_efetiva,Taxa Selic efetiva anualizada,% a.a.,diaria,2025-11-11,2025,11,14.90000000
1178,selic_efetiva,Taxa Selic efetiva anualizada,% a.a.,diaria,2025-11-12,2025,11,14.90000000
1178,selic_efetiva,Taxa Selic efetiva anualizada,% a.a.,diaria,2025-11-13,2025,11,14.90000000
1178,selic_efetiva,Taxa Selic efetiva anualizada,% a.a.,diaria,2025-11-14,2025,11,14.90000000
1178,selic_efetiva,Taxa Selic efetiva anualizada,% a.a.,diaria,2025-11-17,2025,11,14.90000000
1178,selic_efetiva,Taxa Selic efetiva anualizada,% a.a.,diaria,2025-11-18,2025,11,14.90000000
1178,selic_efetiva,Taxa Selic efetiva anualizada,% a.a.,diaria,2025-11-19,2025,11,14.90000000
1178,selic_efetiva,Taxa Selic efetiva anualizada,% a.a.,diaria,2025-11-21,2025,11,14.90000000
1178,selic_efetiva,Taxa Selic efetiva anualizada,% a.a.,diaria,2025-11-24,2025,11,14.90000000
1178,selic_efetiva,Taxa Selic efetiva anualizada,% a.a.,diaria,2025-11-25,2025,11,14.90000000
1178,selic_efetiva,Taxa Selic efetiva anualizada,% a.a.,diaria,2025-11-26,2025,11,14.90000000
1178,selic_efetiva,Taxa Selic efetiva anualizada,% a.a.,diaria,2025-11-27,2025,11,14.90000000
1178,selic_efetiva,Taxa Selic efetiva anualizada,% a.a.,diaria,2025-11-28,2025,11,14.90000000
1178,selic_efetiva,Taxa Selic efetiva anualizada,% a.a.,diaria,2025-12-01,2025,12,14.90000000
1178,selic_efetiva,Taxa Selic efetiva anualizada,% a.a.,diaria,2025-12-02,2025,12,14.90000000
1178,selic_efetiva,Taxa Selic efetiva anualizada,% a.a.,diaria,2025-12-03,2025,12,14.90000000
1178,selic_efetiva,Taxa Selic efetiva anualizada,% a.a.,diaria,2025-12-04,2025,12,14.90000000
1178,selic_efetiva,Taxa Selic efetiva anualizada,% a.a.,diaria,2025-12-05,2025,12,14.90000000
1178,selic_efetiva,Taxa Selic efetiva anualizada,% a.a.,diaria,2025-12-08,2025,12,14.90000000
1178,selic_efetiva,Taxa Selic efetiva anualizada,% a.a.,diaria,2025-12-09,2025,12,14.90000000
1178,selic_efetiva,Taxa Selic efetiva anualizada,% a.a.,diaria,2025-12-10,2025,12,14.90000000
1178,selic_efetiva,Taxa Selic efetiva anualizada,% a.a.,diaria,2025-12-11,2025,12,14.90000000
1178,selic_efetiva,Taxa Selic efetiva anualizada,% a.a.,diaria,2025-12-12,2025,12,14.90000000
1178,selic_efetiva,Taxa Selic efetiva anualizada,% a.a.,diaria,2025-12-15,2025,12,14.90000000
1178,selic_efetiva,Taxa Selic efetiva anualizada,% a.a.,diaria,2025-12-16,2025,12,14.90000000
1178,selic_efetiva,Taxa Selic efetiva anualizada,% a.a.,diaria,2025-12-17,2025,12,14.90000000
1178,selic_efetiva,Taxa Selic efetiva anualizada,% a.a.,diaria,2025-12-18,2025,12,14.90000000
1178,selic_efetiva,Taxa Selic efetiva anualizada,% a.a.,diaria,2025-12-19,2025,12,14.90000000
1178,selic_efetiva,Taxa Selic efetiva anualizada,% a.a.,diaria,2025-12-22,2025,12,14.90000000
1178,selic_efetiva,Taxa Selic efetiva anualizada,% a.a.,diaria,2025-12-23,2025,12,14.90000000
1178,selic_efetiva,Taxa Selic efetiva anualizada,% a.a.,diaria,2025-12-24,2025,12,14.90000000
1178,selic_efetiva,Taxa Selic efetiva anualizada,% a.a.,diaria,2025-12-26,2025,12,14.90000000
1178,selic_efetiva,Taxa Selic efetiva anualizada,% a.a.,diaria,2025-12-29,2025,12,14.90000000
1178,selic_efetiva,Taxa Selic efetiva anualizada,% a.a.,diaria,2025-12-30,2025,12,14.90000000
1178,selic_efetiva,Taxa Selic efetiva anualizada,% a.a.,diaria,2025-12-31,2025,12,14.90000000
1178,selic_efetiva,Taxa Selic efetiva anualizada,% a.a.,diaria,2026-01-02,2026,1,14.90000000
1178,selic_efetiva,Taxa Selic efetiva anualizada,% a.a.,diaria,2026-01-05,2026,1,14.90000000
1178,selic_efetiva,Taxa Selic efetiva anualizada,% a.a.,diaria,2026-01-06,2026,1,14.90000000
1178,selic_efetiva,Taxa Selic efetiva anualizada,% a.a.,diaria,2026-01-07,2026,1,14.90000000
1178,selic_efetiva,Taxa Selic efetiva anualizada,% a.a.,diaria,2026-01-08,2026,1,14.90000000
1178,selic_efetiva,Taxa Selic efetiva anualizada,% a.a.,diaria,2026-01-09,2026,1,14.90000000
1178,selic_efetiva,Taxa Selic efetiva anualizada,% a.a.,diaria,2026-01-12,2026,1,14.90000000
1178,selic_efetiva,Taxa Selic efetiva anualizada,% a.a.,diaria,2026-01-13,2026,1,14.90000000
1178,selic_efetiva,Taxa Selic efetiva anualizada,% a.a.,diaria,2026-01-14,2026,1,14.90000000
1178,selic_efetiva,Taxa Selic efetiva anualizada,% a.a.,diaria,2026-01-15,2026,1,14.90000000
1178,selic_efetiva,Taxa Selic efetiva anualizada,% a.a.,diaria,2026-01-16,2026,1,14.90000000
1178,selic_efetiva,Taxa Selic efetiva anualizada,% a.a.,diaria,2026-01-19,2026,1,14.90000000
1178,selic_efetiva,Taxa Selic efetiva anualizada,% a.a.,diaria,2026-01-20,2026,1,14.90000000
1178,selic_efetiva,Taxa Selic efetiva anualizada,% a.a.,diaria,2026-01-21,2026,1,14.90000000
1178,selic_efetiva,Taxa Selic efetiva anualizada,% a.a.,diaria,2026-01-22,2026,1,14.90000000
1178,selic_efetiva,Taxa Selic efetiva anualizada,% a.a.,diaria,2026-01-23,2026,1,14.90000000
1178,selic_efetiva,Taxa Selic efetiva anualizada,% a.a.,diaria,2026-01-26,2026,1,14.90000000
1178,selic_efetiva,Taxa Selic efetiva anualizada,% a.a.,diaria,2026-01-27,2026,1,14.90000000
1178,selic_efetiva,Taxa Selic efetiva anualizada,% a.a.,diaria,2026-01-28,2026,1,14.90000000
1178,selic_efetiva,Taxa Selic efetiva anualizada,% a.a.,diaria,2026-01-29,2026,1,14.90000000
1178,selic_efetiva,Taxa Selic efetiva anualizada,% a.a.,diaria,2026-01-30,2026,1,14.90000000
1178,selic_efetiva,Taxa Selic efetiva anualizada,% a.a.,diaria,2026-02-02,2026,2,14.90000000
1178,selic_efetiva,Taxa Selic efetiva anualizada,% a.a.,diaria,2026-02-03,2026,2,14.90000000
1178,selic_efetiva,Taxa Selic efetiva anualizada,% a.a.,diaria,2026-02-04,2026,2,14.90000000
1178,selic_efetiva,Taxa Selic efetiva anualizada,% a.a.,diaria,2026-02-05,2026,2,14.90000000
1178,selic_efetiva,Taxa Selic efetiva anualizada,% a.a.,diaria,2026-02-06,2026,2,14.90000000
1178,selic_efetiva,Taxa Selic efetiva anualizada,% a.a.,diaria,2026-02-09,2026,2,14.90000000
1178,selic_efetiva,Taxa Selic efetiva anualizada,% a.a.,diaria,2026-02-10,2026,2,14.90000000
1178,selic_efetiva,Taxa Selic efetiva anualizada,% a.a.,diaria,2026-02-11,2026,2,14.90000000
1178,selic_efetiva,Taxa Selic efetiva anualizada,% a.a.,diaria,2026-02-12,2026,2,14.90000000
1178,selic_efetiva,Taxa Selic efetiva anualizada,% a.a.,diaria,2026-02-13,2026,2,14.90000000
1178,selic_efetiva,Taxa Selic efetiva anualizada,% a.a.,diaria,2026-02-18,2026,2,14.90000000
1178,selic_efetiva,Taxa Selic efetiva anualizada,% a.a.,diaria,2026-02-19,2026,2,14.90000000
1178,selic_efetiva,Taxa Selic efetiva anualizada,% a.a.,diaria,2026-02-20,2026,2,14.90000000
1178,selic_efetiva,Taxa Selic efetiva anualizada,% a.a.,diaria,2026-02-23,2026,2,14.90000000
1178,selic_efetiva,Taxa Selic efetiva anualizada,% a.a.,diaria,2026-02-24,2026,2,14.90000000
1178,selic_efetiva,Taxa Selic efetiva anualizada,% a.a.,diaria,2026-02-25,2026,2,14.90000000
1178,selic_efetiva,Taxa Selic efetiva anualizada,% a.a.,diaria,2026-02-26,2026,2,14.90000000
1178,selic_efetiva,Taxa Selic efetiva anualizada,% a.a.,diaria,2026-02-27,2026,2,14.90000000
1178,selic_efetiva,Taxa Selic efetiva anualizada,% a.a.,diaria,2026-03-02,2026,3,14.90000000
1178,selic_efetiva,Taxa Selic efetiva anualizada,% a.a.,diaria,2026-03-03,2026,3,14.90000000
1178,selic_efetiva,Taxa Selic efetiva anualizada,% a.a.,diaria,2026-03-04,2026,3,14.90000000
1178,selic_efetiva,Taxa Selic efetiva anualizada,% a.a.,diaria,2026-03-05,2026,3,14.90000000
1178,selic_efetiva,Taxa Selic efetiva anualizada,% a.a.,diaria,2026-03-06,2026,3,14.90000000
1178,selic_efetiva,Taxa Selic efetiva anualizada,% a.a.,diaria,2026-03-09,2026,3,14.90000000
1178,selic_efetiva,Taxa Selic efetiva anualizada,% a.a.,diaria,2026-03-10,2026,3,14.90000000
1178,selic_efetiva,Taxa Selic efetiva anualizada,% a.a.,diaria,2026-03-11,2026,3,14.90000000
1178,selic_efetiva,Taxa Selic efetiva anualizada,% a.a.,diaria,2026-03-12,2026,3,14.90000000
1178,selic_efetiva,Taxa Selic efetiva anualizada,% a.a.,diaria,2026-03-13,2026,3,14.90000000
1178,selic_efetiva,Taxa Selic efetiva anualizada,% a.a.,diaria,2026-03-16,2026,3,14.90000000
1178,selic_efetiva,Taxa Selic efetiva anualizada,% a.a.,diaria,2026-03-17,2026,3,14.90000000
1178,selic_efetiva,Taxa Selic efetiva anualizada,% a.a.,diaria,2026-03-18,2026,3,14.90000000
1178,selic_efetiva,Taxa Selic efetiva anualizada,% a.a.,diaria,2026-03-19,2026,3,14.65000000
1178,selic_efetiva,Taxa Selic efetiva anualizada,% a.a.,diaria,2026-03-20,2026,3,14.65000000
1178,selic_efetiva,Taxa Selic efetiva anualizada,% a.a.,diaria,2026-03-23,2026,3,14.65000000
1178,selic_efetiva,Taxa Selic efetiva anualizada,% a.a.,diaria,2026-03-24,2026,3,14.65000000
1178,selic_efetiva,Taxa Selic efetiva anualizada,% a.a.,diaria,2026-03-25,2026,3,14.65000000
1178,selic_efetiva,Taxa Selic efetiva anualizada,% a.a.,diaria,2026-03-26,2026,3,14.65000000
1178,selic_efetiva,Taxa Selic efetiva anualizada,% a.a.,diaria,2026-03-27,2026,3,14.65000000
1178,selic_efetiva,Taxa Selic efetiva anualizada,% a.a.,diaria,2026-03-30,2026,3,14.65000000
1178,selic_efetiva,Taxa Selic efetiva anualizada,% a.a.,diaria,2026-03-31,2026,3,14.65000000
1178,selic_efetiva,Taxa Selic efetiva anualizada,% a.a.,diaria,2026-04-01,2026,4,14.65000000
1178,selic_efetiva,Taxa Selic efetiva anualizada,% a.a.,diaria,2026-04-02,2026,4,14.65000000
1178,selic_efetiva,Taxa Selic efetiva anualizada,% a.a.,diaria,2026-04-06,2026,4,14.65000000
1178,selic_efetiva,Taxa Selic efetiva anualizada,% a.a.,diaria,2026-04-07,2026,4,14.65000000
1178,selic_efetiva,Taxa Selic efetiva anualizada,% a.a.,diaria,2026-04-08,2026,4,14.65000000
1178,selic_efetiva,Taxa Selic efetiva anualizada,% a.a.,diaria,2026-04-09,2026,4,14.65000000
1178,selic_efetiva,Taxa Selic efetiva anualizada,% a.a.,diaria,2026-04-10,2026,4,14.65000000
1178,selic_efetiva,Taxa Selic efetiva anualizada,% a.a.,diaria,2026-04-13,2026,4,14.65000000
1178,selic_efetiva,Taxa Selic efetiva anualizada,% a.a.,diaria,2026-04-14,2026,4,14.65000000
1178,selic_efetiva,Taxa Selic efetiva anualizada,% a.a.,diaria,2026-04-15,2026,4,14.65000000
1178,selic_efetiva,Taxa Selic efetiva anualizada,% a.a.,diaria,2026-04-16,2026,4,14.65000000
1178,selic_efetiva,Taxa Selic efetiva anualizada,% a.a.,diaria,2026-04-17,2026,4,14.65000000
1178,selic_efetiva,Taxa Selic efetiva anualizada,% a.a.,diaria,2026-04-20,2026,4,14.65000000
1178,selic_efetiva,Taxa Selic efetiva anualizada,% a.a.,diaria,2026-04-22,2026,4,14.65000000
1178,selic_efetiva,Taxa Selic efetiva anualizada,% a.a.,diaria,2026-04-23,2026,4,14.65000000
1178,selic_efetiva,Taxa Selic efetiva anualizada,% a.a.,diaria,2026-04-24,2026,4,14.65000000
1178,selic_efetiva,Taxa Selic efetiva anualizada,% a.a.,diaria,2026-04-27,2026,4,14.65000000
1178,selic_efetiva,Taxa Selic efetiva anualizada,% a.a.,diaria,2026-04-28,2026,4,14.65000000
1178,selic_efetiva,Taxa Selic efetiva anualizada,% a.a.,diaria,2026-04-29,2026,4,14.65000000
1178,selic_efetiva,Taxa Selic efetiva anualizada,% a.a.,diaria,2026-04-30,2026,4,14.40000000
1178,selic_efetiva,Taxa Selic efetiva anualizada,% a.a.,diaria,2026-05-04,2026,5,14.40000000
1178,selic_efetiva,Taxa Selic efetiva anualizada,% a.a.,diaria,2026-05-05,2026,5,14.40000000
1178,selic_efetiva,Taxa Selic efetiva anualizada,% a.a.,diaria,2026-05-06,2026,5,14.40000000
1178,selic_efetiva,Taxa Selic efetiva anualizada,% a.a.,diaria,2026-05-07,2026,5,14.40000000
1178,selic_efetiva,Taxa Selic efetiva anualizada,% a.a.,diaria,2026-05-08,2026,5,14.40000000
1178,selic_efetiva,Taxa Selic efetiva anualizada,% a.a.,diaria,2026-05-11,2026,5,14.40000000
1178,selic_efetiva,Taxa Selic efetiva anualizada,% a.a.,diaria,2026-05-12,2026,5,14.40000000
1178,selic_efetiva,Taxa Selic efetiva anualizada,% a.a.,diaria,2026-05-13,2026,5,14.40000000
1178,selic_efetiva,Taxa Selic efetiva anualizada,% a.a.,diaria,2026-05-14,2026,5,14.40000000
1178,selic_efetiva,Taxa Selic efetiva anualizada,% a.a.,diaria,2026-05-15,2026,5,14.40000000
1178,selic_efetiva,Taxa Selic efetiva anualizada,% a.a.,diaria,2026-05-18,2026,5,14.40000000
1178,selic_efetiva,Taxa Selic efetiva anualizada,% a.a.,diaria,2026-05-19,2026,5,14.40000000
1178,selic_efetiva,Taxa Selic efetiva anualizada,% a.a.,diaria,2026-05-20,2026,5,14.40000000
1178,selic_efetiva,Taxa Selic efetiva anualizada,% a.a.,diaria,2026-05-21,2026,5,14.40000000
1178,selic_efetiva,Taxa Selic efetiva anualizada,% a.a.,diaria,2026-05-22,2026,5,14.40000000
1178,selic_efetiva,Taxa Selic efetiva anualizada,% a.a.,diaria,2026-05-25,2026,5,14.40000000
1178,selic_efetiva,Taxa Selic efetiva anualizada,% a.a.,diaria,2026-05-26,2026,5,14.40000000
1178,selic_efetiva,Taxa Selic efetiva anualizada,% a.a.,diaria,2026-05-27,2026,5,14.40000000
1178,selic_efetiva,Taxa Selic efetiva anualizada,% a.a.,diaria,2026-05-28,2026,5,14.40000000
1178,selic_efetiva,Taxa Selic efetiva anualizada,% a.a.,diaria,2026-05-29,2026,5,14.40000000
1178,selic_efetiva,Taxa Selic efetiva anualizada,% a.a.,diaria,2026-06-01,2026,6,14.40000000
1178,selic_efetiva,Taxa Selic efetiva anualizada,% a.a.,diaria,2026-06-02,2026,6,14.40000000
1178,selic_efetiva,Taxa Selic efetiva anualizada,% a.a.,diaria,2026-06-03,2026,6,14.40000000
1178,selic_efetiva,Taxa Selic efetiva anualizada,% a.a.,diaria,2026-06-05,2026,6,14.40000000
1178,selic_efetiva,Taxa Selic efetiva anualizada,% a.a.,diaria,2026-06-08,2026,6,14.40000000
1178,selic_efetiva,Taxa Selic efetiva anualizada,% a.a.,diaria,2026-06-09,2026,6,14.40000000
1178,selic_efetiva,Taxa Selic efetiva anualizada,% a.a.,diaria,2026-06-10,2026,6,14.40000000
1178,selic_efetiva,Taxa Selic efetiva anualizada,% a.a.,diaria,2026-06-11,2026,6,14.40000000
1178,selic_efetiva,Taxa Selic efetiva anualizada,% a.a.,diaria,2026-06-12,2026,6,14.40000000
1178,selic_efetiva,Taxa Selic efetiva anualizada,% a.a.,diaria,2026-06-15,2026,6,14.40000000
1178,selic_efetiva,Taxa Selic efetiva anualizada,% a.a.,diaria,2026-06-16,2026,6,14.40000000
1178,selic_efetiva,Taxa Selic efetiva anualizada,% a.a.,diaria,2026-06-17,2026,6,14.40000000
1178,selic_efetiva,Taxa Selic efetiva anualizada,% a.a.,diaria,2026-06-18,2026,6,14.15000000
1178,selic_efetiva,Taxa Selic efetiva anualizada,% a.a.,diaria,2026-06-19,2026,6,14.15000000
1178,selic_efetiva,Taxa Selic efetiva anualizada,% a.a.,diaria,2026-06-22,2026,6,14.15000000
1178,selic_efetiva,Taxa Selic efetiva anualizada,% a.a.,diaria,2026-06-23,2026,6,14.15000000
1178,selic_efetiva,Taxa Selic efetiva anualizada,% a.a.,diaria,2026-06-24,2026,6,14.15000000
1178,selic_efetiva,Taxa Selic efetiva anualizada,% a.a.,diaria,2026-06-25,2026,6,14.15000000
1178,selic_efetiva,Taxa Selic efetiva anualizada,% a.a.,diaria,2026-06-26,2026,6,14.15000000
1178,selic_efetiva,Taxa Selic efetiva anualizada,% a.a.,diaria,2026-06-29,2026,6,14.15000000
1178,selic_efetiva,Taxa Selic efetiva anualizada,% a.a.,diaria,2026-06-30,2026,6,14.15000000
1178,selic_efetiva,Taxa Selic efetiva anualizada,% a.a.,diaria,2026-07-01,2026,7,14.15000000
1178,selic_efetiva,Taxa Selic efetiva anualizada,% a.a.,diaria,2026-07-02,2026,7,14.15000000
1178,selic_efetiva,Taxa Selic efetiva anualizada,% a.a.,diaria,2026-07-03,2026,7,14.15000000
1178,selic_efetiva,Taxa Selic efetiva anualizada,% a.a.,diaria,2026-07-06,2026,7,14.15000000
1178,selic_efetiva,Taxa Selic efetiva anualizada,% a.a.,diaria,2026-07-07,2026,7,14.15000000
1178,selic_efetiva,Taxa Selic efetiva anualizada,% a.a.,diaria,2026-07-08,2026,7,14.15000000
1178,selic_efetiva,Taxa Selic efetiva anualizada,% a.a.,diaria,2026-07-09,2026,7,14.15000000
1178,selic_efetiva,Taxa Selic efetiva anualizada,% a.a.,diaria,2026-07-10,2026,7,14.15000000
1178,selic_efetiva,Taxa Selic efetiva anualizada,% a.a.,diaria,2026-07-13,2026,7,14.15000000
1178,selic_efetiva,Taxa Selic efetiva anualizada,% a.a.,diaria,2026-07-14,2026,7,14.15000000
1178,selic_efetiva,Taxa Selic efetiva anualizada,% a.a.,diaria,2026-07-15,2026,7,14.15000000
1178,selic_efetiva,Taxa Selic efetiva anualizada,% a.a.,diaria,2026-07-16,2026,7,14.15000000
1178,selic_efetiva,Taxa Selic efetiva anualizada,% a.a.,diaria,2026-07-17,2026,7,14.15000000
1178,selic_efetiva,Taxa Selic efetiva anualizada,% a.a.,diaria,2026-07-20,2026,7,14.15000000
1178,selic_efetiva,Taxa Selic efetiva anualizada,% a.a.,diaria,2026-07-21,2026,7,14.15000000
1178,selic_efetiva,Taxa Selic efetiva anualizada,% a.a.,diaria,2026-07-22,2026,7,14.15000000
1178,selic_efetiva,Taxa Selic efetiva anualizada,% a.a.,diaria,2026-07-23,2026,7,14.15000000
1178,selic_efetiva,Taxa Selic efetiva anualizada,% a.a.,diaria,2026-07-24,2026,7,14.15000000
1178,selic_efetiva,Taxa Selic efetiva anualizada,% a.a.,diaria,2026-07-27,2026,7,14.15000000
1178,selic_efetiva,Taxa Selic efetiva anualizada,% a.a.,diaria,2026-07-28,2026,7,14.15000000
1178,selic_efetiva,Taxa Selic efetiva anualizada,% a.a.,diaria,2026-07-29,2026,7,14.15000000
1178,selic_efetiva,Taxa Selic efetiva anualizada,% a.a.,diaria,2026-07-30,2026,7,14.15000000
1178,selic_efetiva,Taxa Selic efetiva anualizada,% a.a.,diaria,2026-07-31,2026,7,14.15000000
1178,selic_efetiva,Taxa Selic efetiva anualizada,% a.a.,diaria,2026-08-03,2026,8,14.15000000
1178,selic_efetiva,Taxa Selic efetiva anualizada,% a.a.,diaria,2026-08-04,2026,8,14.15000000
