serie_id,serie,indicador,unidade,periodicidade,data_referencia,ano,mes,valor
1,dolar_venda,Taxa de câmbio - dólar americano (venda),R$/US$,diaria,2016-01-04,2016,1,4.0387
1,dolar_venda,Taxa de câmbio - dólar americano (venda),R$/US$,diaria,2016-01-05,2016,1,4.0114
1,dolar_venda,Taxa de câmbio - dólar americano (venda),R$/US$,diaria,2016-01-06,2016,1,4.0303
1,dolar_venda,Taxa de câmbio - dólar americano (venda),R$/US$,diaria,2016-01-07,2016,1,4.0475
1,dolar_venda,Taxa de câmbio - dólar americano (venda),R$/US$,diaria,2016-01-08,2016,1,4.025
1,dolar_venda,Taxa de câmbio - dólar americano (venda),R$/US$,diaria,2016-01-11,2016,1,4.0153
1,dolar_venda,Taxa de câmbio - dólar americano (venda),R$/US$,diaria,2016-01-12,2016,1,4.0299
1,dolar_venda,Taxa de câmbio - dólar americano (venda),R$/US$,diaria,2016-01-13,2016,1,3.9863
1,dolar_venda,Taxa de câmbio - dólar americano (venda),R$/US$,diaria,2016-01-14,2016,1,4.0223
1,dolar_venda,Taxa de câmbio - dólar americano (venda),R$/US$,diaria,2016-01-15,2016,1,4.0402
1,dolar_venda,Taxa de câmbio - dólar americano (venda),R$/US$,diaria,2016-01-18,2016,1,4.0364
1,dolar_venda,Taxa de câmbio - dólar americano (venda),R$/US$,diaria,2016-01-19,2016,1,4.0303
1,dolar_venda,Taxa de câmbio - dólar americano (venda),R$/US$,diaria,2016-01-20,2016,1,4.0861
1,dolar_venda,Taxa de câmbio - dólar americano (venda),R$/US$,diaria,2016-01-21,2016,1,4.1558
1,dolar_venda,Taxa de câmbio - dólar americano (venda),R$/US$,diaria,2016-01-22,2016,1,4.1232
1,dolar_venda,Taxa de câmbio - dólar americano (venda),R$/US$,diaria,2016-01-25,2016,1,4.1002
1,dolar_venda,Taxa de câmbio - dólar americano (venda),R$/US$,diaria,2016-01-26,2016,1,4.0967
1,dolar_venda,Taxa de câmbio - dólar americano (venda),R$/US$,diaria,2016-01-27,2016,1,4.0448
1,dolar_venda,Taxa de câmbio - dólar americano (venda),R$/US$,diaria,2016-01-28,2016,1,4.0838
1,dolar_venda,Taxa de câmbio - dólar americano (venda),R$/US$,diaria,2016-01-29,2016,1,4.0428
1,dolar_venda,Taxa de câmbio - dólar americano (venda),R$/US$,diaria,2016-02-01,2016,2,3.9986
1,dolar_venda,Taxa de câmbio - dólar americano (venda),R$/US$,diaria,2016-02-02,2016,2,3.9919
1,dolar_venda,Taxa de câmbio - dólar americano (venda),R$/US$,diaria,2016-02-03,2016,2,3.9558
1,dolar_venda,Taxa de câmbio - dólar americano (venda),R$/US$,diaria,2016-02-04,2016,2,3.8653
1,dolar_venda,Taxa de câmbio - dólar americano (venda),R$/US$,diaria,2016-02-05,2016,2,3.8975
1,dolar_venda,Taxa de câmbio - dólar americano (venda),R$/US$,diaria,2016-02-10,2016,2,3.9412
1,dolar_venda,Taxa de câmbio - dólar americano (venda),R$/US$,diaria,2016-02-11,2016,2,3.9642
1,dolar_venda,Taxa de câmbio - dólar americano (venda),R$/US$,diaria,2016-02-12,2016,2,3.9891
1,dolar_venda,Taxa de câmbio - dólar americano (venda),R$/US$,diaria,2016-02-15,2016,2,3.9885
1,dolar_venda,Taxa de câmbio - dólar americano (venda),R$/US$,diaria,2016-02-16,2016,2,4.0213
1,dolar_venda,Taxa de câmbio - dólar americano (venda),R$/US$,diaria,2016-02-17,2016,2,4.0318
1,dolar_venda,Taxa de câmbio - dólar americano (venda),R$/US$,diaria,2016-02-18,2016,2,4.0091
1,dolar_venda,Taxa de câmbio - dólar americano (venda),R$/US$,diaria,2016-02-19,2016,2,4.0492
1,dolar_venda,Taxa de câmbio - dólar americano (venda),R$/US$,diaria,2016-02-22,2016,2,3.9618
1,dolar_venda,Taxa de câmbio - dólar americano (venda),R$/US$,diaria,2016-02-23,2016,2,3.9684
1,dolar_venda,Taxa de câmbio - dólar americano (venda),R$/US$,diaria,2016-02-24,2016,2,3.99
1,dolar_venda,Taxa de câmbio - dólar americano (venda),R$/US$,diaria,2016-02-25,2016,2,3.94
1,dolar_venda,Taxa de câmbio - dólar americano (venda),R$/US$,diaria,2016-02-26,2016,2,3.9578
1,dolar_venda,Taxa de câmbio - dólar americano (venda),R$/US$,diaria,2016-02-29,2016,2,3.9796
1,dolar_venda,Taxa de câmbio - dólar americano (venda),R$/US$,diaria,2016-03-01,2016,3,3.9913
1,dolar_venda,Taxa de câmbio - dólar americano (venda),R$/US$,diaria,2016-03-02,2016,3,3.9116
1,dolar_venda,Taxa de câmbio - dólar americano (venda),R$/US$,diaria,2016-03-03,2016,3,3.8504
1,dolar_venda,Taxa de câmbio - dólar americano (venda),R$/US$,diaria,2016-03-04,2016,3,3.7188
1,dolar_venda,Taxa de câmbio - dólar americano (venda),R$/US$,diaria,2016-03-07,2016,3,3.7714
1,dolar_venda,Taxa de câmbio - dólar americano (venda),R$/US$,diaria,2016-03-08,2016,3,3.7813
1,dolar_venda,Taxa de câmbio - dólar americano (venda),R$/US$,diaria,2016-03-09,2016,3,3.7037
1,dolar_venda,Taxa de câmbio - dólar americano (venda),R$/US$,diaria,2016-03-10,2016,3,3.67
1,dolar_venda,Taxa de câmbio - dólar americano (venda),R$/US$,diaria,2016-03-11,2016,3,3.6271
1,dolar_venda,Taxa de câmbio - dólar americano (venda),R$/US$,diaria,2016-03-14,2016,3,3.6239
1,dolar_venda,Taxa de câmbio - dólar americano (venda),R$/US$,diaria,2016-03-15,2016,3,3.7116
1,dolar_venda,Taxa de câmbio - dólar americano (venda),R$/US$,diaria,2016-03-16,2016,3,3.8079
1,dolar_venda,Taxa de câmbio - dólar americano (venda),R$/US$,diaria,2016-03-17,2016,3,3.6445
1,dolar_venda,Taxa de câmbio - dólar americano (venda),R$/US$,diaria,2016-03-18,2016,3,3.6146
1,dolar_venda,Taxa de câmbio - dólar americano (venda),R$/US$,diaria,2016-03-21,2016,3,3.6229
1,dolar_venda,Taxa de câmbio - dólar americano (venda),R$/US$,diaria,2016-03-22,2016,3,3.6073
1,dolar_venda,Taxa de câmbio - dólar americano (venda),R$/US$,diaria,2016-03-23,2016,3,3.6531
1,dolar_venda,Taxa de câmbio - dólar americano (venda),R$/US$,diaria,2016-03-24,2016,3,3.6948
1,dolar_venda,Taxa de câmbio - dólar americano (venda),R$/US$,diaria,2016-03-28,2016,3,3.6408
1,dolar_venda,Taxa de câmbio - dólar americano (venda),R$/US$,diaria,2016-03-29,2016,3,3.6687
1,dolar_venda,Taxa de câmbio - dólar americano (venda),R$/US$,diaria,2016-03-30,2016,3,3.6116
1,dolar_venda,Taxa de câmbio - dólar americano (venda),R$/US$,diaria,2016-03-31,2016,3,3.5589
1,dolar_venda,Taxa de câmbio - dólar americano (venda),R$/US$,diaria,2016-04-01,2016,4,3.5799
1,dolar_venda,Taxa de câmbio - dólar americano (venda),R$/US$,diaria,2016-04-04,2016,4,3.5871
1,dolar_venda,Taxa de câmbio - dólar americano (venda),R$/US$,diaria,2016-04-05,2016,4,3.6581
1,dolar_venda,Taxa de câmbio - dólar americano (venda),R$/US$,diaria,2016-04-06,2016,4,3.6749
1,dolar_venda,Taxa de câmbio - dólar americano (venda),R$/US$,diaria,2016-04-07,2016,4,3.6921
1,dolar_venda,Taxa de câmbio - dólar americano (venda),R$/US$,diaria,2016-04-08,2016,4,3.6385
1,dolar_venda,Taxa de câmbio - dólar americano (venda),R$/US$,diaria,2016-04-11,2016,4,3.5284
1,dolar_venda,Taxa de câmbio - dólar americano (venda),R$/US$,diaria,2016-04-12,2016,4,3.5406
1,dolar_venda,Taxa de câmbio - dólar americano (venda),R$/US$,diaria,2016-04-13,2016,4,3.5429
1,dolar_venda,Taxa de câmbio - dólar americano (venda),R$/US$,diaria,2016-04-14,2016,4,3.5126
1,dolar_venda,Taxa de câmbio - dólar americano (venda),R$/US$,diaria,2016-04-15,2016,4,3.5276
1,dolar_venda,Taxa de câmbio - dólar americano (venda),R$/US$,diaria,2016-04-18,2016,4,3.5904
1,dolar_venda,Taxa de câmbio - dólar americano (venda),R$/US$,diaria,2016-04-19,2016,4,3.5538
1,dolar_venda,Taxa de câmbio - dólar americano (venda),R$/US$,diaria,2016-04-20,2016,4,3.5503
1,dolar_venda,Taxa de câmbio - dólar americano (venda),R$/US$,diaria,2016-04-22,2016,4,3.5829
1,dolar_venda,Taxa de câmbio - dólar americano (venda),R$/US$,diaria,2016-04-25,2016,4,3.5472
1,dolar_venda,Taxa de câmbio - dólar americano (venda),R$/US$,diaria,2016-04-26,2016,4,3.5301
1,dolar_venda,Taxa de câmbio - dólar americano (venda),R$/US$,diaria,2016-04-27,2016,4,3.5295
1,dolar_venda,Taxa de câmbio - dólar americano (venda),R$/US$,diaria,2016-04-28,2016,4,3.4992
1,dolar_venda,Taxa de câmbio - dólar americano (venda),R$/US$,diaria,2016-04-29,2016,4,3.4508
1,dolar_venda,Taxa de câmbio - dólar americano (venda),R$/US$,diaria,2016-05-02,2016,5,3.4991
1,dolar_venda,Taxa de câmbio - dólar americano (venda),R$/US$,diaria,2016-05-03,2016,5,3.555
1,dolar_venda,Taxa de câmbio - dólar americano (venda),R$/US$,diaria,2016-05-04,2016,5,3.5397
1,dolar_venda,Taxa de câmbio - dólar americano (venda),R$/US$,diaria,2016-05-05,2016,5,3.5296
1,dolar_venda,Taxa de câmbio - dólar americano (venda),R$/US$,diaria,2016-05-06,2016,5,3.5362
1,dolar_venda,Taxa de câmbio - dólar americano (venda),R$/US$,diaria,2016-05-09,2016,5,3.5387
1,dolar_venda,Taxa de câmbio - dólar americano (venda),R$/US$,diaria,2016-05-10,2016,5,3.4772
1,dolar_venda,Taxa de câmbio - dólar americano (venda),R$/US$,diaria,2016-05-11,2016,5,3.4645
1,dolar_venda,Taxa de câmbio - dólar americano (venda),R$/US$,diaria,2016-05-12,2016,5,3.4877
1,dolar_venda,Taxa de câmbio - dólar americano (venda),R$/US$,diaria,2016-05-13,2016,5,3.5041
1,dolar_venda,Taxa de câmbio - dólar americano (venda),R$/US$,diaria,2016-05-16,2016,5,3.5035
1,dolar_venda,Taxa de câmbio - dólar americano (venda),R$/US$,diaria,2016-05-17,2016,5,3.5037
1,dolar_venda,Taxa de câmbio - dólar americano (venda),R$/US$,diaria,2016-05-18,2016,5,3.5368
1,dolar_venda,Taxa de câmbio - dólar americano (venda),R$/US$,diaria,2016-05-19,2016,5,3.6003
1,dolar_venda,Taxa de câmbio - dólar americano (venda),R$/US$,diaria,2016-05-20,2016,5,3.5419
1,dolar_venda,Taxa de câmbio - dólar americano (venda),R$/US$,diaria,2016-05-23,2016,5,3.566
1,dolar_venda,Taxa de câmbio - dólar americano (venda),R$/US$,diaria,2016-05-24,2016,5,3.5491
1,dolar_venda,Taxa de câmbio - dólar americano (venda),R$/US$,diaria,2016-05-25,2016,5,3.5804
1,dolar_venda,Taxa de câmbio - dólar americano (venda),R$/US$,diaria,2016-05-27,2016,5,3.6168
1,dolar_venda,Taxa de câmbio - dólar americano (venda),R$/US$,diaria,2016-05-30,2016,5,3.5997
1,dolar_venda,Taxa de câmbio - dólar americano (venda),R$/US$,diaria,2016-05-31,2016,5,3.5951
1,dolar_venda,Taxa de câmbio - dólar americano (venda),R$/US$,diaria,2016-06-01,2016,6,3.6126
1,dolar_venda,Taxa de câmbio - dólar americano (venda),R$/US$,diaria,2016-06-02,2016,6,3.5961
1,dolar_venda,Taxa de câmbio - dólar americano (venda),R$/US$,diaria,2016-06-03,2016,6,3.5409
1,dolar_venda,Taxa de câmbio - dólar americano (venda),R$/US$,diaria,2016-06-06,2016,6,3.5098
1,dolar_venda,Taxa de câmbio - dólar americano (venda),R$/US$,diaria,2016-06-07,2016,6,3.4745
1,dolar_venda,Taxa de câmbio - dólar americano (venda),R$/US$,diaria,2016-06-08,2016,6,3.3898
1,dolar_venda,Taxa de câmbio - dólar americano (venda),R$/US$,diaria,2016-06-09,2016,6,3.3817
1,dolar_venda,Taxa de câmbio - dólar americano (venda),R$/US$,diaria,2016-06-10,2016,6,3.4261
1,dolar_venda,Taxa de câmbio - dólar americano (venda),R$/US$,diaria,2016-06-13,2016,6,3.4533
1,dolar_venda,Taxa de câmbio - dólar americano (venda),R$/US$,diaria,2016-06-14,2016,6,3.4839
1,dolar_venda,Taxa de câmbio - dólar americano (venda),R$/US$,diaria,2016-06-15,2016,6,3.4768
1,dolar_venda,Taxa de câmbio - dólar americano (venda),R$/US$,diaria,2016-06-16,2016,6,3.4904
1,dolar_venda,Taxa de câmbio - dólar americano (venda),R$/US$,diaria,2016-06-17,2016,6,3.4372
1,dolar_venda,Taxa de câmbio - dólar americano (venda),R$/US$,diaria,2016-06-20,2016,6,3.3835
1,dolar_venda,Taxa de câmbio - dólar americano (venda),R$/US$,diaria,2016-06-21,2016,6,3.3897
1,dolar_venda,Taxa de câmbio - dólar americano (venda),R$/US$,diaria,2016-06-22,2016,6,3.3883
1,dolar_venda,Taxa de câmbio - dólar americano (venda),R$/US$,diaria,2016-06-23,2016,6,3.3533
1,dolar_venda,Taxa de câmbio - dólar americano (venda),R$/US$,diaria,2016-06-24,2016,6,3.3772
1,dolar_venda,Taxa de câmbio - dólar americano (venda),R$/US$,diaria,2016-06-27,2016,6,3.3934
1,dolar_venda,Taxa de câmbio - dólar americano (venda),R$/US$,diaria,2016-06-28,2016,6,3.3267
1,dolar_venda,Taxa de câmbio - dólar americano (venda),R$/US$,diaria,2016-06-29,2016,6,3.2435
1,dolar_venda,Taxa de câmbio - dólar americano (venda),R$/US$,diaria,2016-06-30,2016,6,3.2098
1,dolar_venda,Taxa de câmbio - dólar americano (venda),R$/US$,diaria,2016-07-01,2016,7,3.2298
1,dolar_venda,Taxa de câmbio - dólar americano (venda),R$/US$,diaria,2016-07-04,2016,7,3.248
1,dolar_venda,Taxa de câmbio - dólar americano (venda),R$/US$,diaria,2016-07-05,2016,7,3.2904
1,dolar_venda,Taxa de câmbio - dólar americano (venda),R$/US$,diaria,2016-07-06,2016,7,3.3242
1,dolar_venda,Taxa de câmbio - dólar americano (venda),R$/US$,diaria,2016-07-07,2016,7,3.3388
1,dolar_venda,Taxa de câmbio - dólar americano (venda),R$/US$,diaria,2016-07-08,2016,7,3.2968
1,dolar_venda,Taxa de câmbio - dólar americano (venda),R$/US$,diaria,2016-07-11,2016,7,3.3031
1,dolar_venda,Taxa de câmbio - dólar americano (venda),R$/US$,diaria,2016-07-12,2016,7,3.275
1,dolar_venda,Taxa de câmbio - dólar americano (venda),R$/US$,diaria,2016-07-13,2016,7,3.2896
1,dolar_venda,Taxa de câmbio - dólar americano (venda),R$/US$,diaria,2016-07-14,2016,7,3.2311
1,dolar_venda,Taxa de câmbio - dólar americano (venda),R$/US$,diaria,2016-07-15,2016,7,3.2656
1,dolar_venda,Taxa de câmbio - dólar americano (venda),R$/US$,diaria,2016-07-18,2016,7,3.2634
1,dolar_venda,Taxa de câmbio - dólar americano (venda),R$/US$,diaria,2016-07-19,2016,7,3.2801
1,dolar_venda,Taxa de câmbio - dólar americano (venda),R$/US$,diaria,2016-07-20,2016,7,3.2512
1,dolar_venda,Taxa de câmbio - dólar americano (venda),R$/US$,diaria,2016-07-21,2016,7,3.2585
1,dolar_venda,Taxa de câmbio - dólar americano (venda),R$/US$,diaria,2016-07-22,2016,7,3.2854
1,dolar_venda,Taxa de câmbio - dólar americano (venda),R$/US$,diaria,2016-07-25,2016,7,3.2819
1,dolar_venda,Taxa de câmbio - dólar americano (venda),R$/US$,diaria,2016-07-26,2016,7,3.279
1,dolar_venda,Taxa de câmbio - dólar americano (venda),R$/US$,diaria,2016-07-27,2016,7,3.282
1,dolar_venda,Taxa de câmbio - dólar americano (venda),R$/US$,diaria,2016-07-28,2016,7,3.274
1,dolar_venda,Taxa de câmbio - dólar americano (venda),R$/US$,diaria,2016-07-29,2016,7,3.239
1,dolar_venda,Taxa de câmbio - dólar americano (venda),R$/US$,diaria,2016-08-01,2016,8,3.2662
1,dolar_venda,Taxa de câmbio - dólar americano (venda),R$/US$,diaria,2016-08-02,2016,8,3.249
1,dolar_venda,Taxa de câmbio - dólar americano (venda),R$/US$,diaria,2016-08-03,2016,8,3.2733
1,dolar_venda,Taxa de câmbio - dólar americano (venda),R$/US$,diaria,2016-08-04,2016,8,3.2183
1,dolar_venda,Taxa de câmbio - dólar americano (venda),R$/US$,diaria,2016-08-05,2016,8,3.1859
1,dolar_venda,Taxa de câmbio - dólar americano (venda),R$/US$,diaria,2016-08-08,2016,8,3.1771
1,dolar_venda,Taxa de câmbio - dólar americano (venda),R$/US$,diaria,2016-08-09,2016,8,3.1503
1,dolar_venda,Taxa de câmbio - dólar americano (venda),R$/US$,diaria,2016-08-10,2016,8,3.1302
1,dolar_venda,Taxa de câmbio - dólar americano (venda),R$/US$,diaria,2016-08-11,2016,8,3.1364
1,dolar_venda,Taxa de câmbio - dólar americano (venda),R$/US$,diaria,2016-08-12,2016,8,3.1602
1,dolar_venda,Taxa de câmbio - dólar americano (venda),R$/US$,diaria,2016-08-15,2016,8,3.1672
1,dolar_venda,Taxa de câmbio - dólar americano (venda),R$/US$,diaria,2016-08-16,2016,8,3.1749
1,dolar_venda,Taxa de câmbio - dólar americano (venda),R$/US$,diaria,2016-08-17,2016,8,3.2248
1,dolar_venda,Taxa de câmbio - dólar americano (venda),R$/US$,diaria,2016-08-18,2016,8,3.2215
1,dolar_venda,Taxa de câmbio - dólar americano (venda),R$/US$,diaria,2016-08-19,2016,8,3.2267
1,dolar_venda,Taxa de câmbio - dólar americano (venda),R$/US$,diaria,2016-08-22,2016,8,3.2163
1,dolar_venda,Taxa de câmbio - dólar americano (venda),R$/US$,diaria,2016-08-23,2016,8,3.2054
1,dolar_venda,Taxa de câmbio - dólar americano (venda),R$/US$,diaria,2016-08-24,2016,8,3.2372
1,dolar_venda,Taxa de câmbio - dólar americano (venda),R$/US$,diaria,2016-08-25,2016,8,3.2319
1,dolar_venda,Taxa de câmbio - dólar americano (venda),R$/US$,diaria,2016-08-26,2016,8,3.2153
1,dolar_venda,Taxa de câmbio - dólar americano (venda),R$/US$,diaria,2016-08-29,2016,8,3.2613
1,dolar_venda,Taxa de câmbio - dólar americano (venda),R$/US$,diaria,2016-08-30,2016,8,3.2525
1,dolar_venda,Taxa de câmbio - dólar americano (venda),R$/US$,diaria,2016-08-31,2016,8,3.2403
1,dolar_venda,Taxa de câmbio - dólar americano (venda),R$/US$,diaria,2016-09-01,2016,9,3.2472
1,dolar_venda,Taxa de câmbio - dólar americano (venda),R$/US$,diaria,2016-09-02,2016,9,3.2431
1,dolar_venda,Taxa de câmbio - dólar americano (venda),R$/US$,diaria,2016-09-05,2016,9,3.2721
1,dolar_venda,Taxa de câmbio - dólar americano (venda),R$/US$,diaria,2016-09-06,2016,9,3.2452
1,dolar_venda,Taxa de câmbio - dólar americano (venda),R$/US$,diaria,2016-09-08,2016,9,3.1934
1,dolar_venda,Taxa de câmbio - dólar americano (venda),R$/US$,diaria,2016-09-09,2016,9,3.2638
1,dolar_venda,Taxa de câmbio - dólar americano (venda),R$/US$,diaria,2016-09-12,2016,9,3.2854
1,dolar_venda,Taxa de câmbio - dólar americano (venda),R$/US$,diaria,2016-09-13,2016,9,3.2972
1,dolar_venda,Taxa de câmbio - dólar americano (venda),R$/US$,diaria,2016-09-14,2016,9,3.3262
1,dolar_venda,Taxa de câmbio - dólar americano (venda),R$/US$,diaria,2016-09-15,2016,9,3.3326
1,dolar_venda,Taxa de câmbio - dólar americano (venda),R$/US$,diaria,2016-09-16,2016,9,3.3004
1,dolar_venda,Taxa de câmbio - dólar americano (venda),R$/US$,diaria,2016-09-19,2016,9,3.2636
1,dolar_venda,Taxa de câmbio - dólar americano (venda),R$/US$,diaria,2016-09-20,2016,9,3.254
1,dolar_venda,Taxa de câmbio - dólar americano (venda),R$/US$,diaria,2016-09-21,2016,9,3.2408
1,dolar_venda,Taxa de câmbio - dólar americano (venda),R$/US$,diaria,2016-09-22,2016,9,3.2015
1,dolar_venda,Taxa de câmbio - dólar americano (venda),R$/US$,diaria,2016-09-23,2016,9,3.2242
1,dolar_venda,Taxa de câmbio - dólar americano (venda),R$/US$,diaria,2016-09-26,2016,9,3.24
1,dolar_venda,Taxa de câmbio - dólar americano (venda),R$/US$,diaria,2016-09-27,2016,9,3.2358
1,dolar_venda,Taxa de câmbio - dólar americano (venda),R$/US$,diaria,2016-09-28,2016,9,3.2476
1,dolar_venda,Taxa de câmbio - dólar americano (venda),R$/US$,diaria,2016-09-29,2016,9,3.2235
1,dolar_venda,Taxa de câmbio - dólar americano (venda),R$/US$,diaria,2016-09-30,2016,9,3.2462
1,dolar_venda,Taxa de câmbio - dólar americano (venda),R$/US$,diaria,2016-10-03,2016,10,3.2338
1,dolar_venda,Taxa de câmbio - dólar americano (venda),R$/US$,diaria,2016-10-04,2016,10,3.2203
1,dolar_venda,Taxa de câmbio - dólar americano (venda),R$/US$,diaria,2016-10-05,2016,10,3.2359
1,dolar_venda,Taxa de câmbio - dólar americano (venda),R$/US$,diaria,2016-10-06,2016,10,3.231
1,dolar_venda,Taxa de câmbio - dólar americano (venda),R$/US$,diaria,2016-10-07,2016,10,3.2134
1,dolar_venda,Taxa de câmbio - dólar americano (venda),R$/US$,diaria,2016-10-10,2016,10,3.2125
1,dolar_venda,Taxa de câmbio - dólar americano (venda),R$/US$,diaria,2016-10-11,2016,10,3.2136
1,dolar_venda,Taxa de câmbio - dólar americano (venda),R$/US$,diaria,2016-10-13,2016,10,3.2087
1,dolar_venda,Taxa de câmbio - dólar americano (venda),R$/US$,diaria,2016-10-14,2016,10,3.1864
1,dolar_venda,Taxa de câmbio - dólar americano (venda),R$/US$,diaria,2016-10-17,2016,10,3.1963
1,dolar_venda,Taxa de câmbio - dólar americano (venda),R$/US$,diaria,2016-10-18,2016,10,3.1874
1,dolar_venda,Taxa de câmbio - dólar americano (venda),R$/US$,diaria,2016-10-19,2016,10,3.18
1,dolar_venda,Taxa de câmbio - dólar americano (venda),R$/US$,diaria,2016-10-20,2016,10,3.1605
1,dolar_venda,Taxa de câmbio - dólar americano (venda),R$/US$,diaria,2016-10-21,2016,10,3.1593
1,dolar_venda,Taxa de câmbio - dólar americano (venda),R$/US$,diaria,2016-10-24,2016,10,3.1311
1,dolar_venda,Taxa de câmbio - dólar americano (venda),R$/US$,diaria,2016-10-25,2016,10,3.1193
1,dolar_venda,Taxa de câmbio - dólar americano (venda),R$/US$,diaria,2016-10-26,2016,10,3.1219
1,dolar_venda,Taxa de câmbio - dólar americano (venda),R$/US$,diaria,2016-10-27,2016,10,3.1429
1,dolar_venda,Taxa de câmbio - dólar americano (venda),R$/US$,diaria,2016-10-28,2016,10,3.1815
1,dolar_venda,Taxa de câmbio - dólar americano (venda),R$/US$,diaria,2016-10-31,2016,10,3.1811
1,dolar_venda,Taxa de câmbio - dólar americano (venda),R$/US$,diaria,2016-11-01,2016,11,3.2053
1,dolar_venda,Taxa de câmbio - dólar americano (venda),R$/US$,diaria,2016-11-03,2016,11,3.231
1,dolar_venda,Taxa de câmbio - dólar americano (venda),R$/US$,diaria,2016-11-04,2016,11,3.2449
1,dolar_venda,Taxa de câmbio - dólar americano (venda),R$/US$,diaria,2016-11-07,2016,11,3.2024
1,dolar_venda,Taxa de câmbio - dólar americano (venda),R$/US$,diaria,2016-11-08,2016,11,3.2024
1,dolar_venda,Taxa de câmbio - dólar americano (venda),R$/US$,diaria,2016-11-09,2016,11,3.2258
1,dolar_venda,Taxa de câmbio - dólar americano (venda),R$/US$,diaria,2016-11-10,2016,11,3.3104
1,dolar_venda,Taxa de câmbio - dólar americano (venda),R$/US$,diaria,2016-11-11,2016,11,3.4377
1,dolar_venda,Taxa de câmbio - dólar americano (venda),R$/US$,diaria,2016-11-14,2016,11,3.4446
1,dolar_venda,Taxa de câmbio - dólar americano (venda),R$/US$,diaria,2016-11-16,2016,11,3.4183
1,dolar_venda,Taxa de câmbio - dólar americano (venda),R$/US$,diaria,2016-11-17,2016,11,3.4052
1,dolar_venda,Taxa de câmbio - dólar americano (venda),R$/US$,diaria,2016-11-18,2016,11,3.3917
1,dolar_venda,Taxa de câmbio - dólar americano (venda),R$/US$,diaria,2016-11-21,2016,11,3.3517
1,dolar_venda,Taxa de câmbio - dólar americano (venda),R$/US$,diaria,2016-11-22,2016,11,3.3476
1,dolar_venda,Taxa de câmbio - dólar americano (venda),R$/US$,diaria,2016-11-23,2016,11,3.3927
1,dolar_venda,Taxa de câmbio - dólar americano (venda),R$/US$,diaria,2016-11-24,2016,11,3.3987
1,dolar_venda,Taxa de câmbio - dólar americano (venda),R$/US$,diaria,2016-11-25,2016,11,3.4279
1,dolar_venda,Taxa de câmbio - dólar americano (venda),R$/US$,diaria,2016-11-28,2016,11,3.3996
1,dolar_venda,Taxa de câmbio - dólar americano (venda),R$/US$,diaria,2016-11-29,2016,11,3.406
1,dolar_venda,Taxa de câmbio - dólar americano (venda),R$/US$,diaria,2016-11-30,2016,11,3.3967
1,dolar_venda,Taxa de câmbio - dólar americano (venda),R$/US$,diaria,2016-12-01,2016,12,3.4362
1,dolar_venda,Taxa de câmbio - dólar americano (venda),R$/US$,diaria,2016-12-02,2016,12,3.465
1,dolar_venda,Taxa de câmbio - dólar americano (venda),R$/US$,diaria,2016-12-05,2016,12,3.4598
1,dolar_venda,Taxa de câmbio - dólar americano (venda),R$/US$,diaria,2016-12-06,2016,12,3.4354
1,dolar_venda,Taxa de câmbio - dólar americano (venda),R$/US$,diaria,2016-12-07,2016,12,3.3895
1,dolar_venda,Taxa de câmbio - dólar americano (venda),R$/US$,diaria,2016-12-08,2016,12,3.4008
1,dolar_venda,Taxa de câmbio - dólar americano (venda),R$/US$,diaria,2016-12-09,2016,12,3.3858
1,dolar_venda,Taxa de câmbio - dólar americano (venda),R$/US$,diaria,2016-12-12,2016,12,3.3697
1,dolar_venda,Taxa de câmbio - dólar americano (venda),R$/US$,diaria,2016-12-13,2016,12,3.334
1,dolar_venda,Taxa de câmbio - dólar americano (venda),R$/US$,diaria,2016-12-14,2016,12,3.3103
1,dolar_venda,Taxa de câmbio - dólar americano (venda),R$/US$,diaria,2016-12-15,2016,12,3.383
1,dolar_venda,Taxa de câmbio - dólar americano (venda),R$/US$,diaria,2016-12-16,2016,12,3.3712
1,dolar_venda,Taxa de câmbio - dólar americano (venda),R$/US$,diaria,2016-12-19,2016,12,3.3778
1,dolar_venda,Taxa de câmbio - dólar americano (venda),R$/US$,diaria,2016-12-20,2016,12,3.3586
1,dolar_venda,Taxa de câmbio - dólar americano (venda),R$/US$,diaria,2016-12-21,2016,12,3.3297
1,dolar_venda,Taxa de câmbio - dólar americano (venda),R$/US$,diaria,2016-12-22,2016,12,3.3302
1,dolar_venda,Taxa de câmbio - dólar americano (venda),R$/US$,diaria,2016-12-23,2016,12,3.2696
1,dolar_venda,Taxa de câmbio - dólar americano (venda),R$/US$,diaria,2016-12-26,2016,12,3.2701
1,dolar_venda,Taxa de câmbio - dólar americano (venda),R$/US$,diaria,2016-12-27,2016,12,3.2776
1,dolar_venda,Taxa de câmbio - dólar americano (venda),R$/US$,diaria,2016-12-28,2016,12,3.2774
1,dolar_venda,Taxa de câmbio - dólar americano (venda),R$/US$,diaria,2016-12-29,2016,12,3.2591
1,dolar_venda,Taxa de câmbio - dólar americano (venda),R$/US$,diaria,2016-12-30,2016,12,3.2591
1,dolar_venda,Taxa de câmbio - dólar americano (venda),R$/US$,diaria,2017-01-02,2017,1,3.2729
1,dolar_venda,Taxa de câmbio - dólar americano (venda),R$/US$,diaria,2017-01-03,2017,1,3.2632
1,dolar_venda,Taxa de câmbio - dólar americano (venda),R$/US$,diaria,2017-01-04,2017,1,3.2333
1,dolar_venda,Taxa de câmbio - dólar americano (venda),R$/US$,diaria,2017-01-05,2017,1,3.2129
1,dolar_venda,Taxa de câmbio - dólar americano (venda),R$/US$,diaria,2017-01-06,2017,1,3.2057
1,dolar_venda,Taxa de câmbio - dólar americano (venda),R$/US$,diaria,2017-01-09,2017,1,3.2097
1,dolar_venda,Taxa de câmbio - dólar americano (venda),R$/US$,diaria,2017-01-10,2017,1,3.1918
1,dolar_venda,Taxa de câmbio - dólar americano (venda),R$/US$,diaria,2017-01-11,2017,1,3.2154
1,dolar_venda,Taxa de câmbio - dólar americano (venda),R$/US$,diaria,2017-01-12,2017,1,3.1661
1,dolar_venda,Taxa de câmbio - dólar americano (venda),R$/US$,diaria,2017-01-13,2017,1,3.2034
1,dolar_venda,Taxa de câmbio - dólar americano (venda),R$/US$,diaria,2017-01-16,2017,1,3.2234
1,dolar_venda,Taxa de câmbio - dólar americano (venda),R$/US$,diaria,2017-01-17,2017,1,3.21
1,dolar_venda,Taxa de câmbio - dólar americano (venda),R$/US$,diaria,2017-01-18,2017,1,3.2211
1,dolar_venda,Taxa de câmbio - dólar americano (venda),R$/US$,diaria,2017-01-19,2017,1,3.2113
1,dolar_venda,Taxa de câmbio - dólar americano (venda),R$/US$,diaria,2017-01-20,2017,1,3.1918
1,dolar_venda,Taxa de câmbio - dólar americano (venda),R$/US$,diaria,2017-01-23,2017,1,3.1609
1,dolar_venda,Taxa de câmbio - dólar americano (venda),R$/US$,diaria,2017-01-24,2017,1,3.1649
1,dolar_venda,Taxa de câmbio - dólar americano (venda),R$/US$,diaria,2017-01-25,2017,1,3.169
1,dolar_venda,Taxa de câmbio - dólar americano (venda),R$/US$,diaria,2017-01-26,2017,1,3.1804
1,dolar_venda,Taxa de câmbio - dólar americano (venda),R$/US$,diaria,2017-01-27,2017,1,3.1596
1,dolar_venda,Taxa de câmbio - dólar americano (venda),R$/US$,diaria,2017-01-30,2017,1,3.1316
1,dolar_venda,Taxa de câmbio - dólar americano (venda),R$/US$,diaria,2017-01-31,2017,1,3.127
1,dolar_venda,Taxa de câmbio - dólar americano (venda),R$/US$,diaria,2017-02-01,2017,2,3.1479
1,dolar_venda,Taxa de câmbio - dólar americano (venda),R$/US$,diaria,2017-02-02,2017,2,3.1196
1,dolar_venda,Taxa de câmbio - dólar americano (venda),R$/US$,diaria,2017-02-03,2017,2,3.1241
1,dolar_venda,Taxa de câmbio - dólar americano (venda),R$/US$,diaria,2017-02-06,2017,2,3.1179
1,dolar_venda,Taxa de câmbio - dólar americano (venda),R$/US$,diaria,2017-02-07,2017,2,3.1304
1,dolar_venda,Taxa de câmbio - dólar americano (venda),R$/US$,diaria,2017-02-08,2017,2,3.1255
1,dolar_venda,Taxa de câmbio - dólar americano (venda),R$/US$,diaria,2017-02-09,2017,2,3.1185
1,dolar_venda,Taxa de câmbio - dólar americano (venda),R$/US$,diaria,2017-02-10,2017,2,3.1155
1,dolar_venda,Taxa de câmbio - dólar americano (venda),R$/US$,diaria,2017-02-13,2017,2,3.1175
1,dolar_venda,Taxa de câmbio - dólar americano (venda),R$/US$,diaria,2017-02-14,2017,2,3.1004
1,dolar_venda,Taxa de câmbio - dólar americano (venda),R$/US$,diaria,2017-02-15,2017,2,3.0779
1,dolar_venda,Taxa de câmbio - dólar americano (venda),R$/US$,diaria,2017-02-16,2017,2,3.051
1,dolar_venda,Taxa de câmbio - dólar americano (venda),R$/US$,diaria,2017-02-17,2017,2,3.095
1,dolar_venda,Taxa de câmbio - dólar americano (venda),R$/US$,diaria,2017-02-20,2017,2,3.0918
1,dolar_venda,Taxa de câmbio - dólar americano (venda),R$/US$,diaria,2017-02-21,2017,2,3.097
1,dolar_venda,Taxa de câmbio - dólar americano (venda),R$/US$,diaria,2017-02-22,2017,2,3.0824
1,dolar_venda,Taxa de câmbio - dólar americano (venda),R$/US$,diaria,2017-02-23,2017,2,3.0638
1,dolar_venda,Taxa de câmbio - dólar americano (venda),R$/US$,diaria,2017-02-24,2017,2,3.0993
1,dolar_venda,Taxa de câmbio - dólar americano (venda),R$/US$,diaria,2017-03-01,2017,3,3.0976
1,dolar_venda,Taxa de câmbio - dólar americano (venda),R$/US$,diaria,2017-03-02,2017,3,3.1138
1,dolar_venda,Taxa de câmbio - dólar americano (venda),R$/US$,diaria,2017-03-03,2017,3,3.1364
1,dolar_venda,Taxa de câmbio - dólar americano (venda),R$/US$,diaria,2017-03-06,2017,3,3.1111
1,dolar_venda,Taxa de câmbio - dólar americano (venda),R$/US$,diaria,2017-03-07,2017,3,3.1185
1,dolar_venda,Taxa de câmbio - dólar americano (venda),R$/US$,diaria,2017-03-08,2017,3,3.1477
1,dolar_venda,Taxa de câmbio - dólar americano (venda),R$/US$,diaria,2017-03-09,2017,3,3.1735
1,dolar_venda,Taxa de câmbio - dólar americano (venda),R$/US$,diaria,2017-03-10,2017,3,3.1623
1,dolar_venda,Taxa de câmbio - dólar americano (venda),R$/US$,diaria,2017-03-13,2017,3,3.1541
1,dolar_venda,Taxa de câmbio - dólar americano (venda),R$/US$,diaria,2017-03-14,2017,3,3.1639
1,dolar_venda,Taxa de câmbio - dólar americano (venda),R$/US$,diaria,2017-03-15,2017,3,3.1629
1,dolar_venda,Taxa de câmbio - dólar americano (venda),R$/US$,diaria,2017-03-16,2017,3,3.108
1,dolar_venda,Taxa de câmbio - dólar americano (venda),R$/US$,diaria,2017-03-17,2017,3,3.1075
1,dolar_venda,Taxa de câmbio - dólar americano (venda),R$/US$,diaria,2017-03-20,2017,3,3.0898
1,dolar_venda,Taxa de câmbio - dólar americano (venda),R$/US$,diaria,2017-03-21,2017,3,3.0765
1,dolar_venda,Taxa de câmbio - dólar americano (venda),R$/US$,diaria,2017-03-22,2017,3,3.0939
1,dolar_venda,Taxa de câmbio - dólar americano (venda),R$/US$,diaria,2017-03-23,2017,3,3.1248
1,dolar_venda,Taxa de câmbio - dólar americano (venda),R$/US$,diaria,2017-03-24,2017,3,3.1282
1,dolar_venda,Taxa de câmbio - dólar americano (venda),R$/US$,diaria,2017-03-27,2017,3,3.1256
1,dolar_venda,Taxa de câmbio - dólar americano (venda),R$/US$,diaria,2017-03-28,2017,3,3.1303
1,dolar_venda,Taxa de câmbio - dólar americano (venda),R$/US$,diaria,2017-03-29,2017,3,3.1229
1,dolar_venda,Taxa de câmbio - dólar americano (venda),R$/US$,diaria,2017-03-30,2017,3,3.1247
1,dolar_venda,Taxa de câmbio - dólar americano (venda),R$/US$,diaria,2017-03-31,2017,3,3.1684
1,dolar_venda,Taxa de câmbio - dólar americano (venda),R$/US$,diaria,2017-04-03,2017,4,3.1167
1,dolar_venda,Taxa de câmbio - dólar americano (venda),R$/US$,diaria,2017-04-04,2017,4,3.1231
1,dolar_venda,Taxa de câmbio - dólar americano (venda),R$/US$,diaria,2017-04-05,2017,4,3.0923
1,dolar_venda,Taxa de câmbio - dólar americano (venda),R$/US$,diaria,2017-04-06,2017,4,3.116
1,dolar_venda,Taxa de câmbio - dólar americano (venda),R$/US$,diaria,2017-04-07,2017,4,3.1302
1,dolar_venda,Taxa de câmbio - dólar americano (venda),R$/US$,diaria,2017-04-10,2017,4,3.1409
1,dolar_venda,Taxa de câmbio - dólar americano (venda),R$/US$,diaria,2017-04-11,2017,4,3.1424
1,dolar_venda,Taxa de câmbio - dólar americano (venda),R$/US$,diaria,2017-04-12,2017,4,3.1463
1,dolar_venda,Taxa de câmbio - dólar americano (venda),R$/US$,diaria,2017-04-13,2017,4,3.1269
1,dolar_venda,Taxa de câmbio - dólar americano (venda),R$/US$,diaria,2017-04-17,2017,4,3.1036
1,dolar_venda,Taxa de câmbio - dólar americano (venda),R$/US$,diaria,2017-04-18,2017,4,3.0958
1,dolar_venda,Taxa de câmbio - dólar americano (venda),R$/US$,diaria,2017-04-19,2017,4,3.1294
1,dolar_venda,Taxa de câmbio - dólar americano (venda),R$/US$,diaria,2017-04-20,2017,4,3.1453
1,dolar_venda,Taxa de câmbio - dólar americano (venda),R$/US$,diaria,2017-04-24,2017,4,3.1251
1,dolar_venda,Taxa de câmbio - dólar americano (venda),R$/US$,diaria,2017-04-25,2017,4,3.1577
1,dolar_venda,Taxa de câmbio - dólar americano (venda),R$/US$,diaria,2017-04-26,2017,4,3.1847
1,dolar_venda,Taxa de câmbio - dólar americano (venda),R$/US$,diaria,2017-04-27,2017,4,3.1763
1,dolar_venda,Taxa de câmbio - dólar americano (venda),R$/US$,diaria,2017-04-28,2017,4,3.1984
1,dolar_venda,Taxa de câmbio - dólar americano (venda),R$/US$,diaria,2017-05-02,2017,5,3.1724
1,dolar_venda,Taxa de câmbio - dólar americano (venda),R$/US$,diaria,2017-05-03,2017,5,3.1489
1,dolar_venda,Taxa de câmbio - dólar americano (venda),R$/US$,diaria,2017-05-04,2017,5,3.178
1,dolar_venda,Taxa de câmbio - dólar americano (venda),R$/US$,diaria,2017-05-05,2017,5,3.1764
1,dolar_venda,Taxa de câmbio - dólar americano (venda),R$/US$,diaria,2017-05-08,2017,5,3.1938
1,dolar_venda,Taxa de câmbio - dólar americano (venda),R$/US$,diaria,2017-05-09,2017,5,3.1857
1,dolar_venda,Taxa de câmbio - dólar americano (venda),R$/US$,diaria,2017-05-10,2017,5,3.1606
1,dolar_venda,Taxa de câmbio - dólar americano (venda),R$/US$,diaria,2017-05-11,2017,5,3.1559
1,dolar_venda,Taxa de câmbio - dólar americano (venda),R$/US$,diaria,2017-05-12,2017,5,3.129
1,dolar_venda,Taxa de câmbio - dólar americano (venda),R$/US$,diaria,2017-05-15,2017,5,3.1011
1,dolar_venda,Taxa de câmbio - dólar americano (venda),R$/US$,diaria,2017-05-16,2017,5,3.0924
1,dolar_venda,Taxa de câmbio - dólar americano (venda),R$/US$,diaria,2017-05-17,2017,5,3.1076
1,dolar_venda,Taxa de câmbio - dólar americano (venda),R$/US$,diaria,2017-05-18,2017,5,3.3807
1,dolar_venda,Taxa de câmbio - dólar americano (venda),R$/US$,diaria,2017-05-19,2017,5,3.2878
1,dolar_venda,Taxa de câmbio - dólar americano (venda),R$/US$,diaria,2017-05-22,2017,5,3.2863
1,dolar_venda,Taxa de câmbio - dólar americano (venda),R$/US$,diaria,2017-05-23,2017,5,3.2654
1,dolar_venda,Taxa de câmbio - dólar americano (venda),R$/US$,diaria,2017-05-24,2017,5,3.2629
1,dolar_venda,Taxa de câmbio - dólar americano (venda),R$/US$,diaria,2017-05-25,2017,5,3.2824
1,dolar_venda,Taxa de câmbio - dólar americano (venda),R$/US$,diaria,2017-05-26,2017,5,3.2614
1,dolar_venda,Taxa de câmbio - dólar americano (venda),R$/US$,diaria,2017-05-29,2017,5,3.2709
1,dolar_venda,Taxa de câmbio - dólar americano (venda),R$/US$,diaria,2017-05-30,2017,5,3.2659
1,dolar_venda,Taxa de câmbio - dólar americano (venda),R$/US$,diaria,2017-05-31,2017,5,3.2437
1,dolar_venda,Taxa de câmbio - dólar americano (venda),R$/US$,diaria,2017-06-01,2017,6,3.2307
1,dolar_venda,Taxa de câmbio - dólar americano (venda),R$/US$,diaria,2017-06-02,2017,6,3.2401
1,dolar_venda,Taxa de câmbio - dólar americano (venda),R$/US$,diaria,2017-06-05,2017,6,3.282
1,dolar_venda,Taxa de câmbio - dólar americano (venda),R$/US$,diaria,2017-06-06,2017,6,3.2817
1,dolar_venda,Taxa de câmbio - dólar americano (venda),R$/US$,diaria,2017-06-07,2017,6,3.2747
1,dolar_venda,Taxa de câmbio - dólar americano (venda),R$/US$,diaria,2017-06-08,2017,6,3.2838
1,dolar_venda,Taxa de câmbio - dólar americano (venda),R$/US$,diaria,2017-06-09,2017,6,3.274
1,dolar_venda,Taxa de câmbio - dólar americano (venda),R$/US$,diaria,2017-06-12,2017,6,3.2986
1,dolar_venda,Taxa de câmbio - dólar americano (venda),R$/US$,diaria,2017-06-13,2017,6,3.3208
1,dolar_venda,Taxa de câmbio - dólar americano (venda),R$/US$,diaria,2017-06-14,2017,6,3.2836
1,dolar_venda,Taxa de câmbio - dólar americano (venda),R$/US$,diaria,2017-06-16,2017,6,3.2892
1,dolar_venda,Taxa de câmbio - dólar americano (venda),R$/US$,diaria,2017-06-19,2017,6,3.2975
1,dolar_venda,Taxa de câmbio - dólar americano (venda),R$/US$,diaria,2017-06-20,2017,6,3.3145
1,dolar_venda,Taxa de câmbio - dólar americano (venda),R$/US$,diaria,2017-06-21,2017,6,3.3247
1,dolar_venda,Taxa de câmbio - dólar americano (venda),R$/US$,diaria,2017-06-22,2017,6,3.3362
1,dolar_venda,Taxa de câmbio - dólar americano (venda),R$/US$,diaria,2017-06-23,2017,6,3.3342
1,dolar_venda,Taxa de câmbio - dólar americano (venda),R$/US$,diaria,2017-06-26,2017,6,3.3128
1,dolar_venda,Taxa de câmbio - dólar americano (venda),R$/US$,diaria,2017-06-27,2017,6,3.3172
1,dolar_venda,Taxa de câmbio - dólar americano (venda),R$/US$,diaria,2017-06-28,2017,6,3.303
1,dolar_venda,Taxa de câmbio - dólar americano (venda),R$/US$,diaria,2017-06-29,2017,6,3.2952
1,dolar_venda,Taxa de câmbio - dólar americano (venda),R$/US$,diaria,2017-06-30,2017,6,3.3082
1,dolar_venda,Taxa de câmbio - dólar americano (venda),R$/US$,diaria,2017-07-03,2017,7,3.3015
1,dolar_venda,Taxa de câmbio - dólar americano (venda),R$/US$,diaria,2017-07-04,2017,7,3.305
1,dolar_venda,Taxa de câmbio - dólar americano (venda),R$/US$,diaria,2017-07-05,2017,7,3.3193
1,dolar_venda,Taxa de câmbio - dólar americano (venda),R$/US$,diaria,2017-07-06,2017,7,3.3064
1,dolar_venda,Taxa de câmbio - dólar americano (venda),R$/US$,diaria,2017-07-07,2017,7,3.2895
1,dolar_venda,Taxa de câmbio - dólar americano (venda),R$/US$,diaria,2017-07-10,2017,7,3.265
1,dolar_venda,Taxa de câmbio - dólar americano (venda),R$/US$,diaria,2017-07-11,2017,7,3.2522
1,dolar_venda,Taxa de câmbio - dólar americano (venda),R$/US$,diaria,2017-07-12,2017,7,3.2264
1,dolar_venda,Taxa de câmbio - dólar americano (venda),R$/US$,diaria,2017-07-13,2017,7,3.2108
1,dolar_venda,Taxa de câmbio - dólar americano (venda),R$/US$,diaria,2017-07-14,2017,7,3.1899
1,dolar_venda,Taxa de câmbio - dólar americano (venda),R$/US$,diaria,2017-07-17,2017,7,3.1821
1,dolar_venda,Taxa de câmbio - dólar americano (venda),R$/US$,diaria,2017-07-18,2017,7,3.1668
1,dolar_venda,Taxa de câmbio - dólar americano (venda),R$/US$,diaria,2017-07-19,2017,7,3.1533
1,dolar_venda,Taxa de câmbio - dólar americano (venda),R$/US$,diaria,2017-07-20,2017,7,3.1402
1,dolar_venda,Taxa de câmbio - dólar americano (venda),R$/US$,diaria,2017-07-21,2017,7,3.1256
1,dolar_venda,Taxa de câmbio - dólar americano (venda),R$/US$,diaria,2017-07-24,2017,7,3.1459
1,dolar_venda,Taxa de câmbio - dólar americano (venda),R$/US$,diaria,2017-07-25,2017,7,3.1556
1,dolar_venda,Taxa de câmbio - dólar americano (venda),R$/US$,diaria,2017-07-26,2017,7,3.1657
1,dolar_venda,Taxa de câmbio - dólar americano (venda),R$/US$,diaria,2017-07-27,2017,7,3.1513
1,dolar_venda,Taxa de câmbio - dólar americano (venda),R$/US$,diaria,2017-07-28,2017,7,3.1457
1,dolar_venda,Taxa de câmbio - dólar americano (venda),R$/US$,diaria,2017-07-31,2017,7,3.1307
1,dolar_venda,Taxa de câmbio - dólar americano (venda),R$/US$,diaria,2017-08-01,2017,8,3.1161
1,dolar_venda,Taxa de câmbio - dólar americano (venda),R$/US$,diaria,2017-08-02,2017,8,3.1268
1,dolar_venda,Taxa de câmbio - dólar americano (venda),R$/US$,diaria,2017-08-03,2017,8,3.1194
1,dolar_venda,Taxa de câmbio - dólar americano (venda),R$/US$,diaria,2017-08-04,2017,8,3.1224
1,dolar_venda,Taxa de câmbio - dólar americano (venda),R$/US$,diaria,2017-08-07,2017,8,3.1267
1,dolar_venda,Taxa de câmbio - dólar americano (venda),R$/US$,diaria,2017-08-08,2017,8,3.132
1,dolar_venda,Taxa de câmbio - dólar americano (venda),R$/US$,diaria,2017-08-09,2017,8,3.1464
1,dolar_venda,Taxa de câmbio - dólar americano (venda),R$/US$,diaria,2017-08-10,2017,8,3.1543
1,dolar_venda,Taxa de câmbio - dólar americano (venda),R$/US$,diaria,2017-08-11,2017,8,3.1695
1,dolar_venda,Taxa de câmbio - dólar americano (venda),R$/US$,diaria,2017-08-14,2017,8,3.1888
1,dolar_venda,Taxa de câmbio - dólar americano (venda),R$/US$,diaria,2017-08-15,2017,8,3.1976
1,dolar_venda,Taxa de câmbio - dólar americano (venda),R$/US$,diaria,2017-08-16,2017,8,3.167
1,dolar_venda,Taxa de câmbio - dólar americano (venda),R$/US$,diaria,2017-08-17,2017,8,3.1603
1,dolar_venda,Taxa de câmbio - dólar americano (venda),R$/US$,diaria,2017-08-18,2017,8,3.1654
1,dolar_venda,Taxa de câmbio - dólar americano (venda),R$/US$,diaria,2017-08-21,2017,8,3.1443
1,dolar_venda,Taxa de câmbio - dólar americano (venda),R$/US$,diaria,2017-08-22,2017,8,3.1539
1,dolar_venda,Taxa de câmbio - dólar americano (venda),R$/US$,diaria,2017-08-23,2017,8,3.1569
1,dolar_venda,Taxa de câmbio - dólar americano (venda),R$/US$,diaria,2017-08-24,2017,8,3.1404
1,dolar_venda,Taxa de câmbio - dólar americano (venda),R$/US$,diaria,2017-08-25,2017,8,3.1462
1,dolar_venda,Taxa de câmbio - dólar americano (venda),R$/US$,diaria,2017-08-28,2017,8,3.1563
1,dolar_venda,Taxa de câmbio - dólar americano (venda),R$/US$,diaria,2017-08-29,2017,8,3.1695
1,dolar_venda,Taxa de câmbio - dólar americano (venda),R$/US$,diaria,2017-08-30,2017,8,3.1638
1,dolar_venda,Taxa de câmbio - dólar americano (venda),R$/US$,diaria,2017-08-31,2017,8,3.1471
1,dolar_venda,Taxa de câmbio - dólar americano (venda),R$/US$,diaria,2017-09-01,2017,9,3.1333
1,dolar_venda,Taxa de câmbio - dólar americano (venda),R$/US$,diaria,2017-09-04,2017,9,3.1389
1,dolar_venda,Taxa de câmbio - dólar americano (venda),R$/US$,diaria,2017-09-05,2017,9,3.1203
1,dolar_venda,Taxa de câmbio - dólar americano (venda),R$/US$,diaria,2017-09-06,2017,9,3.1133
1,dolar_venda,Taxa de câmbio - dólar americano (venda),R$/US$,diaria,2017-09-08,2017,9,3.0908
1,dolar_venda,Taxa de câmbio - dólar americano (venda),R$/US$,diaria,2017-09-11,2017,9,3.0852
1,dolar_venda,Taxa de câmbio - dólar americano (venda),R$/US$,diaria,2017-09-12,2017,9,3.1144
1,dolar_venda,Taxa de câmbio - dólar americano (venda),R$/US$,diaria,2017-09-13,2017,9,3.1343
1,dolar_venda,Taxa de câmbio - dólar americano (venda),R$/US$,diaria,2017-09-14,2017,9,3.1354
1,dolar_venda,Taxa de câmbio - dólar americano (venda),R$/US$,diaria,2017-09-15,2017,9,3.1255
1,dolar_venda,Taxa de câmbio - dólar americano (venda),R$/US$,diaria,2017-09-18,2017,9,3.1239
1,dolar_venda,Taxa de câmbio - dólar americano (venda),R$/US$,diaria,2017-09-19,2017,9,3.1323
1,dolar_venda,Taxa de câmbio - dólar americano (venda),R$/US$,diaria,2017-09-20,2017,9,3.1281
1,dolar_venda,Taxa de câmbio - dólar americano (venda),R$/US$,diaria,2017-09-21,2017,9,3.1347
1,dolar_venda,Taxa de câmbio - dólar americano (venda),R$/US$,diaria,2017-09-22,2017,9,3.1285
1,dolar_venda,Taxa de câmbio - dólar americano (venda),R$/US$,diaria,2017-09-25,2017,9,3.1412
1,dolar_venda,Taxa de câmbio - dólar americano (venda),R$/US$,diaria,2017-09-26,2017,9,3.1674
1,dolar_venda,Taxa de câmbio - dólar americano (venda),R$/US$,diaria,2017-09-27,2017,9,3.1932
1,dolar_venda,Taxa de câmbio - dólar americano (venda),R$/US$,diaria,2017-09-28,2017,9,3.1871
1,dolar_venda,Taxa de câmbio - dólar americano (venda),R$/US$,diaria,2017-09-29,2017,9,3.168
1,dolar_venda,Taxa de câmbio - dólar americano (venda),R$/US$,diaria,2017-10-02,2017,10,3.1642
1,dolar_venda,Taxa de câmbio - dólar americano (venda),R$/US$,diaria,2017-10-03,2017,10,3.1502
1,dolar_venda,Taxa de câmbio - dólar americano (venda),R$/US$,diaria,2017-10-04,2017,10,3.1315
1,dolar_venda,Taxa de câmbio - dólar americano (venda),R$/US$,diaria,2017-10-05,2017,10,3.1347
1,dolar_venda,Taxa de câmbio - dólar americano (venda),R$/US$,diaria,2017-10-06,2017,10,3.1648
1,dolar_venda,Taxa de câmbio - dólar americano (venda),R$/US$,diaria,2017-10-09,2017,10,3.177
1,dolar_venda,Taxa de câmbio - dólar americano (venda),R$/US$,diaria,2017-10-10,2017,10,3.1688
1,dolar_venda,Taxa de câmbio - dólar americano (venda),R$/US$,diaria,2017-10-11,2017,10,3.1639
1,dolar_venda,Taxa de câmbio - dólar americano (venda),R$/US$,diaria,2017-10-13,2017,10,3.1572
1,dolar_venda,Taxa de câmbio - dólar americano (venda),R$/US$,diaria,2017-10-16,2017,10,3.1607
1,dolar_venda,Taxa de câmbio - dólar americano (venda),R$/US$,diaria,2017-10-17,2017,10,3.1769
1,dolar_venda,Taxa de câmbio - dólar americano (venda),R$/US$,diaria,2017-10-18,2017,10,3.1673
1,dolar_venda,Taxa de câmbio - dólar americano (venda),R$/US$,diaria,2017-10-19,2017,10,3.1732
1,dolar_venda,Taxa de câmbio - dólar americano (venda),R$/US$,diaria,2017-10-20,2017,10,3.1833
1,dolar_venda,Taxa de câmbio - dólar americano (venda),R$/US$,diaria,2017-10-23,2017,10,3.2003
1,dolar_venda,Taxa de câmbio - dólar americano (venda),R$/US$,diaria,2017-10-24,2017,10,3.247
1,dolar_venda,Taxa de câmbio - dólar americano (venda),R$/US$,diaria,2017-10-25,2017,10,3.2387
1,dolar_venda,Taxa de câmbio - dólar americano (venda),R$/US$,diaria,2017-10-26,2017,10,3.2444
1,dolar_venda,Taxa de câmbio - dólar americano (venda),R$/US$,diaria,2017-10-27,2017,10,3.2801
1,dolar_venda,Taxa de câmbio - dólar americano (venda),R$/US$,diaria,2017-10-30,2017,10,3.2547
1,dolar_venda,Taxa de câmbio - dólar americano (venda),R$/US$,diaria,2017-10-31,2017,10,3.2769
1,dolar_venda,Taxa de câmbio - dólar americano (venda),R$/US$,diaria,2017-11-01,2017,11,3.2736
1,dolar_venda,Taxa de câmbio - dólar americano (venda),R$/US$,diaria,2017-11-03,2017,11,3.292
1,dolar_venda,Taxa de câmbio - dólar americano (venda),R$/US$,diaria,2017-11-06,2017,11,3.2851
1,dolar_venda,Taxa de câmbio - dólar americano (venda),R$/US$,diaria,2017-11-07,2017,11,3.2733
1,dolar_venda,Taxa de câmbio - dólar americano (venda),R$/US$,diaria,2017-11-08,2017,11,3.2509
1,dolar_venda,Taxa de câmbio - dólar americano (venda),R$/US$,diaria,2017-11-09,2017,11,3.2515
1,dolar_venda,Taxa de câmbio - dólar americano (venda),R$/US$,diaria,2017-11-10,2017,11,3.2661
1,dolar_venda,Taxa de câmbio - dólar americano (venda),R$/US$,diaria,2017-11-13,2017,11,3.2873
1,dolar_venda,Taxa de câmbio - dólar americano (venda),R$/US$,diaria,2017-11-14,2017,11,3.2834
1,dolar_venda,Taxa de câmbio - dólar americano (venda),R$/US$,diaria,2017-11-16,2017,11,3.2808
1,dolar_venda,Taxa de câmbio - dólar americano (venda),R$/US$,diaria,2017-11-17,2017,11,3.2788
1,dolar_venda,Taxa de câmbio - dólar americano (venda),R$/US$,diaria,2017-11-20,2017,11,3.2623
1,dolar_venda,Taxa de câmbio - dólar americano (venda),R$/US$,diaria,2017-11-21,2017,11,3.2591
1,dolar_venda,Taxa de câmbio - dólar americano (venda),R$/US$,diaria,2017-11-22,2017,11,3.2561
1,dolar_venda,Taxa de câmbio - dólar americano (venda),R$/US$,diaria,2017-11-23,2017,11,3.2371
1,dolar_venda,Taxa de câmbio - dólar americano (venda),R$/US$,diaria,2017-11-24,2017,11,3.23
1,dolar_venda,Taxa de câmbio - dólar americano (venda),R$/US$,diaria,2017-11-27,2017,11,3.2218
1,dolar_venda,Taxa de câmbio - dólar americano (venda),R$/US$,diaria,2017-11-28,2017,11,3.2232
1,dolar_venda,Taxa de câmbio - dólar americano (venda),R$/US$,diaria,2017-11-29,2017,11,3.2136
1,dolar_venda,Taxa de câmbio - dólar americano (venda),R$/US$,diaria,2017-11-30,2017,11,3.2616
1,dolar_venda,Taxa de câmbio - dólar americano (venda),R$/US$,diaria,2017-12-01,2017,12,3.2636
1,dolar_venda,Taxa de câmbio - dólar americano (venda),R$/US$,diaria,2017-12-04,2017,12,3.2506
1,dolar_venda,Taxa de câmbio - dólar americano (venda),R$/US$,diaria,2017-12-05,2017,12,3.2322
1,dolar_venda,Taxa de câmbio - dólar americano (venda),R$/US$,diaria,2017-12-06,2017,12,3.2354
1,dolar_venda,Taxa de câmbio - dólar americano (venda),R$/US$,diaria,2017-12-07,2017,12,3.2892
1,dolar_venda,Taxa de câmbio - dólar americano (venda),R$/US$,diaria,2017-12-08,2017,12,3.2811
1,dolar_venda,Taxa de câmbio - dólar americano (venda),R$/US$,diaria,2017-12-11,2017,12,3.2845
1,dolar_venda,Taxa de câmbio - dólar americano (venda),R$/US$,diaria,2017-12-12,2017,12,3.3149
1,dolar_venda,Taxa de câmbio - dólar americano (venda),R$/US$,diaria,2017-12-13,2017,12,3.3036
1,dolar_venda,Taxa de câmbio - dólar americano (venda),R$/US$,diaria,2017-12-14,2017,12,3.3332
1,dolar_venda,Taxa de câmbio - dólar americano (venda),R$/US$,diaria,2017-12-15,2017,12,3.3182
1,dolar_venda,Taxa de câmbio - dólar americano (venda),R$/US$,diaria,2017-12-18,2017,12,3.2881
1,dolar_venda,Taxa de câmbio - dólar americano (venda),R$/US$,diaria,2017-12-19,2017,12,3.2883
1,dolar_venda,Taxa de câmbio - dólar americano (venda),R$/US$,diaria,2017-12-20,2017,12,3.2909
1,dolar_venda,Taxa de câmbio - dólar americano (venda),R$/US$,diaria,2017-12-21,2017,12,3.3045
1,dolar_venda,Taxa de câmbio - dólar americano (venda),R$/US$,diaria,2017-12-22,2017,12,3.3209
1,dolar_venda,Taxa de câmbio - dólar americano (venda),R$/US$,diaria,2017-12-26,2017,12,3.32
1,dolar_venda,Taxa de câmbio - dólar americano (venda),R$/US$,diaria,2017-12-27,2017,12,3.3031
1,dolar_venda,Taxa de câmbio - dólar americano (venda),R$/US$,diaria,2017-12-28,2017,12,3.308
1,dolar_venda,Taxa de câmbio - dólar americano (venda),R$/US$,diaria,2017-12-29,2017,12,3.308
1,dolar_venda,Taxa de câmbio - dólar americano (venda),R$/US$,diaria,2018-01-02,2018,1,3.2697
1,dolar_venda,Taxa de câmbio - dólar americano (venda),R$/US$,diaria,2018-01-03,2018,1,3.2535
1,dolar_venda,Taxa de câmbio - dólar americano (venda),R$/US$,diaria,2018-01-04,2018,1,3.2318
1,dolar_venda,Taxa de câmbio - dólar americano (venda),R$/US$,diaria,2018-01-05,2018,1,3.2409
1,dolar_venda,Taxa de câmbio - dólar americano (venda),R$/US$,diaria,2018-01-08,2018,1,3.2357
1,dolar_venda,Taxa de câmbio - dólar americano (venda),R$/US$,diaria,2018-01-09,2018,1,3.2397
1,dolar_venda,Taxa de câmbio - dólar americano (venda),R$/US$,diaria,2018-01-10,2018,1,3.2467
1,dolar_venda,Taxa de câmbio - dólar americano (venda),R$/US$,diaria,2018-01-11,2018,1,3.2301
1,dolar_venda,Taxa de câmbio - dólar americano (venda),R$/US$,diaria,2018-01-12,2018,1,3.2197
1,dolar_venda,Taxa de câmbio - dólar americano (venda),R$/US$,diaria,2018-01-15,2018,1,3.1963
1,dolar_venda,Taxa de câmbio - dólar americano (venda),R$/US$,diaria,2018-01-16,2018,1,3.2219
1,dolar_venda,Taxa de câmbio - dólar americano (venda),R$/US$,diaria,2018-01-17,2018,1,3.2324
1,dolar_venda,Taxa de câmbio - dólar americano (venda),R$/US$,diaria,2018-01-18,2018,1,3.2129
1,dolar_venda,Taxa de câmbio - dólar americano (venda),R$/US$,diaria,2018-01-19,2018,1,3.2087
1,dolar_venda,Taxa de câmbio - dólar americano (venda),R$/US$,diaria,2018-01-22,2018,1,3.1934
1,dolar_venda,Taxa de câmbio - dólar americano (venda),R$/US$,diaria,2018-01-23,2018,1,3.2249
1,dolar_venda,Taxa de câmbio - dólar americano (venda),R$/US$,diaria,2018-01-24,2018,1,3.197
1,dolar_venda,Taxa de câmbio - dólar americano (venda),R$/US$,diaria,2018-01-25,2018,1,3.1391
1,dolar_venda,Taxa de câmbio - dólar americano (venda),R$/US$,diaria,2018-01-26,2018,1,3.145
1,dolar_venda,Taxa de câmbio - dólar americano (venda),R$/US$,diaria,2018-01-29,2018,1,3.1655
1,dolar_venda,Taxa de câmbio - dólar americano (venda),R$/US$,diaria,2018-01-30,2018,1,3.1661
1,dolar_venda,Taxa de câmbio - dólar americano (venda),R$/US$,diaria,2018-01-31,2018,1,3.1624
1,dolar_venda,Taxa de câmbio - dólar americano (venda),R$/US$,diaria,2018-02-01,2018,2,3.173
1,dolar_venda,Taxa de câmbio - dólar americano (venda),R$/US$,diaria,2018-02-02,2018,2,3.206
1,dolar_venda,Taxa de câmbio - dólar americano (venda),R$/US$,diaria,2018-02-05,2018,2,3.2355
1,dolar_venda,Taxa de câmbio - dólar americano (venda),R$/US$,diaria,2018-02-06,2018,2,3.2613
1,dolar_venda,Taxa de câmbio - dólar americano (venda),R$/US$,diaria,2018-02-07,2018,2,3.2467
1,dolar_venda,Taxa de câmbio - dólar americano (venda),R$/US$,diaria,2018-02-08,2018,2,3.2692
1,dolar_venda,Taxa de câmbio - dólar americano (venda),R$/US$,diaria,2018-02-09,2018,2,3.2821
1,dolar_venda,Taxa de câmbio - dólar americano (venda),R$/US$,diaria,2018-02-14,2018,2,3.2536
1,dolar_venda,Taxa de câmbio - dólar americano (venda),R$/US$,diaria,2018-02-15,2018,2,3.2208
1,dolar_venda,Taxa de câmbio - dólar americano (venda),R$/US$,diaria,2018-02-16,2018,2,3.2381
1,dolar_venda,Taxa de câmbio - dólar americano (venda),R$/US$,diaria,2018-02-19,2018,2,3.2347
1,dolar_venda,Taxa de câmbio - dólar americano (venda),R$/US$,diaria,2018-02-20,2018,2,3.2507
1,dolar_venda,Taxa de câmbio - dólar americano (venda),R$/US$,diaria,2018-02-21,2018,2,3.2555
1,dolar_venda,Taxa de câmbio - dólar americano (venda),R$/US$,diaria,2018-02-22,2018,2,3.2598
1,dolar_venda,Taxa de câmbio - dólar americano (venda),R$/US$,diaria,2018-02-23,2018,2,3.2417
1,dolar_venda,Taxa de câmbio - dólar americano (venda),R$/US$,diaria,2018-02-26,2018,2,3.2351
1,dolar_venda,Taxa de câmbio - dólar americano (venda),R$/US$,diaria,2018-02-27,2018,2,3.2383
1,dolar_venda,Taxa de câmbio - dólar americano (venda),R$/US$,diaria,2018-02-28,2018,2,3.2449
1,dolar_venda,Taxa de câmbio - dólar americano (venda),R$/US$,diaria,2018-03-01,2018,3,3.262
1,dolar_venda,Taxa de câmbio - dólar americano (venda),R$/US$,diaria,2018-03-02,2018,3,3.2614
1,dolar_venda,Taxa de câmbio - dólar americano (venda),R$/US$,diaria,2018-03-05,2018,3,3.2582
1,dolar_venda,Taxa de câmbio - dólar americano (venda),R$/US$,diaria,2018-03-06,2018,3,3.2246
1,dolar_venda,Taxa de câmbio - dólar americano (venda),R$/US$,diaria,2018-03-07,2018,3,3.2318
1,dolar_venda,Taxa de câmbio - dólar americano (venda),R$/US$,diaria,2018-03-08,2018,3,3.2518
1,dolar_venda,Taxa de câmbio - dólar americano (venda),R$/US$,diaria,2018-03-09,2018,3,3.2496
1,dolar_venda,Taxa de câmbio - dólar americano (venda),R$/US$,diaria,2018-03-12,2018,3,3.2606
1,dolar_venda,Taxa de câmbio - dólar americano (venda),R$/US$,diaria,2018-03-13,2018,3,3.2492
1,dolar_venda,Taxa de câmbio - dólar americano (venda),R$/US$,diaria,2018-03-14,2018,3,3.2584
1,dolar_venda,Taxa de câmbio - dólar americano (venda),R$/US$,diaria,2018-03-15,2018,3,3.2859
1,dolar_venda,Taxa de câmbio - dólar americano (venda),R$/US$,diaria,2018-03-16,2018,3,3.2905
1,dolar_venda,Taxa de câmbio - dólar americano (venda),R$/US$,diaria,2018-03-19,2018,3,3.2911
1,dolar_venda,Taxa de câmbio - dólar americano (venda),R$/US$,diaria,2018-03-20,2018,3,3.2981
1,dolar_venda,Taxa de câmbio - dólar americano (venda),R$/US$,diaria,2018-03-21,2018,3,3.2921
1,dolar_venda,Taxa de câmbio - dólar americano (venda),R$/US$,diaria,2018-03-22,2018,3,3.3033
1,dolar_venda,Taxa de câmbio - dólar americano (venda),R$/US$,diaria,2018-03-23,2018,3,3.3041
1,dolar_venda,Taxa de câmbio - dólar americano (venda),R$/US$,diaria,2018-03-26,2018,3,3.3034
1,dolar_venda,Taxa de câmbio - dólar americano (venda),R$/US$,diaria,2018-03-27,2018,3,3.3256
1,dolar_venda,Taxa de câmbio - dólar americano (venda),R$/US$,diaria,2018-03-28,2018,3,3.338
1,dolar_venda,Taxa de câmbio - dólar americano (venda),R$/US$,diaria,2018-03-29,2018,3,3.3238
1,dolar_venda,Taxa de câmbio - dólar americano (venda),R$/US$,diaria,2018-04-02,2018,4,3.3104
1,dolar_venda,Taxa de câmbio - dólar americano (venda),R$/US$,diaria,2018-04-03,2018,4,3.3139
1,dolar_venda,Taxa de câmbio - dólar americano (venda),R$/US$,diaria,2018-04-04,2018,4,3.3538
1,dolar_venda,Taxa de câmbio - dólar americano (venda),R$/US$,diaria,2018-04-05,2018,4,3.3196
1,dolar_venda,Taxa de câmbio - dólar americano (venda),R$/US$,diaria,2018-04-06,2018,4,3.3666
1,dolar_venda,Taxa de câmbio - dólar americano (venda),R$/US$,diaria,2018-04-09,2018,4,3.3903
1,dolar_venda,Taxa de câmbio - dólar americano (venda),R$/US$,diaria,2018-04-10,2018,4,3.4195
1,dolar_venda,Taxa de câmbio - dólar americano (venda),R$/US$,diaria,2018-04-11,2018,4,3.4052
1,dolar_venda,Taxa de câmbio - dólar americano (venda),R$/US$,diaria,2018-04-12,2018,4,3.3858
1,dolar_venda,Taxa de câmbio - dólar americano (venda),R$/US$,diaria,2018-04-13,2018,4,3.4105
1,dolar_venda,Taxa de câmbio - dólar americano (venda),R$/US$,diaria,2018-04-16,2018,4,3.4263
1,dolar_venda,Taxa de câmbio - dólar americano (venda),R$/US$,diaria,2018-04-17,2018,4,3.4041
1,dolar_venda,Taxa de câmbio - dólar americano (venda),R$/US$,diaria,2018-04-18,2018,4,3.3844
1,dolar_venda,Taxa de câmbio - dólar americano (venda),R$/US$,diaria,2018-04-19,2018,4,3.3977
1,dolar_venda,Taxa de câmbio - dólar americano (venda),R$/US$,diaria,2018-04-20,2018,4,3.4101
1,dolar_venda,Taxa de câmbio - dólar americano (venda),R$/US$,diaria,2018-04-23,2018,4,3.4421
1,dolar_venda,Taxa de câmbio - dólar americano (venda),R$/US$,diaria,2018-04-24,2018,4,3.4667
1,dolar_venda,Taxa de câmbio - dólar americano (venda),R$/US$,diaria,2018-04-25,2018,4,3.504
1,dolar_venda,Taxa de câmbio - dólar americano (venda),R$/US$,diaria,2018-04-26,2018,4,3.4977
1,dolar_venda,Taxa de câmbio - dólar americano (venda),R$/US$,diaria,2018-04-27,2018,4,3.4676
1,dolar_venda,Taxa de câmbio - dólar americano (venda),R$/US$,diaria,2018-04-30,2018,4,3.4811
1,dolar_venda,Taxa de câmbio - dólar americano (venda),R$/US$,diaria,2018-05-02,2018,5,3.5424
1,dolar_venda,Taxa de câmbio - dólar americano (venda),R$/US$,diaria,2018-05-03,2018,5,3.5484
1,dolar_venda,Taxa de câmbio - dólar americano (venda),R$/US$,diaria,2018-05-04,2018,5,3.5308
1,dolar_venda,Taxa de câmbio - dólar americano (venda),R$/US$,diaria,2018-05-07,2018,5,3.5458
1,dolar_venda,Taxa de câmbio - dólar americano (venda),R$/US$,diaria,2018-05-08,2018,5,3.5788
1,dolar_venda,Taxa de câmbio - dólar americano (venda),R$/US$,diaria,2018-05-09,2018,5,3.5943
1,dolar_venda,Taxa de câmbio - dólar americano (venda),R$/US$,diaria,2018-05-10,2018,5,3.5566
1,dolar_venda,Taxa de câmbio - dólar americano (venda),R$/US$,diaria,2018-05-11,2018,5,3.5716
1,dolar_venda,Taxa de câmbio - dólar americano (venda),R$/US$,diaria,2018-05-14,2018,5,3.6097
1,dolar_venda,Taxa de câmbio - dólar americano (venda),R$/US$,diaria,2018-05-15,2018,5,3.6753
1,dolar_venda,Taxa de câmbio - dólar americano (venda),R$/US$,diaria,2018-05-16,2018,5,3.6803
1,dolar_venda,Taxa de câmbio - dólar americano (venda),R$/US$,diaria,2018-05-17,2018,5,3.6874
1,dolar_venda,Taxa de câmbio - dólar americano (venda),R$/US$,diaria,2018-05-18,2018,5,3.7503
1,dolar_venda,Taxa de câmbio - dólar americano (venda),R$/US$,diaria,2018-05-21,2018,5,3.7072
1,dolar_venda,Taxa de câmbio - dólar americano (venda),R$/US$,diaria,2018-05-22,2018,5,3.6502
1,dolar_venda,Taxa de câmbio - dólar americano (venda),R$/US$,diaria,2018-05-23,2018,5,3.6507
1,dolar_venda,Taxa de câmbio - dólar americano (venda),R$/US$,diaria,2018-05-24,2018,5,3.6436
1,dolar_venda,Taxa de câmbio - dólar americano (venda),R$/US$,diaria,2018-05-25,2018,5,3.6587
1,dolar_venda,Taxa de câmbio - dólar americano (venda),R$/US$,diaria,2018-05-28,2018,5,3.7092
1,dolar_venda,Taxa de câmbio - dólar americano (venda),R$/US$,diaria,2018-05-29,2018,5,3.7289
1,dolar_venda,Taxa de câmbio - dólar americano (venda),R$/US$,diaria,2018-05-30,2018,5,3.737
1,dolar_venda,Taxa de câmbio - dólar americano (venda),R$/US$,diaria,2018-06-01,2018,6,3.7413
1,dolar_venda,Taxa de câmbio - dólar americano (venda),R$/US$,diaria,2018-06-04,2018,6,3.7424
1,dolar_venda,Taxa de câmbio - dólar americano (venda),R$/US$,diaria,2018-06-05,2018,6,3.7752
1,dolar_venda,Taxa de câmbio - dólar americano (venda),R$/US$,diaria,2018-06-06,2018,6,3.8193
1,dolar_venda,Taxa de câmbio - dólar americano (venda),R$/US$,diaria,2018-06-07,2018,6,3.9
1,dolar_venda,Taxa de câmbio - dólar americano (venda),R$/US$,diaria,2018-06-08,2018,6,3.7859
1,dolar_venda,Taxa de câmbio - dólar americano (venda),R$/US$,diaria,2018-06-11,2018,6,3.6913
1,dolar_venda,Taxa de câmbio - dólar americano (venda),R$/US$,diaria,2018-06-12,2018,6,3.7044
1,dolar_venda,Taxa de câmbio - dólar americano (venda),R$/US$,diaria,2018-06-13,2018,6,3.7054
1,dolar_venda,Taxa de câmbio - dólar americano (venda),R$/US$,diaria,2018-06-14,2018,6,3.7057
1,dolar_venda,Taxa de câmbio - dólar americano (venda),R$/US$,diaria,2018-06-15,2018,6,3.7738
1,dolar_venda,Taxa de câmbio - dólar americano (venda),R$/US$,diaria,2018-06-18,2018,6,3.7543
1,dolar_venda,Taxa de câmbio - dólar americano (venda),R$/US$,diaria,2018-06-19,2018,6,3.7566
1,dolar_venda,Taxa de câmbio - dólar americano (venda),R$/US$,diaria,2018-06-20,2018,6,3.7335
1,dolar_venda,Taxa de câmbio - dólar americano (venda),R$/US$,diaria,2018-06-21,2018,6,3.7894
1,dolar_venda,Taxa de câmbio - dólar americano (venda),R$/US$,diaria,2018-06-22,2018,6,3.7663
1,dolar_venda,Taxa de câmbio - dólar americano (venda),R$/US$,diaria,2018-06-25,2018,6,3.776
1,dolar_venda,Taxa de câmbio - dólar americano (venda),R$/US$,diaria,2018-06-26,2018,6,3.7721
1,dolar_venda,Taxa de câmbio - dólar americano (venda),R$/US$,diaria,2018-06-27,2018,6,3.8358
1,dolar_venda,Taxa de câmbio - dólar americano (venda),R$/US$,diaria,2018-06-28,2018,6,3.8521
1,dolar_venda,Taxa de câmbio - dólar americano (venda),R$/US$,diaria,2018-06-29,2018,6,3.8558
1,dolar_venda,Taxa de câmbio - dólar americano (venda),R$/US$,diaria,2018-07-02,2018,7,3.9055
1,dolar_venda,Taxa de câmbio - dólar americano (venda),R$/US$,diaria,2018-07-03,2018,7,3.892
1,dolar_venda,Taxa de câmbio - dólar americano (venda),R$/US$,diaria,2018-07-04,2018,7,3.9058
1,dolar_venda,Taxa de câmbio - dólar americano (venda),R$/US$,diaria,2018-07-05,2018,7,3.9192
1,dolar_venda,Taxa de câmbio - dólar americano (venda),R$/US$,diaria,2018-07-06,2018,7,3.9264
1,dolar_venda,Taxa de câmbio - dólar americano (venda),R$/US$,diaria,2018-07-09,2018,7,3.8692
1,dolar_venda,Taxa de câmbio - dólar americano (venda),R$/US$,diaria,2018-07-10,2018,7,3.8452
1,dolar_venda,Taxa de câmbio - dólar americano (venda),R$/US$,diaria,2018-07-11,2018,7,3.8417
1,dolar_venda,Taxa de câmbio - dólar americano (venda),R$/US$,diaria,2018-07-12,2018,7,3.8564
1,dolar_venda,Taxa de câmbio - dólar americano (venda),R$/US$,diaria,2018-07-13,2018,7,3.8745
1,dolar_venda,Taxa de câmbio - dólar americano (venda),R$/US$,diaria,2018-07-16,2018,7,3.8579
1,dolar_venda,Taxa de câmbio - dólar americano (venda),R$/US$,diaria,2018-07-17,2018,7,3.8671
1,dolar_venda,Taxa de câmbio - dólar americano (venda),R$/US$,diaria,2018-07-18,2018,7,3.8474
1,dolar_venda,Taxa de câmbio - dólar americano (venda),R$/US$,diaria,2018-07-19,2018,7,3.8847
1,dolar_venda,Taxa de câmbio - dólar americano (venda),R$/US$,diaria,2018-07-20,2018,7,3.7793
1,dolar_venda,Taxa de câmbio - dólar americano (venda),R$/US$,diaria,2018-07-23,2018,7,3.7915
1,dolar_venda,Taxa de câmbio - dólar americano (venda),R$/US$,diaria,2018-07-24,2018,7,3.7459
1,dolar_venda,Taxa de câmbio - dólar americano (venda),R$/US$,diaria,2018-07-25,2018,7,3.712
1,dolar_venda,Taxa de câmbio - dólar americano (venda),R$/US$,diaria,2018-07-26,2018,7,3.7243
1,dolar_venda,Taxa de câmbio - dólar americano (venda),R$/US$,diaria,2018-07-27,2018,7,3.7164
1,dolar_venda,Taxa de câmbio - dólar americano (venda),R$/US$,diaria,2018-07-30,2018,7,3.7155
1,dolar_venda,Taxa de câmbio - dólar americano (venda),R$/US$,diaria,2018-07-31,2018,7,3.7549
1,dolar_venda,Taxa de câmbio - dólar americano (venda),R$/US$,diaria,2018-08-01,2018,8,3.7491
1,dolar_venda,Taxa de câmbio - dólar americano (venda),R$/US$,diaria,2018-08-02,2018,8,3.7645
1,dolar_venda,Taxa de câmbio - dólar americano (venda),R$/US$,diaria,2018-08-03,2018,8,3.7201
1,dolar_venda,Taxa de câmbio - dólar americano (venda),R$/US$,diaria,2018-08-06,2018,8,3.7214
1,dolar_venda,Taxa de câmbio - dólar americano (venda),R$/US$,diaria,2018-08-07,2018,8,3.7118
1,dolar_venda,Taxa de câmbio - dólar americano (venda),R$/US$,diaria,2018-08-08,2018,8,3.7519
1,dolar_venda,Taxa de câmbio - dólar americano (venda),R$/US$,diaria,2018-08-09,2018,8,3.803
1,dolar_venda,Taxa de câmbio - dólar americano (venda),R$/US$,diaria,2018-08-10,2018,8,3.8472
1,dolar_venda,Taxa de câmbio - dólar americano (venda),R$/US$,diaria,2018-08-13,2018,8,3.8988
1,dolar_venda,Taxa de câmbio - dólar americano (venda),R$/US$,diaria,2018-08-14,2018,8,3.8812
1,dolar_venda,Taxa de câmbio - dólar americano (venda),R$/US$,diaria,2018-08-15,2018,8,3.9134
1,dolar_venda,Taxa de câmbio - dólar americano (venda),R$/US$,diaria,2018-08-16,2018,8,3.881
1,dolar_venda,Taxa de câmbio - dólar americano (venda),R$/US$,diaria,2018-08-17,2018,8,3.9389
1,dolar_venda,Taxa de câmbio - dólar americano (venda),R$/US$,diaria,2018-08-20,2018,8,3.943
1,dolar_venda,Taxa de câmbio - dólar americano (venda),R$/US$,diaria,2018-08-21,2018,8,3.9873
1,dolar_venda,Taxa de câmbio - dólar americano (venda),R$/US$,diaria,2018-08-22,2018,8,4.074
1,dolar_venda,Taxa de câmbio - dólar americano (venda),R$/US$,diaria,2018-08-23,2018,8,4.0727
1,dolar_venda,Taxa de câmbio - dólar americano (venda),R$/US$,diaria,2018-08-24,2018,8,4.0854
1,dolar_venda,Taxa de câmbio - dólar americano (venda),R$/US$,diaria,2018-08-27,2018,8,4.0687
1,dolar_venda,Taxa de câmbio - dólar americano (venda),R$/US$,diaria,2018-08-28,2018,8,4.1192
1,dolar_venda,Taxa de câmbio - dólar americano (venda),R$/US$,diaria,2018-08-29,2018,8,4.1353
1,dolar_venda,Taxa de câmbio - dólar americano (venda),R$/US$,diaria,2018-08-30,2018,8,4.1812
1,dolar_venda,Taxa de câmbio - dólar americano (venda),R$/US$,diaria,2018-08-31,2018,8,4.1353
1,dolar_venda,Taxa de câmbio - dólar americano (venda),R$/US$,diaria,2018-09-03,2018,9,4.1279
1,dolar_venda,Taxa de câmbio - dólar americano (venda),R$/US$,diaria,2018-09-04,2018,9,4.1652
1,dolar_venda,Taxa de câmbio - dólar americano (venda),R$/US$,diaria,2018-09-05,2018,9,4.1609
1,dolar_venda,Taxa de câmbio - dólar americano (venda),R$/US$,diaria,2018-09-06,2018,9,4.146
1,dolar_venda,Taxa de câmbio - dólar americano (venda),R$/US$,diaria,2018-09-10,2018,9,4.1007
1,dolar_venda,Taxa de câmbio - dólar americano (venda),R$/US$,diaria,2018-09-11,2018,9,4.1641
1,dolar_venda,Taxa de câmbio - dólar americano (venda),R$/US$,diaria,2018-09-12,2018,9,4.1259
1,dolar_venda,Taxa de câmbio - dólar americano (venda),R$/US$,diaria,2018-09-13,2018,9,4.1637
1,dolar_venda,Taxa de câmbio - dólar americano (venda),R$/US$,diaria,2018-09-14,2018,9,4.1879
1,dolar_venda,Taxa de câmbio - dólar americano (venda),R$/US$,diaria,2018-09-17,2018,9,4.1695
1,dolar_venda,Taxa de câmbio - dólar americano (venda),R$/US$,diaria,2018-09-18,2018,9,4.1369
1,dolar_venda,Taxa de câmbio - dólar americano (venda),R$/US$,diaria,2018-09-19,2018,9,4.1351
1,dolar_venda,Taxa de câmbio - dólar americano (venda),R$/US$,diaria,2018-09-20,2018,9,4.0997
1,dolar_venda,Taxa de câmbio - dólar americano (venda),R$/US$,diaria,2018-09-21,2018,9,4.0728
1,dolar_venda,Taxa de câmbio - dólar americano (venda),R$/US$,diaria,2018-09-24,2018,9,4.0594
1,dolar_venda,Taxa de câmbio - dólar americano (venda),R$/US$,diaria,2018-09-25,2018,9,4.1286
1,dolar_venda,Taxa de câmbio - dólar americano (venda),R$/US$,diaria,2018-09-26,2018,9,4.057
1,dolar_venda,Taxa de câmbio - dólar americano (venda),R$/US$,diaria,2018-09-27,2018,9,4.0092
1,dolar_venda,Taxa de câmbio - dólar americano (venda),R$/US$,diaria,2018-09-28,2018,9,4.0039
1,dolar_venda,Taxa de câmbio - dólar americano (venda),R$/US$,diaria,2018-10-01,2018,10,4.0273
1,dolar_venda,Taxa de câmbio - dólar americano (venda),R$/US$,diaria,2018-10-02,2018,10,3.9505
1,dolar_venda,Taxa de câmbio - dólar americano (venda),R$/US$,diaria,2018-10-03,2018,10,3.8542
1,dolar_venda,Taxa de câmbio - dólar americano (venda),R$/US$,diaria,2018-10-04,2018,10,3.9047
1,dolar_venda,Taxa de câmbio - dólar americano (venda),R$/US$,diaria,2018-10-05,2018,10,3.8699
1,dolar_venda,Taxa de câmbio - dólar americano (venda),R$/US$,diaria,2018-10-08,2018,10,3.7588
1,dolar_venda,Taxa de câmbio - dólar americano (venda),R$/US$,diaria,2018-10-09,2018,10,3.7391
1,dolar_venda,Taxa de câmbio - dólar americano (venda),R$/US$,diaria,2018-10-10,2018,10,3.751
1,dolar_venda,Taxa de câmbio - dólar americano (venda),R$/US$,diaria,2018-10-11,2018,10,3.746
1,dolar_venda,Taxa de câmbio - dólar americano (venda),R$/US$,diaria,2018-10-15,2018,10,3.7332
1,dolar_venda,Taxa de câmbio - dólar americano (venda),R$/US$,diaria,2018-10-16,2018,10,3.7079
1,dolar_venda,Taxa de câmbio - dólar americano (venda),R$/US$,diaria,2018-10-17,2018,10,3.7008
1,dolar_venda,Taxa de câmbio - dólar americano (venda),R$/US$,diaria,2018-10-18,2018,10,3.6963
1,dolar_venda,Taxa de câmbio - dólar americano (venda),R$/US$,diaria,2018-10-19,2018,10,3.7079
1,dolar_venda,Taxa de câmbio - dólar americano (venda),R$/US$,diaria,2018-10-22,2018,10,3.6903
1,dolar_venda,Taxa de câmbio - dólar americano (venda),R$/US$,diaria,2018-10-23,2018,10,3.708
1,dolar_venda,Taxa de câmbio - dólar americano (venda),R$/US$,diaria,2018-10-24,2018,10,3.706
1,dolar_venda,Taxa de câmbio - dólar americano (venda),R$/US$,diaria,2018-10-25,2018,10,3.7014
1,dolar_venda,Taxa de câmbio - dólar americano (venda),R$/US$,diaria,2018-10-26,2018,10,3.6753
1,dolar_venda,Taxa de câmbio - dólar americano (venda),R$/US$,diaria,2018-10-29,2018,10,3.6368
1,dolar_venda,Taxa de câmbio - dólar americano (venda),R$/US$,diaria,2018-10-30,2018,10,3.7019
1,dolar_venda,Taxa de câmbio - dólar americano (venda),R$/US$,diaria,2018-10-31,2018,10,3.7177
1,dolar_venda,Taxa de câmbio - dólar americano (venda),R$/US$,diaria,2018-11-01,2018,11,3.6973
1,dolar_venda,Taxa de câmbio - dólar americano (venda),R$/US$,diaria,2018-11-05,2018,11,3.7048
1,dolar_venda,Taxa de câmbio - dólar americano (venda),R$/US$,diaria,2018-11-06,2018,11,3.7492
1,dolar_venda,Taxa de câmbio - dólar americano (venda),R$/US$,diaria,2018-11-07,2018,11,3.7592
1,dolar_venda,Taxa de câmbio - dólar americano (venda),R$/US$,diaria,2018-11-08,2018,11,3.7391
1,dolar_venda,Taxa de câmbio - dólar americano (venda),R$/US$,diaria,2018-11-09,2018,11,3.7506
1,dolar_venda,Taxa de câmbio - dólar americano (venda),R$/US$,diaria,2018-11-12,2018,11,3.7478
1,dolar_venda,Taxa de câmbio - dólar americano (venda),R$/US$,diaria,2018-11-13,2018,11,3.7792
1,dolar_venda,Taxa de câmbio - dólar americano (venda),R$/US$,diaria,2018-11-14,2018,11,3.7924
1,dolar_venda,Taxa de câmbio - dólar americano (venda),R$/US$,diaria,2018-11-16,2018,11,3.7525
1,dolar_venda,Taxa de câmbio - dólar americano (venda),R$/US$,diaria,2018-11-19,2018,11,3.7553
1,dolar_venda,Taxa de câmbio - dólar americano (venda),R$/US$,diaria,2018-11-20,2018,11,3.7591
1,dolar_venda,Taxa de câmbio - dólar americano (venda),R$/US$,diaria,2018-11-21,2018,11,3.7872
1,dolar_venda,Taxa de câmbio - dólar americano (venda),R$/US$,diaria,2018-11-22,2018,11,3.8103
1,dolar_venda,Taxa de câmbio - dólar americano (venda),R$/US$,diaria,2018-11-23,2018,11,3.8081
1,dolar_venda,Taxa de câmbio - dólar americano (venda),R$/US$,diaria,2018-11-26,2018,11,3.8655
1,dolar_venda,Taxa de câmbio - dólar americano (venda),R$/US$,diaria,2018-11-27,2018,11,3.8925
1,dolar_venda,Taxa de câmbio - dólar americano (venda),R$/US$,diaria,2018-11-28,2018,11,3.8631
1,dolar_venda,Taxa de câmbio - dólar americano (venda),R$/US$,diaria,2018-11-29,2018,11,3.8568
1,dolar_venda,Taxa de câmbio - dólar americano (venda),R$/US$,diaria,2018-11-30,2018,11,3.8633
1,dolar_venda,Taxa de câmbio - dólar americano (venda),R$/US$,diaria,2018-12-03,2018,12,3.8285
1,dolar_venda,Taxa de câmbio - dólar americano (venda),R$/US$,diaria,2018-12-04,2018,12,3.8313
1,dolar_venda,Taxa de câmbio - dólar americano (venda),R$/US$,diaria,2018-12-05,2018,12,3.8561
1,dolar_venda,Taxa de câmbio - dólar americano (venda),R$/US$,diaria,2018-12-06,2018,12,3.9178
1,dolar_venda,Taxa de câmbio - dólar americano (venda),R$/US$,diaria,2018-12-07,2018,12,3.8964
1,dolar_venda,Taxa de câmbio - dólar americano (venda),R$/US$,diaria,2018-12-10,2018,12,3.911
1,dolar_venda,Taxa de câmbio - dólar americano (venda),R$/US$,diaria,2018-12-11,2018,12,3.9013
1,dolar_venda,Taxa de câmbio - dólar americano (venda),R$/US$,diaria,2018-12-12,2018,12,3.8629
1,dolar_venda,Taxa de câmbio - dólar americano (venda),R$/US$,diaria,2018-12-13,2018,12,3.879
1,dolar_venda,Taxa de câmbio - dólar americano (venda),R$/US$,diaria,2018-12-14,2018,12,3.909
1,dolar_venda,Taxa de câmbio - dólar americano (venda),R$/US$,diaria,2018-12-17,2018,12,3.9121
1,dolar_venda,Taxa de câmbio - dólar americano (venda),R$/US$,diaria,2018-12-18,2018,12,3.8997
1,dolar_venda,Taxa de câmbio - dólar americano (venda),R$/US$,diaria,2018-12-19,2018,12,3.8907
1,dolar_venda,Taxa de câmbio - dólar americano (venda),R$/US$,diaria,2018-12-20,2018,12,3.8443
1,dolar_venda,Taxa de câmbio - dólar americano (venda),R$/US$,diaria,2018-12-21,2018,12,3.8671
1,dolar_venda,Taxa de câmbio - dólar americano (venda),R$/US$,diaria,2018-12-24,2018,12,3.8855
1,dolar_venda,Taxa de câmbio - dólar americano (venda),R$/US$,diaria,2018-12-26,2018,12,3.9258
1,dolar_venda,Taxa de câmbio - dólar americano (venda),R$/US$,diaria,2018-12-27,2018,12,3.933
1,dolar_venda,Taxa de câmbio - dólar americano (venda),R$/US$,diaria,2018-12-28,2018,12,3.8748
1,dolar_venda,Taxa de câmbio - dólar americano (venda),R$/US$,diaria,2018-12-31,2018,12,3.8748
1,dolar_venda,Taxa de câmbio - dólar americano (venda),R$/US$,diaria,2019-01-02,2019,1,3.8595
1,dolar_venda,Taxa de câmbio - dólar americano (venda),R$/US$,diaria,2019-01-03,2019,1,3.7683
1,dolar_venda,Taxa de câmbio - dólar americano (venda),R$/US$,diaria,2019-01-04,2019,1,3.7627
1,dolar_venda,Taxa de câmbio - dólar americano (venda),R$/US$,diaria,2019-01-07,2019,1,3.7062
1,dolar_venda,Taxa de câmbio - dólar americano (venda),R$/US$,diaria,2019-01-08,2019,1,3.7208
1,dolar_venda,Taxa de câmbio - dólar americano (venda),R$/US$,diaria,2019-01-09,2019,1,3.6931
1,dolar_venda,Taxa de câmbio - dólar americano (venda),R$/US$,diaria,2019-01-10,2019,1,3.6869
1,dolar_venda,Taxa de câmbio - dólar americano (venda),R$/US$,diaria,2019-01-11,2019,1,3.7141
1,dolar_venda,Taxa de câmbio - dólar americano (venda),R$/US$,diaria,2019-01-14,2019,1,3.726
1,dolar_venda,Taxa de câmbio - dólar americano (venda),R$/US$,diaria,2019-01-15,2019,1,3.7049
1,dolar_venda,Taxa de câmbio - dólar americano (venda),R$/US$,diaria,2019-01-16,2019,1,3.7197
1,dolar_venda,Taxa de câmbio - dólar americano (venda),R$/US$,diaria,2019-01-17,2019,1,3.7591
1,dolar_venda,Taxa de câmbio - dólar americano (venda),R$/US$,diaria,2019-01-18,2019,1,3.7486
1,dolar_venda,Taxa de câmbio - dólar americano (venda),R$/US$,diaria,2019-01-21,2019,1,3.7705
1,dolar_venda,Taxa de câmbio - dólar americano (venda),R$/US$,diaria,2019-01-22,2019,1,3.7615
1,dolar_venda,Taxa de câmbio - dólar americano (venda),R$/US$,diaria,2019-01-23,2019,1,3.7994
1,dolar_venda,Taxa de câmbio - dólar americano (venda),R$/US$,diaria,2019-01-24,2019,1,3.7815
1,dolar_venda,Taxa de câmbio - dólar americano (venda),R$/US$,diaria,2019-01-25,2019,1,3.7626
1,dolar_venda,Taxa de câmbio - dólar americano (venda),R$/US$,diaria,2019-01-28,2019,1,3.7676
1,dolar_venda,Taxa de câmbio - dólar americano (venda),R$/US$,diaria,2019-01-29,2019,1,3.737
1,dolar_venda,Taxa de câmbio - dólar americano (venda),R$/US$,diaria,2019-01-30,2019,1,3.7151
1,dolar_venda,Taxa de câmbio - dólar americano (venda),R$/US$,diaria,2019-01-31,2019,1,3.6519
1,dolar_venda,Taxa de câmbio - dólar americano (venda),R$/US$,diaria,2019-02-01,2019,2,3.6694
1,dolar_venda,Taxa de câmbio - dólar americano (venda),R$/US$,diaria,2019-02-04,2019,2,3.6756
1,dolar_venda,Taxa de câmbio - dólar americano (venda),R$/US$,diaria,2019-02-05,2019,2,3.6741
1,dolar_venda,Taxa de câmbio - dólar americano (venda),R$/US$,diaria,2019-02-06,2019,2,3.7019
1,dolar_venda,Taxa de câmbio - dólar americano (venda),R$/US$,diaria,2019-02-07,2019,2,3.7193
1,dolar_venda,Taxa de câmbio - dólar americano (venda),R$/US$,diaria,2019-02-08,2019,2,3.7184
1,dolar_venda,Taxa de câmbio - dólar americano (venda),R$/US$,diaria,2019-02-11,2019,2,3.7391
1,dolar_venda,Taxa de câmbio - dólar americano (venda),R$/US$,diaria,2019-02-12,2019,2,3.7296
1,dolar_venda,Taxa de câmbio - dólar americano (venda),R$/US$,diaria,2019-02-13,2019,2,3.7277
1,dolar_venda,Taxa de câmbio - dólar americano (venda),R$/US$,diaria,2019-02-14,2019,2,3.7756
1,dolar_venda,Taxa de câmbio - dólar americano (venda),R$/US$,diaria,2019-02-15,2019,2,3.7155
1,dolar_venda,Taxa de câmbio - dólar americano (venda),R$/US$,diaria,2019-02-18,2019,2,3.7316
1,dolar_venda,Taxa de câmbio - dólar americano (venda),R$/US$,diaria,2019-02-19,2019,2,3.7206
1,dolar_venda,Taxa de câmbio - dólar americano (venda),R$/US$,diaria,2019-02-20,2019,2,3.71
1,dolar_venda,Taxa de câmbio - dólar americano (venda),R$/US$,diaria,2019-02-21,2019,2,3.7595
1,dolar_venda,Taxa de câmbio - dólar americano (venda),R$/US$,diaria,2019-02-22,2019,2,3.743
1,dolar_venda,Taxa de câmbio - dólar americano (venda),R$/US$,diaria,2019-02-25,2019,2,3.7285
1,dolar_venda,Taxa de câmbio - dólar americano (venda),R$/US$,diaria,2019-02-26,2019,2,3.7595
1,dolar_venda,Taxa de câmbio - dólar americano (venda),R$/US$,diaria,2019-02-27,2019,2,3.7351
1,dolar_venda,Taxa de câmbio - dólar americano (venda),R$/US$,diaria,2019-02-28,2019,2,3.7385
1,dolar_venda,Taxa de câmbio - dólar americano (venda),R$/US$,diaria,2019-03-01,2019,3,3.7832
1,dolar_venda,Taxa de câmbio - dólar americano (venda),R$/US$,diaria,2019-03-06,2019,3,3.8303
1,dolar_venda,Taxa de câmbio - dólar americano (venda),R$/US$,diaria,2019-03-07,2019,3,3.8487
1,dolar_venda,Taxa de câmbio - dólar americano (venda),R$/US$,diaria,2019-03-08,2019,3,3.8678
1,dolar_venda,Taxa de câmbio - dólar americano (venda),R$/US$,diaria,2019-03-11,2019,3,3.8461
1,dolar_venda,Taxa de câmbio - dólar americano (venda),R$/US$,diaria,2019-03-12,2019,3,3.8129
1,dolar_venda,Taxa de câmbio - dólar americano (venda),R$/US$,diaria,2019-03-13,2019,3,3.8265
1,dolar_venda,Taxa de câmbio - dólar americano (venda),R$/US$,diaria,2019-03-14,2019,3,3.8327
1,dolar_venda,Taxa de câmbio - dólar americano (venda),R$/US$,diaria,2019-03-15,2019,3,3.8344
1,dolar_venda,Taxa de câmbio - dólar americano (venda),R$/US$,diaria,2019-03-18,2019,3,3.8111
1,dolar_venda,Taxa de câmbio - dólar americano (venda),R$/US$,diaria,2019-03-19,2019,3,3.7762
1,dolar_venda,Taxa de câmbio - dólar americano (venda),R$/US$,diaria,2019-03-20,2019,3,3.7897
1,dolar_venda,Taxa de câmbio - dólar americano (venda),R$/US$,diaria,2019-03-21,2019,3,3.7967
1,dolar_venda,Taxa de câmbio - dólar americano (venda),R$/US$,diaria,2019-03-22,2019,3,3.8815
1,dolar_venda,Taxa de câmbio - dólar americano (venda),R$/US$,diaria,2019-03-25,2019,3,3.877
1,dolar_venda,Taxa de câmbio - dólar americano (venda),R$/US$,diaria,2019-03-26,2019,3,3.8646
1,dolar_venda,Taxa de câmbio - dólar americano (venda),R$/US$,diaria,2019-03-27,2019,3,3.9389
1,dolar_venda,Taxa de câmbio - dólar americano (venda),R$/US$,diaria,2019-03-28,2019,3,3.9682
1,dolar_venda,Taxa de câmbio - dólar americano (venda),R$/US$,diaria,2019-03-29,2019,3,3.8967
1,dolar_venda,Taxa de câmbio - dólar americano (venda),R$/US$,diaria,2019-04-01,2019,4,3.8682
1,dolar_venda,Taxa de câmbio - dólar americano (venda),R$/US$,diaria,2019-04-02,2019,4,3.8661
1,dolar_venda,Taxa de câmbio - dólar americano (venda),R$/US$,diaria,2019-04-03,2019,4,3.8436
1,dolar_venda,Taxa de câmbio - dólar americano (venda),R$/US$,diaria,2019-04-04,2019,4,3.8713
1,dolar_venda,Taxa de câmbio - dólar americano (venda),R$/US$,diaria,2019-04-05,2019,4,3.8622
1,dolar_venda,Taxa de câmbio - dólar americano (venda),R$/US$,diaria,2019-04-08,2019,4,3.8658
1,dolar_venda,Taxa de câmbio - dólar americano (venda),R$/US$,diaria,2019-04-09,2019,4,3.8563
1,dolar_venda,Taxa de câmbio - dólar americano (venda),R$/US$,diaria,2019-04-10,2019,4,3.8345
1,dolar_venda,Taxa de câmbio - dólar americano (venda),R$/US$,diaria,2019-04-11,2019,4,3.8399
1,dolar_venda,Taxa de câmbio - dólar americano (venda),R$/US$,diaria,2019-04-12,2019,4,3.8685
1,dolar_venda,Taxa de câmbio - dólar americano (venda),R$/US$,diaria,2019-04-15,2019,4,3.873
1,dolar_venda,Taxa de câmbio - dólar americano (venda),R$/US$,diaria,2019-04-16,2019,4,3.8913
1,dolar_venda,Taxa de câmbio - dólar americano (venda),R$/US$,diaria,2019-04-17,2019,4,3.9225
1,dolar_venda,Taxa de câmbio - dólar americano (venda),R$/US$,diaria,2019-04-18,2019,4,3.937
1,dolar_venda,Taxa de câmbio - dólar americano (venda),R$/US$,diaria,2019-04-22,2019,4,3.923
1,dolar_venda,Taxa de câmbio - dólar americano (venda),R$/US$,diaria,2019-04-23,2019,4,3.9436
1,dolar_venda,Taxa de câmbio - dólar americano (venda),R$/US$,diaria,2019-04-24,2019,4,3.963
1,dolar_venda,Taxa de câmbio - dólar americano (venda),R$/US$,diaria,2019-04-25,2019,4,3.9725
1,dolar_venda,Taxa de câmbio - dólar americano (venda),R$/US$,diaria,2019-04-26,2019,4,3.9353
1,dolar_venda,Taxa de câmbio - dólar americano (venda),R$/US$,diaria,2019-04-29,2019,4,3.9364
1,dolar_venda,Taxa de câmbio - dólar americano (venda),R$/US$,diaria,2019-04-30,2019,4,3.9453
1,dolar_venda,Taxa de câmbio - dólar americano (venda),R$/US$,diaria,2019-05-02,2019,5,3.965
1,dolar_venda,Taxa de câmbio - dólar americano (venda),R$/US$,diaria,2019-05-03,2019,5,3.9388
1,dolar_venda,Taxa de câmbio - dólar americano (venda),R$/US$,diaria,2019-05-06,2019,5,3.9624
1,dolar_venda,Taxa de câmbio - dólar americano (venda),R$/US$,diaria,2019-05-07,2019,5,3.988
1,dolar_venda,Taxa de câmbio - dólar americano (venda),R$/US$,diaria,2019-05-08,2019,5,3.9344
1,dolar_venda,Taxa de câmbio - dólar americano (venda),R$/US$,diaria,2019-05-09,2019,5,3.9673
1,dolar_venda,Taxa de câmbio - dólar americano (venda),R$/US$,diaria,2019-05-10,2019,5,3.9578
1,dolar_venda,Taxa de câmbio - dólar americano (venda),R$/US$,diaria,2019-05-13,2019,5,3.989
1,dolar_venda,Taxa de câmbio - dólar americano (venda),R$/US$,diaria,2019-05-14,2019,5,3.9788
1,dolar_venda,Taxa de câmbio - dólar americano (venda),R$/US$,diaria,2019-05-15,2019,5,4.0031
1,dolar_venda,Taxa de câmbio - dólar americano (venda),R$/US$,diaria,2019-05-16,2019,5,4.0138
1,dolar_venda,Taxa de câmbio - dólar americano (venda),R$/US$,diaria,2019-05-17,2019,5,4.0844
1,dolar_venda,Taxa de câmbio - dólar americano (venda),R$/US$,diaria,2019-05-20,2019,5,4.1056
1,dolar_venda,Taxa de câmbio - dólar americano (venda),R$/US$,diaria,2019-05-21,2019,5,4.081
1,dolar_venda,Taxa de câmbio - dólar americano (venda),R$/US$,diaria,2019-05-22,2019,5,4.0228
1,dolar_venda,Taxa de câmbio - dólar americano (venda),R$/US$,diaria,2019-05-23,2019,5,4.0513
1,dolar_venda,Taxa de câmbio - dólar americano (venda),R$/US$,diaria,2019-05-24,2019,5,4.0322
1,dolar_venda,Taxa de câmbio - dólar americano (venda),R$/US$,diaria,2019-05-27,2019,5,4.021
1,dolar_venda,Taxa de câmbio - dólar americano (venda),R$/US$,diaria,2019-05-28,2019,5,4.0275
1,dolar_venda,Taxa de câmbio - dólar americano (venda),R$/US$,diaria,2019-05-29,2019,5,3.9965
1,dolar_venda,Taxa de câmbio - dólar americano (venda),R$/US$,diaria,2019-05-30,2019,5,3.972
1,dolar_venda,Taxa de câmbio - dólar americano (venda),R$/US$,diaria,2019-05-31,2019,5,3.9407
1,dolar_venda,Taxa de câmbio - dólar americano (venda),R$/US$,diaria,2019-06-03,2019,6,3.9003
1,dolar_venda,Taxa de câmbio - dólar americano (venda),R$/US$,diaria,2019-06-04,2019,6,3.871
1,dolar_venda,Taxa de câmbio - dólar americano (venda),R$/US$,diaria,2019-06-05,2019,6,3.8611
1,dolar_venda,Taxa de câmbio - dólar americano (venda),R$/US$,diaria,2019-06-06,2019,6,3.8726
1,dolar_venda,Taxa de câmbio - dólar americano (venda),R$/US$,diaria,2019-06-07,2019,6,3.8571
1,dolar_venda,Taxa de câmbio - dólar americano (venda),R$/US$,diaria,2019-06-10,2019,6,3.879
1,dolar_venda,Taxa de câmbio - dólar americano (venda),R$/US$,diaria,2019-06-11,2019,6,3.8664
1,dolar_venda,Taxa de câmbio - dólar americano (venda),R$/US$,diaria,2019-06-12,2019,6,3.8437
1,dolar_venda,Taxa de câmbio - dólar americano (venda),R$/US$,diaria,2019-06-13,2019,6,3.8429
1,dolar_venda,Taxa de câmbio - dólar americano (venda),R$/US$,diaria,2019-06-14,2019,6,3.8813
1,dolar_venda,Taxa de câmbio - dólar americano (venda),R$/US$,diaria,2019-06-17,2019,6,3.8895
1,dolar_venda,Taxa de câmbio - dólar americano (venda),R$/US$,diaria,2019-06-18,2019,6,3.8608
1,dolar_venda,Taxa de câmbio - dólar americano (venda),R$/US$,diaria,2019-06-19,2019,6,3.8723
1,dolar_venda,Taxa de câmbio - dólar americano (venda),R$/US$,diaria,2019-06-21,2019,6,3.8255
1,dolar_venda,Taxa de câmbio - dólar americano (venda),R$/US$,diaria,2019-06-24,2019,6,3.8234
1,dolar_venda,Taxa de câmbio - dólar americano (venda),R$/US$,diaria,2019-06-25,2019,6,3.8303
1,dolar_venda,Taxa de câmbio - dólar americano (venda),R$/US$,diaria,2019-06-26,2019,6,3.8441
1,dolar_venda,Taxa de câmbio - dólar americano (venda),R$/US$,diaria,2019-06-27,2019,6,3.8642
1,dolar_venda,Taxa de câmbio - dólar americano (venda),R$/US$,diaria,2019-06-28,2019,6,3.8322
1,dolar_venda,Taxa de câmbio - dólar americano (venda),R$/US$,diaria,2019-07-01,2019,7,3.8193
1,dolar_venda,Taxa de câmbio - dólar americano (venda),R$/US$,diaria,2019-07-02,2019,7,3.8564
1,dolar_venda,Taxa de câmbio - dólar americano (venda),R$/US$,diaria,2019-07-03,2019,7,3.8475
1,dolar_venda,Taxa de câmbio - dólar americano (venda),R$/US$,diaria,2019-07-04,2019,7,3.794
1,dolar_venda,Taxa de câmbio - dólar americano (venda),R$/US$,diaria,2019-07-05,2019,7,3.8204
1,dolar_venda,Taxa de câmbio - dólar americano (venda),R$/US$,diaria,2019-07-08,2019,7,3.8065
1,dolar_venda,Taxa de câmbio - dólar americano (venda),R$/US$,diaria,2019-07-09,2019,7,3.7858
1,dolar_venda,Taxa de câmbio - dólar americano (venda),R$/US$,diaria,2019-07-10,2019,7,3.7697
1,dolar_venda,Taxa de câmbio - dólar americano (venda),R$/US$,diaria,2019-07-11,2019,7,3.7533
1,dolar_venda,Taxa de câmbio - dólar americano (venda),R$/US$,diaria,2019-07-12,2019,7,3.7452
1,dolar_venda,Taxa de câmbio - dólar americano (venda),R$/US$,diaria,2019-07-15,2019,7,3.7463
1,dolar_venda,Taxa de câmbio - dólar americano (venda),R$/US$,diaria,2019-07-16,2019,7,3.7624
1,dolar_venda,Taxa de câmbio - dólar americano (venda),R$/US$,diaria,2019-07-17,2019,7,3.7618
1,dolar_venda,Taxa de câmbio - dólar americano (venda),R$/US$,diaria,2019-07-18,2019,7,3.7489
1,dolar_venda,Taxa de câmbio - dólar americano (venda),R$/US$,diaria,2019-07-19,2019,7,3.7408
1,dolar_venda,Taxa de câmbio - dólar americano (venda),R$/US$,diaria,2019-07-22,2019,7,3.74
1,dolar_venda,Taxa de câmbio - dólar americano (venda),R$/US$,diaria,2019-07-23,2019,7,3.7621
1,dolar_venda,Taxa de câmbio - dólar americano (venda),R$/US$,diaria,2019-07-24,2019,7,3.7596
1,dolar_venda,Taxa de câmbio - dólar americano (venda),R$/US$,diaria,2019-07-25,2019,7,3.7849
1,dolar_venda,Taxa de câmbio - dólar americano (venda),R$/US$,diaria,2019-07-26,2019,7,3.7741
1,dolar_venda,Taxa de câmbio - dólar americano (venda),R$/US$,diaria,2019-07-29,2019,7,3.7909
1,dolar_venda,Taxa de câmbio - dólar americano (venda),R$/US$,diaria,2019-07-30,2019,7,3.79
1,dolar_venda,Taxa de câmbio - dólar americano (venda),R$/US$,diaria,2019-07-31,2019,7,3.7649
1,dolar_venda,Taxa de câmbio - dólar americano (venda),R$/US$,diaria,2019-08-01,2019,8,3.8296
1,dolar_venda,Taxa de câmbio - dólar americano (venda),R$/US$,diaria,2019-08-02,2019,8,3.8739
1,dolar_venda,Taxa de câmbio - dólar americano (venda),R$/US$,diaria,2019-08-05,2019,8,3.9404
1,dolar_venda,Taxa de câmbio - dólar americano (venda),R$/US$,diaria,2019-08-06,2019,8,3.9643
1,dolar_venda,Taxa de câmbio - dólar americano (venda),R$/US$,diaria,2019-08-07,2019,8,3.985
1,dolar_venda,Taxa de câmbio - dólar americano (venda),R$/US$,diaria,2019-08-08,2019,8,3.9409
1,dolar_venda,Taxa de câmbio - dólar americano (venda),R$/US$,diaria,2019-08-09,2019,8,3.9362
1,dolar_venda,Taxa de câmbio - dólar americano (venda),R$/US$,diaria,2019-08-12,2019,8,3.9966
1,dolar_venda,Taxa de câmbio - dólar americano (venda),R$/US$,diaria,2019-08-13,2019,8,3.9736
1,dolar_venda,Taxa de câmbio - dólar americano (venda),R$/US$,diaria,2019-08-14,2019,8,4.0074
1,dolar_venda,Taxa de câmbio - dólar americano (venda),R$/US$,diaria,2019-08-15,2019,8,4.0188
1,dolar_venda,Taxa de câmbio - dólar americano (venda),R$/US$,diaria,2019-08-16,2019,8,3.9933
1,dolar_venda,Taxa de câmbio - dólar americano (venda),R$/US$,diaria,2019-08-19,2019,8,4.0274
1,dolar_venda,Taxa de câmbio - dólar americano (venda),R$/US$,diaria,2019-08-20,2019,8,4.0425
1,dolar_venda,Taxa de câmbio - dólar americano (venda),R$/US$,diaria,2019-08-21,2019,8,4.0254
1,dolar_venda,Taxa de câmbio - dólar americano (venda),R$/US$,diaria,2019-08-22,2019,8,4.0444
1,dolar_venda,Taxa de câmbio - dólar americano (venda),R$/US$,diaria,2019-08-23,2019,8,4.0851
1,dolar_venda,Taxa de câmbio - dólar americano (venda),R$/US$,diaria,2019-08-26,2019,8,4.1367
1,dolar_venda,Taxa de câmbio - dólar americano (venda),R$/US$,diaria,2019-08-27,2019,8,4.1557
1,dolar_venda,Taxa de câmbio - dólar americano (venda),R$/US$,diaria,2019-08-28,2019,8,4.1559
1,dolar_venda,Taxa de câmbio - dólar americano (venda),R$/US$,diaria,2019-08-29,2019,8,4.168
1,dolar_venda,Taxa de câmbio - dólar americano (venda),R$/US$,diaria,2019-08-30,2019,8,4.1385
1,dolar_venda,Taxa de câmbio - dólar americano (venda),R$/US$,diaria,2019-09-02,2019,9,4.1581
1,dolar_venda,Taxa de câmbio - dólar americano (venda),R$/US$,diaria,2019-09-03,2019,9,4.1657
1,dolar_venda,Taxa de câmbio - dólar americano (venda),R$/US$,diaria,2019-09-04,2019,9,4.1249
1,dolar_venda,Taxa de câmbio - dólar americano (venda),R$/US$,diaria,2019-09-05,2019,9,4.0859
1,dolar_venda,Taxa de câmbio - dólar americano (venda),R$/US$,diaria,2019-09-06,2019,9,4.065
1,dolar_venda,Taxa de câmbio - dólar americano (venda),R$/US$,diaria,2019-09-09,2019,9,4.0766
1,dolar_venda,Taxa de câmbio - dólar americano (venda),R$/US$,diaria,2019-09-10,2019,9,4.1108
1,dolar_venda,Taxa de câmbio - dólar americano (venda),R$/US$,diaria,2019-09-11,2019,9,4.0631
1,dolar_venda,Taxa de câmbio - dólar americano (venda),R$/US$,diaria,2019-09-12,2019,9,4.0494
1,dolar_venda,Taxa de câmbio - dólar americano (venda),R$/US$,diaria,2019-09-13,2019,9,4.0616
1,dolar_venda,Taxa de câmbio - dólar americano (venda),R$/US$,diaria,2019-09-16,2019,9,4.0872
1,dolar_venda,Taxa de câmbio - dólar americano (venda),R$/US$,diaria,2019-09-17,2019,9,4.0998
1,dolar_venda,Taxa de câmbio - dólar americano (venda),R$/US$,diaria,2019-09-18,2019,9,4.0972
1,dolar_venda,Taxa de câmbio - dólar americano (venda),R$/US$,diaria,2019-09-19,2019,9,4.1393
1,dolar_venda,Taxa de câmbio - dólar americano (venda),R$/US$,diaria,2019-09-20,2019,9,4.1687
1,dolar_venda,Taxa de câmbio - dólar americano (venda),R$/US$,diaria,2019-09-23,2019,9,4.1734
1,dolar_venda,Taxa de câmbio - dólar americano (venda),R$/US$,diaria,2019-09-24,2019,9,4.1721
1,dolar_venda,Taxa de câmbio - dólar americano (venda),R$/US$,diaria,2019-09-25,2019,9,4.1827
1,dolar_venda,Taxa de câmbio - dólar americano (venda),R$/US$,diaria,2019-09-26,2019,9,4.1469
1,dolar_venda,Taxa de câmbio - dólar americano (venda),R$/US$,diaria,2019-09-27,2019,9,4.1587
1,dolar_venda,Taxa de câmbio - dólar americano (venda),R$/US$,diaria,2019-09-30,2019,9,4.1644
1,dolar_venda,Taxa de câmbio - dólar americano (venda),R$/US$,diaria,2019-10-01,2019,10,4.174
1,dolar_venda,Taxa de câmbio - dólar americano (venda),R$/US$,diaria,2019-10-02,2019,10,4.1546
1,dolar_venda,Taxa de câmbio - dólar americano (venda),R$/US$,diaria,2019-10-03,2019,10,4.1012
1,dolar_venda,Taxa de câmbio - dólar americano (venda),R$/US$,diaria,2019-10-04,2019,10,4.061
1,dolar_venda,Taxa de câmbio - dólar americano (venda),R$/US$,diaria,2019-10-07,2019,10,4.0688
1,dolar_venda,Taxa de câmbio - dólar americano (venda),R$/US$,diaria,2019-10-08,2019,10,4.0868
1,dolar_venda,Taxa de câmbio - dólar americano (venda),R$/US$,diaria,2019-10-09,2019,10,4.0954
1,dolar_venda,Taxa de câmbio - dólar americano (venda),R$/US$,diaria,2019-10-10,2019,10,4.1145
1,dolar_venda,Taxa de câmbio - dólar americano (venda),R$/US$,diaria,2019-10-11,2019,10,4.106
1,dolar_venda,Taxa de câmbio - dólar americano (venda),R$/US$,diaria,2019-10-14,2019,10,4.1263
1,dolar_venda,Taxa de câmbio - dólar americano (venda),R$/US$,diaria,2019-10-15,2019,10,4.1488
1,dolar_venda,Taxa de câmbio - dólar americano (venda),R$/US$,diaria,2019-10-16,2019,10,4.1714
1,dolar_venda,Taxa de câmbio - dólar americano (venda),R$/US$,diaria,2019-10-17,2019,10,4.1457
1,dolar_venda,Taxa de câmbio - dólar americano (venda),R$/US$,diaria,2019-10-18,2019,10,4.1376
1,dolar_venda,Taxa de câmbio - dólar americano (venda),R$/US$,diaria,2019-10-21,2019,10,4.1319
1,dolar_venda,Taxa de câmbio - dólar americano (venda),R$/US$,diaria,2019-10-22,2019,10,4.0858
1,dolar_venda,Taxa de câmbio - dólar americano (venda),R$/US$,diaria,2019-10-23,2019,10,4.0721
1,dolar_venda,Taxa de câmbio - dólar americano (venda),R$/US$,diaria,2019-10-24,2019,10,4.0089
1,dolar_venda,Taxa de câmbio - dólar americano (venda),R$/US$,diaria,2019-10-25,2019,10,4.0133
1,dolar_venda,Taxa de câmbio - dólar americano (venda),R$/US$,diaria,2019-10-28,2019,10,3.9793
1,dolar_venda,Taxa de câmbio - dólar americano (venda),R$/US$,diaria,2019-10-29,2019,10,3.9946
1,dolar_venda,Taxa de câmbio - dólar americano (venda),R$/US$,diaria,2019-10-30,2019,10,4.0186
1,dolar_venda,Taxa de câmbio - dólar americano (venda),R$/US$,diaria,2019-10-31,2019,10,4.0041
1,dolar_venda,Taxa de câmbio - dólar americano (venda),R$/US$,diaria,2019-11-01,2019,11,3.9786
1,dolar_venda,Taxa de câmbio - dólar americano (venda),R$/US$,diaria,2019-11-04,2019,11,3.9922
1,dolar_venda,Taxa de câmbio - dólar americano (venda),R$/US$,diaria,2019-11-05,2019,11,4.0043
1,dolar_venda,Taxa de câmbio - dólar americano (venda),R$/US$,diaria,2019-11-06,2019,11,4.0351
1,dolar_venda,Taxa de câmbio - dólar americano (venda),R$/US$,diaria,2019-11-07,2019,11,4.0927
1,dolar_venda,Taxa de câmbio - dólar americano (venda),R$/US$,diaria,2019-11-08,2019,11,4.1365
1,dolar_venda,Taxa de câmbio - dólar americano (venda),R$/US$,diaria,2019-11-11,2019,11,4.1559
1,dolar_venda,Taxa de câmbio - dólar americano (venda),R$/US$,diaria,2019-11-12,2019,11,4.1756
1,dolar_venda,Taxa de câmbio - dólar americano (venda),R$/US$,diaria,2019-11-13,2019,11,4.1767
1,dolar_venda,Taxa de câmbio - dólar americano (venda),R$/US$,diaria,2019-11-14,2019,11,4.1831
1,dolar_venda,Taxa de câmbio - dólar americano (venda),R$/US$,diaria,2019-11-18,2019,11,4.1827
1,dolar_venda,Taxa de câmbio - dólar americano (venda),R$/US$,diaria,2019-11-19,2019,11,4.2084
1,dolar_venda,Taxa de câmbio - dólar americano (venda),R$/US$,diaria,2019-11-20,2019,11,4.2037
1,dolar_venda,Taxa de câmbio - dólar americano (venda),R$/US$,diaria,2019-11-21,2019,11,4.2012
1,dolar_venda,Taxa de câmbio - dólar americano (venda),R$/US$,diaria,2019-11-22,2019,11,4.1832
1,dolar_venda,Taxa de câmbio - dólar americano (venda),R$/US$,diaria,2019-11-25,2019,11,4.2089
1,dolar_venda,Taxa de câmbio - dólar americano (venda),R$/US$,diaria,2019-11-26,2019,11,4.2559
1,dolar_venda,Taxa de câmbio - dólar americano (venda),R$/US$,diaria,2019-11-27,2019,11,4.2602
1,dolar_venda,Taxa de câmbio - dólar americano (venda),R$/US$,diaria,2019-11-28,2019,11,4.248
1,dolar_venda,Taxa de câmbio - dólar americano (venda),R$/US$,diaria,2019-11-29,2019,11,4.224
1,dolar_venda,Taxa de câmbio - dólar americano (venda),R$/US$,diaria,2019-12-02,2019,12,4.2261
1,dolar_venda,Taxa de câmbio - dólar americano (venda),R$/US$,diaria,2019-12-03,2019,12,4.2008
1,dolar_venda,Taxa de câmbio - dólar americano (venda),R$/US$,diaria,2019-12-04,2019,12,4.1926
1,dolar_venda,Taxa de câmbio - dólar americano (venda),R$/US$,diaria,2019-12-05,2019,12,4.2136
1,dolar_venda,Taxa de câmbio - dólar americano (venda),R$/US$,diaria,2019-12-06,2019,12,4.1783
1,dolar_venda,Taxa de câmbio - dólar americano (venda),R$/US$,diaria,2019-12-09,2019,12,4.1503
1,dolar_venda,Taxa de câmbio - dólar americano (venda),R$/US$,diaria,2019-12-10,2019,12,4.1427
1,dolar_venda,Taxa de câmbio - dólar americano (venda),R$/US$,diaria,2019-12-11,2019,12,4.1153
1,dolar_venda,Taxa de câmbio - dólar americano (venda),R$/US$,diaria,2019-12-12,2019,12,4.1092
1,dolar_venda,Taxa de câmbio - dólar americano (venda),R$/US$,diaria,2019-12-13,2019,12,4.0949
1,dolar_venda,Taxa de câmbio - dólar americano (venda),R$/US$,diaria,2019-12-16,2019,12,4.0801
1,dolar_venda,Taxa de câmbio - dólar americano (venda),R$/US$,diaria,2019-12-17,2019,12,4.0687
1,dolar_venda,Taxa de câmbio - dólar americano (venda),R$/US$,diaria,2019-12-18,2019,12,4.0548
1,dolar_venda,Taxa de câmbio - dólar americano (venda),R$/US$,diaria,2019-12-19,2019,12,4.0633
1,dolar_venda,Taxa de câmbio - dólar americano (venda),R$/US$,diaria,2019-12-20,2019,12,4.0777
1,dolar_venda,Taxa de câmbio - dólar americano (venda),R$/US$,diaria,2019-12-23,2019,12,4.0757
1,dolar_venda,Taxa de câmbio - dólar americano (venda),R$/US$,diaria,2019-12-24,2019,12,4.0813
1,dolar_venda,Taxa de câmbio - dólar americano (venda),R$/US$,diaria,2019-12-26,2019,12,4.0601
1,dolar_venda,Taxa de câmbio - dólar americano (venda),R$/US$,diaria,2019-12-27,2019,12,4.0545
1,dolar_venda,Taxa de câmbio - dólar americano (venda),R$/US$,diaria,2019-12-30,2019,12,4.0307
1,dolar_venda,Taxa de câmbio - dólar americano (venda),R$/US$,diaria,2019-12-31,2019,12,4.0307
1,dolar_venda,Taxa de câmbio - dólar americano (venda),R$/US$,diaria,2020-01-02,2020,1,4.0213
1,dolar_venda,Taxa de câmbio - dólar americano (venda),R$/US$,diaria,2020-01-03,2020,1,4.0522
1,dolar_venda,Taxa de câmbio - dólar americano (venda),R$/US$,diaria,2020-01-06,2020,1,4.0554
1,dolar_venda,Taxa de câmbio - dólar americano (venda),R$/US$,diaria,2020-01-07,2020,1,4.0841
1,dolar_venda,Taxa de câmbio - dólar americano (venda),R$/US$,diaria,2020-01-08,2020,1,4.0672
1,dolar_venda,Taxa de câmbio - dólar americano (venda),R$/US$,diaria,2020-01-09,2020,1,4.0744
1,dolar_venda,Taxa de câmbio - dólar americano (venda),R$/US$,diaria,2020-01-10,2020,1,4.0745
1,dolar_venda,Taxa de câmbio - dólar americano (venda),R$/US$,diaria,2020-01-13,2020,1,4.1309
1,dolar_venda,Taxa de câmbio - dólar americano (venda),R$/US$,diaria,2020-01-14,2020,1,4.1443
1,dolar_venda,Taxa de câmbio - dólar americano (venda),R$/US$,diaria,2020-01-15,2020,1,4.1622
1,dolar_venda,Taxa de câmbio - dólar americano (venda),R$/US$,diaria,2020-01-16,2020,1,4.1726
1,dolar_venda,Taxa de câmbio - dólar americano (venda),R$/US$,diaria,2020-01-17,2020,1,4.1837
1,dolar_venda,Taxa de câmbio - dólar americano (venda),R$/US$,diaria,2020-01-20,2020,1,4.1829
1,dolar_venda,Taxa de câmbio - dólar americano (venda),R$/US$,diaria,2020-01-21,2020,1,4.2014
1,dolar_venda,Taxa de câmbio - dólar americano (venda),R$/US$,diaria,2020-01-22,2020,1,4.1889
1,dolar_venda,Taxa de câmbio - dólar americano (venda),R$/US$,diaria,2020-01-23,2020,1,4.1662
1,dolar_venda,Taxa de câmbio - dólar americano (venda),R$/US$,diaria,2020-01-24,2020,1,4.1769
1,dolar_venda,Taxa de câmbio - dólar americano (venda),R$/US$,diaria,2020-01-27,2020,1,4.2196
1,dolar_venda,Taxa de câmbio - dólar americano (venda),R$/US$,diaria,2020-01-28,2020,1,4.2064
1,dolar_venda,Taxa de câmbio - dólar americano (venda),R$/US$,diaria,2020-01-29,2020,1,4.2013
1,dolar_venda,Taxa de câmbio - dólar americano (venda),R$/US$,diaria,2020-01-30,2020,1,4.2523
1,dolar_venda,Taxa de câmbio - dólar americano (venda),R$/US$,diaria,2020-01-31,2020,1,4.2695
1,dolar_venda,Taxa de câmbio - dólar americano (venda),R$/US$,diaria,2020-02-03,2020,2,4.2475
1,dolar_venda,Taxa de câmbio - dólar americano (venda),R$/US$,diaria,2020-02-04,2020,2,4.2381
1,dolar_venda,Taxa de câmbio - dólar americano (venda),R$/US$,diaria,2020-02-05,2020,2,4.2449
1,dolar_venda,Taxa de câmbio - dólar americano (venda),R$/US$,diaria,2020-02-06,2020,2,4.2477
1,dolar_venda,Taxa de câmbio - dólar americano (venda),R$/US$,diaria,2020-02-07,2020,2,4.3076
1,dolar_venda,Taxa de câmbio - dólar americano (venda),R$/US$,diaria,2020-02-10,2020,2,4.3195
1,dolar_venda,Taxa de câmbio - dólar americano (venda),R$/US$,diaria,2020-02-11,2020,2,4.3148
1,dolar_venda,Taxa de câmbio - dólar americano (venda),R$/US$,diaria,2020-02-12,2020,2,4.3366
1,dolar_venda,Taxa de câmbio - dólar americano (venda),R$/US$,diaria,2020-02-13,2020,2,4.3389
1,dolar_venda,Taxa de câmbio - dólar americano (venda),R$/US$,diaria,2020-02-14,2020,2,4.3163
1,dolar_venda,Taxa de câmbio - dólar americano (venda),R$/US$,diaria,2020-02-17,2020,2,4.3157
1,dolar_venda,Taxa de câmbio - dólar americano (venda),R$/US$,diaria,2020-02-18,2020,2,4.3471
1,dolar_venda,Taxa de câmbio - dólar americano (venda),R$/US$,diaria,2020-02-19,2020,2,4.3728
1,dolar_venda,Taxa de câmbio - dólar americano (venda),R$/US$,diaria,2020-02-20,2020,2,4.3873
1,dolar_venda,Taxa de câmbio - dólar americano (venda),R$/US$,diaria,2020-02-21,2020,2,4.3924
1,dolar_venda,Taxa de câmbio - dólar americano (venda),R$/US$,diaria,2020-02-26,2020,2,4.4359
1,dolar_venda,Taxa de câmbio - dólar americano (venda),R$/US$,diaria,2020-02-27,2020,2,4.4764
1,dolar_venda,Taxa de câmbio - dólar americano (venda),R$/US$,diaria,2020-02-28,2020,2,4.4987
1,dolar_venda,Taxa de câmbio - dólar americano (venda),R$/US$,diaria,2020-03-02,2020,3,4.4946
1,dolar_venda,Taxa de câmbio - dólar americano (venda),R$/US$,diaria,2020-03-03,2020,3,4.4883
1,dolar_venda,Taxa de câmbio - dólar americano (venda),R$/US$,diaria,2020-03-04,2020,3,4.5258
1,dolar_venda,Taxa de câmbio - dólar americano (venda),R$/US$,diaria,2020-03-05,2020,3,4.6207
1,dolar_venda,Taxa de câmbio - dólar americano (venda),R$/US$,diaria,2020-03-06,2020,3,4.6459
1,dolar_venda,Taxa de câmbio - dólar americano (venda),R$/US$,diaria,2020-03-09,2020,3,4.7379
1,dolar_venda,Taxa de câmbio - dólar americano (venda),R$/US$,diaria,2020-03-10,2020,3,4.6693
1,dolar_venda,Taxa de câmbio - dólar americano (venda),R$/US$,diaria,2020-03-11,2020,3,4.6738
1,dolar_venda,Taxa de câmbio - dólar americano (venda),R$/US$,diaria,2020-03-12,2020,3,4.8833
1,dolar_venda,Taxa de câmbio - dólar americano (venda),R$/US$,diaria,2020-03-13,2020,3,4.7362
1,dolar_venda,Taxa de câmbio - dólar americano (venda),R$/US$,diaria,2020-03-16,2020,3,4.9471
1,dolar_venda,Taxa de câmbio - dólar americano (venda),R$/US$,diaria,2020-03-17,2020,3,5.0496
1,dolar_venda,Taxa de câmbio - dólar americano (venda),R$/US$,diaria,2020-03-18,2020,3,5.1107
1,dolar_venda,Taxa de câmbio - dólar americano (venda),R$/US$,diaria,2020-03-19,2020,3,5.1444
1,dolar_venda,Taxa de câmbio - dólar americano (venda),R$/US$,diaria,2020-03-20,2020,3,5.0248
1,dolar_venda,Taxa de câmbio - dólar americano (venda),R$/US$,diaria,2020-03-23,2020,3,5.0805
1,dolar_venda,Taxa de câmbio - dólar americano (venda),R$/US$,diaria,2020-03-24,2020,3,5.0713
1,dolar_venda,Taxa de câmbio - dólar americano (venda),R$/US$,diaria,2020-03-25,2020,3,5.0706
1,dolar_venda,Taxa de câmbio - dólar americano (venda),R$/US$,diaria,2020-03-26,2020,3,5.001
1,dolar_venda,Taxa de câmbio - dólar americano (venda),R$/US$,diaria,2020-03-27,2020,3,5.1109
1,dolar_venda,Taxa de câmbio - dólar americano (venda),R$/US$,diaria,2020-03-30,2020,3,5.1594
1,dolar_venda,Taxa de câmbio - dólar americano (venda),R$/US$,diaria,2020-03-31,2020,3,5.1987
1,dolar_venda,Taxa de câmbio - dólar americano (venda),R$/US$,diaria,2020-04-01,2020,4,5.2404
1,dolar_venda,Taxa de câmbio - dólar americano (venda),R$/US$,diaria,2020-04-02,2020,4,5.2651
1,dolar_venda,Taxa de câmbio - dólar americano (venda),R$/US$,diaria,2020-04-03,2020,4,5.2997
1,dolar_venda,Taxa de câmbio - dólar americano (venda),R$/US$,diaria,2020-04-06,2020,4,5.2471
1,dolar_venda,Taxa de câmbio - dólar americano (venda),R$/US$,diaria,2020-04-07,2020,4,5.2217
1,dolar_venda,Taxa de câmbio - dólar americano (venda),R$/US$,diaria,2020-04-08,2020,4,5.2123
1,dolar_venda,Taxa de câmbio - dólar americano (venda),R$/US$,diaria,2020-04-09,2020,4,5.0779
1,dolar_venda,Taxa de câmbio - dólar americano (venda),R$/US$,diaria,2020-04-13,2020,4,5.1824
1,dolar_venda,Taxa de câmbio - dólar americano (venda),R$/US$,diaria,2020-04-14,2020,4,5.1858
1,dolar_venda,Taxa de câmbio - dólar americano (venda),R$/US$,diaria,2020-04-15,2020,4,5.2579
1,dolar_venda,Taxa de câmbio - dólar americano (venda),R$/US$,diaria,2020-04-16,2020,4,5.2377
1,dolar_venda,Taxa de câmbio - dólar americano (venda),R$/US$,diaria,2020-04-17,2020,4,5.2573
1,dolar_venda,Taxa de câmbio - dólar americano (venda),R$/US$,diaria,2020-04-20,2020,4,5.2837
1,dolar_venda,Taxa de câmbio - dólar americano (venda),R$/US$,diaria,2020-04-22,2020,4,5.3847
1,dolar_venda,Taxa de câmbio - dólar americano (venda),R$/US$,diaria,2020-04-23,2020,4,5.4467
1,dolar_venda,Taxa de câmbio - dólar americano (venda),R$/US$,diaria,2020-04-24,2020,4,5.651
1,dolar_venda,Taxa de câmbio - dólar americano (venda),R$/US$,diaria,2020-04-27,2020,4,5.6358
1,dolar_venda,Taxa de câmbio - dólar americano (venda),R$/US$,diaria,2020-04-28,2020,4,5.5683
1,dolar_venda,Taxa de câmbio - dólar americano (venda),R$/US$,diaria,2020-04-29,2020,4,5.4291
1,dolar_venda,Taxa de câmbio - dólar americano (venda),R$/US$,diaria,2020-04-30,2020,4,5.427
1,dolar_venda,Taxa de câmbio - dólar americano (venda),R$/US$,diaria,2020-05-04,2020,5,5.5816
1,dolar_venda,Taxa de câmbio - dólar americano (venda),R$/US$,diaria,2020-05-05,2020,5,5.5354
1,dolar_venda,Taxa de câmbio - dólar americano (venda),R$/US$,diaria,2020-05-06,2020,5,5.6676
1,dolar_venda,Taxa de câmbio - dólar americano (venda),R$/US$,diaria,2020-05-07,2020,5,5.8365
1,dolar_venda,Taxa de câmbio - dólar americano (venda),R$/US$,diaria,2020-05-08,2020,5,5.7653
1,dolar_venda,Taxa de câmbio - dólar americano (venda),R$/US$,diaria,2020-05-11,2020,5,5.7954
1,dolar_venda,Taxa de câmbio - dólar americano (venda),R$/US$,diaria,2020-05-12,2020,5,5.7723
1,dolar_venda,Taxa de câmbio - dólar americano (venda),R$/US$,diaria,2020-05-13,2020,5,5.9022
1,dolar_venda,Taxa de câmbio - dólar americano (venda),R$/US$,diaria,2020-05-14,2020,5,5.9372
1,dolar_venda,Taxa de câmbio - dólar americano (venda),R$/US$,diaria,2020-05-15,2020,5,5.8229
1,dolar_venda,Taxa de câmbio - dólar americano (venda),R$/US$,diaria,2020-05-18,2020,5,5.7375
1,dolar_venda,Taxa de câmbio - dólar americano (venda),R$/US$,diaria,2020-05-19,2020,5,5.7216
1,dolar_venda,Taxa de câmbio - dólar americano (venda),R$/US$,diaria,2020-05-20,2020,5,5.6968
1,dolar_venda,Taxa de câmbio - dólar americano (venda),R$/US$,diaria,2020-05-21,2020,5,5.6019
1,dolar_venda,Taxa de câmbio - dólar americano (venda),R$/US$,diaria,2020-05-22,2020,5,5.5808
1,dolar_venda,Taxa de câmbio - dólar americano (venda),R$/US$,diaria,2020-05-25,2020,5,5.4772
1,dolar_venda,Taxa de câmbio - dólar americano (venda),R$/US$,diaria,2020-05-26,2020,5,5.3707
1,dolar_venda,Taxa de câmbio - dólar americano (venda),R$/US$,diaria,2020-05-27,2020,5,5.2992
1,dolar_venda,Taxa de câmbio - dólar americano (venda),R$/US$,diaria,2020-05-28,2020,5,5.3405
1,dolar_venda,Taxa de câmbio - dólar americano (venda),R$/US$,diaria,2020-05-29,2020,5,5.4263
1,dolar_venda,Taxa de câmbio - dólar americano (venda),R$/US$,diaria,2020-06-01,2020,6,5.3639
1,dolar_venda,Taxa de câmbio - dólar americano (venda),R$/US$,diaria,2020-06-02,2020,6,5.2601
1,dolar_venda,Taxa de câmbio - dólar americano (venda),R$/US$,diaria,2020-06-03,2020,6,5.0516
1,dolar_venda,Taxa de câmbio - dólar americano (venda),R$/US$,diaria,2020-06-04,2020,6,5.1041
1,dolar_venda,Taxa de câmbio - dólar americano (venda),R$/US$,diaria,2020-06-05,2020,6,4.9775
1,dolar_venda,Taxa de câmbio - dólar americano (venda),R$/US$,diaria,2020-06-08,2020,6,4.9331
1,dolar_venda,Taxa de câmbio - dólar americano (venda),R$/US$,diaria,2020-06-09,2020,6,4.9057
1,dolar_venda,Taxa de câmbio - dólar americano (venda),R$/US$,diaria,2020-06-10,2020,6,4.8894
1,dolar_venda,Taxa de câmbio - dólar americano (venda),R$/US$,diaria,2020-06-12,2020,6,5.0373
1,dolar_venda,Taxa de câmbio - dólar americano (venda),R$/US$,diaria,2020-06-15,2020,6,5.1883
1,dolar_venda,Taxa de câmbio - dólar americano (venda),R$/US$,diaria,2020-06-16,2020,6,5.1285
1,dolar_venda,Taxa de câmbio - dólar americano (venda),R$/US$,diaria,2020-06-17,2020,6,5.2499
1,dolar_venda,Taxa de câmbio - dólar americano (venda),R$/US$,diaria,2020-06-18,2020,6,5.3468
1,dolar_venda,Taxa de câmbio - dólar americano (venda),R$/US$,diaria,2020-06-19,2020,6,5.3466
1,dolar_venda,Taxa de câmbio - dólar americano (venda),R$/US$,diaria,2020-06-22,2020,6,5.2226
1,dolar_venda,Taxa de câmbio - dólar americano (venda),R$/US$,diaria,2020-06-23,2020,6,5.1705
1,dolar_venda,Taxa de câmbio - dólar americano (venda),R$/US$,diaria,2020-06-24,2020,6,5.2435
1,dolar_venda,Taxa de câmbio - dólar americano (venda),R$/US$,diaria,2020-06-25,2020,6,5.3287
1,dolar_venda,Taxa de câmbio - dólar americano (venda),R$/US$,diaria,2020-06-26,2020,6,5.4629
1,dolar_venda,Taxa de câmbio - dólar americano (venda),R$/US$,diaria,2020-06-29,2020,6,5.4416
1,dolar_venda,Taxa de câmbio - dólar americano (venda),R$/US$,diaria,2020-06-30,2020,6,5.476
1,dolar_venda,Taxa de câmbio - dólar americano (venda),R$/US$,diaria,2020-07-01,2020,7,5.3651
1,dolar_venda,Taxa de câmbio - dólar americano (venda),R$/US$,diaria,2020-07-02,2020,7,5.3028
1,dolar_venda,Taxa de câmbio - dólar americano (venda),R$/US$,diaria,2020-07-03,2020,7,5.3374
1,dolar_venda,Taxa de câmbio - dólar americano (venda),R$/US$,diaria,2020-07-06,2020,7,5.3085
1,dolar_venda,Taxa de câmbio - dólar americano (venda),R$/US$,diaria,2020-07-07,2020,7,5.3318
1,dolar_venda,Taxa de câmbio - dólar americano (venda),R$/US$,diaria,2020-07-08,2020,7,5.3482
1,dolar_venda,Taxa de câmbio - dólar americano (venda),R$/US$,diaria,2020-07-09,2020,7,5.2978
1,dolar_venda,Taxa de câmbio - dólar americano (venda),R$/US$,diaria,2020-07-10,2020,7,5.344
1,dolar_venda,Taxa de câmbio - dólar americano (venda),R$/US$,diaria,2020-07-13,2020,7,5.3486
1,dolar_venda,Taxa de câmbio - dólar americano (venda),R$/US$,diaria,2020-07-14,2020,7,5.4288
1,dolar_venda,Taxa de câmbio - dólar americano (venda),R$/US$,diaria,2020-07-15,2020,7,5.3491
1,dolar_venda,Taxa de câmbio - dólar americano (venda),R$/US$,diaria,2020-07-16,2020,7,5.356
1,dolar_venda,Taxa de câmbio - dólar americano (venda),R$/US$,diaria,2020-07-17,2020,7,5.351
1,dolar_venda,Taxa de câmbio - dólar americano (venda),R$/US$,diaria,2020-07-20,2020,7,5.3635
1,dolar_venda,Taxa de câmbio - dólar americano (venda),R$/US$,diaria,2020-07-21,2020,7,5.2283
1,dolar_venda,Taxa de câmbio - dólar americano (venda),R$/US$,diaria,2020-07-22,2020,7,5.1111
1,dolar_venda,Taxa de câmbio - dólar americano (venda),R$/US$,diaria,2020-07-23,2020,7,5.1647
1,dolar_venda,Taxa de câmbio - dólar americano (venda),R$/US$,diaria,2020-07-24,2020,7,5.2146
1,dolar_venda,Taxa de câmbio - dólar americano (venda),R$/US$,diaria,2020-07-27,2020,7,5.1889
1,dolar_venda,Taxa de câmbio - dólar americano (venda),R$/US$,diaria,2020-07-28,2020,7,5.1777
1,dolar_venda,Taxa de câmbio - dólar americano (venda),R$/US$,diaria,2020-07-29,2020,7,5.1395
1,dolar_venda,Taxa de câmbio - dólar americano (venda),R$/US$,diaria,2020-07-30,2020,7,5.1837
1,dolar_venda,Taxa de câmbio - dólar americano (venda),R$/US$,diaria,2020-07-31,2020,7,5.2033
1,dolar_venda,Taxa de câmbio - dólar americano (venda),R$/US$,diaria,2020-08-03,2020,8,5.3075
1,dolar_venda,Taxa de câmbio - dólar americano (venda),R$/US$,diaria,2020-08-04,2020,8,5.3329
1,dolar_venda,Taxa de câmbio - dólar americano (venda),R$/US$,diaria,2020-08-05,2020,8,5.276
1,dolar_venda,Taxa de câmbio - dólar americano (venda),R$/US$,diaria,2020-08-06,2020,8,5.3431
1,dolar_venda,Taxa de câmbio - dólar americano (venda),R$/US$,diaria,2020-08-07,2020,8,5.4227
1,dolar_venda,Taxa de câmbio - dólar americano (venda),R$/US$,diaria,2020-08-10,2020,8,5.3933
1,dolar_venda,Taxa de câmbio - dólar americano (venda),R$/US$,diaria,2020-08-11,2020,8,5.4285
1,dolar_venda,Taxa de câmbio - dólar americano (venda),R$/US$,diaria,2020-08-12,2020,8,5.4551
1,dolar_venda,Taxa de câmbio - dólar americano (venda),R$/US$,diaria,2020-08-13,2020,8,5.3801
1,dolar_venda,Taxa de câmbio - dólar americano (venda),R$/US$,diaria,2020-08-14,2020,8,5.3852
1,dolar_venda,Taxa de câmbio - dólar americano (venda),R$/US$,diaria,2020-08-17,2020,8,5.4497
1,dolar_venda,Taxa de câmbio - dólar americano (venda),R$/US$,diaria,2020-08-18,2020,8,5.4659
1,dolar_venda,Taxa de câmbio - dólar americano (venda),R$/US$,diaria,2020-08-19,2020,8,5.4906
1,dolar_venda,Taxa de câmbio - dólar americano (venda),R$/US$,diaria,2020-08-20,2020,8,5.651
1,dolar_venda,Taxa de câmbio - dólar americano (venda),R$/US$,diaria,2020-08-21,2020,8,5.6064
1,dolar_venda,Taxa de câmbio - dólar americano (venda),R$/US$,diaria,2020-08-24,2020,8,5.5954
1,dolar_venda,Taxa de câmbio - dólar americano (venda),R$/US$,diaria,2020-08-25,2020,8,5.5997
1,dolar_venda,Taxa de câmbio - dólar americano (venda),R$/US$,diaria,2020-08-26,2020,8,5.568
1,dolar_venda,Taxa de câmbio - dólar americano (venda),R$/US$,diaria,2020-08-27,2020,8,5.5956
1,dolar_venda,Taxa de câmbio - dólar americano (venda),R$/US$,diaria,2020-08-28,2020,8,5.4679
1,dolar_venda,Taxa de câmbio - dólar americano (venda),R$/US$,diaria,2020-08-31,2020,8,5.4713
1,dolar_venda,Taxa de câmbio - dólar americano (venda),R$/US$,diaria,2020-09-01,2020,9,5.3732
1,dolar_venda,Taxa de câmbio - dólar americano (venda),R$/US$,diaria,2020-09-02,2020,9,5.3741
1,dolar_venda,Taxa de câmbio - dólar americano (venda),R$/US$,diaria,2020-09-03,2020,9,5.3079
1,dolar_venda,Taxa de câmbio - dólar americano (venda),R$/US$,diaria,2020-09-04,2020,9,5.2848
1,dolar_venda,Taxa de câmbio - dólar americano (venda),R$/US$,diaria,2020-09-08,2020,9,5.3698
1,dolar_venda,Taxa de câmbio - dólar americano (venda),R$/US$,diaria,2020-09-09,2020,9,5.3024
1,dolar_venda,Taxa de câmbio - dólar americano (venda),R$/US$,diaria,2020-09-10,2020,9,5.2936
1,dolar_venda,Taxa de câmbio - dólar americano (venda),R$/US$,diaria,2020-09-11,2020,9,5.2854
1,dolar_venda,Taxa de câmbio - dólar americano (venda),R$/US$,diaria,2020-09-14,2020,9,5.2984
1,dolar_venda,Taxa de câmbio - dólar americano (venda),R$/US$,diaria,2020-09-15,2020,9,5.2728
1,dolar_venda,Taxa de câmbio - dólar americano (venda),R$/US$,diaria,2020-09-16,2020,9,5.2532
1,dolar_venda,Taxa de câmbio - dólar americano (venda),R$/US$,diaria,2020-09-17,2020,9,5.2593
1,dolar_venda,Taxa de câmbio - dólar americano (venda),R$/US$,diaria,2020-09-18,2020,9,5.2889
1,dolar_venda,Taxa de câmbio - dólar americano (venda),R$/US$,diaria,2020-09-21,2020,9,5.444
1,dolar_venda,Taxa de câmbio - dólar americano (venda),R$/US$,diaria,2020-09-22,2020,9,5.4329
1,dolar_venda,Taxa de câmbio - dólar americano (venda),R$/US$,diaria,2020-09-23,2020,9,5.5311
1,dolar_venda,Taxa de câmbio - dólar americano (venda),R$/US$,diaria,2020-09-24,2020,9,5.5714
1,dolar_venda,Taxa de câmbio - dólar americano (venda),R$/US$,diaria,2020-09-25,2020,9,5.5667
1,dolar_venda,Taxa de câmbio - dólar americano (venda),R$/US$,diaria,2020-09-28,2020,9,5.5858
1,dolar_venda,Taxa de câmbio - dólar americano (venda),R$/US$,diaria,2020-09-29,2020,9,5.6528
1,dolar_venda,Taxa de câmbio - dólar americano (venda),R$/US$,diaria,2020-09-30,2020,9,5.6407
1,dolar_venda,Taxa de câmbio - dólar americano (venda),R$/US$,diaria,2020-10-01,2020,10,5.6441
1,dolar_venda,Taxa de câmbio - dólar americano (venda),R$/US$,diaria,2020-10-02,2020,10,5.6464
1,dolar_venda,Taxa de câmbio - dólar americano (venda),R$/US$,diaria,2020-10-05,2020,10,5.6299
1,dolar_venda,Taxa de câmbio - dólar americano (venda),R$/US$,diaria,2020-10-06,2020,10,5.5205
1,dolar_venda,Taxa de câmbio - dólar americano (venda),R$/US$,diaria,2020-10-07,2020,10,5.6018
1,dolar_venda,Taxa de câmbio - dólar americano (venda),R$/US$,diaria,2020-10-08,2020,10,5.62
1,dolar_venda,Taxa de câmbio - dólar americano (venda),R$/US$,diaria,2020-10-09,2020,10,5.5393
1,dolar_venda,Taxa de câmbio - dólar americano (venda),R$/US$,diaria,2020-10-13,2020,10,5.5859
1,dolar_venda,Taxa de câmbio - dólar americano (venda),R$/US$,diaria,2020-10-14,2020,10,5.5675
1,dolar_venda,Taxa de câmbio - dólar americano (venda),R$/US$,diaria,2020-10-15,2020,10,5.6172
1,dolar_venda,Taxa de câmbio - dólar americano (venda),R$/US$,diaria,2020-10-16,2020,10,5.6226
1,dolar_venda,Taxa de câmbio - dólar americano (venda),R$/US$,diaria,2020-10-19,2020,10,5.6023
1,dolar_venda,Taxa de câmbio - dólar americano (venda),R$/US$,diaria,2020-10-20,2020,10,5.583
1,dolar_venda,Taxa de câmbio - dólar americano (venda),R$/US$,diaria,2020-10-21,2020,10,5.6006
1,dolar_venda,Taxa de câmbio - dólar americano (venda),R$/US$,diaria,2020-10-22,2020,10,5.582
1,dolar_venda,Taxa de câmbio - dólar americano (venda),R$/US$,diaria,2020-10-23,2020,10,5.612
1,dolar_venda,Taxa de câmbio - dólar americano (venda),R$/US$,diaria,2020-10-26,2020,10,5.6328
1,dolar_venda,Taxa de câmbio - dólar americano (venda),R$/US$,diaria,2020-10-27,2020,10,5.6491
1,dolar_venda,Taxa de câmbio - dólar americano (venda),R$/US$,diaria,2020-10-28,2020,10,5.7325
1,dolar_venda,Taxa de câmbio - dólar americano (venda),R$/US$,diaria,2020-10-29,2020,10,5.7803
1,dolar_venda,Taxa de câmbio - dólar americano (venda),R$/US$,diaria,2020-10-30,2020,10,5.7718
1,dolar_venda,Taxa de câmbio - dólar americano (venda),R$/US$,diaria,2020-11-03,2020,11,5.6895
1,dolar_venda,Taxa de câmbio - dólar americano (venda),R$/US$,diaria,2020-11-04,2020,11,5.6932
1,dolar_venda,Taxa de câmbio - dólar americano (venda),R$/US$,diaria,2020-11-05,2020,11,5.5624
1,dolar_venda,Taxa de câmbio - dólar americano (venda),R$/US$,diaria,2020-11-06,2020,11,5.5313
1,dolar_venda,Taxa de câmbio - dólar americano (venda),R$/US$,diaria,2020-11-09,2020,11,5.2821
1,dolar_venda,Taxa de câmbio - dólar americano (venda),R$/US$,diaria,2020-11-10,2020,11,5.3696
1,dolar_venda,Taxa de câmbio - dólar americano (venda),R$/US$,diaria,2020-11-11,2020,11,5.402
1,dolar_venda,Taxa de câmbio - dólar americano (venda),R$/US$,diaria,2020-11-12,2020,11,5.4094
1,dolar_venda,Taxa de câmbio - dólar americano (venda),R$/US$,diaria,2020-11-13,2020,11,5.4854
1,dolar_venda,Taxa de câmbio - dólar americano (venda),R$/US$,diaria,2020-11-16,2020,11,5.4198
1,dolar_venda,Taxa de câmbio - dólar americano (venda),R$/US$,diaria,2020-11-17,2020,11,5.3968
1,dolar_venda,Taxa de câmbio - dólar americano (venda),R$/US$,diaria,2020-11-18,2020,11,5.2932
1,dolar_venda,Taxa de câmbio - dólar americano (venda),R$/US$,diaria,2020-11-19,2020,11,5.333
1,dolar_venda,Taxa de câmbio - dólar americano (venda),R$/US$,diaria,2020-11-20,2020,11,5.3505
1,dolar_venda,Taxa de câmbio - dólar americano (venda),R$/US$,diaria,2020-11-23,2020,11,5.3828
1,dolar_venda,Taxa de câmbio - dólar americano (venda),R$/US$,diaria,2020-11-24,2020,11,5.4037
1,dolar_venda,Taxa de câmbio - dólar americano (venda),R$/US$,diaria,2020-11-25,2020,11,5.3508
1,dolar_venda,Taxa de câmbio - dólar americano (venda),R$/US$,diaria,2020-11-26,2020,11,5.3201
1,dolar_venda,Taxa de câmbio - dólar americano (venda),R$/US$,diaria,2020-11-27,2020,11,5.3494
1,dolar_venda,Taxa de câmbio - dólar americano (venda),R$/US$,diaria,2020-11-30,2020,11,5.3317
1,dolar_venda,Taxa de câmbio - dólar americano (venda),R$/US$,diaria,2020-12-01,2020,12,5.2789
1,dolar_venda,Taxa de câmbio - dólar americano (venda),R$/US$,diaria,2020-12-02,2020,12,5.2267
1,dolar_venda,Taxa de câmbio - dólar americano (venda),R$/US$,diaria,2020-12-03,2020,12,5.1625
1,dolar_venda,Taxa de câmbio - dólar americano (venda),R$/US$,diaria,2020-12-04,2020,12,5.1706
1,dolar_venda,Taxa de câmbio - dólar americano (venda),R$/US$,diaria,2020-12-07,2020,12,5.1018
1,dolar_venda,Taxa de câmbio - dólar americano (venda),R$/US$,diaria,2020-12-08,2020,12,5.092
1,dolar_venda,Taxa de câmbio - dólar americano (venda),R$/US$,diaria,2020-12-09,2020,12,5.1109
1,dolar_venda,Taxa de câmbio - dólar americano (venda),R$/US$,diaria,2020-12-10,2020,12,5.0852
1,dolar_venda,Taxa de câmbio - dólar americano (venda),R$/US$,diaria,2020-12-11,2020,12,5.0691
1,dolar_venda,Taxa de câmbio - dólar americano (venda),R$/US$,diaria,2020-12-14,2020,12,5.0578
1,dolar_venda,Taxa de câmbio - dólar americano (venda),R$/US$,diaria,2020-12-15,2020,12,5.0968
1,dolar_venda,Taxa de câmbio - dólar americano (venda),R$/US$,diaria,2020-12-16,2020,12,5.1057
1,dolar_venda,Taxa de câmbio - dólar americano (venda),R$/US$,diaria,2020-12-17,2020,12,5.0612
1,dolar_venda,Taxa de câmbio - dólar americano (venda),R$/US$,diaria,2020-12-18,2020,12,5.0986
1,dolar_venda,Taxa de câmbio - dólar americano (venda),R$/US$,diaria,2020-12-21,2020,12,5.1572
1,dolar_venda,Taxa de câmbio - dólar americano (venda),R$/US$,diaria,2020-12-22,2020,12,5.1473
1,dolar_venda,Taxa de câmbio - dólar americano (venda),R$/US$,diaria,2020-12-23,2020,12,5.174
1,dolar_venda,Taxa de câmbio - dólar americano (venda),R$/US$,diaria,2020-12-24,2020,12,5.18
1,dolar_venda,Taxa de câmbio - dólar americano (venda),R$/US$,diaria,2020-12-28,2020,12,5.239
1,dolar_venda,Taxa de câmbio - dólar americano (venda),R$/US$,diaria,2020-12-29,2020,12,5.1942
1,dolar_venda,Taxa de câmbio - dólar americano (venda),R$/US$,diaria,2020-12-30,2020,12,5.1967
1,dolar_venda,Taxa de câmbio - dólar americano (venda),R$/US$,diaria,2020-12-31,2020,12,5.1967
1,dolar_venda,Taxa de câmbio - dólar americano (venda),R$/US$,diaria,2021-01-04,2021,1,5.1626
1,dolar_venda,Taxa de câmbio - dólar americano (venda),R$/US$,diaria,2021-01-05,2021,1,5.3269
1,dolar_venda,Taxa de câmbio - dólar americano (venda),R$/US$,diaria,2021-01-06,2021,1,5.3182
1,dolar_venda,Taxa de câmbio - dólar americano (venda),R$/US$,diaria,2021-01-07,2021,1,5.3433
1,dolar_venda,Taxa de câmbio - dólar americano (venda),R$/US$,diaria,2021-01-08,2021,1,5.3683
1,dolar_venda,Taxa de câmbio - dólar americano (venda),R$/US$,diaria,2021-01-11,2021,1,5.4966
1,dolar_venda,Taxa de câmbio - dólar americano (venda),R$/US$,diaria,2021-01-12,2021,1,5.4637
1,dolar_venda,Taxa de câmbio - dólar americano (venda),R$/US$,diaria,2021-01-13,2021,1,5.307
1,dolar_venda,Taxa de câmbio - dólar americano (venda),R$/US$,diaria,2021-01-14,2021,1,5.2617
1,dolar_venda,Taxa de câmbio - dólar americano (venda),R$/US$,diaria,2021-01-15,2021,1,5.2714
1,dolar_venda,Taxa de câmbio - dólar americano (venda),R$/US$,diaria,2021-01-18,2021,1,5.2788
1,dolar_venda,Taxa de câmbio - dólar americano (venda),R$/US$,diaria,2021-01-19,2021,1,5.2945
1,dolar_venda,Taxa de câmbio - dólar americano (venda),R$/US$,diaria,2021-01-20,2021,1,5.3033
1,dolar_venda,Taxa de câmbio - dólar americano (venda),R$/US$,diaria,2021-01-21,2021,1,5.3166
1,dolar_venda,Taxa de câmbio - dólar americano (venda),R$/US$,diaria,2021-01-22,2021,1,5.4301
1,dolar_venda,Taxa de câmbio - dólar americano (venda),R$/US$,diaria,2021-01-25,2021,1,5.5089
1,dolar_venda,Taxa de câmbio - dólar americano (venda),R$/US$,diaria,2021-01-26,2021,1,5.3865
1,dolar_venda,Taxa de câmbio - dólar americano (venda),R$/US$,diaria,2021-01-27,2021,1,5.3824
1,dolar_venda,Taxa de câmbio - dólar americano (venda),R$/US$,diaria,2021-01-28,2021,1,5.4282
1,dolar_venda,Taxa de câmbio - dólar americano (venda),R$/US$,diaria,2021-01-29,2021,1,5.4759
1,dolar_venda,Taxa de câmbio - dólar americano (venda),R$/US$,diaria,2021-02-01,2021,2,5.4608
1,dolar_venda,Taxa de câmbio - dólar americano (venda),R$/US$,diaria,2021-02-02,2021,2,5.3875
1,dolar_venda,Taxa de câmbio - dólar americano (venda),R$/US$,diaria,2021-02-03,2021,2,5.3423
1,dolar_venda,Taxa de câmbio - dólar americano (venda),R$/US$,diaria,2021-02-04,2021,2,5.391
1,dolar_venda,Taxa de câmbio - dólar americano (venda),R$/US$,diaria,2021-02-05,2021,2,5.3884
1,dolar_venda,Taxa de câmbio - dólar americano (venda),R$/US$,diaria,2021-02-08,2021,2,5.367
1,dolar_venda,Taxa de câmbio - dólar americano (venda),R$/US$,diaria,2021-02-09,2021,2,5.4216
1,dolar_venda,Taxa de câmbio - dólar americano (venda),R$/US$,diaria,2021-02-10,2021,2,5.4024
1,dolar_venda,Taxa de câmbio - dólar americano (venda),R$/US$,diaria,2021-02-11,2021,2,5.3626
1,dolar_venda,Taxa de câmbio - dólar americano (venda),R$/US$,diaria,2021-02-12,2021,2,5.3815
1,dolar_venda,Taxa de câmbio - dólar americano (venda),R$/US$,diaria,2021-02-17,2021,2,5.4138
1,dolar_venda,Taxa de câmbio - dólar americano (venda),R$/US$,diaria,2021-02-18,2021,2,5.4238
1,dolar_venda,Taxa de câmbio - dólar americano (venda),R$/US$,diaria,2021-02-19,2021,2,5.3924
1,dolar_venda,Taxa de câmbio - dólar americano (venda),R$/US$,diaria,2021-02-22,2021,2,5.5044
1,dolar_venda,Taxa de câmbio - dólar americano (venda),R$/US$,diaria,2021-02-23,2021,2,5.449
1,dolar_venda,Taxa de câmbio - dólar americano (venda),R$/US$,diaria,2021-02-24,2021,2,5.4182
1,dolar_venda,Taxa de câmbio - dólar americano (venda),R$/US$,diaria,2021-02-25,2021,2,5.46
1,dolar_venda,Taxa de câmbio - dólar americano (venda),R$/US$,diaria,2021-02-26,2021,2,5.5302
1,dolar_venda,Taxa de câmbio - dólar americano (venda),R$/US$,diaria,2021-03-01,2021,3,5.5832
1,dolar_venda,Taxa de câmbio - dólar americano (venda),R$/US$,diaria,2021-03-02,2021,3,5.6844
1,dolar_venda,Taxa de câmbio - dólar americano (venda),R$/US$,diaria,2021-03-03,2021,3,5.7342
1,dolar_venda,Taxa de câmbio - dólar americano (venda),R$/US$,diaria,2021-03-04,2021,3,5.6008
1,dolar_venda,Taxa de câmbio - dólar americano (venda),R$/US$,diaria,2021-03-05,2021,3,5.687
1,dolar_venda,Taxa de câmbio - dólar americano (venda),R$/US$,diaria,2021-03-08,2021,3,5.7343
1,dolar_venda,Taxa de câmbio - dólar americano (venda),R$/US$,diaria,2021-03-09,2021,3,5.8397
1,dolar_venda,Taxa de câmbio - dólar americano (venda),R$/US$,diaria,2021-03-10,2021,3,5.7449
1,dolar_venda,Taxa de câmbio - dólar americano (venda),R$/US$,diaria,2021-03-11,2021,3,5.589
1,dolar_venda,Taxa de câmbio - dólar americano (venda),R$/US$,diaria,2021-03-12,2021,3,5.564
1,dolar_venda,Taxa de câmbio - dólar americano (venda),R$/US$,diaria,2021-03-15,2021,3,5.6296
1,dolar_venda,Taxa de câmbio - dólar americano (venda),R$/US$,diaria,2021-03-16,2021,3,5.5851
1,dolar_venda,Taxa de câmbio - dólar americano (venda),R$/US$,diaria,2021-03-17,2021,3,5.6579
1,dolar_venda,Taxa de câmbio - dólar americano (venda),R$/US$,diaria,2021-03-18,2021,3,5.5474
1,dolar_venda,Taxa de câmbio - dólar americano (venda),R$/US$,diaria,2021-03-19,2021,3,5.5082
1,dolar_venda,Taxa de câmbio - dólar americano (venda),R$/US$,diaria,2021-03-22,2021,3,5.5269
1,dolar_venda,Taxa de câmbio - dólar americano (venda),R$/US$,diaria,2021-03-23,2021,3,5.4951
1,dolar_venda,Taxa de câmbio - dólar americano (venda),R$/US$,diaria,2021-03-24,2021,3,5.533
1,dolar_venda,Taxa de câmbio - dólar americano (venda),R$/US$,diaria,2021-03-25,2021,3,5.6585
1,dolar_venda,Taxa de câmbio - dólar americano (venda),R$/US$,diaria,2021-03-26,2021,3,5.7042
1,dolar_venda,Taxa de câmbio - dólar americano (venda),R$/US$,diaria,2021-03-29,2021,3,5.7925
1,dolar_venda,Taxa de câmbio - dólar americano (venda),R$/US$,diaria,2021-03-30,2021,3,5.7642
1,dolar_venda,Taxa de câmbio - dólar americano (venda),R$/US$,diaria,2021-03-31,2021,3,5.6973
1,dolar_venda,Taxa de câmbio - dólar americano (venda),R$/US$,diaria,2021-04-01,2021,4,5.6849
1,dolar_venda,Taxa de câmbio - dólar americano (venda),R$/US$,diaria,2021-04-05,2021,4,5.6579
1,dolar_venda,Taxa de câmbio - dólar americano (venda),R$/US$,diaria,2021-04-06,2021,4,5.6263
1,dolar_venda,Taxa de câmbio - dólar americano (venda),R$/US$,diaria,2021-04-07,2021,4,5.5864
1,dolar_venda,Taxa de câmbio - dólar americano (venda),R$/US$,diaria,2021-04-08,2021,4,5.5817
1,dolar_venda,Taxa de câmbio - dólar americano (venda),R$/US$,diaria,2021-04-09,2021,4,5.6445
1,dolar_venda,Taxa de câmbio - dólar americano (venda),R$/US$,diaria,2021-04-12,2021,4,5.6582
1,dolar_venda,Taxa de câmbio - dólar americano (venda),R$/US$,diaria,2021-04-13,2021,4,5.7064
1,dolar_venda,Taxa de câmbio - dólar americano (venda),R$/US$,diaria,2021-04-14,2021,4,5.6936
1,dolar_venda,Taxa de câmbio - dólar americano (venda),R$/US$,diaria,2021-04-15,2021,4,5.6234
1,dolar_venda,Taxa de câmbio - dólar americano (venda),R$/US$,diaria,2021-04-16,2021,4,5.6328
1,dolar_venda,Taxa de câmbio - dólar americano (venda),R$/US$,diaria,2021-04-19,2021,4,5.575
1,dolar_venda,Taxa de câmbio - dólar americano (venda),R$/US$,diaria,2021-04-20,2021,4,5.5266
1,dolar_venda,Taxa de câmbio - dólar americano (venda),R$/US$,diaria,2021-04-22,2021,4,5.497
1,dolar_venda,Taxa de câmbio - dólar americano (venda),R$/US$,diaria,2021-04-23,2021,4,5.4787
1,dolar_venda,Taxa de câmbio - dólar americano (venda),R$/US$,diaria,2021-04-26,2021,4,5.4566
1,dolar_venda,Taxa de câmbio - dólar americano (venda),R$/US$,diaria,2021-04-27,2021,4,5.4424
1,dolar_venda,Taxa de câmbio - dólar americano (venda),R$/US$,diaria,2021-04-28,2021,4,5.4005
1,dolar_venda,Taxa de câmbio - dólar americano (venda),R$/US$,diaria,2021-04-29,2021,4,5.3662
1,dolar_venda,Taxa de câmbio - dólar americano (venda),R$/US$,diaria,2021-04-30,2021,4,5.4036
1,dolar_venda,Taxa de câmbio - dólar americano (venda),R$/US$,diaria,2021-05-03,2021,5,5.4087
1,dolar_venda,Taxa de câmbio - dólar americano (venda),R$/US$,diaria,2021-05-04,2021,5,5.4505
1,dolar_venda,Taxa de câmbio - dólar americano (venda),R$/US$,diaria,2021-05-05,2021,5,5.3872
1,dolar_venda,Taxa de câmbio - dólar americano (venda),R$/US$,diaria,2021-05-06,2021,5,5.2897
1,dolar_venda,Taxa de câmbio - dólar americano (venda),R$/US$,diaria,2021-05-07,2021,5,5.2217
1,dolar_venda,Taxa de câmbio - dólar americano (venda),R$/US$,diaria,2021-05-10,2021,5,5.2227
1,dolar_venda,Taxa de câmbio - dólar americano (venda),R$/US$,diaria,2021-05-11,2021,5,5.2403
1,dolar_venda,Taxa de câmbio - dólar americano (venda),R$/US$,diaria,2021-05-12,2021,5,5.2353
1,dolar_venda,Taxa de câmbio - dólar americano (venda),R$/US$,diaria,2021-05-13,2021,5,5.2815
1,dolar_venda,Taxa de câmbio - dólar americano (venda),R$/US$,diaria,2021-05-14,2021,5,5.2701
1,dolar_venda,Taxa de câmbio - dólar americano (venda),R$/US$,diaria,2021-05-17,2021,5,5.2755
1,dolar_venda,Taxa de câmbio - dólar americano (venda),R$/US$,diaria,2021-05-18,2021,5,5.2588
1,dolar_venda,Taxa de câmbio - dólar americano (venda),R$/US$,diaria,2021-05-19,2021,5,5.2822
1,dolar_venda,Taxa de câmbio - dólar americano (venda),R$/US$,diaria,2021-05-20,2021,5,5.2905
1,dolar_venda,Taxa de câmbio - dólar americano (venda),R$/US$,diaria,2021-05-21,2021,5,5.3027
1,dolar_venda,Taxa de câmbio - dólar americano (venda),R$/US$,diaria,2021-05-24,2021,5,5.3198
1,dolar_venda,Taxa de câmbio - dólar americano (venda),R$/US$,diaria,2021-05-25,2021,5,5.3143
1,dolar_venda,Taxa de câmbio - dólar americano (venda),R$/US$,diaria,2021-05-26,2021,5,5.3164
1,dolar_venda,Taxa de câmbio - dólar americano (venda),R$/US$,diaria,2021-05-27,2021,5,5.284
1,dolar_venda,Taxa de câmbio - dólar americano (venda),R$/US$,diaria,2021-05-28,2021,5,5.2281
1,dolar_venda,Taxa de câmbio - dólar americano (venda),R$/US$,diaria,2021-05-31,2021,5,5.2322
1,dolar_venda,Taxa de câmbio - dólar americano (venda),R$/US$,diaria,2021-06-01,2021,6,5.1636
1,dolar_venda,Taxa de câmbio - dólar americano (venda),R$/US$,diaria,2021-06-02,2021,6,5.1147
1,dolar_venda,Taxa de câmbio - dólar americano (venda),R$/US$,diaria,2021-06-04,2021,6,5.0666
1,dolar_venda,Taxa de câmbio - dólar americano (venda),R$/US$,diaria,2021-06-07,2021,6,5.0498
1,dolar_venda,Taxa de câmbio - dólar americano (venda),R$/US$,diaria,2021-06-08,2021,6,5.0489
1,dolar_venda,Taxa de câmbio - dólar americano (venda),R$/US$,diaria,2021-06-09,2021,6,5.0533
1,dolar_venda,Taxa de câmbio - dólar americano (venda),R$/US$,diaria,2021-06-10,2021,6,5.0635
1,dolar_venda,Taxa de câmbio - dólar americano (venda),R$/US$,diaria,2021-06-11,2021,6,5.119
1,dolar_venda,Taxa de câmbio - dólar americano (venda),R$/US$,diaria,2021-06-14,2021,6,5.0707
1,dolar_venda,Taxa de câmbio - dólar americano (venda),R$/US$,diaria,2021-06-15,2021,6,5.0874
1,dolar_venda,Taxa de câmbio - dólar americano (venda),R$/US$,diaria,2021-06-16,2021,6,5.0207
1,dolar_venda,Taxa de câmbio - dólar americano (venda),R$/US$,diaria,2021-06-17,2021,6,5.0359
1,dolar_venda,Taxa de câmbio - dólar americano (venda),R$/US$,diaria,2021-06-18,2021,6,5.0314
1,dolar_venda,Taxa de câmbio - dólar americano (venda),R$/US$,diaria,2021-06-21,2021,6,5.0373
1,dolar_venda,Taxa de câmbio - dólar americano (venda),R$/US$,diaria,2021-06-22,2021,6,5.0178
1,dolar_venda,Taxa de câmbio - dólar americano (venda),R$/US$,diaria,2021-06-23,2021,6,4.9519
1,dolar_venda,Taxa de câmbio - dólar americano (venda),R$/US$,diaria,2021-06-24,2021,6,4.9277
1,dolar_venda,Taxa de câmbio - dólar americano (venda),R$/US$,diaria,2021-06-25,2021,6,4.9206
1,dolar_venda,Taxa de câmbio - dólar americano (venda),R$/US$,diaria,2021-06-28,2021,6,4.942
1,dolar_venda,Taxa de câmbio - dólar americano (venda),R$/US$,diaria,2021-06-29,2021,6,4.945
1,dolar_venda,Taxa de câmbio - dólar americano (venda),R$/US$,diaria,2021-06-30,2021,6,5.0022
1,dolar_venda,Taxa de câmbio - dólar americano (venda),R$/US$,diaria,2021-07-01,2021,7,5.0055
1,dolar_venda,Taxa de câmbio - dólar americano (venda),R$/US$,diaria,2021-07-02,2021,7,5.0293
1,dolar_venda,Taxa de câmbio - dólar americano (venda),R$/US$,diaria,2021-07-05,2021,7,5.0749
1,dolar_venda,Taxa de câmbio - dólar americano (venda),R$/US$,diaria,2021-07-06,2021,7,5.1645
1,dolar_venda,Taxa de câmbio - dólar americano (venda),R$/US$,diaria,2021-07-07,2021,7,5.2328
1,dolar_venda,Taxa de câmbio - dólar americano (venda),R$/US$,diaria,2021-07-08,2021,7,5.2587
1,dolar_venda,Taxa de câmbio - dólar americano (venda),R$/US$,diaria,2021-07-09,2021,7,5.2393
1,dolar_venda,Taxa de câmbio - dólar americano (venda),R$/US$,diaria,2021-07-12,2021,7,5.2239
1,dolar_venda,Taxa de câmbio - dólar americano (venda),R$/US$,diaria,2021-07-13,2021,7,5.177
1,dolar_venda,Taxa de câmbio - dólar americano (venda),R$/US$,diaria,2021-07-14,2021,7,5.088
1,dolar_venda,Taxa de câmbio - dólar americano (venda),R$/US$,diaria,2021-07-15,2021,7,5.1
1,dolar_venda,Taxa de câmbio - dólar americano (venda),R$/US$,diaria,2021-07-16,2021,7,5.0941
1,dolar_venda,Taxa de câmbio - dólar americano (venda),R$/US$,diaria,2021-07-19,2021,7,5.1978
1,dolar_venda,Taxa de câmbio - dólar americano (venda),R$/US$,diaria,2021-07-20,2021,7,5.2465
1,dolar_venda,Taxa de câmbio - dólar americano (venda),R$/US$,diaria,2021-07-21,2021,7,5.2516
1,dolar_venda,Taxa de câmbio - dólar americano (venda),R$/US$,diaria,2021-07-22,2021,7,5.1978
1,dolar_venda,Taxa de câmbio - dólar americano (venda),R$/US$,diaria,2021-07-23,2021,7,5.1701
1,dolar_venda,Taxa de câmbio - dólar americano (venda),R$/US$,diaria,2021-07-26,2021,7,5.1863
1,dolar_venda,Taxa de câmbio - dólar americano (venda),R$/US$,diaria,2021-07-27,2021,7,5.1669
1,dolar_venda,Taxa de câmbio - dólar americano (venda),R$/US$,diaria,2021-07-28,2021,7,5.1527
1,dolar_venda,Taxa de câmbio - dólar americano (venda),R$/US$,diaria,2021-07-29,2021,7,5.0682
1,dolar_venda,Taxa de câmbio - dólar americano (venda),R$/US$,diaria,2021-07-30,2021,7,5.1216
1,dolar_venda,Taxa de câmbio - dólar americano (venda),R$/US$,diaria,2021-08-02,2021,8,5.1379
1,dolar_venda,Taxa de câmbio - dólar americano (venda),R$/US$,diaria,2021-08-03,2021,8,5.2464
1,dolar_venda,Taxa de câmbio - dólar americano (venda),R$/US$,diaria,2021-08-04,2021,8,5.2091
1,dolar_venda,Taxa de câmbio - dólar americano (venda),R$/US$,diaria,2021-08-05,2021,8,5.1464
1,dolar_venda,Taxa de câmbio - dólar americano (venda),R$/US$,diaria,2021-08-06,2021,8,5.241
1,dolar_venda,Taxa de câmbio - dólar americano (venda),R$/US$,diaria,2021-08-09,2021,8,5.2774
1,dolar_venda,Taxa de câmbio - dólar americano (venda),R$/US$,diaria,2021-08-10,2021,8,5.2217
1,dolar_venda,Taxa de câmbio - dólar americano (venda),R$/US$,diaria,2021-08-11,2021,8,5.2013
1,dolar_venda,Taxa de câmbio - dólar americano (venda),R$/US$,diaria,2021-08-12,2021,8,5.2351
1,dolar_venda,Taxa de câmbio - dólar americano (venda),R$/US$,diaria,2021-08-13,2021,8,5.2474
1,dolar_venda,Taxa de câmbio - dólar americano (venda),R$/US$,diaria,2021-08-16,2021,8,5.2495
1,dolar_venda,Taxa de câmbio - dólar americano (venda),R$/US$,diaria,2021-08-17,2021,8,5.2585
1,dolar_venda,Taxa de câmbio - dólar americano (venda),R$/US$,diaria,2021-08-18,2021,8,5.3025
1,dolar_venda,Taxa de câmbio - dólar americano (venda),R$/US$,diaria,2021-08-19,2021,8,5.418
1,dolar_venda,Taxa de câmbio - dólar americano (venda),R$/US$,diaria,2021-08-20,2021,8,5.4274
1,dolar_venda,Taxa de câmbio - dólar americano (venda),R$/US$,diaria,2021-08-23,2021,8,5.3686
1,dolar_venda,Taxa de câmbio - dólar americano (venda),R$/US$,diaria,2021-08-24,2021,8,5.3017
1,dolar_venda,Taxa de câmbio - dólar americano (venda),R$/US$,diaria,2021-08-25,2021,8,5.2465
1,dolar_venda,Taxa de câmbio - dólar americano (venda),R$/US$,diaria,2021-08-26,2021,8,5.2429
1,dolar_venda,Taxa de câmbio - dólar americano (venda),R$/US$,diaria,2021-08-27,2021,8,5.22
1,dolar_venda,Taxa de câmbio - dólar americano (venda),R$/US$,diaria,2021-08-30,2021,8,5.1952
1,dolar_venda,Taxa de câmbio - dólar americano (venda),R$/US$,diaria,2021-08-31,2021,8,5.1433
1,dolar_venda,Taxa de câmbio - dólar americano (venda),R$/US$,diaria,2021-09-01,2021,9,5.1576
1,dolar_venda,Taxa de câmbio - dólar americano (venda),R$/US$,diaria,2021-09-02,2021,9,5.1735
1,dolar_venda,Taxa de câmbio - dólar americano (venda),R$/US$,diaria,2021-09-03,2021,9,5.1685
1,dolar_venda,Taxa de câmbio - dólar americano (venda),R$/US$,diaria,2021-09-06,2021,9,5.1773
1,dolar_venda,Taxa de câmbio - dólar americano (venda),R$/US$,diaria,2021-09-08,2021,9,5.2524
1,dolar_venda,Taxa de câmbio - dólar americano (venda),R$/US$,diaria,2021-09-09,2021,9,5.2825
1,dolar_venda,Taxa de câmbio - dólar americano (venda),R$/US$,diaria,2021-09-10,2021,9,5.2158
1,dolar_venda,Taxa de câmbio - dólar americano (venda),R$/US$,diaria,2021-09-13,2021,9,5.219
1,dolar_venda,Taxa de câmbio - dólar americano (venda),R$/US$,diaria,2021-09-14,2021,9,5.226
1,dolar_venda,Taxa de câmbio - dólar americano (venda),R$/US$,diaria,2021-09-15,2021,9,5.2576
1,dolar_venda,Taxa de câmbio - dólar americano (venda),R$/US$,diaria,2021-09-16,2021,9,5.2594
1,dolar_venda,Taxa de câmbio - dólar americano (venda),R$/US$,diaria,2021-09-17,2021,9,5.3103
1,dolar_venda,Taxa de câmbio - dólar americano (venda),R$/US$,diaria,2021-09-20,2021,9,5.3332
1,dolar_venda,Taxa de câmbio - dólar americano (venda),R$/US$,diaria,2021-09-21,2021,9,5.3044
1,dolar_venda,Taxa de câmbio - dólar americano (venda),R$/US$,diaria,2021-09-22,2021,9,5.2783
1,dolar_venda,Taxa de câmbio - dólar americano (venda),R$/US$,diaria,2021-09-23,2021,9,5.2891
1,dolar_venda,Taxa de câmbio - dólar americano (venda),R$/US$,diaria,2021-09-24,2021,9,5.3435
1,dolar_venda,Taxa de câmbio - dólar americano (venda),R$/US$,diaria,2021-09-27,2021,9,5.3478
1,dolar_venda,Taxa de câmbio - dólar americano (venda),R$/US$,diaria,2021-09-28,2021,9,5.4206
1,dolar_venda,Taxa de câmbio - dólar americano (venda),R$/US$,diaria,2021-09-29,2021,9,5.4173
1,dolar_venda,Taxa de câmbio - dólar americano (venda),R$/US$,diaria,2021-09-30,2021,9,5.4394
1,dolar_venda,Taxa de câmbio - dólar americano (venda),R$/US$,diaria,2021-10-01,2021,10,5.3911
1,dolar_venda,Taxa de câmbio - dólar americano (venda),R$/US$,diaria,2021-10-04,2021,10,5.4204
1,dolar_venda,Taxa de câmbio - dólar americano (venda),R$/US$,diaria,2021-10-05,2021,10,5.4611
1,dolar_venda,Taxa de câmbio - dólar americano (venda),R$/US$,diaria,2021-10-06,2021,10,5.5097
1,dolar_venda,Taxa de câmbio - dólar americano (venda),R$/US$,diaria,2021-10-07,2021,10,5.514
1,dolar_venda,Taxa de câmbio - dólar americano (venda),R$/US$,diaria,2021-10-08,2021,10,5.5084
1,dolar_venda,Taxa de câmbio - dólar americano (venda),R$/US$,diaria,2021-10-11,2021,10,5.5161
1,dolar_venda,Taxa de câmbio - dólar americano (venda),R$/US$,diaria,2021-10-13,2021,10,5.5471
1,dolar_venda,Taxa de câmbio - dólar americano (venda),R$/US$,diaria,2021-10-14,2021,10,5.4988
1,dolar_venda,Taxa de câmbio - dólar americano (venda),R$/US$,diaria,2021-10-15,2021,10,5.451
1,dolar_venda,Taxa de câmbio - dólar americano (venda),R$/US$,diaria,2021-10-18,2021,10,5.5193
1,dolar_venda,Taxa de câmbio - dólar americano (venda),R$/US$,diaria,2021-10-19,2021,10,5.5521
1,dolar_venda,Taxa de câmbio - dólar americano (venda),R$/US$,diaria,2021-10-20,2021,10,5.5571
1,dolar_venda,Taxa de câmbio - dólar americano (venda),R$/US$,diaria,2021-10-21,2021,10,5.6423
1,dolar_venda,Taxa de câmbio - dólar americano (venda),R$/US$,diaria,2021-10-22,2021,10,5.7117
1,dolar_venda,Taxa de câmbio - dólar americano (venda),R$/US$,diaria,2021-10-25,2021,10,5.5973
1,dolar_venda,Taxa de câmbio - dólar americano (venda),R$/US$,diaria,2021-10-26,2021,10,5.58
1,dolar_venda,Taxa de câmbio - dólar americano (venda),R$/US$,diaria,2021-10-27,2021,10,5.5667
1,dolar_venda,Taxa de câmbio - dólar americano (venda),R$/US$,diaria,2021-10-28,2021,10,5.6124
1,dolar_venda,Taxa de câmbio - dólar americano (venda),R$/US$,diaria,2021-10-29,2021,10,5.643
1,dolar_venda,Taxa de câmbio - dólar americano (venda),R$/US$,diaria,2021-11-01,2021,11,5.6694
1,dolar_venda,Taxa de câmbio - dólar americano (venda),R$/US$,diaria,2021-11-03,2021,11,5.6672
1,dolar_venda,Taxa de câmbio - dólar americano (venda),R$/US$,diaria,2021-11-04,2021,11,5.5942
1,dolar_venda,Taxa de câmbio - dólar americano (venda),R$/US$,diaria,2021-11-05,2021,11,5.5455
1,dolar_venda,Taxa de câmbio - dólar americano (venda),R$/US$,diaria,2021-11-08,2021,11,5.5627
1,dolar_venda,Taxa de câmbio - dólar americano (venda),R$/US$,diaria,2021-11-09,2021,11,5.4957
1,dolar_venda,Taxa de câmbio - dólar americano (venda),R$/US$,diaria,2021-11-10,2021,11,5.459
1,dolar_venda,Taxa de câmbio - dólar americano (venda),R$/US$,diaria,2021-11-11,2021,11,5.4171
1,dolar_venda,Taxa de câmbio - dólar americano (venda),R$/US$,diaria,2021-11-12,2021,11,5.4199
1,dolar_venda,Taxa de câmbio - dólar americano (venda),R$/US$,diaria,2021-11-16,2021,11,5.4772
1,dolar_venda,Taxa de câmbio - dólar americano (venda),R$/US$,diaria,2021-11-17,2021,11,5.4993
1,dolar_venda,Taxa de câmbio - dólar americano (venda),R$/US$,diaria,2021-11-18,2021,11,5.547
1,dolar_venda,Taxa de câmbio - dólar americano (venda),R$/US$,diaria,2021-11-19,2021,11,5.5584
1,dolar_venda,Taxa de câmbio - dólar americano (venda),R$/US$,diaria,2021-11-22,2021,11,5.5841
1,dolar_venda,Taxa de câmbio - dólar americano (venda),R$/US$,diaria,2021-11-23,2021,11,5.6456
1,dolar_venda,Taxa de câmbio - dólar americano (venda),R$/US$,diaria,2021-11-24,2021,11,5.6027
1,dolar_venda,Taxa de câmbio - dólar americano (venda),R$/US$,diaria,2021-11-25,2021,11,5.574
1,dolar_venda,Taxa de câmbio - dólar americano (venda),R$/US$,diaria,2021-11-26,2021,11,5.5865
1,dolar_venda,Taxa de câmbio - dólar americano (venda),R$/US$,diaria,2021-11-29,2021,11,5.6118
1,dolar_venda,Taxa de câmbio - dólar americano (venda),R$/US$,diaria,2021-11-30,2021,11,5.6199
1,dolar_venda,Taxa de câmbio - dólar americano (venda),R$/US$,diaria,2021-12-01,2021,12,5.6168
1,dolar_venda,Taxa de câmbio - dólar americano (venda),R$/US$,diaria,2021-12-02,2021,12,5.6345
1,dolar_venda,Taxa de câmbio - dólar americano (venda),R$/US$,diaria,2021-12-03,2021,12,5.6432
1,dolar_venda,Taxa de câmbio - dólar americano (venda),R$/US$,diaria,2021-12-06,2021,12,5.6877
1,dolar_venda,Taxa de câmbio - dólar americano (venda),R$/US$,diaria,2021-12-07,2021,12,5.6411
1,dolar_venda,Taxa de câmbio - dólar americano (venda),R$/US$,diaria,2021-12-08,2021,12,5.5779
1,dolar_venda,Taxa de câmbio - dólar americano (venda),R$/US$,diaria,2021-12-09,2021,12,5.5564
1,dolar_venda,Taxa de câmbio - dólar americano (venda),R$/US$,diaria,2021-12-10,2021,12,5.5931
1,dolar_venda,Taxa de câmbio - dólar americano (venda),R$/US$,diaria,2021-12-13,2021,12,5.6357
1,dolar_venda,Taxa de câmbio - dólar americano (venda),R$/US$,diaria,2021-12-14,2021,12,5.6461
1,dolar_venda,Taxa de câmbio - dólar americano (venda),R$/US$,diaria,2021-12-15,2021,12,5.7127
1,dolar_venda,Taxa de câmbio - dólar americano (venda),R$/US$,diaria,2021-12-16,2021,12,5.6963
1,dolar_venda,Taxa de câmbio - dólar americano (venda),R$/US$,diaria,2021-12-17,2021,12,5.6959
1,dolar_venda,Taxa de câmbio - dólar americano (venda),R$/US$,diaria,2021-12-20,2021,12,5.7055
1,dolar_venda,Taxa de câmbio - dólar americano (venda),R$/US$,diaria,2021-12-21,2021,12,5.7372
1,dolar_venda,Taxa de câmbio - dólar americano (venda),R$/US$,diaria,2021-12-22,2021,12,5.7201
1,dolar_venda,Taxa de câmbio - dólar americano (venda),R$/US$,diaria,2021-12-23,2021,12,5.691
1,dolar_venda,Taxa de câmbio - dólar americano (venda),R$/US$,diaria,2021-12-24,2021,12,5.6591
1,dolar_venda,Taxa de câmbio - dólar americano (venda),R$/US$,diaria,2021-12-27,2021,12,5.665
1,dolar_venda,Taxa de câmbio - dólar americano (venda),R$/US$,diaria,2021-12-28,2021,12,5.6438
1,dolar_venda,Taxa de câmbio - dólar americano (venda),R$/US$,diaria,2021-12-29,2021,12,5.6619
1,dolar_venda,Taxa de câmbio - dólar americano (venda),R$/US$,diaria,2021-12-30,2021,12,5.5805
1,dolar_venda,Taxa de câmbio - dólar americano (venda),R$/US$,diaria,2021-12-31,2021,12,5.5805
1,dolar_venda,Taxa de câmbio - dólar americano (venda),R$/US$,diaria,2022-01-03,2022,1,5.6309
1,dolar_venda,Taxa de câmbio - dólar americano (venda),R$/US$,diaria,2022-01-04,2022,1,5.6776
1,dolar_venda,Taxa de câmbio - dólar americano (venda),R$/US$,diaria,2022-01-05,2022,1,5.6628
1,dolar_venda,Taxa de câmbio - dólar americano (venda),R$/US$,diaria,2022-01-06,2022,1,5.7042
1,dolar_venda,Taxa de câmbio - dólar americano (venda),R$/US$,diaria,2022-01-07,2022,1,5.6753
1,dolar_venda,Taxa de câmbio - dólar americano (venda),R$/US$,diaria,2022-01-10,2022,1,5.6736
1,dolar_venda,Taxa de câmbio - dólar americano (venda),R$/US$,diaria,2022-01-11,2022,1,5.6351
1,dolar_venda,Taxa de câmbio - dólar americano (venda),R$/US$,diaria,2022-01-12,2022,1,5.5611
1,dolar_venda,Taxa de câmbio - dólar americano (venda),R$/US$,diaria,2022-01-13,2022,1,5.5246
1,dolar_venda,Taxa de câmbio - dólar americano (venda),R$/US$,diaria,2022-01-14,2022,1,5.5349
1,dolar_venda,Taxa de câmbio - dólar americano (venda),R$/US$,diaria,2022-01-17,2022,1,5.5058
1,dolar_venda,Taxa de câmbio - dólar americano (venda),R$/US$,diaria,2022-01-18,2022,1,5.5213
1,dolar_venda,Taxa de câmbio - dólar americano (venda),R$/US$,diaria,2022-01-19,2022,1,5.4978
1,dolar_venda,Taxa de câmbio - dólar americano (venda),R$/US$,diaria,2022-01-20,2022,1,5.4166
1,dolar_venda,Taxa de câmbio - dólar americano (venda),R$/US$,diaria,2022-01-21,2022,1,5.4401
1,dolar_venda,Taxa de câmbio - dólar americano (venda),R$/US$,diaria,2022-01-24,2022,1,5.491
1,dolar_venda,Taxa de câmbio - dólar americano (venda),R$/US$,diaria,2022-01-25,2022,1,5.4971
1,dolar_venda,Taxa de câmbio - dólar americano (venda),R$/US$,diaria,2022-01-26,2022,1,5.4324
1,dolar_venda,Taxa de câmbio - dólar americano (venda),R$/US$,diaria,2022-01-27,2022,1,5.3812
1,dolar_venda,Taxa de câmbio - dólar americano (venda),R$/US$,diaria,2022-01-28,2022,1,5.3954
1,dolar_venda,Taxa de câmbio - dólar americano (venda),R$/US$,diaria,2022-01-31,2022,1,5.3574
1,dolar_venda,Taxa de câmbio - dólar americano (venda),R$/US$,diaria,2022-02-01,2022,2,5.281
1,dolar_venda,Taxa de câmbio - dólar americano (venda),R$/US$,diaria,2022-02-02,2022,2,5.2956
1,dolar_venda,Taxa de câmbio - dólar americano (venda),R$/US$,diaria,2022-02-03,2022,2,5.3025
1,dolar_venda,Taxa de câmbio - dólar americano (venda),R$/US$,diaria,2022-02-04,2022,2,5.3284
1,dolar_venda,Taxa de câmbio - dólar americano (venda),R$/US$,diaria,2022-02-07,2022,2,5.2913
1,dolar_venda,Taxa de câmbio - dólar americano (venda),R$/US$,diaria,2022-02-08,2022,2,5.2699
1,dolar_venda,Taxa de câmbio - dólar americano (venda),R$/US$,diaria,2022-02-09,2022,2,5.2735
1,dolar_venda,Taxa de câmbio - dólar americano (venda),R$/US$,diaria,2022-02-10,2022,2,5.2101
1,dolar_venda,Taxa de câmbio - dólar americano (venda),R$/US$,diaria,2022-02-11,2022,2,5.1987
1,dolar_venda,Taxa de câmbio - dólar americano (venda),R$/US$,diaria,2022-02-14,2022,2,5.2106
1,dolar_venda,Taxa de câmbio - dólar americano (venda),R$/US$,diaria,2022-02-15,2022,2,5.1881
1,dolar_venda,Taxa de câmbio - dólar americano (venda),R$/US$,diaria,2022-02-16,2022,2,5.163
1,dolar_venda,Taxa de câmbio - dólar americano (venda),R$/US$,diaria,2022-02-17,2022,2,5.1565
1,dolar_venda,Taxa de câmbio - dólar americano (venda),R$/US$,diaria,2022-02-18,2022,2,5.1339
1,dolar_venda,Taxa de câmbio - dólar americano (venda),R$/US$,diaria,2022-02-21,2022,2,5.0997
1,dolar_venda,Taxa de câmbio - dólar americano (venda),R$/US$,diaria,2022-02-22,2022,2,5.0611
1,dolar_venda,Taxa de câmbio - dólar americano (venda),R$/US$,diaria,2022-02-23,2022,2,5.0143
1,dolar_venda,Taxa de câmbio - dólar americano (venda),R$/US$,diaria,2022-02-24,2022,2,5.1174
1,dolar_venda,Taxa de câmbio - dólar americano (venda),R$/US$,diaria,2022-02-25,2022,2,5.1394
1,dolar_venda,Taxa de câmbio - dólar americano (venda),R$/US$,diaria,2022-03-02,2022,3,5.1347
1,dolar_venda,Taxa de câmbio - dólar americano (venda),R$/US$,diaria,2022-03-03,2022,3,5.0479
1,dolar_venda,Taxa de câmbio - dólar americano (venda),R$/US$,diaria,2022-03-04,2022,3,5.0758
1,dolar_venda,Taxa de câmbio - dólar americano (venda),R$/US$,diaria,2022-03-07,2022,3,5.0579
1,dolar_venda,Taxa de câmbio - dólar americano (venda),R$/US$,diaria,2022-03-08,2022,3,5.0903
1,dolar_venda,Taxa de câmbio - dólar americano (venda),R$/US$,diaria,2022-03-09,2022,3,5.0094
1,dolar_venda,Taxa de câmbio - dólar americano (venda),R$/US$,diaria,2022-03-10,2022,3,5.0513
1,dolar_venda,Taxa de câmbio - dólar americano (venda),R$/US$,diaria,2022-03-11,2022,3,5.0255
1,dolar_venda,Taxa de câmbio - dólar americano (venda),R$/US$,diaria,2022-03-14,2022,3,5.0647
1,dolar_venda,Taxa de câmbio - dólar americano (venda),R$/US$,diaria,2022-03-15,2022,3,5.1314
1,dolar_venda,Taxa de câmbio - dólar americano (venda),R$/US$,diaria,2022-03-16,2022,3,5.1287
1,dolar_venda,Taxa de câmbio - dólar americano (venda),R$/US$,diaria,2022-03-17,2022,3,5.0764
1,dolar_venda,Taxa de câmbio - dólar americano (venda),R$/US$,diaria,2022-03-18,2022,3,5.0411
1,dolar_venda,Taxa de câmbio - dólar americano (venda),R$/US$,diaria,2022-03-21,2022,3,4.9666
1,dolar_venda,Taxa de câmbio - dólar americano (venda),R$/US$,diaria,2022-03-22,2022,3,4.9208
1,dolar_venda,Taxa de câmbio - dólar americano (venda),R$/US$,diaria,2022-03-23,2022,3,4.8704
1,dolar_venda,Taxa de câmbio - dólar americano (venda),R$/US$,diaria,2022-03-24,2022,3,4.8067
1,dolar_venda,Taxa de câmbio - dólar americano (venda),R$/US$,diaria,2022-03-25,2022,3,4.7782
1,dolar_venda,Taxa de câmbio - dólar americano (venda),R$/US$,diaria,2022-03-28,2022,3,4.7905
1,dolar_venda,Taxa de câmbio - dólar americano (venda),R$/US$,diaria,2022-03-29,2022,3,4.7486
1,dolar_venda,Taxa de câmbio - dólar americano (venda),R$/US$,diaria,2022-03-30,2022,3,4.7497
1,dolar_venda,Taxa de câmbio - dólar americano (venda),R$/US$,diaria,2022-03-31,2022,3,4.7378
1,dolar_venda,Taxa de câmbio - dólar americano (venda),R$/US$,diaria,2022-04-01,2022,4,4.6984
1,dolar_venda,Taxa de câmbio - dólar americano (venda),R$/US$,diaria,2022-04-04,2022,4,4.6175
1,dolar_venda,Taxa de câmbio - dólar americano (venda),R$/US$,diaria,2022-04-05,2022,4,4.64
1,dolar_venda,Taxa de câmbio - dólar americano (venda),R$/US$,diaria,2022-04-06,2022,4,4.6967
1,dolar_venda,Taxa de câmbio - dólar americano (venda),R$/US$,diaria,2022-04-07,2022,4,4.7422
1,dolar_venda,Taxa de câmbio - dólar americano (venda),R$/US$,diaria,2022-04-08,2022,4,4.7513
1,dolar_venda,Taxa de câmbio - dólar americano (venda),R$/US$,diaria,2022-04-11,2022,4,4.7025
1,dolar_venda,Taxa de câmbio - dólar americano (venda),R$/US$,diaria,2022-04-12,2022,4,4.6483
1,dolar_venda,Taxa de câmbio - dólar americano (venda),R$/US$,diaria,2022-04-13,2022,4,4.6811
1,dolar_venda,Taxa de câmbio - dólar americano (venda),R$/US$,diaria,2022-04-14,2022,4,4.7158
1,dolar_venda,Taxa de câmbio - dólar americano (venda),R$/US$,diaria,2022-04-18,2022,4,4.6746
1,dolar_venda,Taxa de câmbio - dólar americano (venda),R$/US$,diaria,2022-04-19,2022,4,4.6664
1,dolar_venda,Taxa de câmbio - dólar americano (venda),R$/US$,diaria,2022-04-20,2022,4,4.6397
1,dolar_venda,Taxa de câmbio - dólar americano (venda),R$/US$,diaria,2022-04-22,2022,4,4.7326
1,dolar_venda,Taxa de câmbio - dólar americano (venda),R$/US$,diaria,2022-04-25,2022,4,4.8818
1,dolar_venda,Taxa de câmbio - dólar americano (venda),R$/US$,diaria,2022-04-26,2022,4,4.9666
1,dolar_venda,Taxa de câmbio - dólar americano (venda),R$/US$,diaria,2022-04-27,2022,4,5.0167
1,dolar_venda,Taxa de câmbio - dólar americano (venda),R$/US$,diaria,2022-04-28,2022,4,5.011
1,dolar_venda,Taxa de câmbio - dólar americano (venda),R$/US$,diaria,2022-04-29,2022,4,4.9191
1,dolar_venda,Taxa de câmbio - dólar americano (venda),R$/US$,diaria,2022-05-02,2022,5,5.0266
1,dolar_venda,Taxa de câmbio - dólar americano (venda),R$/US$,diaria,2022-05-03,2022,5,5.0167
1,dolar_venda,Taxa de câmbio - dólar americano (venda),R$/US$,diaria,2022-05-04,2022,5,5.0093
1,dolar_venda,Taxa de câmbio - dólar americano (venda),R$/US$,diaria,2022-05-05,2022,5,5.0051
1,dolar_venda,Taxa de câmbio - dólar americano (venda),R$/US$,diaria,2022-05-06,2022,5,5.075
1,dolar_venda,Taxa de câmbio - dólar americano (venda),R$/US$,diaria,2022-05-09,2022,5,5.134
1,dolar_venda,Taxa de câmbio - dólar americano (venda),R$/US$,diaria,2022-05-10,2022,5,5.139
1,dolar_venda,Taxa de câmbio - dólar americano (venda),R$/US$,diaria,2022-05-11,2022,5,5.1244
1,dolar_venda,Taxa de câmbio - dólar americano (venda),R$/US$,diaria,2022-05-12,2022,5,5.1482
1,dolar_venda,Taxa de câmbio - dólar americano (venda),R$/US$,diaria,2022-05-13,2022,5,5.1075
1,dolar_venda,Taxa de câmbio - dólar americano (venda),R$/US$,diaria,2022-05-16,2022,5,5.0666
1,dolar_venda,Taxa de câmbio - dólar americano (venda),R$/US$,diaria,2022-05-17,2022,5,4.9676
1,dolar_venda,Taxa de câmbio - dólar americano (venda),R$/US$,diaria,2022-05-18,2022,5,4.9592
1,dolar_venda,Taxa de câmbio - dólar americano (venda),R$/US$,diaria,2022-05-19,2022,5,4.9198
1,dolar_venda,Taxa de câmbio - dólar americano (venda),R$/US$,diaria,2022-05-20,2022,5,4.8777
1,dolar_venda,Taxa de câmbio - dólar americano (venda),R$/US$,diaria,2022-05-23,2022,5,4.7973
1,dolar_venda,Taxa de câmbio - dólar americano (venda),R$/US$,diaria,2022-05-24,2022,5,4.8106
1,dolar_venda,Taxa de câmbio - dólar americano (venda),R$/US$,diaria,2022-05-25,2022,5,4.8359
1,dolar_venda,Taxa de câmbio - dólar americano (venda),R$/US$,diaria,2022-05-26,2022,5,4.7967
1,dolar_venda,Taxa de câmbio - dólar americano (venda),R$/US$,diaria,2022-05-27,2022,5,4.7434
1,dolar_venda,Taxa de câmbio - dólar americano (venda),R$/US$,diaria,2022-05-30,2022,5,4.7216
1,dolar_venda,Taxa de câmbio - dólar americano (venda),R$/US$,diaria,2022-05-31,2022,5,4.7289
1,dolar_venda,Taxa de câmbio - dólar americano (venda),R$/US$,diaria,2022-06-01,2022,6,4.7765
1,dolar_venda,Taxa de câmbio - dólar americano (venda),R$/US$,diaria,2022-06-02,2022,6,4.7879
1,dolar_venda,Taxa de câmbio - dólar americano (venda),R$/US$,diaria,2022-06-03,2022,6,4.7956
1,dolar_venda,Taxa de câmbio - dólar americano (venda),R$/US$,diaria,2022-06-06,2022,6,4.7839
1,dolar_venda,Taxa de câmbio - dólar americano (venda),R$/US$,diaria,2022-06-07,2022,6,4.8909
1,dolar_venda,Taxa de câmbio - dólar americano (venda),R$/US$,diaria,2022-06-08,2022,6,4.8711
1,dolar_venda,Taxa de câmbio - dólar americano (venda),R$/US$,diaria,2022-06-09,2022,6,4.8951
1,dolar_venda,Taxa de câmbio - dólar americano (venda),R$/US$,diaria,2022-06-10,2022,6,4.9836
1,dolar_venda,Taxa de câmbio - dólar americano (venda),R$/US$,diaria,2022-06-13,2022,6,5.1033
1,dolar_venda,Taxa de câmbio - dólar americano (venda),R$/US$,diaria,2022-06-14,2022,6,5.1203
1,dolar_venda,Taxa de câmbio - dólar americano (venda),R$/US$,diaria,2022-06-15,2022,6,5.1119
1,dolar_venda,Taxa de câmbio - dólar americano (venda),R$/US$,diaria,2022-06-17,2022,6,5.1313
1,dolar_venda,Taxa de câmbio - dólar americano (venda),R$/US$,diaria,2022-06-20,2022,6,5.1641
1,dolar_venda,Taxa de câmbio - dólar americano (venda),R$/US$,diaria,2022-06-21,2022,6,5.1462
1,dolar_venda,Taxa de câmbio - dólar americano (venda),R$/US$,diaria,2022-06-22,2022,6,5.1509
1,dolar_venda,Taxa de câmbio - dólar americano (venda),R$/US$,diaria,2022-06-23,2022,6,5.1833
1,dolar_venda,Taxa de câmbio - dólar americano (venda),R$/US$,diaria,2022-06-24,2022,6,5.2334
1,dolar_venda,Taxa de câmbio - dólar americano (venda),R$/US$,diaria,2022-06-27,2022,6,5.2214
1,dolar_venda,Taxa de câmbio - dólar americano (venda),R$/US$,diaria,2022-06-28,2022,6,5.2179
1,dolar_venda,Taxa de câmbio - dólar americano (venda),R$/US$,diaria,2022-06-29,2022,6,5.2268
1,dolar_venda,Taxa de câmbio - dólar americano (venda),R$/US$,diaria,2022-06-30,2022,6,5.238
1,dolar_venda,Taxa de câmbio - dólar americano (venda),R$/US$,diaria,2022-07-01,2022,7,5.3142
1,dolar_venda,Taxa de câmbio - dólar americano (venda),R$/US$,diaria,2022-07-04,2022,7,5.3038
1,dolar_venda,Taxa de câmbio - dólar americano (venda),R$/US$,diaria,2022-07-05,2022,7,5.3899
1,dolar_venda,Taxa de câmbio - dólar americano (venda),R$/US$,diaria,2022-07-06,2022,7,5.4321
1,dolar_venda,Taxa de câmbio - dólar americano (venda),R$/US$,diaria,2022-07-07,2022,7,5.364
1,dolar_venda,Taxa de câmbio - dólar americano (venda),R$/US$,diaria,2022-07-08,2022,7,5.3086
1,dolar_venda,Taxa de câmbio - dólar americano (venda),R$/US$,diaria,2022-07-11,2022,7,5.3477
1,dolar_venda,Taxa de câmbio - dólar americano (venda),R$/US$,diaria,2022-07-12,2022,7,5.412
1,dolar_venda,Taxa de câmbio - dólar americano (venda),R$/US$,diaria,2022-07-13,2022,7,5.3992
1,dolar_venda,Taxa de câmbio - dólar americano (venda),R$/US$,diaria,2022-07-14,2022,7,5.4568
1,dolar_venda,Taxa de câmbio - dólar americano (venda),R$/US$,diaria,2022-07-15,2022,7,5.4014
1,dolar_venda,Taxa de câmbio - dólar americano (venda),R$/US$,diaria,2022-07-18,2022,7,5.3675
1,dolar_venda,Taxa de câmbio - dólar americano (venda),R$/US$,diaria,2022-07-19,2022,7,5.3904
1,dolar_venda,Taxa de câmbio - dólar americano (venda),R$/US$,diaria,2022-07-20,2022,7,5.4288
1,dolar_venda,Taxa de câmbio - dólar americano (venda),R$/US$,diaria,2022-07-21,2022,7,5.475
1,dolar_venda,Taxa de câmbio - dólar americano (venda),R$/US$,diaria,2022-07-22,2022,7,5.4522
1,dolar_venda,Taxa de câmbio - dólar americano (venda),R$/US$,diaria,2022-07-25,2022,7,5.4144
1,dolar_venda,Taxa de câmbio - dólar americano (venda),R$/US$,diaria,2022-07-26,2022,7,5.3608
1,dolar_venda,Taxa de câmbio - dólar americano (venda),R$/US$,diaria,2022-07-27,2022,7,5.3074
1,dolar_venda,Taxa de câmbio - dólar americano (venda),R$/US$,diaria,2022-07-28,2022,7,5.2149
1,dolar_venda,Taxa de câmbio - dólar americano (venda),R$/US$,diaria,2022-07-29,2022,7,5.1884
1,dolar_venda,Taxa de câmbio - dólar americano (venda),R$/US$,diaria,2022-08-01,2022,8,5.1606
1,dolar_venda,Taxa de câmbio - dólar americano (venda),R$/US$,diaria,2022-08-02,2022,8,5.2329
1,dolar_venda,Taxa de câmbio - dólar americano (venda),R$/US$,diaria,2022-08-03,2022,8,5.2846
1,dolar_venda,Taxa de câmbio - dólar americano (venda),R$/US$,diaria,2022-08-04,2022,8,5.2409
1,dolar_venda,Taxa de câmbio - dólar americano (venda),R$/US$,diaria,2022-08-05,2022,8,5.2165
1,dolar_venda,Taxa de câmbio - dólar americano (venda),R$/US$,diaria,2022-08-08,2022,8,5.1247
1,dolar_venda,Taxa de câmbio - dólar americano (venda),R$/US$,diaria,2022-08-09,2022,8,5.1224
1,dolar_venda,Taxa de câmbio - dólar americano (venda),R$/US$,diaria,2022-08-10,2022,8,5.0497
1,dolar_venda,Taxa de câmbio - dólar americano (venda),R$/US$,diaria,2022-08-11,2022,8,5.1127
1,dolar_venda,Taxa de câmbio - dólar americano (venda),R$/US$,diaria,2022-08-12,2022,8,5.1023
1,dolar_venda,Taxa de câmbio - dólar americano (venda),R$/US$,diaria,2022-08-15,2022,8,5.0925
1,dolar_venda,Taxa de câmbio - dólar americano (venda),R$/US$,diaria,2022-08-16,2022,8,5.134
1,dolar_venda,Taxa de câmbio - dólar americano (venda),R$/US$,diaria,2022-08-17,2022,8,5.1784
1,dolar_venda,Taxa de câmbio - dólar americano (venda),R$/US$,diaria,2022-08-18,2022,8,5.1773
1,dolar_venda,Taxa de câmbio - dólar americano (venda),R$/US$,diaria,2022-08-19,2022,8,5.1961
1,dolar_venda,Taxa de câmbio - dólar americano (venda),R$/US$,diaria,2022-08-22,2022,8,5.1709
1,dolar_venda,Taxa de câmbio - dólar americano (venda),R$/US$,diaria,2022-08-23,2022,8,5.103
1,dolar_venda,Taxa de câmbio - dólar americano (venda),R$/US$,diaria,2022-08-24,2022,8,5.105
1,dolar_venda,Taxa de câmbio - dólar americano (venda),R$/US$,diaria,2022-08-25,2022,8,5.1173
1,dolar_venda,Taxa de câmbio - dólar americano (venda),R$/US$,diaria,2022-08-26,2022,8,5.0903
1,dolar_venda,Taxa de câmbio - dólar americano (venda),R$/US$,diaria,2022-08-29,2022,8,5.0428
1,dolar_venda,Taxa de câmbio - dólar americano (venda),R$/US$,diaria,2022-08-30,2022,8,5.0617
1,dolar_venda,Taxa de câmbio - dólar americano (venda),R$/US$,diaria,2022-08-31,2022,8,5.179
1,dolar_venda,Taxa de câmbio - dólar americano (venda),R$/US$,diaria,2022-09-01,2022,9,5.2007
1,dolar_venda,Taxa de câmbio - dólar americano (venda),R$/US$,diaria,2022-09-02,2022,9,5.1878
1,dolar_venda,Taxa de câmbio - dólar americano (venda),R$/US$,diaria,2022-09-05,2022,9,5.1686
1,dolar_venda,Taxa de câmbio - dólar americano (venda),R$/US$,diaria,2022-09-06,2022,9,5.2228
1,dolar_venda,Taxa de câmbio - dólar americano (venda),R$/US$,diaria,2022-09-08,2022,9,5.2155
1,dolar_venda,Taxa de câmbio - dólar americano (venda),R$/US$,diaria,2022-09-09,2022,9,5.1633
1,dolar_venda,Taxa de câmbio - dólar americano (venda),R$/US$,diaria,2022-09-12,2022,9,5.1183
1,dolar_venda,Taxa de câmbio - dólar americano (venda),R$/US$,diaria,2022-09-13,2022,9,5.1794
1,dolar_venda,Taxa de câmbio - dólar americano (venda),R$/US$,diaria,2022-09-14,2022,9,5.1774
1,dolar_venda,Taxa de câmbio - dólar americano (venda),R$/US$,diaria,2022-09-15,2022,9,5.2211
1,dolar_venda,Taxa de câmbio - dólar americano (venda),R$/US$,diaria,2022-09-16,2022,9,5.2882
1,dolar_venda,Taxa de câmbio - dólar americano (venda),R$/US$,diaria,2022-09-19,2022,9,5.2367
1,dolar_venda,Taxa de câmbio - dólar americano (venda),R$/US$,diaria,2022-09-20,2022,9,5.1705
1,dolar_venda,Taxa de câmbio - dólar americano (venda),R$/US$,diaria,2022-09-21,2022,9,5.1692
1,dolar_venda,Taxa de câmbio - dólar americano (venda),R$/US$,diaria,2022-09-22,2022,9,5.1677
1,dolar_venda,Taxa de câmbio - dólar americano (venda),R$/US$,diaria,2022-09-23,2022,9,5.2257
1,dolar_venda,Taxa de câmbio - dólar americano (venda),R$/US$,diaria,2022-09-26,2022,9,5.3548
1,dolar_venda,Taxa de câmbio - dólar americano (venda),R$/US$,diaria,2022-09-27,2022,9,5.3508
1,dolar_venda,Taxa de câmbio - dólar americano (venda),R$/US$,diaria,2022-09-28,2022,9,5.3594
1,dolar_venda,Taxa de câmbio - dólar americano (venda),R$/US$,diaria,2022-09-29,2022,9,5.3916
1,dolar_venda,Taxa de câmbio - dólar americano (venda),R$/US$,diaria,2022-09-30,2022,9,5.4066
1,dolar_venda,Taxa de câmbio - dólar americano (venda),R$/US$,diaria,2022-10-03,2022,10,5.2002
1,dolar_venda,Taxa de câmbio - dólar americano (venda),R$/US$,diaria,2022-10-04,2022,10,5.1411
1,dolar_venda,Taxa de câmbio - dólar americano (venda),R$/US$,diaria,2022-10-05,2022,10,5.2144
1,dolar_venda,Taxa de câmbio - dólar americano (venda),R$/US$,diaria,2022-10-06,2022,10,5.2009
1,dolar_venda,Taxa de câmbio - dólar americano (venda),R$/US$,diaria,2022-10-07,2022,10,5.2221
1,dolar_venda,Taxa de câmbio - dólar americano (venda),R$/US$,diaria,2022-10-10,2022,10,5.1941
1,dolar_venda,Taxa de câmbio - dólar americano (venda),R$/US$,diaria,2022-10-11,2022,10,5.2068
1,dolar_venda,Taxa de câmbio - dólar americano (venda),R$/US$,diaria,2022-10-13,2022,10,5.3017
1,dolar_venda,Taxa de câmbio - dólar americano (venda),R$/US$,diaria,2022-10-14,2022,10,5.2824
1,dolar_venda,Taxa de câmbio - dólar americano (venda),R$/US$,diaria,2022-10-17,2022,10,5.2713
1,dolar_venda,Taxa de câmbio - dólar americano (venda),R$/US$,diaria,2022-10-18,2022,10,5.2697
1,dolar_venda,Taxa de câmbio - dólar americano (venda),R$/US$,diaria,2022-10-19,2022,10,5.2808
1,dolar_venda,Taxa de câmbio - dólar americano (venda),R$/US$,diaria,2022-10-20,2022,10,5.2176
1,dolar_venda,Taxa de câmbio - dólar americano (venda),R$/US$,diaria,2022-10-21,2022,10,5.1919
1,dolar_venda,Taxa de câmbio - dólar americano (venda),R$/US$,diaria,2022-10-24,2022,10,5.2744
1,dolar_venda,Taxa de câmbio - dólar americano (venda),R$/US$,diaria,2022-10-25,2022,10,5.3091
1,dolar_venda,Taxa de câmbio - dólar americano (venda),R$/US$,diaria,2022-10-26,2022,10,5.3248
1,dolar_venda,Taxa de câmbio - dólar americano (venda),R$/US$,diaria,2022-10-27,2022,10,5.3003
1,dolar_venda,Taxa de câmbio - dólar americano (venda),R$/US$,diaria,2022-10-28,2022,10,5.3454
1,dolar_venda,Taxa de câmbio - dólar americano (venda),R$/US$,diaria,2022-10-31,2022,10,5.257
1,dolar_venda,Taxa de câmbio - dólar americano (venda),R$/US$,diaria,2022-11-01,2022,11,5.15
1,dolar_venda,Taxa de câmbio - dólar americano (venda),R$/US$,diaria,2022-11-03,2022,11,5.1349
1,dolar_venda,Taxa de câmbio - dólar americano (venda),R$/US$,diaria,2022-11-04,2022,11,5.036
1,dolar_venda,Taxa de câmbio - dólar americano (venda),R$/US$,diaria,2022-11-07,2022,11,5.0886
1,dolar_venda,Taxa de câmbio - dólar americano (venda),R$/US$,diaria,2022-11-08,2022,11,5.1744
1,dolar_venda,Taxa de câmbio - dólar americano (venda),R$/US$,diaria,2022-11-09,2022,11,5.1629
1,dolar_venda,Taxa de câmbio - dólar americano (venda),R$/US$,diaria,2022-11-10,2022,11,5.3064
1,dolar_venda,Taxa de câmbio - dólar americano (venda),R$/US$,diaria,2022-11-11,2022,11,5.3051
1,dolar_venda,Taxa de câmbio - dólar americano (venda),R$/US$,diaria,2022-11-14,2022,11,5.3013
1,dolar_venda,Taxa de câmbio - dólar americano (venda),R$/US$,diaria,2022-11-16,2022,11,5.3204
1,dolar_venda,Taxa de câmbio - dólar americano (venda),R$/US$,diaria,2022-11-17,2022,11,5.4655
1,dolar_venda,Taxa de câmbio - dólar americano (venda),R$/US$,diaria,2022-11-18,2022,11,5.3477
1,dolar_venda,Taxa de câmbio - dólar americano (venda),R$/US$,diaria,2022-11-21,2022,11,5.3259
1,dolar_venda,Taxa de câmbio - dólar americano (venda),R$/US$,diaria,2022-11-22,2022,11,5.3339
1,dolar_venda,Taxa de câmbio - dólar americano (venda),R$/US$,diaria,2022-11-23,2022,11,5.393
1,dolar_venda,Taxa de câmbio - dólar americano (venda),R$/US$,diaria,2022-11-24,2022,11,5.3149
1,dolar_venda,Taxa de câmbio - dólar americano (venda),R$/US$,diaria,2022-11-25,2022,11,5.3508
1,dolar_venda,Taxa de câmbio - dólar americano (venda),R$/US$,diaria,2022-11-28,2022,11,5.3796
1,dolar_venda,Taxa de câmbio - dólar americano (venda),R$/US$,diaria,2022-11-29,2022,11,5.3076
1,dolar_venda,Taxa de câmbio - dólar americano (venda),R$/US$,diaria,2022-11-30,2022,11,5.2941
1,dolar_venda,Taxa de câmbio - dólar americano (venda),R$/US$,diaria,2022-12-01,2022,12,5.1948
1,dolar_venda,Taxa de câmbio - dólar americano (venda),R$/US$,diaria,2022-12-02,2022,12,5.1974
1,dolar_venda,Taxa de câmbio - dólar americano (venda),R$/US$,diaria,2022-12-05,2022,12,5.2464
1,dolar_venda,Taxa de câmbio - dólar americano (venda),R$/US$,diaria,2022-12-06,2022,12,5.2396
1,dolar_venda,Taxa de câmbio - dólar americano (venda),R$/US$,diaria,2022-12-07,2022,12,5.2208
1,dolar_venda,Taxa de câmbio - dólar americano (venda),R$/US$,diaria,2022-12-08,2022,12,5.2091
1,dolar_venda,Taxa de câmbio - dólar americano (venda),R$/US$,diaria,2022-12-09,2022,12,5.2396
1,dolar_venda,Taxa de câmbio - dólar americano (venda),R$/US$,diaria,2022-12-12,2022,12,5.3066
1,dolar_venda,Taxa de câmbio - dólar americano (venda),R$/US$,diaria,2022-12-13,2022,12,5.2669
1,dolar_venda,Taxa de câmbio - dólar americano (venda),R$/US$,diaria,2022-12-14,2022,12,5.3406
1,dolar_venda,Taxa de câmbio - dólar americano (venda),R$/US$,diaria,2022-12-15,2022,12,5.3183
1,dolar_venda,Taxa de câmbio - dólar americano (venda),R$/US$,diaria,2022-12-16,2022,12,5.2806
1,dolar_venda,Taxa de câmbio - dólar americano (venda),R$/US$,diaria,2022-12-19,2022,12,5.316
1,dolar_venda,Taxa de câmbio - dólar americano (venda),R$/US$,diaria,2022-12-20,2022,12,5.2427
1,dolar_venda,Taxa de câmbio - dólar americano (venda),R$/US$,diaria,2022-12-21,2022,12,5.2031
1,dolar_venda,Taxa de câmbio - dólar americano (venda),R$/US$,diaria,2022-12-22,2022,12,5.1871
1,dolar_venda,Taxa de câmbio - dólar americano (venda),R$/US$,diaria,2022-12-23,2022,12,5.1445
1,dolar_venda,Taxa de câmbio - dólar americano (venda),R$/US$,diaria,2022-12-26,2022,12,5.1872
1,dolar_venda,Taxa de câmbio - dólar americano (venda),R$/US$,diaria,2022-12-27,2022,12,5.2832
1,dolar_venda,Taxa de câmbio - dólar americano (venda),R$/US$,diaria,2022-12-28,2022,12,5.2736
1,dolar_venda,Taxa de câmbio - dólar americano (venda),R$/US$,diaria,2022-12-29,2022,12,5.2177
1,dolar_venda,Taxa de câmbio - dólar americano (venda),R$/US$,diaria,2022-12-30,2022,12,5.2177
1,dolar_venda,Taxa de câmbio - dólar americano (venda),R$/US$,diaria,2023-01-02,2023,1,5.3436
1,dolar_venda,Taxa de câmbio - dólar americano (venda),R$/US$,diaria,2023-01-03,2023,1,5.3759
1,dolar_venda,Taxa de câmbio - dólar americano (venda),R$/US$,diaria,2023-01-04,2023,1,5.4459
1,dolar_venda,Taxa de câmbio - dólar americano (venda),R$/US$,diaria,2023-01-05,2023,1,5.4026
1,dolar_venda,Taxa de câmbio - dólar americano (venda),R$/US$,diaria,2023-01-06,2023,1,5.2855
1,dolar_venda,Taxa de câmbio - dólar americano (venda),R$/US$,diaria,2023-01-09,2023,1,5.2967
1,dolar_venda,Taxa de câmbio - dólar americano (venda),R$/US$,diaria,2023-01-10,2023,1,5.2395
1,dolar_venda,Taxa de câmbio - dólar americano (venda),R$/US$,diaria,2023-01-11,2023,1,5.202
1,dolar_venda,Taxa de câmbio - dólar americano (venda),R$/US$,diaria,2023-01-12,2023,1,5.14
1,dolar_venda,Taxa de câmbio - dólar americano (venda),R$/US$,diaria,2023-01-13,2023,1,5.1146
1,dolar_venda,Taxa de câmbio - dólar americano (venda),R$/US$,diaria,2023-01-16,2023,1,5.1115
1,dolar_venda,Taxa de câmbio - dólar americano (venda),R$/US$,diaria,2023-01-17,2023,1,5.1203
1,dolar_venda,Taxa de câmbio - dólar americano (venda),R$/US$,diaria,2023-01-18,2023,1,5.0909
1,dolar_venda,Taxa de câmbio - dólar americano (venda),R$/US$,diaria,2023-01-19,2023,1,5.2144
1,dolar_venda,Taxa de câmbio - dólar americano (venda),R$/US$,diaria,2023-01-20,2023,1,5.1986
1,dolar_venda,Taxa de câmbio - dólar americano (venda),R$/US$,diaria,2023-01-23,2023,1,5.1922
1,dolar_venda,Taxa de câmbio - dólar americano (venda),R$/US$,diaria,2023-01-24,2023,1,5.1696
1,dolar_venda,Taxa de câmbio - dólar americano (venda),R$/US$,diaria,2023-01-25,2023,1,5.1042
1,dolar_venda,Taxa de câmbio - dólar americano (venda),R$/US$,diaria,2023-01-26,2023,1,5.0951
1,dolar_venda,Taxa de câmbio - dólar americano (venda),R$/US$,diaria,2023-01-27,2023,1,5.0767
1,dolar_venda,Taxa de câmbio - dólar americano (venda),R$/US$,diaria,2023-01-30,2023,1,5.0959
1,dolar_venda,Taxa de câmbio - dólar americano (venda),R$/US$,diaria,2023-01-31,2023,1,5.0993
1,dolar_venda,Taxa de câmbio - dólar americano (venda),R$/US$,diaria,2023-02-01,2023,2,5.0721
1,dolar_venda,Taxa de câmbio - dólar americano (venda),R$/US$,diaria,2023-02-02,2023,2,4.9901
1,dolar_venda,Taxa de câmbio - dólar americano (venda),R$/US$,diaria,2023-02-03,2023,2,5.103
1,dolar_venda,Taxa de câmbio - dólar americano (venda),R$/US$,diaria,2023-02-06,2023,2,5.1763
1,dolar_venda,Taxa de câmbio - dólar americano (venda),R$/US$,diaria,2023-02-07,2023,2,5.1695
1,dolar_venda,Taxa de câmbio - dólar americano (venda),R$/US$,diaria,2023-02-08,2023,2,5.2036
1,dolar_venda,Taxa de câmbio - dólar americano (venda),R$/US$,diaria,2023-02-09,2023,2,5.2315
1,dolar_venda,Taxa de câmbio - dólar americano (venda),R$/US$,diaria,2023-02-10,2023,2,5.2526
1,dolar_venda,Taxa de câmbio - dólar americano (venda),R$/US$,diaria,2023-02-13,2023,2,5.1834
1,dolar_venda,Taxa de câmbio - dólar americano (venda),R$/US$,diaria,2023-02-14,2023,2,5.1507
1,dolar_venda,Taxa de câmbio - dólar americano (venda),R$/US$,diaria,2023-02-15,2023,2,5.2243
1,dolar_venda,Taxa de câmbio - dólar americano (venda),R$/US$,diaria,2023-02-16,2023,2,5.2432
1,dolar_venda,Taxa de câmbio - dólar americano (venda),R$/US$,diaria,2023-02-17,2023,2,5.2012
1,dolar_venda,Taxa de câmbio - dólar americano (venda),R$/US$,diaria,2023-02-22,2023,2,5.173
1,dolar_venda,Taxa de câmbio - dólar americano (venda),R$/US$,diaria,2023-02-23,2023,2,5.133
1,dolar_venda,Taxa de câmbio - dólar americano (venda),R$/US$,diaria,2023-02-24,2023,2,5.1791
1,dolar_venda,Taxa de câmbio - dólar americano (venda),R$/US$,diaria,2023-02-27,2023,2,5.196
1,dolar_venda,Taxa de câmbio - dólar americano (venda),R$/US$,diaria,2023-02-28,2023,2,5.2078
1,dolar_venda,Taxa de câmbio - dólar americano (venda),R$/US$,diaria,2023-03-01,2023,3,5.207
1,dolar_venda,Taxa de câmbio - dólar americano (venda),R$/US$,diaria,2023-03-02,2023,3,5.208
1,dolar_venda,Taxa de câmbio - dólar americano (venda),R$/US$,diaria,2023-03-03,2023,3,5.2037
1,dolar_venda,Taxa de câmbio - dólar americano (venda),R$/US$,diaria,2023-03-06,2023,3,5.197
1,dolar_venda,Taxa de câmbio - dólar americano (venda),R$/US$,diaria,2023-03-07,2023,3,5.1901
1,dolar_venda,Taxa de câmbio - dólar americano (venda),R$/US$,diaria,2023-03-08,2023,3,5.1387
1,dolar_venda,Taxa de câmbio - dólar americano (venda),R$/US$,diaria,2023-03-09,2023,3,5.1353
1,dolar_venda,Taxa de câmbio - dólar americano (venda),R$/US$,diaria,2023-03-10,2023,3,5.1822
1,dolar_venda,Taxa de câmbio - dólar americano (venda),R$/US$,diaria,2023-03-13,2023,3,5.24
1,dolar_venda,Taxa de câmbio - dólar americano (venda),R$/US$,diaria,2023-03-14,2023,3,5.2362
1,dolar_venda,Taxa de câmbio - dólar americano (venda),R$/US$,diaria,2023-03-15,2023,3,5.2981
1,dolar_venda,Taxa de câmbio - dólar americano (venda),R$/US$,diaria,2023-03-16,2023,3,5.2892
1,dolar_venda,Taxa de câmbio - dólar americano (venda),R$/US$,diaria,2023-03-17,2023,3,5.2679
1,dolar_venda,Taxa de câmbio - dólar americano (venda),R$/US$,diaria,2023-03-20,2023,3,5.2467
1,dolar_venda,Taxa de câmbio - dólar americano (venda),R$/US$,diaria,2023-03-21,2023,3,5.2444
1,dolar_venda,Taxa de câmbio - dólar americano (venda),R$/US$,diaria,2023-03-22,2023,3,5.2648
1,dolar_venda,Taxa de câmbio - dólar americano (venda),R$/US$,diaria,2023-03-23,2023,3,5.2632
1,dolar_venda,Taxa de câmbio - dólar americano (venda),R$/US$,diaria,2023-03-24,2023,3,5.2921
1,dolar_venda,Taxa de câmbio - dólar americano (venda),R$/US$,diaria,2023-03-27,2023,3,5.2306
1,dolar_venda,Taxa de câmbio - dólar americano (venda),R$/US$,diaria,2023-03-28,2023,3,5.1733
1,dolar_venda,Taxa de câmbio - dólar americano (venda),R$/US$,diaria,2023-03-29,2023,3,5.1493
1,dolar_venda,Taxa de câmbio - dólar americano (venda),R$/US$,diaria,2023-03-30,2023,3,5.1254
1,dolar_venda,Taxa de câmbio - dólar americano (venda),R$/US$,diaria,2023-03-31,2023,3,5.0804
1,dolar_venda,Taxa de câmbio - dólar americano (venda),R$/US$,diaria,2023-04-03,2023,4,5.0637
1,dolar_venda,Taxa de câmbio - dólar americano (venda),R$/US$,diaria,2023-04-04,2023,4,5.0762
1,dolar_venda,Taxa de câmbio - dólar americano (venda),R$/US$,diaria,2023-04-05,2023,4,5.0447
1,dolar_venda,Taxa de câmbio - dólar americano (venda),R$/US$,diaria,2023-04-06,2023,4,5.0683
1,dolar_venda,Taxa de câmbio - dólar americano (venda),R$/US$,diaria,2023-04-10,2023,4,5.0834
1,dolar_venda,Taxa de câmbio - dólar americano (venda),R$/US$,diaria,2023-04-11,2023,4,5.0128
1,dolar_venda,Taxa de câmbio - dólar americano (venda),R$/US$,diaria,2023-04-12,2023,4,4.9496
1,dolar_venda,Taxa de câmbio - dólar americano (venda),R$/US$,diaria,2023-04-13,2023,4,4.9097
1,dolar_venda,Taxa de câmbio - dólar americano (venda),R$/US$,diaria,2023-04-14,2023,4,4.9455
1,dolar_venda,Taxa de câmbio - dólar americano (venda),R$/US$,diaria,2023-04-17,2023,4,4.9421
1,dolar_venda,Taxa de câmbio - dólar americano (venda),R$/US$,diaria,2023-04-18,2023,4,4.9678
1,dolar_venda,Taxa de câmbio - dólar americano (venda),R$/US$,diaria,2023-04-19,2023,4,5.0467
1,dolar_venda,Taxa de câmbio - dólar americano (venda),R$/US$,diaria,2023-04-20,2023,4,5.0497
1,dolar_venda,Taxa de câmbio - dólar americano (venda),R$/US$,diaria,2023-04-24,2023,4,5.0595
1,dolar_venda,Taxa de câmbio - dólar americano (venda),R$/US$,diaria,2023-04-25,2023,4,5.0613
1,dolar_venda,Taxa de câmbio - dólar americano (venda),R$/US$,diaria,2023-04-26,2023,4,5.0585
1,dolar_venda,Taxa de câmbio - dólar americano (venda),R$/US$,diaria,2023-04-27,2023,4,5.015
1,dolar_venda,Taxa de câmbio - dólar americano (venda),R$/US$,diaria,2023-04-28,2023,4,5.0007
1,dolar_venda,Taxa de câmbio - dólar americano (venda),R$/US$,diaria,2023-05-02,2023,5,5.0334
1,dolar_venda,Taxa de câmbio - dólar americano (venda),R$/US$,diaria,2023-05-03,2023,5,5.0227
1,dolar_venda,Taxa de câmbio - dólar americano (venda),R$/US$,diaria,2023-05-04,2023,5,5.0106
1,dolar_venda,Taxa de câmbio - dólar americano (venda),R$/US$,diaria,2023-05-05,2023,5,4.9696
1,dolar_venda,Taxa de câmbio - dólar americano (venda),R$/US$,diaria,2023-05-08,2023,5,4.9696
1,dolar_venda,Taxa de câmbio - dólar americano (venda),R$/US$,diaria,2023-05-09,2023,5,5.0007
1,dolar_venda,Taxa de câmbio - dólar americano (venda),R$/US$,diaria,2023-05-10,2023,5,4.9547
1,dolar_venda,Taxa de câmbio - dólar americano (venda),R$/US$,diaria,2023-05-11,2023,5,4.9696
1,dolar_venda,Taxa de câmbio - dólar americano (venda),R$/US$,diaria,2023-05-12,2023,5,4.9234
1,dolar_venda,Taxa de câmbio - dólar americano (venda),R$/US$,diaria,2023-05-15,2023,5,4.9103
1,dolar_venda,Taxa de câmbio - dólar americano (venda),R$/US$,diaria,2023-05-16,2023,5,4.9122
1,dolar_venda,Taxa de câmbio - dólar americano (venda),R$/US$,diaria,2023-05-17,2023,5,4.9513
1,dolar_venda,Taxa de câmbio - dólar americano (venda),R$/US$,diaria,2023-05-18,2023,5,4.9647
1,dolar_venda,Taxa de câmbio - dólar americano (venda),R$/US$,diaria,2023-05-19,2023,5,4.9858
1,dolar_venda,Taxa de câmbio - dólar americano (venda),R$/US$,diaria,2023-05-22,2023,5,4.968
1,dolar_venda,Taxa de câmbio - dólar americano (venda),R$/US$,diaria,2023-05-23,2023,5,4.9674
1,dolar_venda,Taxa de câmbio - dólar americano (venda),R$/US$,diaria,2023-05-24,2023,5,4.9474
1,dolar_venda,Taxa de câmbio - dólar americano (venda),R$/US$,diaria,2023-05-25,2023,5,4.999
1,dolar_venda,Taxa de câmbio - dólar americano (venda),R$/US$,diaria,2023-05-26,2023,5,5.0114
1,dolar_venda,Taxa de câmbio - dólar americano (venda),R$/US$,diaria,2023-05-29,2023,5,4.9954
1,dolar_venda,Taxa de câmbio - dólar americano (venda),R$/US$,diaria,2023-05-30,2023,5,5.0593
1,dolar_venda,Taxa de câmbio - dólar americano (venda),R$/US$,diaria,2023-05-31,2023,5,5.0959
1,dolar_venda,Taxa de câmbio - dólar americano (venda),R$/US$,diaria,2023-06-01,2023,6,5.035
1,dolar_venda,Taxa de câmbio - dólar americano (venda),R$/US$,diaria,2023-06-02,2023,6,4.9558
1,dolar_venda,Taxa de câmbio - dólar americano (venda),R$/US$,diaria,2023-06-05,2023,6,4.9236
1,dolar_venda,Taxa de câmbio - dólar americano (venda),R$/US$,diaria,2023-06-06,2023,6,4.9292
1,dolar_venda,Taxa de câmbio - dólar americano (venda),R$/US$,diaria,2023-06-07,2023,6,4.9119
1,dolar_venda,Taxa de câmbio - dólar americano (venda),R$/US$,diaria,2023-06-09,2023,6,4.8922
1,dolar_venda,Taxa de câmbio - dólar americano (venda),R$/US$,diaria,2023-06-12,2023,6,4.8832
1,dolar_venda,Taxa de câmbio - dólar americano (venda),R$/US$,diaria,2023-06-13,2023,6,4.8533
1,dolar_venda,Taxa de câmbio - dólar americano (venda),R$/US$,diaria,2023-06-14,2023,6,4.8462
1,dolar_venda,Taxa de câmbio - dólar americano (venda),R$/US$,diaria,2023-06-15,2023,6,4.8222
1,dolar_venda,Taxa de câmbio - dólar americano (venda),R$/US$,diaria,2023-06-16,2023,6,4.8286
1,dolar_venda,Taxa de câmbio - dólar americano (venda),R$/US$,diaria,2023-06-19,2023,6,4.7803
1,dolar_venda,Taxa de câmbio - dólar americano (venda),R$/US$,diaria,2023-06-20,2023,6,4.793
1,dolar_venda,Taxa de câmbio - dólar americano (venda),R$/US$,diaria,2023-06-21,2023,6,4.7795
1,dolar_venda,Taxa de câmbio - dólar americano (venda),R$/US$,diaria,2023-06-22,2023,6,4.775
1,dolar_venda,Taxa de câmbio - dólar americano (venda),R$/US$,diaria,2023-06-23,2023,6,4.7799
1,dolar_venda,Taxa de câmbio - dólar americano (venda),R$/US$,diaria,2023-06-26,2023,6,4.7698
1,dolar_venda,Taxa de câmbio - dólar americano (venda),R$/US$,diaria,2023-06-27,2023,6,4.7903
1,dolar_venda,Taxa de câmbio - dólar americano (venda),R$/US$,diaria,2023-06-28,2023,6,4.8563
1,dolar_venda,Taxa de câmbio - dólar americano (venda),R$/US$,diaria,2023-06-29,2023,6,4.8584
1,dolar_venda,Taxa de câmbio - dólar americano (venda),R$/US$,diaria,2023-06-30,2023,6,4.8192
1,dolar_venda,Taxa de câmbio - dólar americano (venda),R$/US$,diaria,2023-07-03,2023,7,4.7876
1,dolar_venda,Taxa de câmbio - dólar americano (venda),R$/US$,diaria,2023-07-04,2023,7,4.8056
1,dolar_venda,Taxa de câmbio - dólar americano (venda),R$/US$,diaria,2023-07-05,2023,7,4.8577
1,dolar_venda,Taxa de câmbio - dólar americano (venda),R$/US$,diaria,2023-07-06,2023,7,4.8977
1,dolar_venda,Taxa de câmbio - dólar americano (venda),R$/US$,diaria,2023-07-07,2023,7,4.8799
1,dolar_venda,Taxa de câmbio - dólar americano (venda),R$/US$,diaria,2023-07-10,2023,7,4.8735
1,dolar_venda,Taxa de câmbio - dólar americano (venda),R$/US$,diaria,2023-07-11,2023,7,4.8949
1,dolar_venda,Taxa de câmbio - dólar americano (venda),R$/US$,diaria,2023-07-12,2023,7,4.8058
1,dolar_venda,Taxa de câmbio - dólar americano (venda),R$/US$,diaria,2023-07-13,2023,7,4.8038
1,dolar_venda,Taxa de câmbio - dólar americano (venda),R$/US$,diaria,2023-07-14,2023,7,4.7957
1,dolar_venda,Taxa de câmbio - dólar americano (venda),R$/US$,diaria,2023-07-17,2023,7,4.8302
1,dolar_venda,Taxa de câmbio - dólar americano (venda),R$/US$,diaria,2023-07-18,2023,7,4.804
1,dolar_venda,Taxa de câmbio - dólar americano (venda),R$/US$,diaria,2023-07-19,2023,7,4.8
1,dolar_venda,Taxa de câmbio - dólar americano (venda),R$/US$,diaria,2023-07-20,2023,7,4.7888
1,dolar_venda,Taxa de câmbio - dólar americano (venda),R$/US$,diaria,2023-07-21,2023,7,4.7732
1,dolar_venda,Taxa de câmbio - dólar americano (venda),R$/US$,diaria,2023-07-24,2023,7,4.7457
1,dolar_venda,Taxa de câmbio - dólar americano (venda),R$/US$,diaria,2023-07-25,2023,7,4.7496
1,dolar_venda,Taxa de câmbio - dólar americano (venda),R$/US$,diaria,2023-07-26,2023,7,4.7368
1,dolar_venda,Taxa de câmbio - dólar americano (venda),R$/US$,diaria,2023-07-27,2023,7,4.7202
1,dolar_venda,Taxa de câmbio - dólar americano (venda),R$/US$,diaria,2023-07-28,2023,7,4.7253
1,dolar_venda,Taxa de câmbio - dólar americano (venda),R$/US$,diaria,2023-07-31,2023,7,4.7415
1,dolar_venda,Taxa de câmbio - dólar americano (venda),R$/US$,diaria,2023-08-01,2023,8,4.7752
1,dolar_venda,Taxa de câmbio - dólar americano (venda),R$/US$,diaria,2023-08-02,2023,8,4.8083
1,dolar_venda,Taxa de câmbio - dólar americano (venda),R$/US$,diaria,2023-08-03,2023,8,4.8797
1,dolar_venda,Taxa de câmbio - dólar americano (venda),R$/US$,diaria,2023-08-04,2023,8,4.8609
1,dolar_venda,Taxa de câmbio - dólar americano (venda),R$/US$,diaria,2023-08-07,2023,8,4.901
1,dolar_venda,Taxa de câmbio - dólar americano (venda),R$/US$,diaria,2023-08-08,2023,8,4.9217
1,dolar_venda,Taxa de câmbio - dólar americano (venda),R$/US$,diaria,2023-08-09,2023,8,4.9015
1,dolar_venda,Taxa de câmbio - dólar americano (venda),R$/US$,diaria,2023-08-10,2023,8,4.8518
1,dolar_venda,Taxa de câmbio - dólar americano (venda),R$/US$,diaria,2023-08-11,2023,8,4.8918
1,dolar_venda,Taxa de câmbio - dólar americano (venda),R$/US$,diaria,2023-08-14,2023,8,4.9481
1,dolar_venda,Taxa de câmbio - dólar americano (venda),R$/US$,diaria,2023-08-15,2023,8,4.9812
1,dolar_venda,Taxa de câmbio - dólar americano (venda),R$/US$,diaria,2023-08-16,2023,8,4.9772
1,dolar_venda,Taxa de câmbio - dólar americano (venda),R$/US$,diaria,2023-08-17,2023,8,4.9816
1,dolar_venda,Taxa de câmbio - dólar americano (venda),R$/US$,diaria,2023-08-18,2023,8,4.9724
1,dolar_venda,Taxa de câmbio - dólar americano (venda),R$/US$,diaria,2023-08-21,2023,8,4.9847
1,dolar_venda,Taxa de câmbio - dólar americano (venda),R$/US$,diaria,2023-08-22,2023,8,4.9431
1,dolar_venda,Taxa de câmbio - dólar americano (venda),R$/US$,diaria,2023-08-23,2023,8,4.8977
1,dolar_venda,Taxa de câmbio - dólar americano (venda),R$/US$,diaria,2023-08-24,2023,8,4.8748
1,dolar_venda,Taxa de câmbio - dólar americano (venda),R$/US$,diaria,2023-08-25,2023,8,4.8772
1,dolar_venda,Taxa de câmbio - dólar americano (venda),R$/US$,diaria,2023-08-28,2023,8,4.8938
1,dolar_venda,Taxa de câmbio - dólar americano (venda),R$/US$,diaria,2023-08-29,2023,8,4.8706
1,dolar_venda,Taxa de câmbio - dólar americano (venda),R$/US$,diaria,2023-08-30,2023,8,4.8653
1,dolar_venda,Taxa de câmbio - dólar americano (venda),R$/US$,diaria,2023-08-31,2023,8,4.9219
1,dolar_venda,Taxa de câmbio - dólar americano (venda),R$/US$,diaria,2023-09-01,2023,9,4.9318
1,dolar_venda,Taxa de câmbio - dólar americano (venda),R$/US$,diaria,2023-09-04,2023,9,4.9176
1,dolar_venda,Taxa de câmbio - dólar americano (venda),R$/US$,diaria,2023-09-05,2023,9,4.9705
1,dolar_venda,Taxa de câmbio - dólar americano (venda),R$/US$,diaria,2023-09-06,2023,9,4.9762
1,dolar_venda,Taxa de câmbio - dólar americano (venda),R$/US$,diaria,2023-09-08,2023,9,4.9835
1,dolar_venda,Taxa de câmbio - dólar americano (venda),R$/US$,diaria,2023-09-11,2023,9,4.9366
1,dolar_venda,Taxa de câmbio - dólar americano (venda),R$/US$,diaria,2023-09-12,2023,9,4.9505
1,dolar_venda,Taxa de câmbio - dólar americano (venda),R$/US$,diaria,2023-09-13,2023,9,4.9171
1,dolar_venda,Taxa de câmbio - dólar americano (venda),R$/US$,diaria,2023-09-14,2023,9,4.8751
1,dolar_venda,Taxa de câmbio - dólar americano (venda),R$/US$,diaria,2023-09-15,2023,9,4.8689
1,dolar_venda,Taxa de câmbio - dólar americano (venda),R$/US$,diaria,2023-09-18,2023,9,4.8535
1,dolar_venda,Taxa de câmbio - dólar americano (venda),R$/US$,diaria,2023-09-19,2023,9,4.8575
1,dolar_venda,Taxa de câmbio - dólar americano (venda),R$/US$,diaria,2023-09-20,2023,9,4.8487
1,dolar_venda,Taxa de câmbio - dólar americano (venda),R$/US$,diaria,2023-09-21,2023,9,4.9229
1,dolar_venda,Taxa de câmbio - dólar americano (venda),R$/US$,diaria,2023-09-22,2023,9,4.9131
1,dolar_venda,Taxa de câmbio - dólar americano (venda),R$/US$,diaria,2023-09-25,2023,9,4.9606
1,dolar_venda,Taxa de câmbio - dólar americano (venda),R$/US$,diaria,2023-09-26,2023,9,4.9717
1,dolar_venda,Taxa de câmbio - dólar americano (venda),R$/US$,diaria,2023-09-27,2023,9,5.0289
1,dolar_venda,Taxa de câmbio - dólar americano (venda),R$/US$,diaria,2023-09-28,2023,9,5.0475
1,dolar_venda,Taxa de câmbio - dólar americano (venda),R$/US$,diaria,2023-09-29,2023,9,5.0076
1,dolar_venda,Taxa de câmbio - dólar americano (venda),R$/US$,diaria,2023-10-02,2023,10,5.0679
1,dolar_venda,Taxa de câmbio - dólar americano (venda),R$/US$,diaria,2023-10-03,2023,10,5.11
1,dolar_venda,Taxa de câmbio - dólar americano (venda),R$/US$,diaria,2023-10-04,2023,10,5.1526
1,dolar_venda,Taxa de câmbio - dólar americano (venda),R$/US$,diaria,2023-10-05,2023,10,5.1713
1,dolar_venda,Taxa de câmbio - dólar americano (venda),R$/US$,diaria,2023-10-06,2023,10,5.1918
1,dolar_venda,Taxa de câmbio - dólar americano (venda),R$/US$,diaria,2023-10-09,2023,10,5.1666
1,dolar_venda,Taxa de câmbio - dólar americano (venda),R$/US$,diaria,2023-10-10,2023,10,5.0862
1,dolar_venda,Taxa de câmbio - dólar americano (venda),R$/US$,diaria,2023-10-11,2023,10,5.0496
1,dolar_venda,Taxa de câmbio - dólar americano (venda),R$/US$,diaria,2023-10-13,2023,10,5.0625
1,dolar_venda,Taxa de câmbio - dólar americano (venda),R$/US$,diaria,2023-10-16,2023,10,5.0618
1,dolar_venda,Taxa de câmbio - dólar americano (venda),R$/US$,diaria,2023-10-17,2023,10,5.0384
1,dolar_venda,Taxa de câmbio - dólar americano (venda),R$/US$,diaria,2023-10-18,2023,10,5.0568
1,dolar_venda,Taxa de câmbio - dólar americano (venda),R$/US$,diaria,2023-10-19,2023,10,5.054
1,dolar_venda,Taxa de câmbio - dólar americano (venda),R$/US$,diaria,2023-10-20,2023,10,5.0528
1,dolar_venda,Taxa de câmbio - dólar americano (venda),R$/US$,diaria,2023-10-23,2023,10,5.0164
1,dolar_venda,Taxa de câmbio - dólar americano (venda),R$/US$,diaria,2023-10-24,2023,10,5.0065
1,dolar_venda,Taxa de câmbio - dólar americano (venda),R$/US$,diaria,2023-10-25,2023,10,4.9981
1,dolar_venda,Taxa de câmbio - dólar americano (venda),R$/US$,diaria,2023-10-26,2023,10,5.0055
1,dolar_venda,Taxa de câmbio - dólar americano (venda),R$/US$,diaria,2023-10-27,2023,10,4.948
1,dolar_venda,Taxa de câmbio - dólar americano (venda),R$/US$,diaria,2023-10-30,2023,10,5.0074
1,dolar_venda,Taxa de câmbio - dólar americano (venda),R$/US$,diaria,2023-10-31,2023,10,5.0575
1,dolar_venda,Taxa de câmbio - dólar americano (venda),R$/US$,diaria,2023-11-01,2023,11,5.0194
1,dolar_venda,Taxa de câmbio - dólar americano (venda),R$/US$,diaria,2023-11-03,2023,11,4.891
1,dolar_venda,Taxa de câmbio - dólar americano (venda),R$/US$,diaria,2023-11-06,2023,11,4.8999
1,dolar_venda,Taxa de câmbio - dólar americano (venda),R$/US$,diaria,2023-11-07,2023,11,4.867
1,dolar_venda,Taxa de câmbio - dólar americano (venda),R$/US$,diaria,2023-11-08,2023,11,4.8855
1,dolar_venda,Taxa de câmbio - dólar americano (venda),R$/US$,diaria,2023-11-09,2023,11,4.9007
1,dolar_venda,Taxa de câmbio - dólar americano (venda),R$/US$,diaria,2023-11-10,2023,11,4.9219
1,dolar_venda,Taxa de câmbio - dólar americano (venda),R$/US$,diaria,2023-11-13,2023,11,4.9247
1,dolar_venda,Taxa de câmbio - dólar americano (venda),R$/US$,diaria,2023-11-14,2023,11,4.8682
1,dolar_venda,Taxa de câmbio - dólar americano (venda),R$/US$,diaria,2023-11-16,2023,11,4.8575
1,dolar_venda,Taxa de câmbio - dólar americano (venda),R$/US$,diaria,2023-11-17,2023,11,4.8849
1,dolar_venda,Taxa de câmbio - dólar americano (venda),R$/US$,diaria,2023-11-20,2023,11,4.8723
1,dolar_venda,Taxa de câmbio - dólar americano (venda),R$/US$,diaria,2023-11-21,2023,11,4.8806
1,dolar_venda,Taxa de câmbio - dólar americano (venda),R$/US$,diaria,2023-11-22,2023,11,4.8968
1,dolar_venda,Taxa de câmbio - dólar americano (venda),R$/US$,diaria,2023-11-23,2023,11,4.8931
1,dolar_venda,Taxa de câmbio - dólar americano (venda),R$/US$,diaria,2023-11-24,2023,11,4.8927
1,dolar_venda,Taxa de câmbio - dólar americano (venda),R$/US$,diaria,2023-11-27,2023,11,4.8951
1,dolar_venda,Taxa de câmbio - dólar americano (venda),R$/US$,diaria,2023-11-28,2023,11,4.8867
1,dolar_venda,Taxa de câmbio - dólar americano (venda),R$/US$,diaria,2023-11-29,2023,11,4.8933
1,dolar_venda,Taxa de câmbio - dólar americano (venda),R$/US$,diaria,2023-11-30,2023,11,4.9355
1,dolar_venda,Taxa de câmbio - dólar americano (venda),R$/US$,diaria,2023-12-01,2023,12,4.9191
1,dolar_venda,Taxa de câmbio - dólar americano (venda),R$/US$,diaria,2023-12-04,2023,12,4.9091
1,dolar_venda,Taxa de câmbio - dólar americano (venda),R$/US$,diaria,2023-12-05,2023,12,4.9522
1,dolar_venda,Taxa de câmbio - dólar americano (venda),R$/US$,diaria,2023-12-06,2023,12,4.9031
1,dolar_venda,Taxa de câmbio - dólar americano (venda),R$/US$,diaria,2023-12-07,2023,12,4.8949
1,dolar_venda,Taxa de câmbio - dólar americano (venda),R$/US$,diaria,2023-12-08,2023,12,4.9158
1,dolar_venda,Taxa de câmbio - dólar americano (venda),R$/US$,diaria,2023-12-11,2023,12,4.944
1,dolar_venda,Taxa de câmbio - dólar americano (venda),R$/US$,diaria,2023-12-12,2023,12,4.9476
1,dolar_venda,Taxa de câmbio - dólar americano (venda),R$/US$,diaria,2023-12-13,2023,12,4.958
1,dolar_venda,Taxa de câmbio - dólar americano (venda),R$/US$,diaria,2023-12-14,2023,12,4.8912
1,dolar_venda,Taxa de câmbio - dólar americano (venda),R$/US$,diaria,2023-12-15,2023,12,4.9397
1,dolar_venda,Taxa de câmbio - dólar americano (venda),R$/US$,diaria,2023-12-18,2023,12,4.9399
1,dolar_venda,Taxa de câmbio - dólar americano (venda),R$/US$,diaria,2023-12-19,2023,12,4.8663
1,dolar_venda,Taxa de câmbio - dólar americano (venda),R$/US$,diaria,2023-12-20,2023,12,4.8766
1,dolar_venda,Taxa de câmbio - dólar americano (venda),R$/US$,diaria,2023-12-21,2023,12,4.8755
1,dolar_venda,Taxa de câmbio - dólar americano (venda),R$/US$,diaria,2023-12-22,2023,12,4.8619
1,dolar_venda,Taxa de câmbio - dólar americano (venda),R$/US$,diaria,2023-12-26,2023,12,4.8368
1,dolar_venda,Taxa de câmbio - dólar americano (venda),R$/US$,diaria,2023-12-27,2023,12,4.8306
1,dolar_venda,Taxa de câmbio - dólar americano (venda),R$/US$,diaria,2023-12-28,2023,12,4.8413
1,dolar_venda,Taxa de câmbio - dólar americano (venda),R$/US$,diaria,2023-12-29,2023,12,4.8413
1,dolar_venda,Taxa de câmbio - dólar americano (venda),R$/US$,diaria,2024-01-02,2024,1,4.8916
1,dolar_venda,Taxa de câmbio - dólar americano (venda),R$/US$,diaria,2024-01-03,2024,1,4.9212
1,dolar_venda,Taxa de câmbio - dólar americano (venda),R$/US$,diaria,2024-01-04,2024,1,4.9188
1,dolar_venda,Taxa de câmbio - dólar americano (venda),R$/US$,diaria,2024-01-05,2024,1,4.8899
1,dolar_venda,Taxa de câmbio - dólar americano (venda),R$/US$,diaria,2024-01-08,2024,1,4.885
1,dolar_venda,Taxa de câmbio - dólar americano (venda),R$/US$,diaria,2024-01-09,2024,1,4.8937
1,dolar_venda,Taxa de câmbio - dólar americano (venda),R$/US$,diaria,2024-01-10,2024,1,4.8901
1,dolar_venda,Taxa de câmbio - dólar americano (venda),R$/US$,diaria,2024-01-11,2024,1,4.8794
1,dolar_venda,Taxa de câmbio - dólar americano (venda),R$/US$,diaria,2024-01-12,2024,1,4.8543
1,dolar_venda,Taxa de câmbio - dólar americano (venda),R$/US$,diaria,2024-01-15,2024,1,4.8765
1,dolar_venda,Taxa de câmbio - dólar americano (venda),R$/US$,diaria,2024-01-16,2024,1,4.9038
1,dolar_venda,Taxa de câmbio - dólar americano (venda),R$/US$,diaria,2024-01-17,2024,1,4.9346
1,dolar_venda,Taxa de câmbio - dólar americano (venda),R$/US$,diaria,2024-01-18,2024,1,4.9403
1,dolar_venda,Taxa de câmbio - dólar americano (venda),R$/US$,diaria,2024-01-19,2024,1,4.9223
1,dolar_venda,Taxa de câmbio - dólar americano (venda),R$/US$,diaria,2024-01-22,2024,1,4.949
1,dolar_venda,Taxa de câmbio - dólar americano (venda),R$/US$,diaria,2024-01-23,2024,1,4.9715
1,dolar_venda,Taxa de câmbio - dólar americano (venda),R$/US$,diaria,2024-01-24,2024,1,4.9192
1,dolar_venda,Taxa de câmbio - dólar americano (venda),R$/US$,diaria,2024-01-25,2024,1,4.9232
1,dolar_venda,Taxa de câmbio - dólar americano (venda),R$/US$,diaria,2024-01-26,2024,1,4.9125
1,dolar_venda,Taxa de câmbio - dólar americano (venda),R$/US$,diaria,2024-01-29,2024,1,4.9225
1,dolar_venda,Taxa de câmbio - dólar americano (venda),R$/US$,diaria,2024-01-30,2024,1,4.9638
1,dolar_venda,Taxa de câmbio - dólar americano (venda),R$/US$,diaria,2024-01-31,2024,1,4.9535
1,dolar_venda,Taxa de câmbio - dólar americano (venda),R$/US$,diaria,2024-02-01,2024,2,4.935
1,dolar_venda,Taxa de câmbio - dólar americano (venda),R$/US$,diaria,2024-02-02,2024,2,4.9471
1,dolar_venda,Taxa de câmbio - dólar americano (venda),R$/US$,diaria,2024-02-05,2024,2,5.0053
1,dolar_venda,Taxa de câmbio - dólar americano (venda),R$/US$,diaria,2024-02-06,2024,2,4.9687
1,dolar_venda,Taxa de câmbio - dólar americano (venda),R$/US$,diaria,2024-02-07,2024,2,4.9608
1,dolar_venda,Taxa de câmbio - dólar americano (venda),R$/US$,diaria,2024-02-08,2024,2,4.9804
1,dolar_venda,Taxa de câmbio - dólar americano (venda),R$/US$,diaria,2024-02-09,2024,2,4.9717
1,dolar_venda,Taxa de câmbio - dólar americano (venda),R$/US$,diaria,2024-02-14,2024,2,4.9723
1,dolar_venda,Taxa de câmbio - dólar americano (venda),R$/US$,diaria,2024-02-15,2024,2,4.971
1,dolar_venda,Taxa de câmbio - dólar americano (venda),R$/US$,diaria,2024-02-16,2024,2,4.9761
1,dolar_venda,Taxa de câmbio - dólar americano (venda),R$/US$,diaria,2024-02-19,2024,2,4.9585
1,dolar_venda,Taxa de câmbio - dólar americano (venda),R$/US$,diaria,2024-02-20,2024,2,4.9408
1,dolar_venda,Taxa de câmbio - dólar americano (venda),R$/US$,diaria,2024-02-21,2024,2,4.9303
1,dolar_venda,Taxa de câmbio - dólar americano (venda),R$/US$,diaria,2024-02-22,2024,2,4.9419
1,dolar_venda,Taxa de câmbio - dólar americano (venda),R$/US$,diaria,2024-02-23,2024,2,4.9851
1,dolar_venda,Taxa de câmbio - dólar americano (venda),R$/US$,diaria,2024-02-26,2024,2,4.9819
1,dolar_venda,Taxa de câmbio - dólar americano (venda),R$/US$,diaria,2024-02-27,2024,2,4.9575
1,dolar_venda,Taxa de câmbio - dólar americano (venda),R$/US$,diaria,2024-02-28,2024,2,4.9557
1,dolar_venda,Taxa de câmbio - dólar americano (venda),R$/US$,diaria,2024-02-29,2024,2,4.9833
1,dolar_venda,Taxa de câmbio - dólar americano (venda),R$/US$,diaria,2024-03-01,2024,3,4.9596
1,dolar_venda,Taxa de câmbio - dólar americano (venda),R$/US$,diaria,2024-03-04,2024,3,4.9475
1,dolar_venda,Taxa de câmbio - dólar americano (venda),R$/US$,diaria,2024-03-05,2024,3,4.9488
1,dolar_venda,Taxa de câmbio - dólar americano (venda),R$/US$,diaria,2024-03-06,2024,3,4.9398
1,dolar_venda,Taxa de câmbio - dólar americano (venda),R$/US$,diaria,2024-03-07,2024,3,4.9364
1,dolar_venda,Taxa de câmbio - dólar americano (venda),R$/US$,diaria,2024-03-08,2024,3,4.9751
1,dolar_venda,Taxa de câmbio - dólar americano (venda),R$/US$,diaria,2024-03-11,2024,3,4.9777
1,dolar_venda,Taxa de câmbio - dólar americano (venda),R$/US$,diaria,2024-03-12,2024,3,4.9813
1,dolar_venda,Taxa de câmbio - dólar americano (venda),R$/US$,diaria,2024-03-13,2024,3,4.9803
1,dolar_venda,Taxa de câmbio - dólar americano (venda),R$/US$,diaria,2024-03-14,2024,3,4.9768
1,dolar_venda,Taxa de câmbio - dólar americano (venda),R$/US$,diaria,2024-03-15,2024,3,4.9937
1,dolar_venda,Taxa de câmbio - dólar americano (venda),R$/US$,diaria,2024-03-18,2024,3,5.0124
1,dolar_venda,Taxa de câmbio - dólar americano (venda),R$/US$,diaria,2024-03-19,2024,3,5.0352
1,dolar_venda,Taxa de câmbio - dólar americano (venda),R$/US$,diaria,2024-03-20,2024,3,5.012
1,dolar_venda,Taxa de câmbio - dólar americano (venda),R$/US$,diaria,2024-03-21,2024,3,4.9807
1,dolar_venda,Taxa de câmbio - dólar americano (venda),R$/US$,diaria,2024-03-22,2024,3,4.9897
1,dolar_venda,Taxa de câmbio - dólar americano (venda),R$/US$,diaria,2024-03-25,2024,3,4.9869
1,dolar_venda,Taxa de câmbio - dólar americano (venda),R$/US$,diaria,2024-03-26,2024,3,4.987
1,dolar_venda,Taxa de câmbio - dólar americano (venda),R$/US$,diaria,2024-03-27,2024,3,4.9856
1,dolar_venda,Taxa de câmbio - dólar americano (venda),R$/US$,diaria,2024-03-28,2024,3,4.9962
1,dolar_venda,Taxa de câmbio - dólar americano (venda),R$/US$,diaria,2024-04-01,2024,4,5.0532
1,dolar_venda,Taxa de câmbio - dólar americano (venda),R$/US$,diaria,2024-04-02,2024,4,5.0476
1,dolar_venda,Taxa de câmbio - dólar americano (venda),R$/US$,diaria,2024-04-03,2024,4,5.0724
1,dolar_venda,Taxa de câmbio - dólar americano (venda),R$/US$,diaria,2024-04-04,2024,4,5.0237
1,dolar_venda,Taxa de câmbio - dólar americano (venda),R$/US$,diaria,2024-04-05,2024,4,5.052
1,dolar_venda,Taxa de câmbio - dólar americano (venda),R$/US$,diaria,2024-04-08,2024,4,5.0421
1,dolar_venda,Taxa de câmbio - dólar americano (venda),R$/US$,diaria,2024-04-09,2024,4,5.008
1,dolar_venda,Taxa de câmbio - dólar americano (venda),R$/US$,diaria,2024-04-10,2024,4,5.0654
1,dolar_venda,Taxa de câmbio - dólar americano (venda),R$/US$,diaria,2024-04-11,2024,4,5.0765
1,dolar_venda,Taxa de câmbio - dólar americano (venda),R$/US$,diaria,2024-04-12,2024,4,5.1364
1,dolar_venda,Taxa de câmbio - dólar americano (venda),R$/US$,diaria,2024-04-15,2024,4,5.1746
1,dolar_venda,Taxa de câmbio - dólar americano (venda),R$/US$,diaria,2024-04-16,2024,4,5.2635
1,dolar_venda,Taxa de câmbio - dólar americano (venda),R$/US$,diaria,2024-04-17,2024,4,5.2469
1,dolar_venda,Taxa de câmbio - dólar americano (venda),R$/US$,diaria,2024-04-18,2024,4,5.2512
1,dolar_venda,Taxa de câmbio - dólar americano (venda),R$/US$,diaria,2024-04-19,2024,4,5.2269
1,dolar_venda,Taxa de câmbio - dólar americano (venda),R$/US$,diaria,2024-04-22,2024,4,5.2043
1,dolar_venda,Taxa de câmbio - dólar americano (venda),R$/US$,diaria,2024-04-23,2024,4,5.1626
1,dolar_venda,Taxa de câmbio - dólar americano (venda),R$/US$,diaria,2024-04-24,2024,4,5.1592
1,dolar_venda,Taxa de câmbio - dólar americano (venda),R$/US$,diaria,2024-04-25,2024,4,5.1679
1,dolar_venda,Taxa de câmbio - dólar americano (venda),R$/US$,diaria,2024-04-26,2024,4,5.1184
1,dolar_venda,Taxa de câmbio - dólar americano (venda),R$/US$,diaria,2024-04-29,2024,4,5.1155
1,dolar_venda,Taxa de câmbio - dólar americano (venda),R$/US$,diaria,2024-04-30,2024,4,5.1718
1,dolar_venda,Taxa de câmbio - dólar americano (venda),R$/US$,diaria,2024-05-02,2024,5,5.1184
1,dolar_venda,Taxa de câmbio - dólar americano (venda),R$/US$,diaria,2024-05-03,2024,5,5.0668
1,dolar_venda,Taxa de câmbio - dólar americano (venda),R$/US$,diaria,2024-05-06,2024,5,5.0727
1,dolar_venda,Taxa de câmbio - dólar americano (venda),R$/US$,diaria,2024-05-07,2024,5,5.061
1,dolar_venda,Taxa de câmbio - dólar americano (venda),R$/US$,diaria,2024-05-08,2024,5,5.0887
1,dolar_venda,Taxa de câmbio - dólar americano (venda),R$/US$,diaria,2024-05-09,2024,5,5.1577
1,dolar_venda,Taxa de câmbio - dólar americano (venda),R$/US$,diaria,2024-05-10,2024,5,5.1464
1,dolar_venda,Taxa de câmbio - dólar americano (venda),R$/US$,diaria,2024-05-13,2024,5,5.1412
1,dolar_venda,Taxa de câmbio - dólar americano (venda),R$/US$,diaria,2024-05-14,2024,5,5.1356
1,dolar_venda,Taxa de câmbio - dólar americano (venda),R$/US$,diaria,2024-05-15,2024,5,5.1423
1,dolar_venda,Taxa de câmbio - dólar americano (venda),R$/US$,diaria,2024-05-16,2024,5,5.127
1,dolar_venda,Taxa de câmbio - dólar americano (venda),R$/US$,diaria,2024-05-17,2024,5,5.1157
1,dolar_venda,Taxa de câmbio - dólar americano (venda),R$/US$,diaria,2024-05-20,2024,5,5.1085
1,dolar_venda,Taxa de câmbio - dólar americano (venda),R$/US$,diaria,2024-05-21,2024,5,5.1037
1,dolar_venda,Taxa de câmbio - dólar americano (venda),R$/US$,diaria,2024-05-22,2024,5,5.1502
1,dolar_venda,Taxa de câmbio - dólar americano (venda),R$/US$,diaria,2024-05-23,2024,5,5.1443
1,dolar_venda,Taxa de câmbio - dólar americano (venda),R$/US$,diaria,2024-05-24,2024,5,5.1508
1,dolar_venda,Taxa de câmbio - dólar americano (venda),R$/US$,diaria,2024-05-27,2024,5,5.1704
1,dolar_venda,Taxa de câmbio - dólar americano (venda),R$/US$,diaria,2024-05-28,2024,5,5.1538
1,dolar_venda,Taxa de câmbio - dólar americano (venda),R$/US$,diaria,2024-05-29,2024,5,5.1972
1,dolar_venda,Taxa de câmbio - dólar americano (venda),R$/US$,diaria,2024-05-31,2024,5,5.2416
1,dolar_venda,Taxa de câmbio - dólar americano (venda),R$/US$,diaria,2024-06-03,2024,6,5.2373
1,dolar_venda,Taxa de câmbio - dólar americano (venda),R$/US$,diaria,2024-06-04,2024,6,5.2687
1,dolar_venda,Taxa de câmbio - dólar americano (venda),R$/US$,diaria,2024-06-05,2024,6,5.2841
1,dolar_venda,Taxa de câmbio - dólar americano (venda),R$/US$,diaria,2024-06-06,2024,6,5.2681
1,dolar_venda,Taxa de câmbio - dólar americano (venda),R$/US$,diaria,2024-06-07,2024,6,5.2802
1,dolar_venda,Taxa de câmbio - dólar americano (venda),R$/US$,diaria,2024-06-10,2024,6,5.3666
1,dolar_venda,Taxa de câmbio - dólar americano (venda),R$/US$,diaria,2024-06-11,2024,6,5.3524
1,dolar_venda,Taxa de câmbio - dólar americano (venda),R$/US$,diaria,2024-06-12,2024,6,5.3891
1,dolar_venda,Taxa de câmbio - dólar americano (venda),R$/US$,diaria,2024-06-13,2024,6,5.3974
1,dolar_venda,Taxa de câmbio - dólar americano (venda),R$/US$,diaria,2024-06-14,2024,6,5.363
1,dolar_venda,Taxa de câmbio - dólar americano (venda),R$/US$,diaria,2024-06-17,2024,6,5.413
1,dolar_venda,Taxa de câmbio - dólar americano (venda),R$/US$,diaria,2024-06-18,2024,6,5.4074
1,dolar_venda,Taxa de câmbio - dólar americano (venda),R$/US$,diaria,2024-06-19,2024,6,5.4647
1,dolar_venda,Taxa de câmbio - dólar americano (venda),R$/US$,diaria,2024-06-20,2024,6,5.4254
1,dolar_venda,Taxa de câmbio - dólar americano (venda),R$/US$,diaria,2024-06-21,2024,6,5.4416
1,dolar_venda,Taxa de câmbio - dólar americano (venda),R$/US$,diaria,2024-06-24,2024,6,5.4
1,dolar_venda,Taxa de câmbio - dólar americano (venda),R$/US$,diaria,2024-06-25,2024,6,5.429
1,dolar_venda,Taxa de câmbio - dólar americano (venda),R$/US$,diaria,2024-06-26,2024,6,5.5097
1,dolar_venda,Taxa de câmbio - dólar americano (venda),R$/US$,diaria,2024-06-27,2024,6,5.5229
1,dolar_venda,Taxa de câmbio - dólar americano (venda),R$/US$,diaria,2024-06-28,2024,6,5.5589
1,dolar_venda,Taxa de câmbio - dólar americano (venda),R$/US$,diaria,2024-07-01,2024,7,5.5893
1,dolar_venda,Taxa de câmbio - dólar americano (venda),R$/US$,diaria,2024-07-02,2024,7,5.6677
1,dolar_venda,Taxa de câmbio - dólar americano (venda),R$/US$,diaria,2024-07-03,2024,7,5.5863
1,dolar_venda,Taxa de câmbio - dólar americano (venda),R$/US$,diaria,2024-07-04,2024,7,5.4839
1,dolar_venda,Taxa de câmbio - dólar americano (venda),R$/US$,diaria,2024-07-05,2024,7,5.497
1,dolar_venda,Taxa de câmbio - dólar americano (venda),R$/US$,diaria,2024-07-08,2024,7,5.472
1,dolar_venda,Taxa de câmbio - dólar americano (venda),R$/US$,diaria,2024-07-09,2024,7,5.4387
1,dolar_venda,Taxa de câmbio - dólar americano (venda),R$/US$,diaria,2024-07-10,2024,7,5.3967
1,dolar_venda,Taxa de câmbio - dólar americano (venda),R$/US$,diaria,2024-07-11,2024,7,5.41
1,dolar_venda,Taxa de câmbio - dólar americano (venda),R$/US$,diaria,2024-07-12,2024,7,5.4529
1,dolar_venda,Taxa de câmbio - dólar americano (venda),R$/US$,diaria,2024-07-15,2024,7,5.4563
1,dolar_venda,Taxa de câmbio - dólar americano (venda),R$/US$,diaria,2024-07-16,2024,7,5.4274
1,dolar_venda,Taxa de câmbio - dólar americano (venda),R$/US$,diaria,2024-07-17,2024,7,5.467
1,dolar_venda,Taxa de câmbio - dólar americano (venda),R$/US$,diaria,2024-07-18,2024,7,5.5426
1,dolar_venda,Taxa de câmbio - dólar americano (venda),R$/US$,diaria,2024-07-19,2024,7,5.5543
1,dolar_venda,Taxa de câmbio - dólar americano (venda),R$/US$,diaria,2024-07-22,2024,7,5.5598
1,dolar_venda,Taxa de câmbio - dólar americano (venda),R$/US$,diaria,2024-07-23,2024,7,5.5807
1,dolar_venda,Taxa de câmbio - dólar americano (venda),R$/US$,diaria,2024-07-24,2024,7,5.6346
1,dolar_venda,Taxa de câmbio - dólar americano (venda),R$/US$,diaria,2024-07-25,2024,7,5.6402
1,dolar_venda,Taxa de câmbio - dólar americano (venda),R$/US$,diaria,2024-07-26,2024,7,5.6465
1,dolar_venda,Taxa de câmbio - dólar americano (venda),R$/US$,diaria,2024-07-29,2024,7,5.6479
1,dolar_venda,Taxa de câmbio - dólar americano (venda),R$/US$,diaria,2024-07-30,2024,7,5.6532
1,dolar_venda,Taxa de câmbio - dólar americano (venda),R$/US$,diaria,2024-07-31,2024,7,5.6621
1,dolar_venda,Taxa de câmbio - dólar americano (venda),R$/US$,diaria,2024-08-01,2024,8,5.6681
1,dolar_venda,Taxa de câmbio - dólar americano (venda),R$/US$,diaria,2024-08-02,2024,8,5.7366
1,dolar_venda,Taxa de câmbio - dólar americano (venda),R$/US$,diaria,2024-08-05,2024,8,5.7646
1,dolar_venda,Taxa de câmbio - dólar americano (venda),R$/US$,diaria,2024-08-06,2024,8,5.6528
1,dolar_venda,Taxa de câmbio - dólar americano (venda),R$/US$,diaria,2024-08-07,2024,8,5.6093
1,dolar_venda,Taxa de câmbio - dólar americano (venda),R$/US$,diaria,2024-08-08,2024,8,5.6172
1,dolar_venda,Taxa de câmbio - dólar americano (venda),R$/US$,diaria,2024-08-09,2024,8,5.5115
1,dolar_venda,Taxa de câmbio - dólar americano (venda),R$/US$,diaria,2024-08-12,2024,8,5.4911
1,dolar_venda,Taxa de câmbio - dólar americano (venda),R$/US$,diaria,2024-08-13,2024,8,5.4875
1,dolar_venda,Taxa de câmbio - dólar americano (venda),R$/US$,diaria,2024-08-14,2024,8,5.4502
1,dolar_venda,Taxa de câmbio - dólar americano (venda),R$/US$,diaria,2024-08-15,2024,8,5.4651
1,dolar_venda,Taxa de câmbio - dólar americano (venda),R$/US$,diaria,2024-08-16,2024,8,5.4632
1,dolar_venda,Taxa de câmbio - dólar americano (venda),R$/US$,diaria,2024-08-19,2024,8,5.4237
1,dolar_venda,Taxa de câmbio - dólar americano (venda),R$/US$,diaria,2024-08-20,2024,8,5.4547
1,dolar_venda,Taxa de câmbio - dólar americano (venda),R$/US$,diaria,2024-08-21,2024,8,5.4707
1,dolar_venda,Taxa de câmbio - dólar americano (venda),R$/US$,diaria,2024-08-22,2024,8,5.5524
1,dolar_venda,Taxa de câmbio - dólar americano (venda),R$/US$,diaria,2024-08-23,2024,8,5.5263
1,dolar_venda,Taxa de câmbio - dólar americano (venda),R$/US$,diaria,2024-08-26,2024,8,5.4921
1,dolar_venda,Taxa de câmbio - dólar americano (venda),R$/US$,diaria,2024-08-27,2024,8,5.4969
1,dolar_venda,Taxa de câmbio - dólar americano (venda),R$/US$,diaria,2024-08-28,2024,8,5.5315
1,dolar_venda,Taxa de câmbio - dólar americano (venda),R$/US$,diaria,2024-08-29,2024,8,5.6358
1,dolar_venda,Taxa de câmbio - dólar americano (venda),R$/US$,diaria,2024-08-30,2024,8,5.6562
1,dolar_venda,Taxa de câmbio - dólar americano (venda),R$/US$,diaria,2024-09-02,2024,9,5.623
1,dolar_venda,Taxa de câmbio - dólar americano (venda),R$/US$,diaria,2024-09-03,2024,9,5.6224
1,dolar_venda,Taxa de câmbio - dólar americano (venda),R$/US$,diaria,2024-09-04,2024,9,5.6359
1,dolar_venda,Taxa de câmbio - dólar americano (venda),R$/US$,diaria,2024-09-05,2024,9,5.6049
1,dolar_venda,Taxa de câmbio - dólar americano (venda),R$/US$,diaria,2024-09-06,2024,9,5.5702
1,dolar_venda,Taxa de câmbio - dólar americano (venda),R$/US$,diaria,2024-09-09,2024,9,5.6097
1,dolar_venda,Taxa de câmbio - dólar americano (venda),R$/US$,diaria,2024-09-10,2024,9,5.6254
1,dolar_venda,Taxa de câmbio - dólar americano (venda),R$/US$,diaria,2024-09-11,2024,9,5.6387
1,dolar_venda,Taxa de câmbio - dólar americano (venda),R$/US$,diaria,2024-09-12,2024,9,5.6554
1,dolar_venda,Taxa de câmbio - dólar americano (venda),R$/US$,diaria,2024-09-13,2024,9,5.5717
1,dolar_venda,Taxa de câmbio - dólar americano (venda),R$/US$,diaria,2024-09-16,2024,9,5.5207
1,dolar_venda,Taxa de câmbio - dólar americano (venda),R$/US$,diaria,2024-09-17,2024,9,5.501
1,dolar_venda,Taxa de câmbio - dólar americano (venda),R$/US$,diaria,2024-09-18,2024,9,5.4767
1,dolar_venda,Taxa de câmbio - dólar americano (venda),R$/US$,diaria,2024-09-19,2024,9,5.4189
1,dolar_venda,Taxa de câmbio - dólar americano (venda),R$/US$,diaria,2024-09-20,2024,9,5.4775
1,dolar_venda,Taxa de câmbio - dólar americano (venda),R$/US$,diaria,2024-09-23,2024,9,5.5446
1,dolar_venda,Taxa de câmbio - dólar americano (venda),R$/US$,diaria,2024-09-24,2024,9,5.4702
1,dolar_venda,Taxa de câmbio - dólar americano (venda),R$/US$,diaria,2024-09-25,2024,9,5.4736
1,dolar_venda,Taxa de câmbio - dólar americano (venda),R$/US$,diaria,2024-09-26,2024,9,5.4412
1,dolar_venda,Taxa de câmbio - dólar americano (venda),R$/US$,diaria,2024-09-27,2024,9,5.4431
1,dolar_venda,Taxa de câmbio - dólar americano (venda),R$/US$,diaria,2024-09-30,2024,9,5.4481
1,dolar_venda,Taxa de câmbio - dólar americano (venda),R$/US$,diaria,2024-10-01,2024,10,5.4521
1,dolar_venda,Taxa de câmbio - dólar americano (venda),R$/US$,diaria,2024-10-02,2024,10,5.4305
1,dolar_venda,Taxa de câmbio - dólar americano (venda),R$/US$,diaria,2024-10-03,2024,10,5.485
1,dolar_venda,Taxa de câmbio - dólar americano (venda),R$/US$,diaria,2024-10-04,2024,10,5.4686
1,dolar_venda,Taxa de câmbio - dólar americano (venda),R$/US$,diaria,2024-10-07,2024,10,5.4626
1,dolar_venda,Taxa de câmbio - dólar americano (venda),R$/US$,diaria,2024-10-08,2024,10,5.5197
1,dolar_venda,Taxa de câmbio - dólar americano (venda),R$/US$,diaria,2024-10-09,2024,10,5.5737
1,dolar_venda,Taxa de câmbio - dólar americano (venda),R$/US$,diaria,2024-10-10,2024,10,5.5819
1,dolar_venda,Taxa de câmbio - dólar americano (venda),R$/US$,diaria,2024-10-11,2024,10,5.6263
1,dolar_venda,Taxa de câmbio - dólar americano (venda),R$/US$,diaria,2024-10-14,2024,10,5.6045
1,dolar_venda,Taxa de câmbio - dólar americano (venda),R$/US$,diaria,2024-10-15,2024,10,5.6378
1,dolar_venda,Taxa de câmbio - dólar americano (venda),R$/US$,diaria,2024-10-16,2024,10,5.6749
1,dolar_venda,Taxa de câmbio - dólar americano (venda),R$/US$,diaria,2024-10-17,2024,10,5.6758
1,dolar_venda,Taxa de câmbio - dólar americano (venda),R$/US$,diaria,2024-10-18,2024,10,5.6672
1,dolar_venda,Taxa de câmbio - dólar americano (venda),R$/US$,diaria,2024-10-21,2024,10,5.7068
1,dolar_venda,Taxa de câmbio - dólar americano (venda),R$/US$,diaria,2024-10-22,2024,10,5.6958
1,dolar_venda,Taxa de câmbio - dólar americano (venda),R$/US$,diaria,2024-10-23,2024,10,5.7149
1,dolar_venda,Taxa de câmbio - dólar americano (venda),R$/US$,diaria,2024-10-24,2024,10,5.7087
1,dolar_venda,Taxa de câmbio - dólar americano (venda),R$/US$,diaria,2024-10-25,2024,10,5.6969
1,dolar_venda,Taxa de câmbio - dólar americano (venda),R$/US$,diaria,2024-10-28,2024,10,5.6988
1,dolar_venda,Taxa de câmbio - dólar americano (venda),R$/US$,diaria,2024-10-29,2024,10,5.714
1,dolar_venda,Taxa de câmbio - dólar americano (venda),R$/US$,diaria,2024-10-30,2024,10,5.7801
1,dolar_venda,Taxa de câmbio - dólar americano (venda),R$/US$,diaria,2024-10-31,2024,10,5.7779
1,dolar_venda,Taxa de câmbio - dólar americano (venda),R$/US$,diaria,2024-11-01,2024,11,5.8073
1,dolar_venda,Taxa de câmbio - dólar americano (venda),R$/US$,diaria,2024-11-04,2024,11,5.7898
1,dolar_venda,Taxa de câmbio - dólar americano (venda),R$/US$,diaria,2024-11-05,2024,11,5.7846
1,dolar_venda,Taxa de câmbio - dólar americano (venda),R$/US$,diaria,2024-11-06,2024,11,5.7648
1,dolar_venda,Taxa de câmbio - dólar americano (venda),R$/US$,diaria,2024-11-07,2024,11,5.6624
1,dolar_venda,Taxa de câmbio - dólar americano (venda),R$/US$,diaria,2024-11-08,2024,11,5.7648
1,dolar_venda,Taxa de câmbio - dólar americano (venda),R$/US$,diaria,2024-11-11,2024,11,5.798
1,dolar_venda,Taxa de câmbio - dólar americano (venda),R$/US$,diaria,2024-11-12,2024,11,5.7694
1,dolar_venda,Taxa de câmbio - dólar americano (venda),R$/US$,diaria,2024-11-13,2024,11,5.7713
1,dolar_venda,Taxa de câmbio - dólar americano (venda),R$/US$,diaria,2024-11-14,2024,11,5.7885
1,dolar_venda,Taxa de câmbio - dólar americano (venda),R$/US$,diaria,2024-11-18,2024,11,5.7603
1,dolar_venda,Taxa de câmbio - dólar americano (venda),R$/US$,diaria,2024-11-19,2024,11,5.7743
1,dolar_venda,Taxa de câmbio - dólar americano (venda),R$/US$,diaria,2024-11-21,2024,11,5.8173
1,dolar_venda,Taxa de câmbio - dólar americano (venda),R$/US$,diaria,2024-11-22,2024,11,5.8124
1,dolar_venda,Taxa de câmbio - dólar americano (venda),R$/US$,diaria,2024-11-25,2024,11,5.8002
1,dolar_venda,Taxa de câmbio - dólar americano (venda),R$/US$,diaria,2024-11-26,2024,11,5.799
1,dolar_venda,Taxa de câmbio - dólar americano (venda),R$/US$,diaria,2024-11-27,2024,11,5.8291
1,dolar_venda,Taxa de câmbio - dólar americano (venda),R$/US$,diaria,2024-11-28,2024,11,5.9871
1,dolar_venda,Taxa de câmbio - dólar americano (venda),R$/US$,diaria,2024-11-29,2024,11,6.0535
1,dolar_venda,Taxa de câmbio - dólar americano (venda),R$/US$,diaria,2024-12-02,2024,12,6.0634
1,dolar_venda,Taxa de câmbio - dólar americano (venda),R$/US$,diaria,2024-12-03,2024,12,6.0707
1,dolar_venda,Taxa de câmbio - dólar americano (venda),R$/US$,diaria,2024-12-04,2024,12,6.0581
1,dolar_venda,Taxa de câmbio - dólar americano (venda),R$/US$,diaria,2024-12-05,2024,12,5.9849
1,dolar_venda,Taxa de câmbio - dólar americano (venda),R$/US$,diaria,2024-12-06,2024,12,6.0293
1,dolar_venda,Taxa de câmbio - dólar americano (venda),R$/US$,diaria,2024-12-09,2024,12,6.057
1,dolar_venda,Taxa de câmbio - dólar americano (venda),R$/US$,diaria,2024-12-10,2024,12,6.0529
1,dolar_venda,Taxa de câmbio - dólar americano (venda),R$/US$,diaria,2024-12-11,2024,12,6.032
1,dolar_venda,Taxa de câmbio - dólar americano (venda),R$/US$,diaria,2024-12-12,2024,12,5.9408
1,dolar_venda,Taxa de câmbio - dólar americano (venda),R$/US$,diaria,2024-12-13,2024,12,6.04
1,dolar_venda,Taxa de câmbio - dólar americano (venda),R$/US$,diaria,2024-12-16,2024,12,6.0509
1,dolar_venda,Taxa de câmbio - dólar americano (venda),R$/US$,diaria,2024-12-17,2024,12,6.1685
1,dolar_venda,Taxa de câmbio - dólar americano (venda),R$/US$,diaria,2024-12-18,2024,12,6.1624
1,dolar_venda,Taxa de câmbio - dólar americano (venda),R$/US$,diaria,2024-12-19,2024,12,6.1841
1,dolar_venda,Taxa de câmbio - dólar americano (venda),R$/US$,diaria,2024-12-20,2024,12,6.078
1,dolar_venda,Taxa de câmbio - dólar americano (venda),R$/US$,diaria,2024-12-23,2024,12,6.1612
1,dolar_venda,Taxa de câmbio - dólar americano (venda),R$/US$,diaria,2024-12-24,2024,12,6.1541
1,dolar_venda,Taxa de câmbio - dólar americano (venda),R$/US$,diaria,2024-12-26,2024,12,6.1656
1,dolar_venda,Taxa de câmbio - dólar americano (venda),R$/US$,diaria,2024-12-27,2024,12,6.1991
1,dolar_venda,Taxa de câmbio - dólar americano (venda),R$/US$,diaria,2024-12-30,2024,12,6.1923
1,dolar_venda,Taxa de câmbio - dólar americano (venda),R$/US$,diaria,2024-12-31,2024,12,6.1923
1,dolar_venda,Taxa de câmbio - dólar americano (venda),R$/US$,diaria,2025-01-02,2025,1,6.2086
1,dolar_venda,Taxa de câmbio - dólar americano (venda),R$/US$,diaria,2025-01-03,2025,1,6.1563
1,dolar_venda,Taxa de câmbio - dólar americano (venda),R$/US$,diaria,2025-01-06,2025,1,6.1119
1,dolar_venda,Taxa de câmbio - dólar americano (venda),R$/US$,diaria,2025-01-07,2025,1,6.0741
1,dolar_venda,Taxa de câmbio - dólar americano (venda),R$/US$,diaria,2025-01-08,2025,1,6.1321
1,dolar_venda,Taxa de câmbio - dólar americano (venda),R$/US$,diaria,2025-01-09,2025,1,6.0896
1,dolar_venda,Taxa de câmbio - dólar americano (venda),R$/US$,diaria,2025-01-10,2025,1,6.0965
1,dolar_venda,Taxa de câmbio - dólar americano (venda),R$/US$,diaria,2025-01-13,2025,1,6.1079
1,dolar_venda,Taxa de câmbio - dólar americano (venda),R$/US$,diaria,2025-01-14,2025,1,6.0671
1,dolar_venda,Taxa de câmbio - dólar americano (venda),R$/US$,diaria,2025-01-15,2025,1,6.0377
1,dolar_venda,Taxa de câmbio - dólar americano (venda),R$/US$,diaria,2025-01-16,2025,1,6.0322
1,dolar_venda,Taxa de câmbio - dólar americano (venda),R$/US$,diaria,2025-01-17,2025,1,6.0609
1,dolar_venda,Taxa de câmbio - dólar americano (venda),R$/US$,diaria,2025-01-20,2025,1,6.0498
1,dolar_venda,Taxa de câmbio - dólar americano (venda),R$/US$,diaria,2025-01-21,2025,1,6.044
1,dolar_venda,Taxa de câmbio - dólar americano (venda),R$/US$,diaria,2025-01-22,2025,1,5.9674
1,dolar_venda,Taxa de câmbio - dólar americano (venda),R$/US$,diaria,2025-01-23,2025,1,5.9399
1,dolar_venda,Taxa de câmbio - dólar americano (venda),R$/US$,diaria,2025-01-24,2025,1,5.8925
1,dolar_venda,Taxa de câmbio - dólar americano (venda),R$/US$,diaria,2025-01-27,2025,1,5.9272
1,dolar_venda,Taxa de câmbio - dólar americano (venda),R$/US$,diaria,2025-01-28,2025,1,5.893
1,dolar_venda,Taxa de câmbio - dólar americano (venda),R$/US$,diaria,2025-01-29,2025,1,5.8596
1,dolar_venda,Taxa de câmbio - dólar americano (venda),R$/US$,diaria,2025-01-30,2025,1,5.9006
1,dolar_venda,Taxa de câmbio - dólar americano (venda),R$/US$,diaria,2025-01-31,2025,1,5.8301
1,dolar_venda,Taxa de câmbio - dólar americano (venda),R$/US$,diaria,2025-02-03,2025,2,5.8687
1,dolar_venda,Taxa de câmbio - dólar americano (venda),R$/US$,diaria,2025-02-04,2025,2,5.7927
1,dolar_venda,Taxa de câmbio - dólar americano (venda),R$/US$,diaria,2025-02-05,2025,2,5.7997
1,dolar_venda,Taxa de câmbio - dólar americano (venda),R$/US$,diaria,2025-02-06,2025,2,5.7856
1,dolar_venda,Taxa de câmbio - dólar americano (venda),R$/US$,diaria,2025-02-07,2025,2,5.7557
1,dolar_venda,Taxa de câmbio - dólar americano (venda),R$/US$,diaria,2025-02-10,2025,2,5.7808
1,dolar_venda,Taxa de câmbio - dólar americano (venda),R$/US$,diaria,2025-02-11,2025,2,5.7788
1,dolar_venda,Taxa de câmbio - dólar americano (venda),R$/US$,diaria,2025-02-12,2025,2,5.7711
1,dolar_venda,Taxa de câmbio - dólar americano (venda),R$/US$,diaria,2025-02-13,2025,2,5.7788
1,dolar_venda,Taxa de câmbio - dólar americano (venda),R$/US$,diaria,2025-02-14,2025,2,5.7283
1,dolar_venda,Taxa de câmbio - dólar americano (venda),R$/US$,diaria,2025-02-17,2025,2,5.7105
1,dolar_venda,Taxa de câmbio - dólar americano (venda),R$/US$,diaria,2025-02-18,2025,2,5.6979
1,dolar_venda,Taxa de câmbio - dólar americano (venda),R$/US$,diaria,2025-02-19,2025,2,5.7087
1,dolar_venda,Taxa de câmbio - dólar americano (venda),R$/US$,diaria,2025-02-20,2025,2,5.7019
1,dolar_venda,Taxa de câmbio - dólar americano (venda),R$/US$,diaria,2025-02-21,2025,2,5.7027
1,dolar_venda,Taxa de câmbio - dólar americano (venda),R$/US$,diaria,2025-02-24,2025,2,5.7258
1,dolar_venda,Taxa de câmbio - dólar americano (venda),R$/US$,diaria,2025-02-25,2025,2,5.7779
1,dolar_venda,Taxa de câmbio - dólar americano (venda),R$/US$,diaria,2025-02-26,2025,2,5.7757
1,dolar_venda,Taxa de câmbio - dólar americano (venda),R$/US$,diaria,2025-02-27,2025,2,5.8228
1,dolar_venda,Taxa de câmbio - dólar americano (venda),R$/US$,diaria,2025-02-28,2025,2,5.8488
1,dolar_venda,Taxa de câmbio - dólar americano (venda),R$/US$,diaria,2025-03-05,2025,3,5.7914
1,dolar_venda,Taxa de câmbio - dólar americano (venda),R$/US$,diaria,2025-03-06,2025,3,5.7489
1,dolar_venda,Taxa de câmbio - dólar americano (venda),R$/US$,diaria,2025-03-07,2025,3,5.7688
1,dolar_venda,Taxa de câmbio - dólar americano (venda),R$/US$,diaria,2025-03-10,2025,3,5.793
1,dolar_venda,Taxa de câmbio - dólar americano (venda),R$/US$,diaria,2025-03-11,2025,3,5.8346
1,dolar_venda,Taxa de câmbio - dólar americano (venda),R$/US$,diaria,2025-03-12,2025,3,5.8268
1,dolar_venda,Taxa de câmbio - dólar americano (venda),R$/US$,diaria,2025-03-13,2025,3,5.8131
1,dolar_venda,Taxa de câmbio - dólar americano (venda),R$/US$,diaria,2025-03-14,2025,3,5.7419
1,dolar_venda,Taxa de câmbio - dólar americano (venda),R$/US$,diaria,2025-03-17,2025,3,5.7082
1,dolar_venda,Taxa de câmbio - dólar americano (venda),R$/US$,diaria,2025-03-18,2025,3,5.6852
1,dolar_venda,Taxa de câmbio - dólar americano (venda),R$/US$,diaria,2025-03-19,2025,3,5.6657
1,dolar_venda,Taxa de câmbio - dólar americano (venda),R$/US$,diaria,2025-03-20,2025,3,5.6628
1,dolar_venda,Taxa de câmbio - dólar americano (venda),R$/US$,diaria,2025-03-21,2025,3,5.7241
1,dolar_venda,Taxa de câmbio - dólar americano (venda),R$/US$,diaria,2025-03-24,2025,3,5.7403
1,dolar_venda,Taxa de câmbio - dólar americano (venda),R$/US$,diaria,2025-03-25,2025,3,5.6992
1,dolar_venda,Taxa de câmbio - dólar americano (venda),R$/US$,diaria,2025-03-26,2025,3,5.7298
1,dolar_venda,Taxa de câmbio - dólar americano (venda),R$/US$,diaria,2025-03-27,2025,3,5.7474
1,dolar_venda,Taxa de câmbio - dólar americano (venda),R$/US$,diaria,2025-03-28,2025,3,5.766
1,dolar_venda,Taxa de câmbio - dólar americano (venda),R$/US$,diaria,2025-03-31,2025,3,5.7422
1,dolar_venda,Taxa de câmbio - dólar americano (venda),R$/US$,diaria,2025-04-01,2025,4,5.7051
1,dolar_venda,Taxa de câmbio - dólar americano (venda),R$/US$,diaria,2025-04-02,2025,4,5.6923
1,dolar_venda,Taxa de câmbio - dólar americano (venda),R$/US$,diaria,2025-04-03,2025,4,5.6067
1,dolar_venda,Taxa de câmbio - dólar americano (venda),R$/US$,diaria,2025-04-04,2025,4,5.7777
1,dolar_venda,Taxa de câmbio - dólar americano (venda),R$/US$,diaria,2025-04-07,2025,4,5.8877
1,dolar_venda,Taxa de câmbio - dólar americano (venda),R$/US$,diaria,2025-04-08,2025,4,5.9368
1,dolar_venda,Taxa de câmbio - dólar americano (venda),R$/US$,diaria,2025-04-09,2025,4,6.0605
1,dolar_venda,Taxa de câmbio - dólar americano (venda),R$/US$,diaria,2025-04-10,2025,4,5.9115
1,dolar_venda,Taxa de câmbio - dólar americano (venda),R$/US$,diaria,2025-04-11,2025,4,5.8737
1,dolar_venda,Taxa de câmbio - dólar americano (venda),R$/US$,diaria,2025-04-14,2025,4,5.8425
1,dolar_venda,Taxa de câmbio - dólar americano (venda),R$/US$,diaria,2025-04-15,2025,4,5.8707
1,dolar_venda,Taxa de câmbio - dólar americano (venda),R$/US$,diaria,2025-04-16,2025,4,5.8808
1,dolar_venda,Taxa de câmbio - dólar americano (venda),R$/US$,diaria,2025-04-17,2025,4,5.8559
1,dolar_venda,Taxa de câmbio - dólar americano (venda),R$/US$,diaria,2025-04-22,2025,4,5.7496
1,dolar_venda,Taxa de câmbio - dólar americano (venda),R$/US$,diaria,2025-04-23,2025,4,5.688
1,dolar_venda,Taxa de câmbio - dólar americano (venda),R$/US$,diaria,2025-04-24,2025,4,5.6738
1,dolar_venda,Taxa de câmbio - dólar americano (venda),R$/US$,diaria,2025-04-25,2025,4,5.6846
1,dolar_venda,Taxa de câmbio - dólar americano (venda),R$/US$,diaria,2025-04-28,2025,4,5.6681
1,dolar_venda,Taxa de câmbio - dólar americano (venda),R$/US$,diaria,2025-04-29,2025,4,5.6467
1,dolar_venda,Taxa de câmbio - dólar americano (venda),R$/US$,diaria,2025-04-30,2025,4,5.6608
1,dolar_venda,Taxa de câmbio - dólar americano (venda),R$/US$,diaria,2025-05-02,2025,5,5.6394
1,dolar_venda,Taxa de câmbio - dólar americano (venda),R$/US$,diaria,2025-05-05,2025,5,5.652
1,dolar_venda,Taxa de câmbio - dólar americano (venda),R$/US$,diaria,2025-05-06,2025,5,5.721
1,dolar_venda,Taxa de câmbio - dólar americano (venda),R$/US$,diaria,2025-05-07,2025,5,5.7375
1,dolar_venda,Taxa de câmbio - dólar americano (venda),R$/US$,diaria,2025-05-08,2025,5,5.686
1,dolar_venda,Taxa de câmbio - dólar americano (venda),R$/US$,diaria,2025-05-09,2025,5,5.6511
1,dolar_venda,Taxa de câmbio - dólar americano (venda),R$/US$,diaria,2025-05-12,2025,5,5.6822
1,dolar_venda,Taxa de câmbio - dólar americano (venda),R$/US$,diaria,2025-05-13,2025,5,5.6262
1,dolar_venda,Taxa de câmbio - dólar americano (venda),R$/US$,diaria,2025-05-14,2025,5,5.61
1,dolar_venda,Taxa de câmbio - dólar americano (venda),R$/US$,diaria,2025-05-15,2025,5,5.6328
1,dolar_venda,Taxa de câmbio - dólar americano (venda),R$/US$,diaria,2025-05-16,2025,5,5.6925
1,dolar_venda,Taxa de câmbio - dólar americano (venda),R$/US$,diaria,2025-05-19,2025,5,5.6591
1,dolar_venda,Taxa de câmbio - dólar americano (venda),R$/US$,diaria,2025-05-20,2025,5,5.662
1,dolar_venda,Taxa de câmbio - dólar americano (venda),R$/US$,diaria,2025-05-21,2025,5,5.6571
1,dolar_venda,Taxa de câmbio - dólar americano (venda),R$/US$,diaria,2025-05-22,2025,5,5.639
1,dolar_venda,Taxa de câmbio - dólar americano (venda),R$/US$,diaria,2025-05-23,2025,5,5.6932
1,dolar_venda,Taxa de câmbio - dólar americano (venda),R$/US$,diaria,2025-05-26,2025,5,5.6619
1,dolar_venda,Taxa de câmbio - dólar americano (venda),R$/US$,diaria,2025-05-27,2025,5,5.6539
1,dolar_venda,Taxa de câmbio - dólar americano (venda),R$/US$,diaria,2025-05-28,2025,5,5.6936
1,dolar_venda,Taxa de câmbio - dólar americano (venda),R$/US$,diaria,2025-05-29,2025,5,5.6559
1,dolar_venda,Taxa de câmbio - dólar americano (venda),R$/US$,diaria,2025-05-30,2025,5,5.7087
1,dolar_venda,Taxa de câmbio - dólar americano (venda),R$/US$,diaria,2025-06-02,2025,6,5.6937
1,dolar_venda,Taxa de câmbio - dólar americano (venda),R$/US$,diaria,2025-06-03,2025,6,5.6694
1,dolar_venda,Taxa de câmbio - dólar americano (venda),R$/US$,diaria,2025-06-04,2025,6,5.6332
1,dolar_venda,Taxa de câmbio - dólar americano (venda),R$/US$,diaria,2025-06-05,2025,6,5.5969
1,dolar_venda,Taxa de câmbio - dólar americano (venda),R$/US$,diaria,2025-06-06,2025,6,5.5947
1,dolar_venda,Taxa de câmbio - dólar americano (venda),R$/US$,diaria,2025-06-09,2025,6,5.576
1,dolar_venda,Taxa de câmbio - dólar americano (venda),R$/US$,diaria,2025-06-10,2025,6,5.5557
1,dolar_venda,Taxa de câmbio - dólar americano (venda),R$/US$,diaria,2025-06-11,2025,6,5.539
1,dolar_venda,Taxa de câmbio - dólar americano (venda),R$/US$,diaria,2025-06-12,2025,6,5.5388
1,dolar_venda,Taxa de câmbio - dólar americano (venda),R$/US$,diaria,2025-06-13,2025,6,5.5652
1,dolar_venda,Taxa de câmbio - dólar americano (venda),R$/US$,diaria,2025-06-16,2025,6,5.5123
1,dolar_venda,Taxa de câmbio - dólar americano (venda),R$/US$,diaria,2025-06-17,2025,6,5.4773
1,dolar_venda,Taxa de câmbio - dólar americano (venda),R$/US$,diaria,2025-06-18,2025,6,5.4879
1,dolar_venda,Taxa de câmbio - dólar americano (venda),R$/US$,diaria,2025-06-20,2025,6,5.4957
1,dolar_venda,Taxa de câmbio - dólar americano (venda),R$/US$,diaria,2025-06-23,2025,6,5.5213
1,dolar_venda,Taxa de câmbio - dólar americano (venda),R$/US$,diaria,2025-06-24,2025,6,5.4938
1,dolar_venda,Taxa de câmbio - dólar americano (venda),R$/US$,diaria,2025-06-25,2025,6,5.5427
1,dolar_venda,Taxa de câmbio - dólar americano (venda),R$/US$,diaria,2025-06-26,2025,6,5.5145
1,dolar_venda,Taxa de câmbio - dólar americano (venda),R$/US$,diaria,2025-06-27,2025,6,5.4759
1,dolar_venda,Taxa de câmbio - dólar americano (venda),R$/US$,diaria,2025-06-30,2025,6,5.4571
1,dolar_venda,Taxa de câmbio - dólar americano (venda),R$/US$,diaria,2025-07-01,2025,7,5.4511
1,dolar_venda,Taxa de câmbio - dólar americano (venda),R$/US$,diaria,2025-07-02,2025,7,5.4512
1,dolar_venda,Taxa de câmbio - dólar americano (venda),R$/US$,diaria,2025-07-03,2025,7,5.4208
1,dolar_venda,Taxa de câmbio - dólar americano (venda),R$/US$,diaria,2025-07-04,2025,7,5.409
1,dolar_venda,Taxa de câmbio - dólar americano (venda),R$/US$,diaria,2025-07-07,2025,7,5.4552
1,dolar_venda,Taxa de câmbio - dólar americano (venda),R$/US$,diaria,2025-07-08,2025,7,5.4571
1,dolar_venda,Taxa de câmbio - dólar americano (venda),R$/US$,diaria,2025-07-09,2025,7,5.4626
1,dolar_venda,Taxa de câmbio - dólar americano (venda),R$/US$,diaria,2025-07-10,2025,7,5.5433
1,dolar_venda,Taxa de câmbio - dólar americano (venda),R$/US$,diaria,2025-07-11,2025,7,5.5722
1,dolar_venda,Taxa de câmbio - dólar americano (venda),R$/US$,diaria,2025-07-14,2025,7,5.5595
1,dolar_venda,Taxa de câmbio - dólar americano (venda),R$/US$,diaria,2025-07-15,2025,7,5.5576
1,dolar_venda,Taxa de câmbio - dólar americano (venda),R$/US$,diaria,2025-07-16,2025,7,5.5722
1,dolar_venda,Taxa de câmbio - dólar americano (venda),R$/US$,diaria,2025-07-17,2025,7,5.5737
1,dolar_venda,Taxa de câmbio - dólar americano (venda),R$/US$,diaria,2025-07-18,2025,7,5.5466
1,dolar_venda,Taxa de câmbio - dólar americano (venda),R$/US$,diaria,2025-07-21,2025,7,5.5625
1,dolar_venda,Taxa de câmbio - dólar americano (venda),R$/US$,diaria,2025-07-22,2025,7,5.5709
1,dolar_venda,Taxa de câmbio - dólar americano (venda),R$/US$,diaria,2025-07-23,2025,7,5.5537
1,dolar_venda,Taxa de câmbio - dólar americano (venda),R$/US$,diaria,2025-07-24,2025,7,5.5239
1,dolar_venda,Taxa de câmbio - dólar americano (venda),R$/US$,diaria,2025-07-25,2025,7,5.5426
1,dolar_venda,Taxa de câmbio - dólar americano (venda),R$/US$,diaria,2025-07-28,2025,7,5.5877
1,dolar_venda,Taxa de câmbio - dólar americano (venda),R$/US$,diaria,2025-07-29,2025,7,5.5764
1,dolar_venda,Taxa de câmbio - dólar americano (venda),R$/US$,diaria,2025-07-30,2025,7,5.6034
1,dolar_venda,Taxa de câmbio - dólar americano (venda),R$/US$,diaria,2025-07-31,2025,7,5.6021
1,dolar_venda,Taxa de câmbio - dólar americano (venda),R$/US$,diaria,2025-08-01,2025,8,5.5436
1,dolar_venda,Taxa de câmbio - dólar americano (venda),R$/US$,diaria,2025-08-04,2025,8,5.5113
1,dolar_venda,Taxa de câmbio - dólar americano (venda),R$/US$,diaria,2025-08-05,2025,8,5.5119
1,dolar_venda,Taxa de câmbio - dólar americano (venda),R$/US$,diaria,2025-08-06,2025,8,5.4802
1,dolar_venda,Taxa de câmbio - dólar americano (venda),R$/US$,diaria,2025-08-07,2025,8,5.4638
1,dolar_venda,Taxa de câmbio - dólar americano (venda),R$/US$,diaria,2025-08-08,2025,8,5.4254
1,dolar_venda,Taxa de câmbio - dólar americano (venda),R$/US$,diaria,2025-08-11,2025,8,5.4473
1,dolar_venda,Taxa de câmbio - dólar americano (venda),R$/US$,diaria,2025-08-12,2025,8,5.4052
1,dolar_venda,Taxa de câmbio - dólar americano (venda),R$/US$,diaria,2025-08-13,2025,8,5.3928
1,dolar_venda,Taxa de câmbio - dólar americano (venda),R$/US$,diaria,2025-08-14,2025,8,5.4095
1,dolar_venda,Taxa de câmbio - dólar americano (venda),R$/US$,diaria,2025-08-15,2025,8,5.3928
1,dolar_venda,Taxa de câmbio - dólar americano (venda),R$/US$,diaria,2025-08-18,2025,8,5.4155
1,dolar_venda,Taxa de câmbio - dólar americano (venda),R$/US$,diaria,2025-08-19,2025,8,5.4716
1,dolar_venda,Taxa de câmbio - dólar americano (venda),R$/US$,diaria,2025-08-20,2025,8,5.4726
1,dolar_venda,Taxa de câmbio - dólar americano (venda),R$/US$,diaria,2025-08-21,2025,8,5.4828
1,dolar_venda,Taxa de câmbio - dólar americano (venda),R$/US$,diaria,2025-08-22,2025,8,5.4392
1,dolar_venda,Taxa de câmbio - dólar americano (venda),R$/US$,diaria,2025-08-25,2025,8,5.4174
1,dolar_venda,Taxa de câmbio - dólar americano (venda),R$/US$,diaria,2025-08-26,2025,8,5.4218
1,dolar_venda,Taxa de câmbio - dólar americano (venda),R$/US$,diaria,2025-08-27,2025,8,5.4428
1,dolar_venda,Taxa de câmbio - dólar americano (venda),R$/US$,diaria,2025-08-28,2025,8,5.4115
1,dolar_venda,Taxa de câmbio - dólar americano (venda),R$/US$,diaria,2025-08-29,2025,8,5.4264
1,dolar_venda,Taxa de câmbio - dólar americano (venda),R$/US$,diaria,2025-09-01,2025,9,5.4378
1,dolar_venda,Taxa de câmbio - dólar americano (venda),R$/US$,diaria,2025-09-02,2025,9,5.468
1,dolar_venda,Taxa de câmbio - dólar americano (venda),R$/US$,diaria,2025-09-03,2025,9,5.4485
1,dolar_venda,Taxa de câmbio - dólar americano (venda),R$/US$,diaria,2025-09-04,2025,9,5.4587
1,dolar_venda,Taxa de câmbio - dólar americano (venda),R$/US$,diaria,2025-09-05,2025,9,5.3968
1,dolar_venda,Taxa de câmbio - dólar americano (venda),R$/US$,diaria,2025-09-08,2025,9,5.4278
1,dolar_venda,Taxa de câmbio - dólar americano (venda),R$/US$,diaria,2025-09-09,2025,9,5.4278
1,dolar_venda,Taxa de câmbio - dólar americano (venda),R$/US$,diaria,2025-09-10,2025,9,5.4123
1,dolar_venda,Taxa de câmbio - dólar americano (venda),R$/US$,diaria,2025-09-11,2025,9,5.3858
1,dolar_venda,Taxa de câmbio - dólar americano (venda),R$/US$,diaria,2025-09-12,2025,9,5.3677
1,dolar_venda,Taxa de câmbio - dólar americano (venda),R$/US$,diaria,2025-09-15,2025,9,5.3208
1,dolar_venda,Taxa de câmbio - dólar americano (venda),R$/US$,diaria,2025-09-16,2025,9,5.3096
1,dolar_venda,Taxa de câmbio - dólar americano (venda),R$/US$,diaria,2025-09-17,2025,9,5.3011
1,dolar_venda,Taxa de câmbio - dólar americano (venda),R$/US$,diaria,2025-09-18,2025,9,5.301
1,dolar_venda,Taxa de câmbio - dólar americano (venda),R$/US$,diaria,2025-09-19,2025,9,5.3276
1,dolar_venda,Taxa de câmbio - dólar americano (venda),R$/US$,diaria,2025-09-22,2025,9,5.3457
1,dolar_venda,Taxa de câmbio - dólar americano (venda),R$/US$,diaria,2025-09-23,2025,9,5.3063
1,dolar_venda,Taxa de câmbio - dólar americano (venda),R$/US$,diaria,2025-09-24,2025,9,5.3112
1,dolar_venda,Taxa de câmbio - dólar americano (venda),R$/US$,diaria,2025-09-25,2025,9,5.3425
1,dolar_venda,Taxa de câmbio - dólar americano (venda),R$/US$,diaria,2025-09-26,2025,9,5.3445
1,dolar_venda,Taxa de câmbio - dólar americano (venda),R$/US$,diaria,2025-09-29,2025,9,5.3229
1,dolar_venda,Taxa de câmbio - dólar americano (venda),R$/US$,diaria,2025-09-30,2025,9,5.3186
1,dolar_venda,Taxa de câmbio - dólar americano (venda),R$/US$,diaria,2025-10-01,2025,10,5.3208
1,dolar_venda,Taxa de câmbio - dólar americano (venda),R$/US$,diaria,2025-10-02,2025,10,5.3449
1,dolar_venda,Taxa de câmbio - dólar americano (venda),R$/US$,diaria,2025-10-03,2025,10,5.3498
1,dolar_venda,Taxa de câmbio - dólar americano (venda),R$/US$,diaria,2025-10-06,2025,10,5.3226
1,dolar_venda,Taxa de câmbio - dólar americano (venda),R$/US$,diaria,2025-10-07,2025,10,5.3363
1,dolar_venda,Taxa de câmbio - dólar americano (venda),R$/US$,diaria,2025-10-08,2025,10,5.3427
1,dolar_venda,Taxa de câmbio - dólar americano (venda),R$/US$,diaria,2025-10-09,2025,10,5.3538
1,dolar_venda,Taxa de câmbio - dólar americano (venda),R$/US$,diaria,2025-10-10,2025,10,5.4446
1,dolar_venda,Taxa de câmbio - dólar americano (venda),R$/US$,diaria,2025-10-13,2025,10,5.4629
1,dolar_venda,Taxa de câmbio - dólar americano (venda),R$/US$,diaria,2025-10-14,2025,10,5.4982
1,dolar_venda,Taxa de câmbio - dólar americano (venda),R$/US$,diaria,2025-10-15,2025,10,5.4464
1,dolar_venda,Taxa de câmbio - dólar americano (venda),R$/US$,diaria,2025-10-16,2025,10,5.4354
1,dolar_venda,Taxa de câmbio - dólar americano (venda),R$/US$,diaria,2025-10-17,2025,10,5.439
1,dolar_venda,Taxa de câmbio - dólar americano (venda),R$/US$,diaria,2025-10-20,2025,10,5.3771
1,dolar_venda,Taxa de câmbio - dólar americano (venda),R$/US$,diaria,2025-10-21,2025,10,5.3848
1,dolar_venda,Taxa de câmbio - dólar americano (venda),R$/US$,diaria,2025-10-22,2025,10,5.3898
1,dolar_venda,Taxa de câmbio - dólar americano (venda),R$/US$,diaria,2025-10-23,2025,10,5.384
1,dolar_venda,Taxa de câmbio - dólar americano (venda),R$/US$,diaria,2025-10-24,2025,10,5.3797
1,dolar_venda,Taxa de câmbio - dólar americano (venda),R$/US$,diaria,2025-10-27,2025,10,5.3744
1,dolar_venda,Taxa de câmbio - dólar americano (venda),R$/US$,diaria,2025-10-28,2025,10,5.369
1,dolar_venda,Taxa de câmbio - dólar americano (venda),R$/US$,diaria,2025-10-29,2025,10,5.3416
1,dolar_venda,Taxa de câmbio - dólar americano (venda),R$/US$,diaria,2025-10-30,2025,10,5.385
1,dolar_venda,Taxa de câmbio - dólar americano (venda),R$/US$,diaria,2025-10-31,2025,10,5.3843
1,dolar_venda,Taxa de câmbio - dólar americano (venda),R$/US$,diaria,2025-11-03,2025,11,5.3505
1,dolar_venda,Taxa de câmbio - dólar americano (venda),R$/US$,diaria,2025-11-04,2025,11,5.3846
1,dolar_venda,Taxa de câmbio - dólar americano (venda),R$/US$,diaria,2025-11-05,2025,11,5.3798
1,dolar_venda,Taxa de câmbio - dólar americano (venda),R$/US$,diaria,2025-11-06,2025,11,5.3451
1,dolar_venda,Taxa de câmbio - dólar americano (venda),R$/US$,diaria,2025-11-07,2025,11,5.3567
1,dolar_venda,Taxa de câmbio - dólar americano (venda),R$/US$,diaria,2025-11-10,2025,11,5.3181
1,dolar_venda,Taxa de câmbio - dólar americano (venda),R$/US$,diaria,2025-11-11,2025,11,5.2729
1,dolar_venda,Taxa de câmbio - dólar americano (venda),R$/US$,diaria,2025-11-12,2025,11,5.2885
1,dolar_venda,Taxa de câmbio - dólar americano (venda),R$/US$,diaria,2025-11-13,2025,11,5.282
1,dolar_venda,Taxa de câmbio - dólar americano (venda),R$/US$,diaria,2025-11-14,2025,11,5.2952
1,dolar_venda,Taxa de câmbio - dólar americano (venda),R$/US$,diaria,2025-11-17,2025,11,5.3108
1,dolar_venda,Taxa de câmbio - dólar americano (venda),R$/US$,diaria,2025-11-18,2025,11,5.3361
1,dolar_venda,Taxa de câmbio - dólar americano (venda),R$/US$,diaria,2025-11-19,2025,11,5.3346
1,dolar_venda,Taxa de câmbio - dólar americano (venda),R$/US$,diaria,2025-11-21,2025,11,5.3902
1,dolar_venda,Taxa de câmbio - dólar americano (venda),R$/US$,diaria,2025-11-24,2025,11,5.3948
1,dolar_venda,Taxa de câmbio - dólar americano (venda),R$/US$,diaria,2025-11-25,2025,11,5.3841
1,dolar_venda,Taxa de câmbio - dólar americano (venda),R$/US$,diaria,2025-11-26,2025,11,5.3694
1,dolar_venda,Taxa de câmbio - dólar americano (venda),R$/US$,diaria,2025-11-27,2025,11,5.349
1,dolar_venda,Taxa de câmbio - dólar americano (venda),R$/US$,diaria,2025-11-28,2025,11,5.3338
1,dolar_venda,Taxa de câmbio - dólar americano (venda),R$/US$,diaria,2025-12-01,2025,12,5.3469
1,dolar_venda,Taxa de câmbio - dólar americano (venda),R$/US$,diaria,2025-12-02,2025,12,5.3465
1,dolar_venda,Taxa de câmbio - dólar americano (venda),R$/US$,diaria,2025-12-03,2025,12,5.3114
1,dolar_venda,Taxa de câmbio - dólar americano (venda),R$/US$,diaria,2025-12-04,2025,12,5.2952
1,dolar_venda,Taxa de câmbio - dólar americano (venda),R$/US$,diaria,2025-12-05,2025,12,5.3405
1,dolar_venda,Taxa de câmbio - dólar americano (venda),R$/US$,diaria,2025-12-08,2025,12,5.4249
1,dolar_venda,Taxa de câmbio - dólar americano (venda),R$/US$,diaria,2025-12-09,2025,12,5.457
1,dolar_venda,Taxa de câmbio - dólar americano (venda),R$/US$,diaria,2025-12-10,2025,12,5.4656
1,dolar_venda,Taxa de câmbio - dólar americano (venda),R$/US$,diaria,2025-12-11,2025,12,5.4237
1,dolar_venda,Taxa de câmbio - dólar americano (venda),R$/US$,diaria,2025-12-12,2025,12,5.4011
1,dolar_venda,Taxa de câmbio - dólar americano (venda),R$/US$,diaria,2025-12-15,2025,12,5.3929
1,dolar_venda,Taxa de câmbio - dólar americano (venda),R$/US$,diaria,2025-12-16,2025,12,5.4505
1,dolar_venda,Taxa de câmbio - dólar americano (venda),R$/US$,diaria,2025-12-17,2025,12,5.5093
1,dolar_venda,Taxa de câmbio - dólar americano (venda),R$/US$,diaria,2025-12-18,2025,12,5.5283
1,dolar_venda,Taxa de câmbio - dólar americano (venda),R$/US$,diaria,2025-12-19,2025,12,5.516
1,dolar_venda,Taxa de câmbio - dólar americano (venda),R$/US$,diaria,2025-12-22,2025,12,5.5389
1,dolar_venda,Taxa de câmbio - dólar americano (venda),R$/US$,diaria,2025-12-23,2025,12,5.5643
1,dolar_venda,Taxa de câmbio - dólar americano (venda),R$/US$,diaria,2025-12-24,2025,12,5.535
1,dolar_venda,Taxa de câmbio - dólar americano (venda),R$/US$,diaria,2025-12-26,2025,12,5.5413
1,dolar_venda,Taxa de câmbio - dólar americano (venda),R$/US$,diaria,2025-12-29,2025,12,5.5739
1,dolar_venda,Taxa de câmbio - dólar americano (venda),R$/US$,diaria,2025-12-30,2025,12,5.5024
1,dolar_venda,Taxa de câmbio - dólar americano (venda),R$/US$,diaria,2025-12-31,2025,12,5.5024
1,dolar_venda,Taxa de câmbio - dólar americano (venda),R$/US$,diaria,2026-01-02,2026,1,5.4372
1,dolar_venda,Taxa de câmbio - dólar americano (venda),R$/US$,diaria,2026-01-05,2026,1,5.4351
1,dolar_venda,Taxa de câmbio - dólar americano (venda),R$/US$,diaria,2026-01-06,2026,1,5.3797
1,dolar_venda,Taxa de câmbio - dólar americano (venda),R$/US$,diaria,2026-01-07,2026,1,5.388
1,dolar_venda,Taxa de câmbio - dólar americano (venda),R$/US$,diaria,2026-01-08,2026,1,5.386
1,dolar_venda,Taxa de câmbio - dólar americano (venda),R$/US$,diaria,2026-01-09,2026,1,5.3707
1,dolar_venda,Taxa de câmbio - dólar americano (venda),R$/US$,diaria,2026-01-12,2026,1,5.376
1,dolar_venda,Taxa de câmbio - dólar americano (venda),R$/US$,diaria,2026-01-13,2026,1,5.3764
1,dolar_venda,Taxa de câmbio - dólar americano (venda),R$/US$,diaria,2026-01-14,2026,1,5.3795
1,dolar_venda,Taxa de câmbio - dólar americano (venda),R$/US$,diaria,2026-01-15,2026,1,5.3846
1,dolar_venda,Taxa de câmbio - dólar americano (venda),R$/US$,diaria,2026-01-16,2026,1,5.3798
1,dolar_venda,Taxa de câmbio - dólar americano (venda),R$/US$,diaria,2026-01-19,2026,1,5.3653
1,dolar_venda,Taxa de câmbio - dólar americano (venda),R$/US$,diaria,2026-01-20,2026,1,5.379
1,dolar_venda,Taxa de câmbio - dólar americano (venda),R$/US$,diaria,2026-01-21,2026,1,5.3368
1,dolar_venda,Taxa de câmbio - dólar americano (venda),R$/US$,diaria,2026-01-22,2026,1,5.3118
1,dolar_venda,Taxa de câmbio - dólar americano (venda),R$/US$,diaria,2026-01-23,2026,1,5.2879
1,dolar_venda,Taxa de câmbio - dólar americano (venda),R$/US$,diaria,2026-01-26,2026,1,5.276
1,dolar_venda,Taxa de câmbio - dólar americano (venda),R$/US$,diaria,2026-01-27,2026,1,5.2392
1,dolar_venda,Taxa de câmbio - dólar americano (venda),R$/US$,diaria,2026-01-28,2026,1,5.1838
1,dolar_venda,Taxa de câmbio - dólar americano (venda),R$/US$,diaria,2026-01-29,2026,1,5.1956
1,dolar_venda,Taxa de câmbio - dólar americano (venda),R$/US$,diaria,2026-01-30,2026,1,5.2301
1,dolar_venda,Taxa de câmbio - dólar americano (venda),R$/US$,diaria,2026-02-02,2026,2,5.2587
1,dolar_venda,Taxa de câmbio - dólar americano (venda),R$/US$,diaria,2026-02-03,2026,2,5.2236
1,dolar_venda,Taxa de câmbio - dólar americano (venda),R$/US$,diaria,2026-02-04,2026,2,5.2359
1,dolar_venda,Taxa de câmbio - dólar americano (venda),R$/US$,diaria,2026-02-05,2026,2,5.258
1,dolar_venda,Taxa de câmbio - dólar americano (venda),R$/US$,diaria,2026-02-06,2026,2,5.2341
1,dolar_venda,Taxa de câmbio - dólar americano (venda),R$/US$,diaria,2026-02-09,2026,2,5.1943
1,dolar_venda,Taxa de câmbio - dólar americano (venda),R$/US$,diaria,2026-02-10,2026,2,5.2021
1,dolar_venda,Taxa de câmbio - dólar americano (venda),R$/US$,diaria,2026-02-11,2026,2,5.1836
1,dolar_venda,Taxa de câmbio - dólar americano (venda),R$/US$,diaria,2026-02-12,2026,2,5.1674
1,dolar_venda,Taxa de câmbio - dólar americano (venda),R$/US$,diaria,2026-02-13,2026,2,5.2288
1,dolar_venda,Taxa de câmbio - dólar americano (venda),R$/US$,diaria,2026-02-18,2026,2,5.2349
1,dolar_venda,Taxa de câmbio - dólar americano (venda),R$/US$,diaria,2026-02-19,2026,2,5.2257
1,dolar_venda,Taxa de câmbio - dólar americano (venda),R$/US$,diaria,2026-02-20,2026,2,5.2006
1,dolar_venda,Taxa de câmbio - dólar americano (venda),R$/US$,diaria,2026-02-23,2026,2,5.1635
1,dolar_venda,Taxa de câmbio - dólar americano (venda),R$/US$,diaria,2026-02-24,2026,2,5.1682
1,dolar_venda,Taxa de câmbio - dólar americano (venda),R$/US$,diaria,2026-02-25,2026,2,5.144
1,dolar_venda,Taxa de câmbio - dólar americano (venda),R$/US$,diaria,2026-02-26,2026,2,5.1382
1,dolar_venda,Taxa de câmbio - dólar americano (venda),R$/US$,diaria,2026-02-27,2026,2,5.1495
1,dolar_venda,Taxa de câmbio - dólar americano (venda),R$/US$,diaria,2026-03-02,2026,3,5.2001
1,dolar_venda,Taxa de câmbio - dólar americano (venda),R$/US$,diaria,2026-03-03,2026,3,5.287
1,dolar_venda,Taxa de câmbio - dólar americano (venda),R$/US$,diaria,2026-03-04,2026,3,5.2091
1,dolar_venda,Taxa de câmbio - dólar americano (venda),R$/US$,diaria,2026-03-05,2026,3,5.2447
1,dolar_venda,Taxa de câmbio - dólar americano (venda),R$/US$,diaria,2026-03-06,2026,3,5.2878
1,dolar_venda,Taxa de câmbio - dólar americano (venda),R$/US$,diaria,2026-03-09,2026,3,5.2139
1,dolar_venda,Taxa de câmbio - dólar americano (venda),R$/US$,diaria,2026-03-10,2026,3,5.1622
1,dolar_venda,Taxa de câmbio - dólar americano (venda),R$/US$,diaria,2026-03-11,2026,3,5.1596
1,dolar_venda,Taxa de câmbio - dólar americano (venda),R$/US$,diaria,2026-03-12,2026,3,5.2051
1,dolar_venda,Taxa de câmbio - dólar americano (venda),R$/US$,diaria,2026-03-13,2026,3,5.2541
1,dolar_venda,Taxa de câmbio - dólar americano (venda),R$/US$,diaria,2026-03-16,2026,3,5.2647
1,dolar_venda,Taxa de câmbio - dólar americano (venda),R$/US$,diaria,2026-03-17,2026,3,5.2022
1,dolar_venda,Taxa de câmbio - dólar americano (venda),R$/US$,diaria,2026-03-18,2026,3,5.2112
1,dolar_venda,Taxa de câmbio - dólar americano (venda),R$/US$,diaria,2026-03-19,2026,3,5.2587
1,dolar_venda,Taxa de câmbio - dólar americano (venda),R$/US$,diaria,2026-03-20,2026,3,5.28
1,dolar_venda,Taxa de câmbio - dólar americano (venda),R$/US$,diaria,2026-03-23,2026,3,5.244
1,dolar_venda,Taxa de câmbio - dólar americano (venda),R$/US$,diaria,2026-03-24,2026,3,5.2599
1,dolar_venda,Taxa de câmbio - dólar americano (venda),R$/US$,diaria,2026-03-25,2026,3,5.2275
1,dolar_venda,Taxa de câmbio - dólar americano (venda),R$/US$,diaria,2026-03-26,2026,3,5.2308
1,dolar_venda,Taxa de câmbio - dólar americano (venda),R$/US$,diaria,2026-03-27,2026,3,5.2376
1,dolar_venda,Taxa de câmbio - dólar americano (venda),R$/US$,diaria,2026-03-30,2026,3,5.2353
1,dolar_venda,Taxa de câmbio - dólar americano (venda),R$/US$,diaria,2026-03-31,2026,3,5.2194
1,dolar_venda,Taxa de câmbio - dólar americano (venda),R$/US$,diaria,2026-04-01,2026,4,5.1606
1,dolar_venda,Taxa de câmbio - dólar americano (venda),R$/US$,diaria,2026-04-02,2026,4,5.1655
1,dolar_venda,Taxa de câmbio - dólar americano (venda),R$/US$,diaria,2026-04-06,2026,4,5.1532
1,dolar_venda,Taxa de câmbio - dólar americano (venda),R$/US$,diaria,2026-04-07,2026,4,5.1625
1,dolar_venda,Taxa de câmbio - dólar americano (venda),R$/US$,diaria,2026-04-08,2026,4,5.0899
1,dolar_venda,Taxa de câmbio - dólar americano (venda),R$/US$,diaria,2026-04-09,2026,4,5.0821
1,dolar_venda,Taxa de câmbio - dólar americano (venda),R$/US$,diaria,2026-04-10,2026,4,5.0229
1,dolar_venda,Taxa de câmbio - dólar americano (venda),R$/US$,diaria,2026-04-13,2026,4,5.0244
1,dolar_venda,Taxa de câmbio - dólar americano (venda),R$/US$,diaria,2026-04-14,2026,4,4.9806
1,dolar_venda,Taxa de câmbio - dólar americano (venda),R$/US$,diaria,2026-04-15,2026,4,4.9928
1,dolar_venda,Taxa de câmbio - dólar americano (venda),R$/US$,diaria,2026-04-16,2026,4,5.0007
1,dolar_venda,Taxa de câmbio - dólar americano (venda),R$/US$,diaria,2026-04-17,2026,4,4.9695
1,dolar_venda,Taxa de câmbio - dólar americano (venda),R$/US$,diaria,2026-04-20,2026,4,4.9844
1,dolar_venda,Taxa de câmbio - dólar americano (venda),R$/US$,diaria,2026-04-22,2026,4,4.9653
1,dolar_venda,Taxa de câmbio - dólar americano (venda),R$/US$,diaria,2026-04-23,2026,4,4.9539
1,dolar_venda,Taxa de câmbio - dólar americano (venda),R$/US$,diaria,2026-04-24,2026,4,5.0083
1,dolar_venda,Taxa de câmbio - dólar americano (venda),R$/US$,diaria,2026-04-27,2026,4,4.97
1,dolar_venda,Taxa de câmbio - dólar americano (venda),R$/US$,diaria,2026-04-28,2026,4,4.9878
1,dolar_venda,Taxa de câmbio - dólar americano (venda),R$/US$,diaria,2026-04-29,2026,4,4.9985
1,dolar_venda,Taxa de câmbio - dólar americano (venda),R$/US$,diaria,2026-04-30,2026,4,4.9886
1,dolar_venda,Taxa de câmbio - dólar americano (venda),R$/US$,diaria,2026-05-04,2026,5,4.9587
1,dolar_venda,Taxa de câmbio - dólar americano (venda),R$/US$,diaria,2026-05-05,2026,5,4.9242
1,dolar_venda,Taxa de câmbio - dólar americano (venda),R$/US$,diaria,2026-05-06,2026,5,4.9274
1,dolar_venda,Taxa de câmbio - dólar americano (venda),R$/US$,diaria,2026-05-07,2026,5,4.917
1,dolar_venda,Taxa de câmbio - dólar americano (venda),R$/US$,diaria,2026-05-08,2026,5,4.8999
1,dolar_venda,Taxa de câmbio - dólar americano (venda),R$/US$,diaria,2026-05-11,2026,5,4.8973
1,dolar_venda,Taxa de câmbio - dólar americano (venda),R$/US$,diaria,2026-05-12,2026,5,4.8977
1,dolar_venda,Taxa de câmbio - dólar americano (venda),R$/US$,diaria,2026-05-13,2026,5,4.9118
1,dolar_venda,Taxa de câmbio - dólar americano (venda),R$/US$,diaria,2026-05-14,2026,5,4.9809
1,dolar_venda,Taxa de câmbio - dólar americano (venda),R$/US$,diaria,2026-05-15,2026,5,5.0654
1,dolar_venda,Taxa de câmbio - dólar americano (venda),R$/US$,diaria,2026-05-18,2026,5,5.0093
1,dolar_venda,Taxa de câmbio - dólar americano (venda),R$/US$,diaria,2026-05-19,2026,5,5.0378
1,dolar_venda,Taxa de câmbio - dólar americano (venda),R$/US$,diaria,2026-05-20,2026,5,5.0301
1,dolar_venda,Taxa de câmbio - dólar americano (venda),R$/US$,diaria,2026-05-21,2026,5,5.0077
1,dolar_venda,Taxa de câmbio - dólar americano (venda),R$/US$,diaria,2026-05-22,2026,5,5.014
1,dolar_venda,Taxa de câmbio - dólar americano (venda),R$/US$,diaria,2026-05-25,2026,5,5.0072
1,dolar_venda,Taxa de câmbio - dólar americano (venda),R$/US$,diaria,2026-05-26,2026,5,5.0211
1,dolar_venda,Taxa de câmbio - dólar americano (venda),R$/US$,diaria,2026-05-27,2026,5,5.0579
1,dolar_venda,Taxa de câmbio - dólar americano (venda),R$/US$,diaria,2026-05-28,2026,5,5.0517
1,dolar_venda,Taxa de câmbio - dólar americano (venda),R$/US$,diaria,2026-05-29,2026,5,5.0569
1,dolar_venda,Taxa de câmbio - dólar americano (venda),R$/US$,diaria,2026-06-01,2026,6,5.0303
1,dolar_venda,Taxa de câmbio - dólar americano (venda),R$/US$,diaria,2026-06-02,2026,6,5.016
1,dolar_venda,Taxa de câmbio - dólar americano (venda),R$/US$,diaria,2026-06-03,2026,6,5.0415
1,dolar_venda,Taxa de câmbio - dólar americano (venda),R$/US$,diaria,2026-06-05,2026,6,5.1244
1,dolar_venda,Taxa de câmbio - dólar americano (venda),R$/US$,diaria,2026-06-08,2026,6,5.1695
1,dolar_venda,Taxa de câmbio - dólar americano (venda),R$/US$,diaria,2026-06-09,2026,6,5.1693
1,dolar_venda,Taxa de câmbio - dólar americano (venda),R$/US$,diaria,2026-06-10,2026,6,5.1763
1,dolar_venda,Taxa de câmbio - dólar americano (venda),R$/US$,diaria,2026-06-11,2026,6,5.1478
1,dolar_venda,Taxa de câmbio - dólar americano (venda),R$/US$,diaria,2026-06-12,2026,6,5.0827
1,dolar_venda,Taxa de câmbio - dólar americano (venda),R$/US$,diaria,2026-06-15,2026,6,5.043
1,dolar_venda,Taxa de câmbio - dólar americano (venda),R$/US$,diaria,2026-06-16,2026,6,5.078
1,dolar_venda,Taxa de câmbio - dólar americano (venda),R$/US$,diaria,2026-06-17,2026,6,5.0641
1,dolar_venda,Taxa de câmbio - dólar americano (venda),R$/US$,diaria,2026-06-18,2026,6,5.1613
1,dolar_venda,Taxa de câmbio - dólar americano (venda),R$/US$,diaria,2026-06-19,2026,6,5.1442
1,dolar_venda,Taxa de câmbio - dólar americano (venda),R$/US$,diaria,2026-06-22,2026,6,5.1395
1,dolar_venda,Taxa de câmbio - dólar americano (venda),R$/US$,diaria,2026-06-23,2026,6,5.1743
1,dolar_venda,Taxa de câmbio - dólar americano (venda),R$/US$,diaria,2026-06-24,2026,6,5.2098
1,dolar_venda,Taxa de câmbio - dólar americano (venda),R$/US$,diaria,2026-06-25,2026,6,5.1892
1,dolar_venda,Taxa de câmbio - dólar americano (venda),R$/US$,diaria,2026-06-26,2026,6,5.1695
1,dolar_venda,Taxa de câmbio - dólar americano (venda),R$/US$,diaria,2026-06-29,2026,6,5.1717
1,dolar_venda,Taxa de câmbio - dólar americano (venda),R$/US$,diaria,2026-06-30,2026,6,5.1766
1,dolar_venda,Taxa de câmbio - dólar americano (venda),R$/US$,diaria,2026-07-01,2026,7,5.195
1,dolar_venda,Taxa de câmbio - dólar americano (venda),R$/US$,diaria,2026-07-02,2026,7,5.1945
1,dolar_venda,Taxa de câmbio - dólar americano (venda),R$/US$,diaria,2026-07-03,2026,7,5.1717
1,dolar_venda,Taxa de câmbio - dólar americano (venda),R$/US$,diaria,2026-07-06,2026,7,5.167
1,dolar_venda,Taxa de câmbio - dólar americano (venda),R$/US$,diaria,2026-07-07,2026,7,5.1458
1,dolar_venda,Taxa de câmbio - dólar americano (venda),R$/US$,diaria,2026-07-08,2026,7,5.1552
1,dolar_venda,Taxa de câmbio - dólar americano (venda),R$/US$,diaria,2026-07-09,2026,7,5.1329
1,dolar_venda,Taxa de câmbio - dólar americano (venda),R$/US$,diaria,2026-07-10,2026,7,5.1088
1,dolar_venda,Taxa de câmbio - dólar americano (venda),R$/US$,diaria,2026-07-13,2026,7,5.1183
1,dolar_venda,Taxa de câmbio - dólar americano (venda),R$/US$,diaria,2026-07-14,2026,7,5.0742
1,dolar_venda,Taxa de câmbio - dólar americano (venda),R$/US$,diaria,2026-07-15,2026,7,5.0727
1,dolar_venda,Taxa de câmbio - dólar americano (venda),R$/US$,diaria,2026-07-16,2026,7,5.0975
1,dolar_venda,Taxa de câmbio - dólar americano (venda),R$/US$,diaria,2026-07-17,2026,7,5.1176
1,dolar_venda,Taxa de câmbio - dólar americano (venda),R$/US$,diaria,2026-07-20,2026,7,5.0894
1,dolar_venda,Taxa de câmbio - dólar americano (venda),R$/US$,diaria,2026-07-21,2026,7,5.078
1,dolar_venda,Taxa de câmbio - dólar americano (venda),R$/US$,diaria,2026-07-22,2026,7,5.0638
1,dolar_venda,Taxa de câmbio - dólar americano (venda),R$/US$,diaria,2026-07-23,2026,7,5.0807
1,dolar_venda,Taxa de câmbio - dólar americano (venda),R$/US$,diaria,2026-07-24,2026,7,5.0666
1,dolar_venda,Taxa de câmbio - dólar americano (venda),R$/US$,diaria,2026-07-27,2026,7,5.1005
1,dolar_venda,Taxa de câmbio - dólar americano (venda),R$/US$,diaria,2026-07-28,2026,7,5.1177
1,dolar_venda,Taxa de câmbio - dólar americano (venda),R$/US$,diaria,2026-07-29,2026,7,5.1217
1,dolar_venda,Taxa de câmbio - dólar americano (venda),R$/US$,diaria,2026-07-30,2026,7,5.0739
1,dolar_venda,Taxa de câmbio - dólar americano (venda),R$/US$,diaria,2026-07-31,2026,7,5.0773
1,dolar_venda,Taxa de câmbio - dólar americano (venda),R$/US$,diaria,2026-08-03,2026,8,5.0723
1,dolar_venda,Taxa de câmbio - dólar americano (venda),R$/US$,diaria,2026-08-04,2026,8,5.1053
1,dolar_venda,Taxa de câmbio - dólar americano (venda),R$/US$,diaria,2026-08-05,2026,8,5.1154
